STOP_ID,STOP_TYPE,X,Y,LAST_UPDATE_DATE,STOP_CODE
2,1,843622,813951,"02/02/24 00:00:00",
3,1,843333,814109,"03/04/23 00:00:00",
4,1,842947,814013,"03/04/23 00:00:00",
5,1,842646,813814,"03/04/23 00:00:00",
6,1,842419,813736,"03/04/23 00:00:00",
7,1,842246,813653,"03/04/23 00:00:00",
8,1,842182,813741,"03/04/23 00:00:00",
9,1,842149,813996,"03/04/23 00:00:00",
10,1,842092,814350,"03/04/23 00:00:00",
11,1,842111,814519,"03/04/23 00:00:00",
12,1,842016,814846,"03/04/23 00:00:00",
13,1,841835,815086,"03/04/23 00:00:00",
15,1,836740,815798,"03/04/23 00:00:00",
16,1,836554,815722,"03/04/23 00:00:00",
17,1,831457,840927,"03/04/23 00:00:00",
18,1,836068,815612,"03/04/23 00:00:00",
19,1,835644,815588,"03/04/23 00:00:00",
20,1,831231,841090,"03/04/23 00:00:00",
21,1,834543,815898,"03/04/23 00:00:00",
22,1,834350,815826,"03/04/23 00:00:00",
23,1,834272,816048,"03/04/23 00:00:00",
24,1,834053,816219,"03/04/23 00:00:00",
26,1,834105,816179,"03/04/23 00:00:00",
27,1,834210,816042,"03/04/23 00:00:00",
28,1,834453,815978,"03/04/23 00:00:00",
30,1,835508,815645,"03/04/23 00:00:00",
31,1,835876,815624,"03/04/23 00:00:00",
32,1,836178,815914,"05/15/23 00:00:00",
33,1,841864,815086,"03/04/23 00:00:00",
35,1,842077,814745,"03/04/23 00:00:00",
36,1,842120,814412,"03/04/23 00:00:00",
40,1,842454,813774,"03/04/23 00:00:00",
42,1,842822,813944,"03/04/23 00:00:00",
43,1,842938,814035,"03/04/23 00:00:00",
46,1,843941,813766,"03/04/23 00:00:00",
48,1,842527,814357,"03/04/23 00:00:00",
49,1,838171,816605,"03/04/23 00:00:00",
50,1,838176,816468,"03/04/23 00:00:00",
51,1,838202,816314,"03/04/23 00:00:00",
53,1,838257,816249,"03/04/23 00:00:00",
54,1,838344,816464,"03/04/23 00:00:00",
55,1,838534,816486,"03/04/23 00:00:00",
56,1,838719,816423,"03/04/23 00:00:00",
57,1,838533,816074,"03/04/23 00:00:00",
58,1,838899,816952,"03/04/23 00:00:00",
59,1,838593,816885,"03/04/23 00:00:00",
60,1,838426,816849,"03/04/23 00:00:00",
61,1,838144,816768,"03/04/23 00:00:00",
62,1,837997,816589,"03/04/23 00:00:00",
63,1,837926,816216,"03/04/23 00:00:00",
64,1,837519,815698,"03/04/23 00:00:00",
66,1,836954,815055,"03/04/23 00:00:00",
67,1,837084,814626,"03/04/23 00:00:00",
68,1,836873,814582,"03/04/23 00:00:00",
69,1,836648,814737,"03/04/23 00:00:00",
74,1,842066,814511,"03/04/23 00:00:00",
75,1,841770,813828,"03/04/23 00:00:00",
79,1,840455,809885,"03/04/23 00:00:00",
80,1,840245,809624,"03/04/23 00:00:00",
82,1,840003,808944,"03/04/23 00:00:00",
84,1,840413,808669,"03/04/23 00:00:00",
87,1,840408,808664,"03/04/23 00:00:00",
89,1,839812,809248,"03/04/23 00:00:00",
90,1,840037,809489,"03/04/23 00:00:00",
91,1,840287,809675,"03/04/23 00:00:00",
93,1,841003,810754,"03/04/23 00:00:00",
94,1,840919,811582,"03/04/23 00:00:00",
95,1,842317,818753,"03/04/23 00:00:00",
96,1,841814,813923,"03/04/23 00:00:00",
97,1,842030,814469,"03/04/23 00:00:00",
99,1,842212,814010,"03/04/23 00:00:00",
100,1,841456,815393,"03/04/23 00:00:00",
101,1,841339,815568,"03/04/23 00:00:00",
102,1,841068,815761,"03/04/23 00:00:00",
103,1,840787,816064,"03/04/23 00:00:00",
104,1,840383,816178,"03/04/23 00:00:00",
105,1,840136,816189,"03/04/23 00:00:00",
106,1,839887,816206,"03/04/23 00:00:00",
107,1,839712,816444,"03/08/23 00:00:00",
108,1,839610,816779,"03/04/23 00:00:00",
109,1,839464,816950,"03/04/23 00:00:00",
110,1,839316,816998,"03/04/23 00:00:00",
111,1,839052,816988,"03/04/23 00:00:00",
112,1,838777,816927,"03/04/23 00:00:00",
113,1,836954,815681,"03/04/23 00:00:00",
116,1,836443,815498,"03/04/23 00:00:00",
118,1,836177,815437,"03/04/23 00:00:00",
119,1,835979,815415,"03/04/23 00:00:00",
120,1,835770,815394,"03/04/23 00:00:00",
121,1,835689,815400,"03/04/23 00:00:00",
122,1,835057,815462,"03/27/24 00:00:00",
124,1,833936,816300,"03/04/23 00:00:00",
125,1,833502,816629,"03/04/23 00:00:00",
127,1,833903,816342,"03/04/23 00:00:00",
128,1,834512,815761,"03/04/23 00:00:00",
129,1,834606,815696,"03/04/23 00:00:00",
130,1,834958,815533,"03/27/24 00:00:00",
131,1,835515,815439,"03/04/23 00:00:00",
132,1,835952,815436,"03/04/23 00:00:00",
133,1,836202,815464,"03/04/23 00:00:00",
134,1,836298,815477,"03/04/23 00:00:00",
135,1,836643,815593,"03/04/23 00:00:00",
136,1,837048,815708,"03/04/23 00:00:00",
137,1,837583,815779,"03/04/23 00:00:00",
139,1,837920,816521,"03/04/23 00:00:00",
140,1,838144,816797,"03/04/23 00:00:00",
141,1,838430,816875,"03/04/23 00:00:00",
142,1,838780,816951,"03/04/23 00:00:00",
143,1,838903,816977,"03/04/23 00:00:00",
144,1,839307,817023,"03/04/23 00:00:00",
146,1,839665,816681,"03/04/23 00:00:00",
147,1,839820,816304,"03/04/23 00:00:00",
148,1,840107,816212,"03/04/23 00:00:00",
149,1,840309,816209,"03/04/23 00:00:00",
151,1,840885,815970,"03/04/23 00:00:00",
152,1,841084,815772,"03/04/23 00:00:00",
155,1,842217,813970,"03/04/23 00:00:00",
156,1,842460,814004,"03/04/23 00:00:00",
157,1,843166,814251,"03/04/23 00:00:00",
159,1,843708,813805,"01/06/25 00:00:00",
161,1,843014,814319,"03/04/23 00:00:00",
163,1,833926,816392,"03/04/23 00:00:00",
166,1,842849,815253,"03/04/23 00:00:00",
167,1,842716,815421,"03/04/23 00:00:00",
169,1,841886,815765,"03/04/23 00:00:00",
170,1,841894,815555,"03/04/23 00:00:00",
171,1,841899,815422,"03/04/23 00:00:00",
172,1,841862,815251,"11/11/24 00:00:00",
173,1,840926,815874,"03/04/23 00:00:00",
174,1,840890,816049,"03/04/23 00:00:00",
175,1,841067,816147,"03/04/23 00:00:00",
176,1,841074,816036,"03/04/23 00:00:00",
178,1,838672,816950,"03/04/23 00:00:00",
179,1,838824,817153,"03/04/23 00:00:00",
180,1,840458,816272,"03/04/23 00:00:00",
181,1,840970,815943,"03/04/23 00:00:00",
182,1,841852,815238,"11/11/24 00:00:00",
183,1,841886,815478,"03/04/23 00:00:00",
185,1,841886,815796,"03/04/23 00:00:00",
187,1,842109,815991,"03/04/23 00:00:00",
188,1,842901,815158,"03/04/23 00:00:00",
190,1,842760,814619,"03/04/23 00:00:00",
193,1,835646,819170,"03/04/23 00:00:00",
194,1,835605,819401,"03/04/23 00:00:00",
197,1,835121,820596,"03/04/23 00:00:00",
199,1,834678,821204,"03/04/23 00:00:00",
203,1,834518,821334,"03/04/23 00:00:00",
204,1,834324,821654,"03/04/23 00:00:00",
205,1,834301,821806,"03/04/23 00:00:00",
206,1,834566,821817,"03/04/23 00:00:00",
207,1,834659,821424,"03/04/23 00:00:00",
208,1,834829,821264,"03/04/23 00:00:00",
209,1,835033,821091,"03/04/23 00:00:00",
210,1,835182,820969,"03/04/23 00:00:00",
211,1,835378,820715,"03/04/23 00:00:00",
212,1,835419,820487,"03/04/23 00:00:00",
214,1,835626,819406,"03/04/23 00:00:00",
216,1,835700,818992,"03/04/23 00:00:00",
219,1,836652,818079,"03/04/23 00:00:00",
220,1,837237,816134,"03/04/23 00:00:00",
221,1,837734,816322,"03/04/23 00:00:00",
222,1,837996,816726,"03/04/23 00:00:00",
223,1,838129,816883,"03/04/23 00:00:00",
228,1,838246,816809,"03/04/23 00:00:00",
230,1,836492,815437,"03/04/23 00:00:00",
231,1,836189,815327,"03/04/23 00:00:00",
232,1,835728,815508,"03/04/23 00:00:00",
233,1,835144,815556,"04/03/24 00:00:00",
234,1,836064,815391,"03/04/23 00:00:00",
235,1,836292,815366,"03/04/23 00:00:00",
236,1,836501,815449,"03/04/23 00:00:00",
237,1,836801,815358,"03/04/23 00:00:00",
238,1,837047,815413,"03/04/23 00:00:00",
240,1,834528,816347,"03/04/23 00:00:00",
241,1,834511,816209,"03/04/23 00:00:00",
244,1,834570,815420,"03/04/23 00:00:00",
245,1,834272,815291,"03/04/23 00:00:00",
246,1,833932,815614,"03/04/23 00:00:00",
247,1,833693,815831,"03/04/23 00:00:00",
248,1,833436,816000,"03/04/23 00:00:00",
249,1,833286,816027,"03/04/23 00:00:00",
250,1,833382,815997,"03/04/23 00:00:00",
252,1,833572,815779,"03/04/23 00:00:00",
253,1,833835,815532,"03/04/23 00:00:00",
254,1,834007,815242,"03/04/23 00:00:00",
255,1,834292,815406,"03/04/23 00:00:00",
256,1,834495,815491,"03/05/24 00:00:00",
257,1,834437,815669,"03/04/23 00:00:00",
258,1,834268,815892,"03/04/23 00:00:00",
259,1,834501,816238,"03/04/23 00:00:00",
261,1,834125,815841,"03/04/23 00:00:00",
262,1,833930,815954,"03/04/23 00:00:00",
263,1,833939,815896,"03/04/23 00:00:00",
264,1,833971,815683,"03/04/23 00:00:00",
265,1,832968,816215,"03/04/23 00:00:00",
266,1,832905,816142,"03/04/23 00:00:00",
267,1,832829,816113,"03/04/23 00:00:00",
268,1,832983,816170,"03/04/23 00:00:00",
269,1,833170,815966,"03/04/23 00:00:00",
270,1,833244,815926,"03/04/23 00:00:00",
271,1,833558,815744,"03/04/23 00:00:00",
274,1,835989,816137,"03/04/23 00:00:00",
276,1,836751,815638,"03/04/23 00:00:00",
277,1,837142,815686,"03/04/23 00:00:00",
279,1,837660,815504,"03/04/23 00:00:00",
280,1,837992,815357,"03/04/23 00:00:00",
282,1,838031,815887,"03/04/23 00:00:00",
283,1,838143,816113,"03/04/23 00:00:00",
284,1,838095,816208,"03/04/23 00:00:00",
285,1,838228,816499,"03/04/23 00:00:00",
286,1,838437,816583,"03/04/23 00:00:00",
287,1,838660,816583,"03/04/23 00:00:00",
288,1,838908,816647,"03/04/23 00:00:00",
289,1,838612,816266,"03/04/23 00:00:00",
291,1,838599,816248,"03/04/23 00:00:00",
292,1,838548,816462,"03/04/23 00:00:00",
293,1,838382,816481,"03/04/23 00:00:00",
294,1,838321,816399,"03/04/23 00:00:00",
295,1,838234,816214,"11/09/23 00:00:00",
296,1,838179,816503,"03/04/23 00:00:00",
297,1,837735,816061,"03/04/23 00:00:00",
300,1,837994,815807,"03/04/23 00:00:00",
301,1,837997,815555,"03/04/23 00:00:00",
304,1,837697,815460,"03/04/23 00:00:00",
306,1,832399,813206,"03/04/23 00:00:00",
307,1,832242,813359,"03/04/23 00:00:00",
308,1,832243,813018,"03/23/23 00:00:00",
309,1,832551,812615,"03/04/23 00:00:00",
310,1,833337,812297,"03/04/23 00:00:00",
312,1,834349,812084,"03/04/23 00:00:00",
313,1,834784,812219,"03/04/23 00:00:00",
315,1,836149,812357,"03/04/23 00:00:00",
316,1,836617,815262,"03/04/23 00:00:00",
318,1,835455,815421,"03/04/23 00:00:00",
319,1,834749,815623,"03/04/23 00:00:00",
320,1,834090,816113,"03/04/23 00:00:00",
321,1,833903,816159,"03/04/23 00:00:00",
322,1,833627,816174,"03/04/23 00:00:00",
323,1,833405,816344,"03/04/23 00:00:00",
324,1,833015,816415,"03/04/23 00:00:00",
325,1,832755,816438,"03/04/23 00:00:00",
326,1,832628,816446,"03/04/23 00:00:00",
327,1,832463,816288,"03/04/23 00:00:00",
328,1,832016,816082,"03/04/23 00:00:00",
329,1,831785,816096,"03/04/23 00:00:00",
330,1,831678,815866,"03/04/23 00:00:00",
331,1,831554,815489,"03/04/23 00:00:00",
332,1,831467,814960,"03/04/23 00:00:00",
334,1,831503,814533,"03/04/23 00:00:00",
335,1,831695,814234,"03/04/23 00:00:00",
336,1,831822,813949,"03/04/23 00:00:00",
337,1,832020,813745,"03/04/23 00:00:00",
338,1,832109,813547,"03/04/23 00:00:00",
340,1,832308,812997,"03/04/23 00:00:00",
341,1,832074,813525,"03/04/23 00:00:00",
343,1,831776,813980,"03/04/23 00:00:00",
344,1,831639,814277,"03/04/23 00:00:00",
345,1,831507,814463,"03/04/23 00:00:00",
346,1,831426,815011,"03/04/23 00:00:00",
347,1,831534,815497,"03/04/23 00:00:00",
348,1,831673,815920,"03/04/23 00:00:00",
349,1,831743,816083,"03/04/23 00:00:00",
350,1,831934,816163,"05/15/23 00:00:00",
351,1,832308,816266,"03/04/23 00:00:00",
352,1,832424,816369,"03/04/23 00:00:00",
353,1,832509,816566,"03/04/23 00:00:00",
354,1,832646,816570,"03/04/23 00:00:00",
355,1,832883,816562,"03/04/23 00:00:00",
356,1,833118,816546,"03/04/23 00:00:00",
359,1,834216,816529,"03/04/23 00:00:00",
360,1,834549,816423,"03/04/23 00:00:00",
362,1,835776,815299,"03/04/23 00:00:00",
364,1,836256,815346,"03/04/23 00:00:00",
365,1,836651,815181,"03/04/23 00:00:00",
366,1,836121,812332,"03/04/23 00:00:00",
369,1,834849,812181,"03/04/23 00:00:00",
371,1,834067,812035,"03/04/23 00:00:00",
372,1,833753,812133,"03/04/23 00:00:00",
375,1,832217,813023,"03/04/23 00:00:00",
377,1,832451,816153,"03/04/23 00:00:00",
378,1,832597,816220,"03/04/23 00:00:00",
379,1,833959,816435,"03/04/23 00:00:00",
380,1,832693,816173,"03/04/23 00:00:00",
381,1,832324,816133,"03/04/23 00:00:00",
382,1,831820,816389,"03/04/23 00:00:00",
384,1,831882,816481,"03/04/23 00:00:00",
385,1,832179,816467,"03/04/23 00:00:00",
388,1,834528,815850,"03/04/23 00:00:00",
389,1,835664,815426,"03/04/23 00:00:00",
392,1,831505,816084,"03/04/23 00:00:00",
393,1,831204,815956,"03/04/23 00:00:00",
394,1,830926,815909,"03/04/23 00:00:00",
395,1,830685,815906,"03/04/23 00:00:00",
396,1,830929,815925,"03/04/23 00:00:00",
398,1,831455,816162,"03/04/23 00:00:00",
399,1,831546,816244,"03/04/23 00:00:00",
400,1,831642,816380,"03/04/23 00:00:00",
401,1,834853,815649,"04/03/24 00:00:00",
403,1,840363,808207,"03/04/23 00:00:00",
406,1,840122,809573,"03/04/23 00:00:00",
407,1,839531,809430,"07/24/23 00:00:00",
408,1,838976,809685,"03/04/23 00:00:00",
409,1,838621,810750,"03/04/23 00:00:00",
411,1,838154,811089,"03/04/23 00:00:00",
412,1,837896,810961,"03/04/23 00:00:00",
413,1,837563,810986,"03/04/23 00:00:00",
416,1,836372,811920,"03/04/23 00:00:00",
417,1,836192,812151,"03/04/23 00:00:00",
418,1,836447,815102,"03/04/23 00:00:00",
419,1,836206,815108,"03/04/23 00:00:00",
420,1,835829,815076,"03/04/23 00:00:00",
422,1,835381,815372,"03/04/23 00:00:00",
425,1,835343,815417,"03/04/23 00:00:00",
426,1,835579,815250,"03/04/23 00:00:00",
427,1,835733,815147,"03/04/23 00:00:00",
429,1,836267,815147,"03/04/23 00:00:00",
430,1,836212,812208,"03/04/23 00:00:00",
431,1,836459,811893,"03/04/23 00:00:00",
434,1,837584,810983,"03/04/23 00:00:00",
435,1,837930,811074,"03/04/23 00:00:00",
436,1,838169,811099,"03/04/23 00:00:00",
437,1,838522,811080,"03/04/23 00:00:00",
440,1,838960,809774,"03/04/23 00:00:00",
441,1,839614,809608,"03/04/23 00:00:00",
443,1,839931,809565,"05/04/23 00:00:00",
444,1,840070,809565,"05/04/23 00:00:00",
446,1,839863,809163,"03/04/23 00:00:00",
448,1,840364,808229,"03/04/23 00:00:00",
449,1,833595,811729,"03/04/23 00:00:00",
450,1,834030,811615,"03/04/23 00:00:00",
451,1,834181,811654,"03/04/23 00:00:00",
452,1,834169,811633,"03/04/23 00:00:00",
453,1,834014,811584,"03/04/23 00:00:00",
454,1,833471,811704,"03/04/23 00:00:00",
457,1,833413,811575,"03/04/23 00:00:00",
458,1,833194,811602,"05/16/24 00:00:00",
462,1,834442,812085,"03/04/23 00:00:00",
467,1,834927,815647,"03/04/23 00:00:00",
468,1,835073,815529,"03/04/23 00:00:00",
469,1,836724,815502,"03/04/23 00:00:00",
471,1,833052,816228,"03/04/23 00:00:00",
472,1,833235,816085,"03/04/23 00:00:00",
473,1,833382,816029,"03/04/23 00:00:00",
474,1,833589,815947,"03/04/23 00:00:00",
475,1,833886,812340,"03/04/23 00:00:00",
476,1,834094,812205,"03/04/23 00:00:00",
481,1,837646,815572,"03/04/23 00:00:00",
482,1,834318,811455,"03/04/23 00:00:00",
483,1,834154,811330,"03/04/23 00:00:00",
484,1,833993,811413,"03/04/23 00:00:00",
486,1,836576,815179,"03/04/23 00:00:00",
487,1,835967,812090,"03/04/23 00:00:00",
489,1,832134,812792,"03/04/23 00:00:00",
490,1,832054,812666,"03/04/23 00:00:00",
491,1,832110,812489,"03/04/23 00:00:00",
493,1,835581,812384,"03/04/23 00:00:00",
495,1,832311,812547,"03/04/23 00:00:00",
496,1,832193,812461,"03/04/23 00:00:00",
497,1,832055,812580,"03/04/23 00:00:00",
498,1,832026,812737,"03/04/23 00:00:00",
499,1,832077,812563,"06/01/23 00:00:00",
501,1,832243,813366,"03/04/23 00:00:00",
502,1,832460,813137,"03/04/23 00:00:00",
503,1,832460,812947,"03/04/23 00:00:00",
505,1,834050,812084,"03/04/23 00:00:00",
506,1,834156,816205,"03/04/23 00:00:00",
507,1,833231,816405,"03/04/23 00:00:00",
508,1,832936,816453,"03/04/23 00:00:00",
510,1,834383,816247,"03/06/23 00:00:00",
511,1,833216,812202,"03/04/23 00:00:00",
512,1,832930,812203,"03/04/23 00:00:00",
513,1,832486,812319,"03/04/23 00:00:00",
514,1,832915,812211,"03/04/23 00:00:00",
517,1,815901,827545,"03/04/23 00:00:00",
518,1,834939,815587,"03/04/23 00:00:00",
520,1,836536,814448,"03/04/23 00:00:00",
521,1,836815,814368,"03/04/23 00:00:00",
523,1,837822,813460,"03/04/23 00:00:00",
526,1,836702,812827,"03/04/23 00:00:00",
527,1,836036,812433,"03/04/23 00:00:00",
528,1,835902,812349,"03/04/23 00:00:00",
529,1,835314,812258,"03/04/23 00:00:00",
530,1,834106,812322,"03/04/23 00:00:00",
531,1,834179,812525,"03/04/23 00:00:00",
532,1,834311,812575,"03/04/23 00:00:00",
535,1,834192,812191,"03/04/23 00:00:00",
536,1,834234,812365,"03/04/23 00:00:00",
538,1,836016,812437,"03/04/23 00:00:00",
539,1,836730,812839,"11/09/23 00:00:00",
540,1,837104,812823,"03/04/23 00:00:00",
541,1,837881,813191,"03/04/23 00:00:00",
545,1,836791,814234,"03/04/23 00:00:00",
546,1,836790,814378,"03/04/23 00:00:00",
547,1,836586,814420,"03/04/23 00:00:00",
548,1,836427,814600,"03/04/23 00:00:00",
550,1,841571,815508,"03/04/23 00:00:00",
551,1,841354,815371,"03/04/23 00:00:00",
552,1,841388,815248,"03/04/23 00:00:00",
553,1,841074,815381,"03/04/23 00:00:00",
554,1,840737,815567,"03/04/23 00:00:00",
555,1,840494,815689,"03/04/23 00:00:00",
556,1,840672,815772,"03/04/23 00:00:00",
557,1,840763,815866,"03/04/23 00:00:00",
558,1,833430,812343,"03/04/23 00:00:00",
559,1,833461,812433,"03/04/23 00:00:00",
560,1,833253,812403,"03/04/23 00:00:00",
562,1,840797,815767,"03/04/23 00:00:00",
563,1,840684,815714,"03/04/23 00:00:00",
564,1,840546,815612,"03/04/23 00:00:00",
565,1,840841,815610,"03/04/23 00:00:00",
567,1,841302,815199,"03/04/23 00:00:00",
568,1,841329,815396,"03/04/23 00:00:00",
571,1,837354,814226,"03/04/23 00:00:00",
572,1,837259,814382,"03/04/23 00:00:00",
573,1,837087,814454,"03/04/23 00:00:00",
582,1,837823,815105,"03/04/23 00:00:00",
583,1,837774,815338,"03/04/23 00:00:00",
585,1,838159,815260,"03/04/23 00:00:00",
586,1,837143,815661,"03/04/23 00:00:00",
587,1,836305,815454,"03/04/23 00:00:00",
588,1,834184,816170,"03/04/23 00:00:00",
589,1,834351,815852,"03/04/23 00:00:00",
591,1,837960,815201,"03/04/23 00:00:00",
592,1,837809,815195,"12/06/24 00:00:00",
593,1,837874,815063,"03/04/23 00:00:00",
594,1,837923,814972,"03/04/23 00:00:00",
595,1,838045,814974,"03/04/23 00:00:00",
597,1,838010,814846,"03/04/23 00:00:00",
598,1,838101,814668,"03/04/23 00:00:00",
599,1,838084,814513,"03/04/23 00:00:00",
604,1,834138,815219,"03/04/23 00:00:00",
605,1,834240,815197,"03/04/23 00:00:00",
606,1,834326,815176,"03/04/23 00:00:00",
607,1,834453,815170,"03/04/23 00:00:00",
608,1,834662,815173,"03/04/23 00:00:00",
609,1,834442,815269,"03/04/23 00:00:00",
610,1,837732,815851,"03/04/23 00:00:00",
611,1,833832,816223,"03/04/23 00:00:00",
612,1,832435,816429,"03/04/23 00:00:00",
613,1,831987,816350,"03/04/23 00:00:00",
616,1,834737,815709,"03/04/23 00:00:00",
617,1,835963,815071,"03/04/23 00:00:00",
618,1,836438,815125,"03/04/23 00:00:00",
619,1,837506,815357,"03/04/23 00:00:00",
620,1,837220,815191,"03/04/23 00:00:00",
621,1,833654,816413,"03/04/23 00:00:00",
623,1,833159,816526,"03/04/23 00:00:00",
624,1,833031,816538,"03/04/23 00:00:00",
625,1,832655,816551,"03/04/23 00:00:00",
626,1,832273,816476,"03/04/23 00:00:00",
627,1,832071,816416,"03/04/23 00:00:00",
628,1,831619,816291,"03/28/23 00:00:00",
629,1,831467,816152,"03/04/23 00:00:00",
632,1,837628,815118,"03/04/23 00:00:00",
633,1,837692,816362,"03/04/23 00:00:00",
635,1,837836,815790,"03/04/23 00:00:00",
636,1,837797,815580,"03/04/23 00:00:00",
637,1,831718,816377,"03/04/23 00:00:00",
638,1,830154,815221,"03/04/23 00:00:00",
639,1,830142,815228,"03/04/23 00:00:00",
640,1,830179,815576,"03/04/23 00:00:00",
641,1,830350,815781,"03/04/23 00:00:00",
644,1,830481,815792,"03/04/23 00:00:00",
645,1,830277,815714,"03/04/23 00:00:00",
646,1,830183,815536,"03/04/23 00:00:00",
647,1,834658,815898,"03/04/23 00:00:00",
648,1,837925,812549,"03/04/23 00:00:00",
649,1,837769,811890,"03/04/23 00:00:00",
650,1,837530,811290,"03/04/23 00:00:00",
652,1,837701,811672,"03/04/23 00:00:00",
653,1,837881,812691,"03/04/23 00:00:00",
657,1,837937,816359,"03/04/23 00:00:00",
658,1,836900,815878,"03/04/23 00:00:00",
659,1,834043,811317,"03/04/23 00:00:00",
661,1,837845,816274,"03/04/23 00:00:00",
662,1,837824,814941,"03/04/23 00:00:00",
663,1,837851,814809,"03/04/23 00:00:00",
664,1,837769,814664,"03/04/23 00:00:00",
665,1,837614,814385,"03/04/23 00:00:00",
666,1,837688,814113,"03/04/23 00:00:00",
667,1,837663,813748,"03/04/23 00:00:00",
668,1,831961,812748,"03/04/23 00:00:00",
670,1,837687,813760,"03/04/23 00:00:00",
672,1,838366,816988,"03/04/23 00:00:00",
673,1,832826,816164,"03/04/23 00:00:00",
674,1,833911,815694,"03/04/23 00:00:00",
675,1,834406,815831,"03/04/23 00:00:00",
677,1,830421,814903,"03/04/23 00:00:00",
678,1,830801,814841,"03/04/23 00:00:00",
679,1,831052,814931,"03/04/23 00:00:00",
681,1,830978,814589,"03/04/23 00:00:00",
682,1,831141,814380,"03/04/23 00:00:00",
683,1,831223,814207,"03/04/23 00:00:00",
684,1,831381,814261,"03/04/23 00:00:00",
685,1,831676,813869,"03/04/23 00:00:00",
686,1,832073,812905,"03/04/23 00:00:00",
687,1,832289,812731,"03/04/23 00:00:00",
688,1,831797,813451,"03/04/23 00:00:00",
689,1,831902,813048,"03/04/23 00:00:00",
691,1,831763,813673,"03/04/23 00:00:00",
692,1,831599,813896,"03/04/23 00:00:00",
694,1,831178,814272,"03/04/23 00:00:00",
695,1,831055,814451,"03/04/23 00:00:00",
696,1,830968,814614,"03/04/23 00:00:00",
697,1,831104,814712,"03/04/23 00:00:00",
698,1,830958,814889,"03/04/23 00:00:00",
700,1,831818,813662,"03/04/23 00:00:00",
703,1,836143,812225,"03/04/23 00:00:00",
706,1,841119,819355,"03/04/23 00:00:00",
707,1,840342,819666,"03/04/23 00:00:00",
708,1,839036,827530,"03/04/23 00:00:00",
709,1,838905,827432,"03/04/23 00:00:00",
711,1,840128,820635,"03/04/23 00:00:00",
712,1,840659,819577,"03/04/23 00:00:00",
716,1,838593,810883,"03/04/23 00:00:00",
718,1,836267,821930,"03/04/23 00:00:00",
719,1,839043,827561,"03/04/23 00:00:00",
721,1,838842,827696,"03/04/23 00:00:00",
723,1,836160,817725,"03/04/23 00:00:00",
724,1,835327,818303,"03/04/23 00:00:00",
725,1,835306,820365,"03/04/23 00:00:00",
726,1,835494,819389,"03/04/23 00:00:00",
734,1,834927,815506,"03/04/23 00:00:00",
736,1,838586,817033,"03/04/23 00:00:00",
738,1,836821,815347,"03/04/23 00:00:00",
739,1,832488,822005,"03/04/23 00:00:00",
740,1,833731,822176,"03/04/23 00:00:00",
741,1,834105,821866,"03/04/23 00:00:00",
742,1,834323,821788,"03/04/23 00:00:00",
743,1,834570,821478,"03/04/23 00:00:00",
744,1,835597,819558,"03/04/23 00:00:00",
745,1,835652,819264,"03/04/23 00:00:00",
746,1,837358,815682,"03/04/23 00:00:00",
747,1,841568,815782,"03/04/23 00:00:00",
748,1,840810,816034,"03/04/23 00:00:00",
749,1,839790,816299,"03/08/23 00:00:00",
751,1,835499,819956,"03/04/23 00:00:00",
752,1,835431,820306,"03/04/23 00:00:00",
754,1,835171,820947,"03/04/23 00:00:00",
756,1,834770,821282,"03/04/23 00:00:00",
757,1,834090,821844,"03/04/23 00:00:00",
758,1,833931,821979,"03/04/23 00:00:00",
760,1,833229,821983,"03/04/23 00:00:00",
768,1,836499,821851,"03/04/23 00:00:00",
770,1,836425,820504,"03/04/23 00:00:00",
773,1,836192,819280,"03/04/23 00:00:00",
774,1,836217,818905,"03/04/23 00:00:00",
775,1,836595,818610,"03/04/23 00:00:00",
776,1,835917,815586,"03/04/23 00:00:00",
777,1,834159,815542,"03/04/23 00:00:00",
778,1,834441,815760,"03/04/23 00:00:00",
779,1,836189,818962,"03/04/23 00:00:00",
780,1,836253,819369,"03/04/23 00:00:00",
781,1,836416,819814,"05/07/24 00:00:00",
782,1,836143,819998,"03/04/23 00:00:00",
783,1,836396,820504,"11/09/23 00:00:00",
785,1,836452,821449,"03/04/23 00:00:00",
786,1,836631,821667,"03/04/23 00:00:00",
787,1,836726,821731,"03/04/23 00:00:00",
788,1,836758,822098,"03/04/23 00:00:00",
790,1,837251,822079,"03/04/23 00:00:00",
793,1,837643,822908,"07/28/23 00:00:00",
794,1,839455,820336,"03/04/23 00:00:00",
795,1,839560,820394,"03/04/23 00:00:00",
797,1,839487,821179,"03/04/23 00:00:00",
798,1,839355,821309,"03/04/23 00:00:00",
801,1,839357,821508,"03/04/23 00:00:00",
804,1,837428,820447,"03/04/23 00:00:00",
806,1,837340,819403,"03/04/23 00:00:00",
807,1,837227,819212,"03/04/23 00:00:00",
808,1,837070,818963,"03/04/23 00:00:00",
813,1,836690,815389,"03/04/23 00:00:00",
817,1,837358,820061,"03/04/23 00:00:00",
818,1,837461,820570,"03/04/23 00:00:00",
820,1,837838,821078,"03/04/23 00:00:00",
822,1,838572,821684,"03/04/23 00:00:00",
823,1,839391,821570,"03/04/23 00:00:00",
824,1,839227,820999,"03/04/23 00:00:00",
825,1,839270,821370,"03/04/23 00:00:00",
826,1,839517,821068,"03/04/23 00:00:00",
828,1,834191,821616,"03/04/23 00:00:00",
829,1,834209,821391,"03/04/23 00:00:00",
830,1,834605,821057,"03/04/23 00:00:00",
833,1,835178,820579,"03/04/23 00:00:00",
836,1,836925,815548,"03/04/23 00:00:00",
837,1,836852,815275,"03/04/23 00:00:00",
838,1,834929,820886,"03/04/23 00:00:00",
839,1,834931,820993,"03/04/23 00:00:00",
843,1,836455,822561,"03/04/23 00:00:00",
845,1,836650,825219,"03/04/23 00:00:00",
846,1,836541,825686,"02/07/25 00:00:00",
847,1,836612,825986,"03/08/23 00:00:00",
849,1,837244,826147,"03/04/23 00:00:00",
850,1,837792,826334,"03/04/23 00:00:00",
851,1,838120,826464,"03/04/23 00:00:00",
852,1,838145,826759,"03/04/23 00:00:00",
853,1,837414,827147,"03/04/23 00:00:00",
854,1,838212,826731,"03/04/23 00:00:00",
856,1,837841,826260,"03/04/23 00:00:00",
857,1,837336,826131,"03/04/23 00:00:00",
858,1,837009,826129,"03/04/23 00:00:00",
859,1,836580,825686,"03/04/23 00:00:00",
863,1,836437,819785,"05/07/24 00:00:00",
864,1,836276,819331,"03/04/23 00:00:00",
865,1,833380,822006,"03/04/23 00:00:00",
866,1,835509,819900,"03/04/23 00:00:00",
867,1,836068,815357,"03/04/23 00:00:00",
868,1,836989,826159,"03/04/23 00:00:00",
869,1,838206,827039,"03/04/23 00:00:00",
870,1,838457,827315,"03/04/23 00:00:00",
873,1,838982,827499,"03/04/23 00:00:00",
874,1,838462,827278,"03/04/23 00:00:00",
875,1,838183,826966,"03/04/23 00:00:00",
876,1,838140,826452,"03/04/23 00:00:00",
877,1,835802,815571,"03/04/23 00:00:00",
879,1,835451,834824,"03/04/23 00:00:00",
880,1,835296,834703,"03/04/23 00:00:00",
881,1,835252,834426,"03/04/23 00:00:00",
883,1,835911,834128,"03/04/23 00:00:00",
884,1,839949,826440,"03/04/23 00:00:00",
885,1,842118,817956,"03/04/23 00:00:00",
886,1,834209,816016,"03/04/23 00:00:00",
891,1,836214,815783,"03/04/23 00:00:00",
892,1,835872,834105,"03/04/23 00:00:00",
894,1,835367,834289,"03/04/23 00:00:00",
895,1,835261,834521,"03/04/23 00:00:00",
896,1,835282,834713,"03/04/23 00:00:00",
898,1,838148,814563,"03/04/23 00:00:00",
901,1,838776,816467,"03/04/23 00:00:00",
902,1,838866,816532,"02/29/24 00:00:00",
903,1,839430,816737,"03/04/23 00:00:00",
904,1,838976,817119,"03/17/23 00:00:00",
909,1,811128,817651,"03/04/23 00:00:00",
911,1,834513,818366,"07/12/23 00:00:00",
912,1,840643,816502,"03/04/23 00:00:00",
914,1,843834,813745,"03/04/23 00:00:00",
915,1,843996,813864,"03/04/23 00:00:00",
916,1,843648,814177,"03/04/23 00:00:00",
917,1,843338,814222,"03/04/23 00:00:00",
918,1,843690,814186,"03/04/23 00:00:00",
921,1,834439,818451,"03/04/23 00:00:00",
926,1,811879,816765,"03/04/23 00:00:00",
927,1,811041,817177,"03/04/23 00:00:00",
929,1,811562,819426,"03/04/23 00:00:00",
931,1,811243,820064,"03/04/23 00:00:00",
932,1,811048,817134,"03/04/23 00:00:00",
933,1,811727,816726,"03/04/23 00:00:00",
937,1,809889,817455,"03/04/23 00:00:00",
941,1,811822,816515,"03/04/23 00:00:00",
942,1,811999,816388,"03/04/23 00:00:00",
943,1,811535,815662,"05/16/24 00:00:00",
944,1,811954,816388,"03/04/23 00:00:00",
945,1,811775,816511,"03/04/23 00:00:00",
947,1,810280,817381,"05/08/23 00:00:00",
950,1,811175,817660,"03/04/23 00:00:00",
951,1,810988,818075,"03/04/23 00:00:00",
952,1,828033,823304,"03/04/23 00:00:00",
953,1,828248,823876,"03/04/23 00:00:00",
956,1,833336,822050,"07/12/23 00:00:00",
957,1,834381,821639,"03/04/23 00:00:00",
961,1,835769,818009,"03/04/23 00:00:00",
965,1,835783,817450,"03/04/23 00:00:00",
966,1,835771,817640,"03/04/23 00:00:00",
967,1,835725,818356,"03/04/23 00:00:00",
968,1,835701,818659,"03/04/23 00:00:00",
970,1,835662,819081,"03/04/23 00:00:00",
971,1,835027,821067,"03/04/23 00:00:00",
972,1,834821,821239,"03/04/23 00:00:00",
973,1,833186,821966,"03/04/23 00:00:00",
976,1,828220,823769,"03/04/23 00:00:00",
977,1,828043,823220,"03/04/23 00:00:00",
978,1,810788,817588,"03/04/23 00:00:00",
979,1,810935,818141,"03/04/23 00:00:00",
980,1,817940,825433,"03/04/23 00:00:00",
981,1,833772,816382,"03/04/23 00:00:00",
982,1,811919,820096,"03/04/23 00:00:00",
985,1,837430,826994,"03/04/23 00:00:00",
986,1,837678,827068,"03/04/23 00:00:00",
987,1,834942,812192,"03/04/23 00:00:00",
993,1,835263,822514,"03/04/23 00:00:00",
994,1,837254,822618,"03/04/23 00:00:00",
995,1,839108,822329,"03/04/23 00:00:00",
998,1,844922,819153,"03/04/23 00:00:00",
999,1,844868,819365,"03/04/23 00:00:00",
1000,1,845265,819562,"03/04/23 00:00:00",
1001,1,845261,820020,"05/31/23 00:00:00",
1003,1,844500,820605,"03/04/23 00:00:00",
1006,1,844992,820338,"03/04/23 00:00:00",
1007,1,845261,820046,"03/04/23 00:00:00",
1008,1,845461,819760,"03/04/23 00:00:00",
1009,1,837467,822584,"03/04/23 00:00:00",
1010,1,835226,822502,"03/04/23 00:00:00",
1012,1,837375,822830,"03/04/23 00:00:00",
1014,1,838021,822792,"03/04/23 00:00:00",
1016,1,841318,821273,"03/04/23 00:00:00",
1017,1,841594,820774,"03/04/23 00:00:00",
1020,1,842086,819742,"03/04/23 00:00:00",
1021,1,842207,819581,"03/04/23 00:00:00",
1022,1,842685,819301,"03/04/23 00:00:00",
1023,1,842606,819114,"03/04/23 00:00:00",
1024,1,842695,818646,"03/04/23 00:00:00",
1025,1,842602,818385,"03/04/23 00:00:00",
1026,1,842718,818198,"03/04/23 00:00:00",
1027,1,842905,818168,"03/04/23 00:00:00",
1028,1,842840,818146,"03/04/23 00:00:00",
1029,1,842590,818421,"03/04/23 00:00:00",
1030,1,842700,818789,"03/04/23 00:00:00",
1031,1,842594,819107,"03/04/23 00:00:00",
1032,1,842691,819324,"03/04/23 00:00:00",
1033,1,842388,819576,"03/04/23 00:00:00",
1034,1,842162,819635,"03/04/23 00:00:00",
1035,1,841983,819780,"03/04/23 00:00:00",
1038,1,841150,821551,"03/04/23 00:00:00",
1039,1,840225,821475,"03/04/23 00:00:00",
1040,1,838439,822685,"03/04/23 00:00:00",
1042,1,838019,822708,"03/04/23 00:00:00",
1046,1,844213,819924,"03/04/23 00:00:00",
1047,1,844220,820110,"03/04/23 00:00:00",
1049,1,844017,820837,"03/04/23 00:00:00",
1050,1,844411,820916,"03/04/23 00:00:00",
1051,1,844770,820644,"03/04/23 00:00:00",
1052,1,844771,820335,"03/04/23 00:00:00",
1053,1,844718,820470,"03/04/23 00:00:00",
1054,1,844428,820525,"03/04/23 00:00:00",
1055,1,844364,820315,"03/04/23 00:00:00",
1056,1,844477,819991,"03/04/23 00:00:00",
1058,1,842315,818531,"03/04/23 00:00:00",
1061,1,833943,816316,"03/04/23 00:00:00",
1062,1,838654,816924,"03/04/23 00:00:00",
1063,1,842025,818004,"03/04/23 00:00:00",
1064,1,842165,818514,"03/04/23 00:00:00",
1065,1,841860,819088,"03/04/23 00:00:00",
1066,1,845009,819915,"03/04/23 00:00:00",
1067,1,844966,820334,"03/04/23 00:00:00",
1068,1,844738,820648,"03/04/23 00:00:00",
1069,1,844391,820893,"03/04/23 00:00:00",
1070,1,844015,820811,"03/04/23 00:00:00",
1073,1,840353,821592,"03/04/23 00:00:00",
1074,1,840180,821593,"03/04/23 00:00:00",
1075,1,839673,821676,"03/04/23 00:00:00",
1076,1,839569,820481,"03/04/23 00:00:00",
1077,1,839494,820281,"03/04/23 00:00:00",
1079,1,840477,819784,"03/04/23 00:00:00",
1081,1,841126,819386,"03/04/23 00:00:00",
1082,1,841520,819167,"06/28/23 00:00:00",
1083,1,841726,819029,"03/04/23 00:00:00",
1084,1,841718,818983,"03/04/23 00:00:00",
1085,1,841475,819159,"03/04/23 00:00:00",
1086,1,841185,819404,"03/04/23 00:00:00",
1087,1,840685,819588,"03/04/23 00:00:00",
1088,1,840449,819788,"03/04/23 00:00:00",
1090,1,839699,821711,"03/04/23 00:00:00",
1091,1,840232,821503,"03/04/23 00:00:00",
1092,1,841711,831102,"03/04/23 00:00:00",
1095,1,841365,831032,"03/04/23 00:00:00",
1096,1,840882,830165,"03/04/23 00:00:00",
1097,1,840729,829852,"03/04/23 00:00:00",
1098,1,841099,829568,"03/04/23 00:00:00",
1100,1,839899,828807,"02/29/24 00:00:00",
1101,1,839877,826400,"03/04/23 00:00:00",
1102,1,841781,830964,"04/17/23 00:00:00",
1103,1,841553,831572,"03/04/23 00:00:00",
1104,1,841893,831859,"03/04/23 00:00:00",
1106,1,841565,831520,"03/04/23 00:00:00",
1108,1,841797,830982,"03/04/23 00:00:00",
1109,1,841384,821360,"03/04/23 00:00:00",
1112,1,841515,820534,"03/04/23 00:00:00",
1115,1,840800,820329,"03/04/23 00:00:00",
1116,1,840429,820419,"03/04/23 00:00:00",
1119,1,840260,820187,"03/04/23 00:00:00",
1121,1,840810,820413,"03/04/23 00:00:00",
1123,1,841623,820610,"03/04/23 00:00:00",
1124,1,841404,820823,"03/04/23 00:00:00",
1125,1,841435,821105,"03/04/23 00:00:00",
1126,1,841292,818476,"03/04/23 00:00:00",
1127,1,841510,818523,"03/04/23 00:00:00",
1128,1,841574,818642,"03/04/23 00:00:00",
1130,1,836189,815763,"03/04/23 00:00:00",
1133,1,833754,811059,"03/04/23 00:00:00",
1134,1,833455,811213,"03/04/23 00:00:00",
1135,1,833319,811366,"03/04/23 00:00:00",
1136,1,841195,819322,"03/04/23 00:00:00",
1137,1,840715,819515,"03/04/23 00:00:00",
1138,1,840144,820131,"03/04/23 00:00:00",
1140,1,840097,820643,"03/04/23 00:00:00",
1141,1,839688,821249,"03/04/23 00:00:00",
1142,1,839433,821809,"03/04/23 00:00:00",
1143,1,839288,821991,"03/04/23 00:00:00",
1144,1,838749,822143,"03/04/23 00:00:00",
1146,1,838810,822412,"03/04/23 00:00:00",
1147,1,838711,822646,"03/04/23 00:00:00",
1148,1,838726,822179,"03/04/23 00:00:00",
1149,1,839158,821814,"03/04/23 00:00:00",
1150,1,839726,821289,"03/04/23 00:00:00",
1151,1,840159,820301,"01/17/24 00:00:00",
1152,1,840210,819875,"12/06/23 00:00:00",
1153,1,833549,811560,"03/04/23 00:00:00",
1154,1,833465,811223,"03/04/23 00:00:00",
1155,1,833702,811146,"03/04/23 00:00:00",
1158,1,818529,835682,"03/04/23 00:00:00",
1162,1,835303,817932,"03/04/23 00:00:00",
1164,1,835408,818509,"03/04/23 00:00:00",
1165,1,841671,819191,"03/04/23 00:00:00",
1166,1,818534,835706,"03/04/23 00:00:00",
1167,1,838657,822674,"03/04/23 00:00:00",
1171,1,831216,824364,"03/04/23 00:00:00",
1172,1,831223,824479,"03/04/23 00:00:00",
1173,1,831392,824659,"03/04/23 00:00:00",
1174,1,831495,824903,"03/04/23 00:00:00",
1175,1,831462,825434,"03/04/23 00:00:00",
1176,1,831350,825331,"03/04/23 00:00:00",
1177,1,831178,825299,"12/18/23 00:00:00",
1178,1,830926,825242,"03/04/23 00:00:00",
1179,1,830870,825380,"03/04/23 00:00:00",
1180,1,830635,825423,"03/04/23 00:00:00",
1181,1,830449,825384,"03/04/23 00:00:00",
1182,1,830217,825524,"03/04/23 00:00:00",
1183,1,830126,825577,"03/04/23 00:00:00",
1185,1,829958,825692,"03/04/23 00:00:00",
1186,1,830453,825403,"03/04/23 00:00:00",
1187,1,830867,825411,"03/04/23 00:00:00",
1188,1,830936,825324,"03/04/23 00:00:00",
1189,1,831125,825331,"05/14/24 00:00:00",
1191,1,831480,825457,"03/04/23 00:00:00",
1192,1,831513,824929,"03/04/23 00:00:00",
1193,1,831444,824683,"03/04/23 00:00:00",
1194,1,831050,824302,"03/04/23 00:00:00",
1195,1,834038,816434,"03/04/23 00:00:00",
1196,1,820025,824775,"03/04/23 00:00:00",
1197,1,818619,825217,"03/04/23 00:00:00",
1198,1,819327,825184,"03/04/23 00:00:00",
1199,1,819006,825248,"03/04/23 00:00:00",
1201,1,818209,825279,"03/04/23 00:00:00",
1203,1,817652,825449,"03/04/23 00:00:00",
1204,1,817407,825818,"12/31/24 00:00:00",
1205,1,817157,826051,"03/04/23 00:00:00",
1206,1,816707,826166,"09/24/24 00:00:00",
1207,1,816328,826530,"03/04/23 00:00:00",
1208,1,816057,826641,"12/31/24 00:00:00",
1209,1,815900,826894,"05/14/24 00:00:00",
1210,1,815615,827065,"03/04/23 00:00:00",
1211,1,815178,826862,"03/04/23 00:00:00",
1212,1,814598,826399,"03/04/23 00:00:00",
1213,1,814538,826168,"11/09/23 00:00:00",
1214,1,814021,826278,"03/04/23 00:00:00",
1215,1,814120,826569,"03/04/23 00:00:00",
1216,1,814294,826980,"03/04/23 00:00:00",
1217,1,814562,827341,"03/04/23 00:00:00",
1219,1,814316,826971,"03/04/23 00:00:00",
1220,1,814103,826515,"03/04/23 00:00:00",
1221,1,814142,826140,"03/04/23 00:00:00",
1222,1,814397,826051,"03/04/23 00:00:00",
1223,1,814512,826169,"03/04/23 00:00:00",
1224,1,814575,826408,"03/04/23 00:00:00",
1225,1,815227,826915,"03/04/23 00:00:00",
1226,1,815619,827093,"03/04/23 00:00:00",
1227,1,815881,826953,"03/04/23 00:00:00",
1228,1,816070,826661,"12/31/24 00:00:00",
1229,1,816352,826543,"12/31/24 00:00:00",
1230,1,816671,826243,"12/31/24 00:00:00",
1231,1,817111,826080,"07/24/23 00:00:00",
1232,1,817393,825888,"12/31/24 00:00:00",
1233,1,817578,825595,"03/04/23 00:00:00",
1234,1,817991,825449,"03/04/23 00:00:00",
1235,1,818403,825242,"03/04/23 00:00:00",
1237,1,818730,825260,"03/04/23 00:00:00",
1238,1,819430,825097,"03/04/23 00:00:00",
1239,1,820042,824706,"03/04/23 00:00:00",
1241,1,814956,825962,"03/04/23 00:00:00",
1242,1,814626,825944,"03/04/23 00:00:00",
1243,1,834479,816051,"03/04/23 00:00:00",
1244,1,816083,827581,"03/04/23 00:00:00",
1245,1,816105,827346,"03/04/23 00:00:00",
1248,1,818320,834537,"03/04/23 00:00:00",
1249,1,818286,834798,"03/04/23 00:00:00",
1250,1,818328,835020,"03/04/23 00:00:00",
1251,1,817964,835264,"03/04/23 00:00:00",
1252,1,818090,835616,"03/04/23 00:00:00",
1253,1,818259,835459,"03/04/23 00:00:00",
1254,1,818056,835573,"03/04/23 00:00:00",
1255,1,817770,835629,"03/04/23 00:00:00",
1256,1,818638,835338,"03/04/23 00:00:00",
1260,1,818019,835202,"03/04/23 00:00:00",
1261,1,818381,835011,"03/04/23 00:00:00",
1262,1,818286,834767,"03/04/23 00:00:00",
1263,1,818383,834472,"03/04/23 00:00:00",
1268,1,836314,815640,"03/04/23 00:00:00",
1269,1,839630,809033,"03/04/23 00:00:00",
1270,1,839264,809278,"03/04/23 00:00:00",
1271,1,839342,809107,"03/04/23 00:00:00",
1272,1,839360,808863,"03/04/23 00:00:00",
1275,1,839000,809031,"03/04/23 00:00:00",
1277,1,835455,817634,"03/04/23 00:00:00",
1278,1,835502,817398,"03/04/23 00:00:00",
1279,1,836017,817361,"03/04/23 00:00:00",
1280,1,836124,817648,"03/04/23 00:00:00",
1281,1,836165,817883,"03/04/23 00:00:00",
1282,1,836216,818047,"03/04/23 00:00:00",
1283,1,836387,818197,"03/04/23 00:00:00",
1284,1,836430,818096,"03/04/23 00:00:00",
1286,1,835996,817310,"03/04/23 00:00:00",
1289,1,835364,817954,"03/04/23 00:00:00",
1295,1,839012,809026,"03/04/23 00:00:00",
1298,1,839342,808910,"03/04/23 00:00:00",
1300,1,839329,809290,"03/04/23 00:00:00",
1305,1,838742,817067,"03/04/23 00:00:00",
1306,1,838885,817098,"03/04/23 00:00:00",
1307,1,841359,815565,"03/04/23 00:00:00",
1310,1,836233,818016,"03/04/23 00:00:00",
1317,1,835248,819975,"03/04/23 00:00:00",
1320,1,835564,818493,"03/04/23 00:00:00",
1321,1,835825,818552,"03/04/23 00:00:00",
1322,1,836190,818639,"03/04/23 00:00:00",
1323,1,837423,820491,"03/04/23 00:00:00",
1325,1,842125,818632,"03/04/23 00:00:00",
1326,1,842124,818671,"03/04/23 00:00:00",
1331,1,835555,818474,"03/04/23 00:00:00",
1333,1,812060,816667,"03/04/23 00:00:00",
1334,1,837776,815992,"03/04/23 00:00:00",
1336,1,810142,817365,"05/08/23 00:00:00",
1339,1,835651,820054,"03/04/23 00:00:00",
1340,1,834384,819991,"03/04/23 00:00:00",
1343,1,834995,819954,"03/04/23 00:00:00",
1345,1,811177,817947,"03/04/23 00:00:00",
1347,1,810697,817022,"03/04/23 00:00:00",
1348,1,810662,817017,"03/04/23 00:00:00",
1349,1,835225,822329,"03/04/23 00:00:00",
1350,1,835581,822269,"03/04/23 00:00:00",
1353,1,837099,822404,"03/04/23 00:00:00",
1354,1,837386,822400,"03/04/23 00:00:00",
1355,1,837808,822528,"03/04/23 00:00:00",
1356,1,838191,822529,"12/14/23 00:00:00",
1357,1,838935,822277,"03/04/23 00:00:00",
1358,1,839386,821962,"03/04/23 00:00:00",
1359,1,841659,818842,"03/04/23 00:00:00",
1360,1,841632,818699,"03/04/23 00:00:00",
1361,1,841500,818489,"03/04/23 00:00:00",
1362,1,842289,818585,"03/04/23 00:00:00",
1363,1,842269,818685,"03/04/23 00:00:00",
1364,1,842123,818937,"03/04/23 00:00:00",
1366,1,842512,818952,"03/04/23 00:00:00",
1367,1,842246,818983,"03/04/23 00:00:00",
1368,1,842209,818835,"03/04/23 00:00:00",
1369,1,841405,818777,"03/04/23 00:00:00",
1370,1,838190,822500,"12/18/23 00:00:00",
1371,1,838884,822246,"03/04/23 00:00:00",
1372,1,837759,822498,"03/04/23 00:00:00",
1373,1,837496,822382,"03/04/23 00:00:00",
1374,1,837262,822392,"03/04/23 00:00:00",
1376,1,835624,822243,"03/04/23 00:00:00",
1377,1,835303,822303,"03/04/23 00:00:00",
1379,1,837687,818433,"03/04/23 00:00:00",
1380,1,837536,818597,"03/30/23 00:00:00",
1381,1,837625,818775,"03/30/23 00:00:00",
1382,1,837643,819165,"03/04/23 00:00:00",
1383,1,837502,819249,"03/04/23 00:00:00",
1384,1,837350,819524,"03/04/23 00:00:00",
1385,1,838177,821573,"03/04/23 00:00:00",
1387,1,838365,822236,"03/04/23 00:00:00",
1388,1,838665,822210,"03/04/23 00:00:00",
1389,1,839083,821879,"03/04/23 00:00:00",
1390,1,838677,822177,"03/04/23 00:00:00",
1394,1,837382,819025,"03/04/23 00:00:00",
1395,1,837338,818732,"03/04/23 00:00:00",
1400,1,837466,815659,"03/04/23 00:00:00",
1403,1,839400,822301,"03/04/23 00:00:00",
1404,1,839465,822603,"03/04/23 00:00:00",
1406,1,838721,823266,"03/04/23 00:00:00",
1407,1,838592,823506,"03/04/23 00:00:00",
1408,1,838446,823518,"03/04/23 00:00:00",
1411,1,838955,823287,"03/04/23 00:00:00",
1412,1,839089,823210,"03/04/23 00:00:00",
1413,1,839488,822578,"03/04/23 00:00:00",
1414,1,839418,822300,"03/04/23 00:00:00",
1415,1,839069,822336,"03/04/23 00:00:00",
1416,1,845716,819550,"03/04/23 00:00:00",
1417,1,845742,819837,"03/04/23 00:00:00",
1418,1,844171,820442,"03/04/23 00:00:00",
1419,1,845723,819521,"03/04/23 00:00:00",
1422,1,837191,822601,"03/04/23 00:00:00",
1424,1,834612,815971,"03/04/23 00:00:00",
1435,1,833393,815920,"03/04/23 00:00:00",
1438,1,834010,815740,"03/04/23 00:00:00",
1439,1,834176,815662,"03/04/23 00:00:00",
1441,1,834294,816141,"03/04/23 00:00:00",
1448,1,836792,814133,"03/04/23 00:00:00",
1449,1,836553,814131,"03/04/23 00:00:00",
1450,1,836199,814432,"03/04/23 00:00:00",
1451,1,836101,814560,"03/04/23 00:00:00",
1452,1,835543,814330,"03/04/23 00:00:00",
1453,1,835502,814553,"03/04/23 00:00:00",
1454,1,834820,814289,"03/04/23 00:00:00",
1455,1,834811,814115,"03/04/23 00:00:00",
1456,1,834821,814068,"03/04/23 00:00:00",
1457,1,834763,814212,"03/04/23 00:00:00",
1459,1,833907,814110,"03/04/23 00:00:00",
1461,1,833638,814250,"03/04/23 00:00:00",
1462,1,833480,814604,"03/04/23 00:00:00",
1466,1,834822,814379,"03/04/23 00:00:00",
1467,1,835164,814529,"03/04/23 00:00:00",
1468,1,835456,814697,"03/04/23 00:00:00",
1469,1,835610,814349,"03/04/23 00:00:00",
1470,1,835932,814515,"03/04/23 00:00:00",
1471,1,836307,814372,"03/04/23 00:00:00",
1472,1,836771,814156,"03/04/23 00:00:00",
1473,1,836995,814122,"03/04/23 00:00:00",
1475,1,835577,815236,"03/04/23 00:00:00",
1476,1,834418,812356,"03/04/23 00:00:00",
1479,1,833486,811721,"03/04/23 00:00:00",
1481,1,833183,811745,"03/04/23 00:00:00",
1486,1,831918,813804,"03/04/23 00:00:00",
1487,1,831572,815687,"03/04/23 00:00:00",
1489,1,832460,816341,"03/04/23 00:00:00",
1499,1,833618,816545,"03/04/23 00:00:00",
1503,1,837994,815684,"03/04/23 00:00:00",
1504,1,836639,815566,"03/04/23 00:00:00",
1507,1,833259,816311,"03/04/23 00:00:00",
1508,1,833353,816281,"03/04/23 00:00:00",
1509,1,833523,816142,"03/04/23 00:00:00",
1510,1,833622,816120,"03/04/23 00:00:00",
1511,1,833784,816022,"03/04/23 00:00:00",
1512,1,834366,815759,"03/04/23 00:00:00",
1513,1,837991,815543,"03/04/23 00:00:00",
1515,1,840614,816360,"03/04/23 00:00:00",
1535,1,837141,813851,"03/04/23 00:00:00",
1536,1,837950,813196,"03/04/23 00:00:00",
1537,1,837569,811111,"03/04/23 00:00:00",
1538,1,837540,811382,"03/04/23 00:00:00",
1539,1,837741,811917,"03/04/23 00:00:00",
1540,1,837784,812313,"03/04/23 00:00:00",
1544,1,837185,813812,"03/04/23 00:00:00",
1545,1,837072,813940,"03/04/23 00:00:00",
1546,1,843904,814144,"03/04/23 00:00:00",
1549,1,842655,813834,"03/04/23 00:00:00",
1551,1,843304,814127,"03/04/23 00:00:00",
1552,1,843708,813868,"03/04/23 00:00:00",
1553,1,842199,813952,"03/04/23 00:00:00",
1557,1,843393,814216,"03/04/23 00:00:00",
1559,1,838722,816854,"03/04/23 00:00:00",
1560,1,842212,813784,"03/04/23 00:00:00",
1563,1,842541,814335,"03/04/23 00:00:00",
1565,1,842883,814404,"03/04/23 00:00:00",
1567,1,834054,812273,"03/04/23 00:00:00",
1568,1,843832,813877,"03/04/23 00:00:00",
1574,1,834286,816254,"03/04/23 00:00:00",
1581,1,833808,816447,"03/04/23 00:00:00",
1701,1,844893,818993,"03/17/23 00:00:00",
1702,1,845093,818788,"03/04/23 00:00:00",
1703,1,843989,818656,"03/17/23 00:00:00",
1704,1,844550,818556,"03/04/23 00:00:00",
1705,1,845084,818757,"03/04/23 00:00:00",
1706,1,844551,818591,"03/04/23 00:00:00",
1707,1,844828,818695,"03/04/23 00:00:00",
3000,1,841154,816213,"03/04/23 00:00:00",
3001,1,841261,815717,"03/04/23 00:00:00",
3002,1,841986,814941,"12/02/24 00:00:00",
3004,1,841525,813216,"03/04/23 00:00:00",
3005,1,840843,811960,"03/04/23 00:00:00",
3007,1,841026,810742,"03/04/23 00:00:00",
3008,1,840035,809475,"03/04/23 00:00:00",
3009,1,840049,808766,"03/04/23 00:00:00",
3011,1,840089,807497,"03/04/23 00:00:00",
3015,1,840853,811271,"03/04/23 00:00:00",
3016,1,840834,811982,"03/04/23 00:00:00",
3018,1,834469,815430,"03/04/23 00:00:00",
3019,1,839245,816983,"03/04/23 00:00:00",
3021,1,837104,815954,"03/04/23 00:00:00",
3022,1,835936,815744,"03/04/23 00:00:00",
3023,1,835750,815729,"03/04/23 00:00:00",
3024,1,833480,816534,"03/04/23 00:00:00",
3025,1,831305,815975,"03/04/23 00:00:00",
3027,1,831275,816180,"03/04/23 00:00:00",
3028,1,831518,816175,"03/04/23 00:00:00",
3030,1,834236,816007,"03/04/23 00:00:00",
3033,1,837497,815654,"03/04/23 00:00:00",
3034,1,836780,815623,"03/04/23 00:00:00",
3036,1,837063,814802,"03/04/23 00:00:00",
3038,1,837300,814331,"03/04/23 00:00:00",
3039,1,837503,814043,"03/04/23 00:00:00",
3040,1,837612,813936,"03/04/23 00:00:00",
3041,1,837548,813820,"03/04/23 00:00:00",
3043,1,837550,813827,"03/04/23 00:00:00",
3044,1,837487,813958,"03/04/23 00:00:00",
3045,1,837490,814084,"03/04/23 00:00:00",
3061,1,836125,815432,"03/04/23 00:00:00",
3066,1,837850,816123,"03/04/23 00:00:00",
3067,1,837956,816081,"03/04/23 00:00:00",
3068,1,838070,816363,"03/04/23 00:00:00",
3078,1,838104,816217,"03/04/23 00:00:00",
3080,1,838896,816638,"03/04/23 00:00:00",
3081,1,838760,816584,"03/04/23 00:00:00",
3082,1,838576,816532,"03/04/23 00:00:00",
3083,1,838413,816571,"03/04/23 00:00:00",
3084,1,838219,816462,"03/04/23 00:00:00",
3085,1,841020,815440,"03/04/23 00:00:00",
3089,1,841402,815457,"03/04/23 00:00:00",
3091,1,837344,811271,"03/04/23 00:00:00",
3094,1,839034,809452,"03/04/23 00:00:00",
3095,1,839145,808820,"03/04/23 00:00:00",
3096,1,839146,808692,"03/04/23 00:00:00",
3097,1,839173,808618,"03/04/23 00:00:00",
3098,1,839188,808734,"03/04/23 00:00:00",
3100,1,839212,809139,"03/04/23 00:00:00",
3104,1,839314,808763,"03/04/23 00:00:00",
3106,1,839180,808602,"03/04/23 00:00:00",
3108,1,838965,809414,"03/04/23 00:00:00",
3109,1,838735,810568,"11/09/23 00:00:00",
3110,1,838445,811035,"03/04/23 00:00:00",
3112,1,837335,811245,"03/04/23 00:00:00",
3113,1,837422,811753,"03/04/23 00:00:00",
3114,1,837267,811879,"03/04/23 00:00:00",
3116,1,832064,816082,"03/04/23 00:00:00",
3124,1,838057,815322,"03/04/23 00:00:00",
3131,1,836440,815522,"03/04/23 00:00:00",
3134,1,833132,811621,"03/04/23 00:00:00",
3135,1,834303,811576,"03/04/23 00:00:00",
3138,1,839999,808868,"03/04/23 00:00:00",
3142,1,835142,812168,"03/04/23 00:00:00",
3144,1,833996,812177,"03/04/23 00:00:00",
3149,1,841802,815214,"03/04/23 00:00:00",
3150,1,841770,813056,"03/04/23 00:00:00",
3152,1,842443,811645,"03/04/23 00:00:00",
3153,1,842755,809807,"03/04/23 00:00:00",
3154,1,843468,810207,"03/04/23 00:00:00",
3156,1,843537,810483,"03/04/23 00:00:00",
3159,1,843699,810711,"03/04/23 00:00:00",
3160,1,843912,810227,"03/04/23 00:00:00",
3161,1,843685,810738,"03/04/23 00:00:00",
3163,1,843642,810907,"03/04/23 00:00:00",
3167,1,842734,809792,"03/04/23 00:00:00",
3168,1,842301,811705,"03/04/23 00:00:00",
3171,1,841581,813147,"03/08/23 00:00:00",
3172,1,836386,815664,"03/04/23 00:00:00",
3173,1,835659,815580,"03/04/23 00:00:00",
3174,1,838133,816022,"03/04/23 00:00:00",
3178,1,837873,816081,"03/04/23 00:00:00",
3184,1,832442,813012,"03/04/23 00:00:00",
3185,1,831692,815899,"03/04/23 00:00:00",
3186,1,831351,815172,"03/04/23 00:00:00",
3187,1,831175,815070,"03/04/23 00:00:00",
3188,1,830894,814924,"03/04/23 00:00:00",
3189,1,830594,814839,"03/04/23 00:00:00",
3190,1,830391,814947,"03/04/23 00:00:00",
3191,1,830295,815002,"03/04/23 00:00:00",
3192,1,830459,814938,"03/04/23 00:00:00",
3193,1,830635,814861,"03/04/23 00:00:00",
3195,1,831284,815120,"03/04/23 00:00:00",
3196,1,832468,816552,"03/04/23 00:00:00",
3198,1,835352,812303,"03/04/23 00:00:00",
3200,1,833469,812485,"03/04/23 00:00:00",
3202,1,835192,812055,"03/04/23 00:00:00",
3214,1,836819,815847,"03/04/23 00:00:00",
3216,1,837211,815526,"03/04/23 00:00:00",
3217,1,838174,815245,"03/04/23 00:00:00",
3225,1,840472,808538,"03/04/23 00:00:00",
3226,1,837585,811022,"03/04/23 00:00:00",
3235,1,837614,814438,"03/04/23 00:00:00",
3236,1,837814,814898,"03/04/23 00:00:00",
3238,1,837958,815218,"03/04/23 00:00:00",
3242,1,842034,813942,"03/04/23 00:00:00",
3244,1,842053,813728,"03/04/23 00:00:00",
3245,1,842010,813601,"03/04/23 00:00:00",
3246,1,842280,813677,"03/04/23 00:00:00",
3247,1,842350,814107,"03/04/23 00:00:00",
3248,1,842273,814184,"03/04/23 00:00:00",
3251,1,835554,815481,"03/04/23 00:00:00",
3253,1,842128,814225,"03/04/23 00:00:00",
3255,1,842204,814100,"03/04/23 00:00:00",
3256,1,842332,814041,"03/04/23 00:00:00",
3257,1,842401,813961,"03/04/23 00:00:00",
3259,1,841970,813579,"04/02/24 00:00:00",
3262,1,838060,815470,"11/16/23 00:00:00",
3263,1,839474,816971,"03/04/23 00:00:00",
3268,1,841421,815456,"03/04/23 00:00:00",
3269,1,841860,813501,"03/04/23 00:00:00",
3273,1,833965,816501,"03/04/23 00:00:00",
3274,1,839485,817019,"03/04/23 00:00:00",
4001,1,837872,822918,"03/04/23 00:00:00",
4002,1,837621,822886,"03/04/23 00:00:00",
4003,1,837391,822793,"03/04/23 00:00:00",
4004,1,837557,822294,"03/04/23 00:00:00",
4005,1,837610,822082,"03/04/23 00:00:00",
4006,1,837768,821807,"03/04/23 00:00:00",
4008,1,837429,821474,"03/04/23 00:00:00",
4009,1,837323,821247,"03/04/23 00:00:00",
4010,1,837314,820996,"03/04/23 00:00:00",
4011,1,836922,820832,"03/04/23 00:00:00",
4012,1,836646,820780,"03/04/23 00:00:00",
4013,1,836274,820709,"03/04/23 00:00:00",
4014,1,836023,820663,"03/04/23 00:00:00",
4015,1,835862,820632,"03/04/23 00:00:00",
4016,1,835546,820571,"03/04/23 00:00:00",
4018,1,835575,819670,"03/04/23 00:00:00",
4020,1,835673,819142,"03/04/23 00:00:00",
4021,1,835724,818641,"03/04/23 00:00:00",
4022,1,835745,818381,"03/04/23 00:00:00",
4024,1,835805,817437,"03/04/23 00:00:00",
4025,1,835463,817244,"03/04/23 00:00:00",
4027,1,835722,818411,"03/04/23 00:00:00",
4028,1,835680,818887,"03/04/23 00:00:00",
4030,1,835549,819694,"03/04/23 00:00:00",
4032,1,835679,820306,"03/04/23 00:00:00",
4033,1,835641,820500,"03/04/23 00:00:00",
4034,1,835494,820650,"03/04/23 00:00:00",
4035,1,835880,820865,"03/04/23 00:00:00",
4037,1,837170,820922,"03/04/23 00:00:00",
4038,1,837248,821031,"03/04/23 00:00:00",
4039,1,837258,821296,"03/04/23 00:00:00",
4040,1,837512,821490,"03/04/23 00:00:00",
4043,1,837545,822344,"03/04/23 00:00:00",
4047,1,835496,820089,"03/04/23 00:00:00",
4048,1,835550,819804,"03/04/23 00:00:00",
4049,1,835717,818717,"03/04/23 00:00:00",
4050,1,835763,817761,"03/04/23 00:00:00",
4051,1,835737,818208,"03/04/23 00:00:00",
4052,1,835706,818604,"03/04/23 00:00:00",
4053,1,835592,819470,"03/04/23 00:00:00",
4055,1,836702,820901,"03/04/23 00:00:00",
4056,1,841889,819985,"03/04/23 00:00:00",
4059,1,842048,819619,"03/01/24 00:00:00",
4060,1,841730,819960,"03/04/23 00:00:00",
4061,1,841486,820053,"03/04/23 00:00:00",
4062,1,841398,819773,"03/04/23 00:00:00",
4067,1,840123,820341,"02/29/24 00:00:00",
4072,1,838333,821450,"03/04/23 00:00:00",
4074,1,837486,820926,"03/04/23 00:00:00",
4076,1,835756,817895,"03/04/23 00:00:00",
4077,1,836322,820884,"03/04/23 00:00:00",
4078,1,836858,820908,"03/04/23 00:00:00",
4079,1,837455,820954,"03/04/23 00:00:00",
4081,1,838311,821551,"03/04/23 00:00:00",
4082,1,838497,821653,"03/04/23 00:00:00",
4084,1,839771,821241,"03/04/23 00:00:00",
4087,1,840328,819724,"03/04/23 00:00:00",
4088,1,840835,819501,"03/04/23 00:00:00",
4089,1,841215,819351,"03/04/23 00:00:00",
4090,1,841339,819674,"03/04/23 00:00:00",
4091,1,841559,820139,"03/04/23 00:00:00",
4092,1,841710,819994,"03/04/23 00:00:00",
4093,1,841908,819788,"03/04/23 00:00:00",
4094,1,842133,819544,"03/04/23 00:00:00",
4097,1,834395,822422,"03/04/23 00:00:00",
4098,1,834616,822235,"03/04/23 00:00:00",
4099,1,834499,821997,"03/04/23 00:00:00",
4101,1,834744,821529,"03/04/23 00:00:00",
4102,1,834571,821086,"03/04/23 00:00:00",
4103,1,834781,820908,"03/04/23 00:00:00",
4104,1,835100,820644,"03/04/23 00:00:00",
4105,1,835330,820452,"03/04/23 00:00:00",
4109,1,834879,821037,"03/04/23 00:00:00",
4111,1,834502,821506,"03/04/23 00:00:00",
4113,1,834439,822062,"03/04/23 00:00:00",
4114,1,834285,822346,"03/04/23 00:00:00",
4117,1,838340,822202,"03/04/23 00:00:00",
4118,1,838079,821855,"03/04/23 00:00:00",
4119,1,837600,820793,"03/04/23 00:00:00",
4120,1,837446,820487,"03/04/23 00:00:00",
4121,1,837381,820059,"03/04/23 00:00:00",
4122,1,837387,819833,"03/04/23 00:00:00",
4123,1,837378,819511,"03/04/23 00:00:00",
4124,1,837247,819244,"03/04/23 00:00:00",
4132,1,836171,817901,"03/04/23 00:00:00",
4135,1,836988,818933,"03/04/23 00:00:00",
4136,1,837220,819246,"03/04/23 00:00:00",
4137,1,837361,819757,"03/04/23 00:00:00",
4139,1,837356,820343,"03/04/23 00:00:00",
4144,1,839128,821880,"03/04/23 00:00:00",
4145,1,837375,820539,"03/04/23 00:00:00",
4146,1,836712,818305,"03/09/23 00:00:00",
4147,1,836281,817487,"03/04/23 00:00:00",
4148,1,836274,817515,"03/04/23 00:00:00",
4150,1,837360,819975,"03/04/23 00:00:00",
4152,1,838718,823468,"03/04/23 00:00:00",
4154,1,839089,823133,"03/04/23 00:00:00",
4155,1,838869,823119,"03/04/23 00:00:00",
4156,1,838725,823127,"03/04/23 00:00:00",
4157,1,838466,823027,"03/04/23 00:00:00",
4158,1,838409,822868,"04/14/23 00:00:00",
4159,1,838442,822706,"03/04/23 00:00:00",
4161,1,838121,821670,"03/04/23 00:00:00",
4162,1,837483,820568,"03/04/23 00:00:00",
4163,1,837538,820481,"03/04/23 00:00:00",
4164,1,837983,820275,"03/04/23 00:00:00",
4165,1,837943,820094,"03/04/23 00:00:00",
4166,1,837773,819900,"03/04/23 00:00:00",
4167,1,837650,819761,"03/04/23 00:00:00",
4169,1,837385,819178,"03/04/23 00:00:00",
4170,1,837381,818846,"03/04/23 00:00:00",
4172,1,837011,818602,"03/04/23 00:00:00",
4174,1,836342,818189,"03/04/23 00:00:00",
4175,1,836794,818322,"03/04/23 00:00:00",
4176,1,837058,818711,"03/04/23 00:00:00",
4177,1,837336,818759,"03/04/23 00:00:00",
4179,1,837363,819438,"03/04/23 00:00:00",
4180,1,837535,819663,"03/04/23 00:00:00",
4181,1,837650,819795,"03/04/23 00:00:00",
4183,1,837554,820339,"03/04/23 00:00:00",
4184,1,837436,820518,"03/04/23 00:00:00",
4185,1,837572,820818,"03/04/23 00:00:00",
4186,1,838064,821874,"03/04/23 00:00:00",
4187,1,838529,822784,"03/04/23 00:00:00",
4188,1,838657,822987,"03/04/23 00:00:00",
4189,1,838859,823023,"03/04/23 00:00:00",
4190,1,839076,823161,"03/04/23 00:00:00",
4191,1,838905,823285,"03/04/23 00:00:00",
4192,1,838812,823282,"03/04/23 00:00:00",
4194,1,833554,822239,"03/04/23 00:00:00",
4195,1,833640,822272,"03/04/23 00:00:00",
4197,1,834360,821987,"03/04/23 00:00:00",
4198,1,834736,821675,"03/04/23 00:00:00",
4199,1,835111,821313,"03/04/23 00:00:00",
4200,1,835229,821090,"03/04/23 00:00:00",
4201,1,835393,820626,"03/04/23 00:00:00",
4202,1,835435,820283,"03/04/23 00:00:00",
4204,1,835233,821040,"03/04/23 00:00:00",
4205,1,834976,821376,"03/04/23 00:00:00",
4206,1,834606,821682,"03/04/23 00:00:00",
4207,1,834425,821833,"03/04/23 00:00:00",
4208,1,834133,822077,"03/04/23 00:00:00",
4209,1,834058,822140,"03/04/23 00:00:00",
4210,1,833731,822133,"03/04/23 00:00:00",
4211,1,833359,822028,"11/15/23 00:00:00",
4213,1,832542,822165,"03/04/23 00:00:00",
4214,1,833594,822118,"03/04/23 00:00:00",
4215,1,832600,821936,"03/04/23 00:00:00",
4216,1,832526,822165,"03/04/23 00:00:00",
4217,1,832433,822302,"03/04/23 00:00:00",
4218,1,837380,822223,"03/04/23 00:00:00",
4219,1,837493,821881,"03/04/23 00:00:00",
4220,1,837332,821960,"03/04/23 00:00:00",
4221,1,836858,822234,"03/04/23 00:00:00",
4223,1,836516,822091,"03/04/23 00:00:00",
4224,1,836473,821373,"03/04/23 00:00:00",
4225,1,836461,821175,"03/04/23 00:00:00",
4226,1,836424,820433,"03/04/23 00:00:00",
4227,1,836248,820107,"03/04/23 00:00:00",
4228,1,836070,819852,"03/04/23 00:00:00",
4229,1,835848,819526,"05/31/23 00:00:00",
4230,1,835736,819365,"03/04/23 00:00:00",
4231,1,835763,818090,"03/04/23 00:00:00",
4232,1,835742,818090,"03/04/23 00:00:00",
4233,1,835736,819409,"03/04/23 00:00:00",
4234,1,835837,819555,"03/04/23 00:00:00",
4236,1,836226,820117,"03/04/23 00:00:00",
4238,1,836437,821192,"03/04/23 00:00:00",
4240,1,836465,821910,"03/04/23 00:00:00",
4241,1,836341,822211,"03/04/23 00:00:00",
4242,1,836425,822339,"03/04/23 00:00:00",
4243,1,836730,822235,"03/04/23 00:00:00",
4244,1,837042,822268,"03/04/23 00:00:00",
4245,1,837327,822005,"03/04/23 00:00:00",
4246,1,834825,818438,"03/04/23 00:00:00",
4247,1,835180,818580,"03/04/23 00:00:00",
4248,1,835437,818524,"03/04/23 00:00:00",
4249,1,836052,819869,"03/04/23 00:00:00",
4250,1,836229,819904,"03/04/23 00:00:00",
4252,1,836755,819721,"03/04/23 00:00:00",
4253,1,836656,819494,"03/04/23 00:00:00",
4254,1,836378,819507,"03/04/23 00:00:00",
4255,1,836411,819269,"03/04/23 00:00:00",
4256,1,836612,819007,"03/04/23 00:00:00",
4257,1,836823,819134,"03/04/23 00:00:00",
4258,1,837050,819046,"03/04/23 00:00:00",
4259,1,836205,818012,"03/04/23 00:00:00",
4260,1,837231,818693,"03/04/23 00:00:00",
4261,1,837316,818869,"03/04/23 00:00:00",
4262,1,837026,819043,"03/04/23 00:00:00",
4263,1,836734,818901,"03/04/23 00:00:00",
4264,1,836624,818975,"03/04/23 00:00:00",
4265,1,836379,819260,"04/14/23 00:00:00",
4268,1,836743,819729,"03/04/23 00:00:00",
4269,1,836658,819937,"03/04/23 00:00:00",
4272,1,835600,818466,"03/04/23 00:00:00",
6000,1,835870,824356,"03/04/23 00:00:00",
6001,1,836076,824399,"03/04/23 00:00:00",
6002,1,836719,825066,"03/04/23 00:00:00",
6003,1,836101,825146,"03/04/23 00:00:00",
6004,1,836121,825148,"03/04/23 00:00:00",
6005,1,836115,825340,"03/04/23 00:00:00",
6007,1,835866,825153,"03/04/23 00:00:00",
6008,1,835762,824999,"03/04/23 00:00:00",
6009,1,835969,824986,"03/04/23 00:00:00",
6010,1,835824,824862,"03/04/23 00:00:00",
6011,1,835672,824832,"03/04/23 00:00:00",
6012,1,836648,825401,"03/04/23 00:00:00",
6013,1,836450,825519,"03/04/23 00:00:00",
6014,1,836419,825479,"03/04/23 00:00:00",
6015,1,836379,825731,"11/30/23 00:00:00",
6017,1,836070,825504,"03/04/23 00:00:00",
6018,1,836090,825495,"07/12/23 00:00:00",
6019,1,835407,825239,"03/04/23 00:00:00",
6020,1,835353,825213,"03/04/23 00:00:00",
6021,1,835041,824934,"03/04/23 00:00:00",
6022,1,834999,824930,"03/04/23 00:00:00",
6023,1,834586,824389,"03/04/23 00:00:00",
6024,1,834522,824348,"03/04/23 00:00:00",
6025,1,834340,823998,"03/04/23 00:00:00",
6026,1,834322,823918,"03/04/23 00:00:00",
6027,1,833852,823333,"03/04/23 00:00:00",
6028,1,833785,823308,"03/04/23 00:00:00",
6029,1,833614,822927,"03/04/23 00:00:00",
6030,1,833596,822796,"03/04/23 00:00:00",
6031,1,833982,822753,"03/04/23 00:00:00",
6032,1,834066,822763,"03/04/23 00:00:00",
6034,1,835693,825553,"03/04/23 00:00:00",
6035,1,836052,825981,"03/04/23 00:00:00",
6036,1,836012,825778,"03/04/23 00:00:00",
6039,1,836288,826068,"03/04/23 00:00:00",
6040,1,836279,826026,"03/04/23 00:00:00",
6041,1,836596,825867,"03/04/23 00:00:00",
6042,1,836629,825937,"03/04/23 00:00:00",
6043,1,836852,825777,"03/04/23 00:00:00",
6044,1,836832,825861,"03/04/23 00:00:00",
6045,1,837344,825523,"03/04/23 00:00:00",
6046,1,837366,825613,"03/04/23 00:00:00",
6047,1,837225,825743,"03/04/23 00:00:00",
6048,1,837349,825995,"03/04/23 00:00:00",
6049,1,837160,826028,"03/04/23 00:00:00",
6050,1,837166,825976,"03/04/23 00:00:00",
6051,1,837508,826275,"03/04/23 00:00:00",
6052,1,837516,826246,"03/04/23 00:00:00",
6053,1,837534,825717,"03/04/23 00:00:00",
6054,1,837263,826508,"03/04/23 00:00:00",
6055,1,837238,826504,"11/27/23 00:00:00",
6056,1,836704,826511,"03/04/23 00:00:00",
6058,1,836733,826449,"03/04/23 00:00:00",
6060,1,836348,826235,"03/04/23 00:00:00",
6061,1,836432,826435,"03/04/23 00:00:00",
6062,1,836447,826466,"03/04/23 00:00:00",
6063,1,836227,826310,"03/04/23 00:00:00",
6064,1,836203,826347,"03/04/23 00:00:00",
6065,1,836063,826509,"03/04/23 00:00:00",
6066,1,835949,826646,"03/04/23 00:00:00",
6067,1,836174,826772,"03/04/23 00:00:00",
6068,1,835951,826770,"03/04/23 00:00:00",
6069,1,837327,826707,"03/04/23 00:00:00",
6070,1,837426,826729,"03/04/23 00:00:00",
6071,1,837606,826994,"03/04/23 00:00:00",
6072,1,837801,826583,"03/04/23 00:00:00",
6073,1,837724,826457,"03/04/23 00:00:00",
6075,1,838212,826469,"03/04/23 00:00:00",
6076,1,838386,826603,"03/04/23 00:00:00",
6077,1,838408,826628,"02/07/25 00:00:00",
6078,1,838731,826534,"03/04/23 00:00:00",
6079,1,838798,826904,"03/04/23 00:00:00",
6080,1,838822,827078,"03/04/23 00:00:00",
6081,1,838859,827226,"03/04/23 00:00:00",
6082,1,838287,826800,"03/04/23 00:00:00",
6084,1,839062,826739,"03/04/23 00:00:00",
6085,1,838956,826851,"03/04/23 00:00:00",
6086,1,839036,827071,"03/04/23 00:00:00",
6088,1,839178,827213,"03/04/23 00:00:00",
6089,1,839197,827202,"03/04/23 00:00:00",
6090,1,839211,826996,"03/14/24 00:00:00",
6091,1,839215,827023,"03/04/23 00:00:00",
6092,1,839447,826766,"03/04/23 00:00:00",
6093,1,839609,826727,"03/04/23 00:00:00",
6094,1,839492,826869,"11/16/23 00:00:00",
6095,1,839509,826919,"03/04/23 00:00:00",
6096,1,839846,826828,"11/09/23 00:00:00",
6097,1,839877,826836,"03/04/23 00:00:00",
6098,1,840068,826897,"03/04/23 00:00:00",
6099,1,840072,826997,"03/04/23 00:00:00",
6100,1,840004,827101,"03/04/23 00:00:00",
6101,1,839871,827096,"03/04/23 00:00:00",
6102,1,840144,827080,"03/04/23 00:00:00",
6103,1,840194,827080,"03/04/23 00:00:00",
6104,1,840305,826896,"03/04/23 00:00:00",
6105,1,840474,827019,"03/04/23 00:00:00",
6106,1,839562,827164,"03/04/23 00:00:00",
6107,1,839539,827225,"03/04/23 00:00:00",
6108,1,839269,827444,"03/04/23 00:00:00",
6109,1,839297,827460,"03/04/23 00:00:00",
6110,1,839044,827699,"03/04/23 00:00:00",
6111,1,839010,827811,"03/04/23 00:00:00",
6112,1,839271,828061,"03/04/23 00:00:00",
6113,1,839295,828050,"06/09/23 00:00:00",
6114,1,839310,828024,"03/04/23 00:00:00",
6115,1,839373,828183,"03/04/23 00:00:00",
6116,1,839989,828953,"03/04/23 00:00:00",
6117,1,840240,829183,"03/04/23 00:00:00",
6118,1,840368,829272,"03/04/23 00:00:00",
6119,1,840902,829648,"03/04/23 00:00:00",
6120,1,839760,830054,"03/04/23 00:00:00",
6121,1,839710,829896,"03/04/23 00:00:00",
6122,1,839604,829685,"03/04/23 00:00:00",
6123,1,839541,829680,"03/04/23 00:00:00",
6124,1,839292,829551,"03/04/23 00:00:00",
6125,1,838773,829007,"03/04/23 00:00:00",
6127,1,838632,828728,"03/04/23 00:00:00",
6128,1,838594,828622,"03/04/23 00:00:00",
6130,1,838483,828438,"03/04/23 00:00:00",
6131,1,838534,828499,"03/04/23 00:00:00",
6132,1,838329,828307,"03/04/23 00:00:00",
6133,1,838298,828304,"03/04/23 00:00:00",
6135,1,838255,827596,"03/04/23 00:00:00",
6136,1,838072,827686,"03/04/23 00:00:00",
6137,1,838271,827576,"03/04/23 00:00:00",
6138,1,837958,827552,"03/04/23 00:00:00",
6139,1,837924,827495,"03/04/23 00:00:00",
6140,1,837924,827421,"03/04/23 00:00:00",
6141,1,837842,827314,"03/04/23 00:00:00",
6142,1,837975,827277,"03/04/23 00:00:00",
6143,1,837968,827223,"03/04/23 00:00:00",
6144,1,838075,828179,"03/04/23 00:00:00",
6145,1,837821,828630,"03/04/23 00:00:00",
6146,1,837805,828623,"03/04/23 00:00:00",
6150,1,838055,828574,"03/04/23 00:00:00",
6151,1,841008,829768,"03/04/23 00:00:00",
6152,1,840760,829950,"03/04/23 00:00:00",
6153,1,840857,830159,"03/04/23 00:00:00",
6154,1,841575,830979,"03/04/23 00:00:00",
6155,1,841648,831130,"03/04/23 00:00:00",
6156,1,841329,831060,"03/04/23 00:00:00",
6157,1,841438,831240,"07/12/23 00:00:00",
6158,1,841405,831274,"03/04/23 00:00:00",
6159,1,841392,831412,"03/04/23 00:00:00",
6160,1,841614,831394,"03/04/23 00:00:00",
6161,1,841588,831382,"03/04/23 00:00:00",
6162,1,841985,831087,"03/04/23 00:00:00",
6163,1,841960,831095,"03/04/23 00:00:00",
6164,1,842047,831460,"03/04/23 00:00:00",
6165,1,842036,831483,"03/04/23 00:00:00",
6166,1,842465,831574,"03/04/23 00:00:00",
6167,1,842602,831622,"03/04/23 00:00:00",
6168,1,842611,831606,"03/04/23 00:00:00",
6169,1,842861,831789,"03/04/23 00:00:00",
6170,1,842739,831843,"03/04/23 00:00:00",
6171,1,842727,831831,"03/04/23 00:00:00",
6172,1,842791,832022,"04/25/24 00:00:00",
6173,1,842408,831841,"03/04/23 00:00:00",
6174,1,842328,831799,"03/04/23 00:00:00",
6175,1,841903,831655,"03/04/23 00:00:00",
6176,1,841903,831684,"03/04/23 00:00:00",
6177,1,842834,832010,"04/25/24 00:00:00",
6178,1,843897,832316,"03/04/23 00:00:00",
6179,1,843921,832301,"04/25/24 00:00:00",
6180,1,844216,832369,"03/04/23 00:00:00",
6181,1,844343,832469,"03/04/23 00:00:00",
6182,1,844917,832146,"04/30/24 00:00:00",
6183,1,844915,832176,"03/04/23 00:00:00",
6184,1,845107,831824,"04/25/24 00:00:00",
6185,1,845105,831803,"04/25/24 00:00:00",
6187,1,845461,831185,"03/04/23 00:00:00",
6188,1,845455,830925,"03/04/23 00:00:00",
6189,1,845469,830856,"03/04/23 00:00:00",
6190,1,845849,830564,"03/04/23 00:00:00",
6191,1,845911,830571,"03/04/23 00:00:00",
6192,1,846246,829963,"03/04/23 00:00:00",
6193,1,846297,829886,"03/04/23 00:00:00",
6194,1,846445,829632,"03/04/23 00:00:00",
6195,1,846515,829597,"03/04/23 00:00:00",
6196,1,846984,829434,"03/04/23 00:00:00",
6197,1,847124,829089,"03/04/23 00:00:00",
6199,1,847109,829148,"03/04/23 00:00:00",
6200,1,847282,828762,"03/04/23 00:00:00",
6201,1,847274,828758,"03/04/23 00:00:00",
6202,1,847854,828142,"03/04/23 00:00:00",
6203,1,848188,827733,"03/04/23 00:00:00",
6204,1,848266,827706,"03/04/23 00:00:00",
6205,1,849007,827870,"03/04/23 00:00:00",
6206,1,848645,828023,"03/04/23 00:00:00",
6207,1,848667,828052,"03/04/23 00:00:00",
6208,1,848792,828096,"03/04/23 00:00:00",
6209,1,848993,828005,"03/04/23 00:00:00",
6210,1,849231,827651,"03/04/23 00:00:00",
6211,1,849272,827610,"03/04/23 00:00:00",
6212,1,849911,828145,"03/04/23 00:00:00",
6213,1,849768,828011,"03/04/23 00:00:00",
6214,1,850588,828346,"09/15/23 00:00:00",
6215,1,850725,828413,"03/04/23 00:00:00",
6216,1,850939,828675,"03/04/23 00:00:00",
6217,1,851230,828884,"03/04/23 00:00:00",
6218,1,851308,828949,"03/04/23 00:00:00",
6219,1,851384,829077,"03/04/23 00:00:00",
6220,1,851309,829141,"03/04/23 00:00:00",
6221,1,851533,829537,"03/04/23 00:00:00",
6222,1,851538,829580,"03/04/23 00:00:00",
6223,1,851955,830609,"03/04/23 00:00:00",
6224,1,852026,830839,"03/04/23 00:00:00",
6225,1,852244,831306,"03/04/23 00:00:00",
6226,1,852234,831260,"03/04/23 00:00:00",
6227,1,851872,832127,"03/04/23 00:00:00",
6228,1,851881,832127,"03/04/23 00:00:00",
6229,1,851764,832461,"03/04/23 00:00:00",
6230,1,851773,832420,"03/04/23 00:00:00",
6231,1,852087,832895,"03/04/23 00:00:00",
6232,1,852136,832970,"03/04/23 00:00:00",
6233,1,852507,833072,"03/04/23 00:00:00",
6234,1,852714,832827,"03/04/23 00:00:00",
6235,1,839677,830151,"03/04/23 00:00:00",
6236,1,839753,830365,"04/25/24 00:00:00",
6237,1,839043,830904,"03/04/23 00:00:00",
6238,1,839517,830436,"03/04/23 00:00:00",
6239,1,839465,830457,"03/04/23 00:00:00",
6240,1,838286,831888,"03/04/23 00:00:00",
6241,1,838276,831874,"03/04/23 00:00:00",
6242,1,838051,832452,"03/04/23 00:00:00",
6243,1,838025,832516,"03/04/23 00:00:00",
6244,1,837766,832664,"03/04/23 00:00:00",
6245,1,837612,832575,"03/04/23 00:00:00",
6246,1,837361,832593,"03/04/23 00:00:00",
6247,1,837267,832587,"03/04/23 00:00:00",
6248,1,836954,832834,"03/04/23 00:00:00",
6249,1,836953,832960,"03/04/23 00:00:00",
6250,1,836855,833169,"03/04/23 00:00:00",
6251,1,836917,833228,"03/04/23 00:00:00",
6252,1,836743,833448,"03/04/23 00:00:00",
6253,1,836687,833512,"03/04/23 00:00:00",
6254,1,836475,833669,"03/04/23 00:00:00",
6255,1,836384,833660,"03/04/23 00:00:00",
6256,1,834831,834919,"03/04/23 00:00:00",
6257,1,834843,834744,"03/04/23 00:00:00",
6258,1,835258,834029,"03/04/23 00:00:00",
6259,1,835443,833755,"03/04/23 00:00:00",
6260,1,835477,833773,"03/04/23 00:00:00",
6261,1,835493,833818,"03/04/23 00:00:00",
6263,1,835207,833658,"03/04/23 00:00:00",
6264,1,835684,834143,"02/05/25 00:00:00",
6265,1,835565,834205,"03/04/23 00:00:00",
6266,1,836054,834222,"03/04/23 00:00:00",
6267,1,836050,834227,"03/04/23 00:00:00",
6268,1,836040,834343,"03/04/23 00:00:00",
6269,1,836044,834378,"03/04/23 00:00:00",
6270,1,835764,834486,"03/04/23 00:00:00",
6271,1,835738,834483,"03/04/23 00:00:00",
6272,1,835776,834258,"03/04/23 00:00:00",
6273,1,835751,834257,"03/04/23 00:00:00",
6274,1,835379,834304,"03/04/23 00:00:00",
6275,1,835366,834151,"03/04/23 00:00:00",
6276,1,835210,834130,"03/04/23 00:00:00",
6277,1,835099,834304,"03/04/23 00:00:00",
6278,1,835180,834309,"03/04/23 00:00:00",
6279,1,835284,834350,"03/04/23 00:00:00",
6280,1,835183,834614,"03/04/23 00:00:00",
6283,1,835569,834642,"03/04/23 00:00:00",
6284,1,835800,834849,"05/26/23 00:00:00",
6285,1,835827,834828,"03/04/23 00:00:00",
6287,1,835296,834767,"03/04/23 00:00:00",
6288,1,835204,834832,"03/04/23 00:00:00",
6290,1,835073,834746,"03/04/23 00:00:00",
6291,1,835098,834743,"03/04/23 00:00:00",
6292,1,835124,834910,"03/04/23 00:00:00",
6293,1,834969,835031,"03/04/23 00:00:00",
6294,1,835259,835180,"03/04/23 00:00:00",
6295,1,835355,835282,"03/04/23 00:00:00",
6296,1,835626,835207,"03/04/23 00:00:00",
6297,1,835605,835190,"03/04/23 00:00:00",
6298,1,836012,835600,"03/04/23 00:00:00",
6299,1,835754,835433,"03/04/23 00:00:00",
6300,1,835800,835256,"03/04/23 00:00:00",
6301,1,835912,835159,"03/04/23 00:00:00",
6302,1,835917,835134,"03/04/23 00:00:00",
6303,1,836184,835189,"11/16/23 00:00:00",
6304,1,836013,835008,"03/04/23 00:00:00",
6306,1,836034,834965,"03/04/23 00:00:00",
6307,1,836297,834718,"03/04/23 00:00:00",
6308,1,836342,834770,"03/04/23 00:00:00",
6309,1,836718,835446,"03/04/23 00:00:00",
6310,1,836637,835502,"03/04/23 00:00:00",
6311,1,836656,835524,"03/04/23 00:00:00",
6312,1,836362,835394,"03/04/23 00:00:00",
6313,1,836330,835361,"05/11/23 00:00:00",
6314,1,836966,835418,"03/04/23 00:00:00",
6315,1,836930,835406,"03/04/23 00:00:00",
6316,1,837087,835576,"03/04/23 00:00:00",
6317,1,837039,835723,"03/04/23 00:00:00",
6318,1,837028,835749,"03/04/23 00:00:00",
6319,1,837211,835747,"03/04/23 00:00:00",
6320,1,837223,835763,"03/04/23 00:00:00",
6321,1,837365,835847,"03/04/23 00:00:00",
6322,1,837364,835869,"03/04/23 00:00:00",
6323,1,837103,835533,"03/04/23 00:00:00",
6326,1,837400,835356,"03/04/23 00:00:00",
6327,1,837438,835091,"03/04/23 00:00:00",
6328,1,837679,834955,"03/04/23 00:00:00",
6329,1,837679,834939,"03/04/23 00:00:00",
6330,1,837438,835701,"03/04/23 00:00:00",
6331,1,837725,835848,"03/04/23 00:00:00",
6332,1,837921,835751,"03/04/23 00:00:00",
6333,1,837998,836305,"03/04/23 00:00:00",
6334,1,839597,836597,"03/04/23 00:00:00",
6335,1,839589,836526,"03/04/23 00:00:00",
6336,1,839413,836006,"03/04/23 00:00:00",
6337,1,839442,836110,"03/04/23 00:00:00",
6338,1,839079,835669,"03/04/23 00:00:00",
6339,1,839247,835863,"03/04/23 00:00:00",
6440,1,839077,835692,"03/04/23 00:00:00",
6441,1,839217,835455,"03/04/23 00:00:00",
6442,1,839168,835553,"03/04/23 00:00:00",
6444,1,839632,835296,"03/04/23 00:00:00",
6445,1,840057,835264,"03/04/23 00:00:00",
6447,1,838398,835571,"03/04/23 00:00:00",
6448,1,838368,835556,"03/04/23 00:00:00",
6449,1,837950,835772,"03/04/23 00:00:00",
6450,1,834660,835034,"03/04/23 00:00:00",
6451,1,834116,834952,"03/04/23 00:00:00",
6452,1,834081,834945,"03/04/23 00:00:00",
6453,1,833592,835419,"03/04/23 00:00:00",
6454,1,833348,835691,"03/04/23 00:00:00",
6455,1,833346,835733,"03/04/23 00:00:00",
6456,1,833069,835601,"03/09/23 00:00:00",
6457,1,833057,835536,"03/09/23 00:00:00",
6458,1,839765,836802,"03/04/23 00:00:00",
6459,1,839807,836825,"03/04/23 00:00:00",
6460,1,839978,837031,"03/04/23 00:00:00",
6461,1,839997,837092,"03/04/23 00:00:00",
6462,1,840209,837068,"03/04/23 00:00:00",
6463,1,840264,837038,"03/04/23 00:00:00",
6464,1,840655,836773,"03/04/23 00:00:00",
6465,1,840664,836757,"03/04/23 00:00:00",
6466,1,840944,836844,"03/04/23 00:00:00",
6467,1,841029,836886,"03/04/23 00:00:00",
6468,1,841399,836909,"03/04/23 00:00:00",
6469,1,841340,836915,"03/04/23 00:00:00",
6470,1,841683,836965,"03/04/23 00:00:00",
6471,1,841562,836926,"03/04/23 00:00:00",
6472,1,841911,837009,"03/04/23 00:00:00",
6473,1,841925,836998,"03/04/23 00:00:00",
6475,1,842049,836959,"03/04/23 00:00:00",
6476,1,842653,837709,"03/04/23 00:00:00",
6477,1,842962,838023,"03/04/23 00:00:00",
6478,1,842824,837865,"03/04/23 00:00:00",
6479,1,843111,838440,"03/04/23 00:00:00",
6480,1,843165,838601,"03/04/23 00:00:00",
6481,1,843013,838825,"03/04/23 00:00:00",
6482,1,842942,839370,"03/04/23 00:00:00",
6483,1,842908,839434,"03/04/23 00:00:00",
6484,1,842481,840305,"03/04/23 00:00:00",
6485,1,839474,843882,"03/04/23 00:00:00",
6486,1,839410,843813,"03/04/23 00:00:00",
6487,1,839254,843702,"03/04/23 00:00:00",
6488,1,839213,843651,"03/04/23 00:00:00",
6489,1,839112,843586,"03/04/23 00:00:00",
6490,1,839053,843530,"03/04/23 00:00:00",
6491,1,838811,843467,"03/04/23 00:00:00",
6492,1,838788,843454,"03/04/23 00:00:00",
6493,1,838565,843396,"03/04/23 00:00:00",
6494,1,838485,843333,"03/04/23 00:00:00",
6495,1,838131,843133,"03/04/23 00:00:00",
6496,1,838074,842920,"03/04/23 00:00:00",
6497,1,837463,842771,"03/04/23 00:00:00",
6498,1,837432,842740,"03/04/23 00:00:00",
6499,1,836871,842444,"03/04/23 00:00:00",
6500,1,836817,842444,"03/04/23 00:00:00",
6503,1,836226,842271,"03/04/23 00:00:00",
6504,1,836210,842223,"03/04/23 00:00:00",
6505,1,835876,841972,"03/04/23 00:00:00",
6506,1,835820,841921,"03/04/23 00:00:00",
6507,1,835481,841725,"03/04/23 00:00:00",
6508,1,835369,841606,"03/04/23 00:00:00",
6509,1,835033,841359,"03/04/23 00:00:00",
6510,1,834971,841357,"03/04/23 00:00:00",
6511,1,834650,841216,"03/06/23 00:00:00",
6512,1,834722,841226,"03/04/23 00:00:00",
6513,1,834526,841139,"03/04/23 00:00:00",
6514,1,834410,841115,"03/04/23 00:00:00",
6515,1,834014,840871,"03/04/23 00:00:00",
6516,1,834049,840873,"03/04/23 00:00:00",
6517,1,833445,840477,"03/04/23 00:00:00",
6518,1,833437,840438,"03/04/23 00:00:00",
6519,1,833129,840138,"03/04/23 00:00:00",
6520,1,833047,840009,"03/04/23 00:00:00",
6521,1,832846,840105,"03/04/23 00:00:00",
6522,1,833041,839050,"03/04/23 00:00:00",
6523,1,832738,839059,"03/04/23 00:00:00",
6524,1,832730,839034,"03/04/23 00:00:00",
6525,1,832599,839208,"03/04/23 00:00:00",
6526,1,832493,839215,"03/04/23 00:00:00",
6527,1,832483,839194,"03/04/23 00:00:00",
6528,1,832409,839130,"03/04/23 00:00:00",
6529,1,832478,839404,"03/04/23 00:00:00",
6530,1,832439,839568,"03/04/23 00:00:00",
6531,1,832473,839563,"03/04/23 00:00:00",
6532,1,832655,839615,"03/04/23 00:00:00",
6533,1,832756,839694,"03/04/23 00:00:00",
6534,1,832791,839768,"03/04/23 00:00:00",
6535,1,833108,838976,"03/04/23 00:00:00",
6536,1,833291,838568,"03/04/23 00:00:00",
6537,1,833430,838512,"03/04/23 00:00:00",
6538,1,833600,838403,"03/04/23 00:00:00",
6539,1,833673,838362,"03/04/23 00:00:00",
6540,1,832921,835341,"03/04/23 00:00:00",
6541,1,832920,835326,"03/04/23 00:00:00",
6542,1,832710,835127,"03/04/23 00:00:00",
6543,1,832715,835117,"03/04/23 00:00:00",
6544,1,832565,834961,"03/04/23 00:00:00",
6545,1,832560,834933,"03/04/23 00:00:00",
6546,1,832252,834594,"03/04/23 00:00:00",
6547,1,832236,834568,"03/04/23 00:00:00",
6548,1,831974,834396,"03/04/23 00:00:00",
6549,1,831954,834353,"03/04/23 00:00:00",
6550,1,831731,834110,"03/04/23 00:00:00",
6551,1,831694,834046,"03/04/23 00:00:00",
6552,1,831557,833929,"03/04/23 00:00:00",
6553,1,831504,833873,"03/04/23 00:00:00",
6554,1,831383,833804,"03/04/23 00:00:00",
6555,1,831389,833792,"03/04/23 00:00:00",
6556,1,831224,833615,"03/04/23 00:00:00",
6557,1,831217,833622,"03/04/23 00:00:00",
6558,1,831133,833508,"03/04/23 00:00:00",
6559,1,830990,833443,"03/04/23 00:00:00",
6560,1,830955,833425,"03/04/23 00:00:00",
6561,1,830772,833332,"03/04/23 00:00:00",
6562,1,830725,833264,"03/04/23 00:00:00",
6563,1,833352,836030,"03/04/23 00:00:00",
6564,1,833622,836378,"03/04/23 00:00:00",
6565,1,833629,836363,"03/04/23 00:00:00",
6566,1,833711,836527,"03/04/23 00:00:00",
6567,1,833726,836535,"03/04/23 00:00:00",
6568,1,833816,836991,"03/04/23 00:00:00",
6569,1,833812,836910,"03/04/23 00:00:00",
6570,1,833882,837317,"03/04/23 00:00:00",
6571,1,833874,837344,"03/04/23 00:00:00",
6572,1,833828,837994,"03/04/23 00:00:00",
6573,1,833816,838020,"03/04/23 00:00:00",
6574,1,832625,838097,"03/04/23 00:00:00",
6575,1,832900,838281,"03/04/23 00:00:00",
6576,1,833085,838337,"03/04/23 00:00:00",
6577,1,833130,838406,"03/04/23 00:00:00",
6578,1,832783,838424,"03/04/23 00:00:00",
6579,1,832828,838560,"03/04/23 00:00:00",
6580,1,832753,838408,"03/04/23 00:00:00",
6581,1,832714,838640,"03/04/23 00:00:00",
6582,1,832561,838747,"03/04/23 00:00:00",
6583,1,832538,838638,"03/04/23 00:00:00",
6584,1,832518,838619,"03/04/23 00:00:00",
6585,1,832597,838334,"03/04/23 00:00:00",
6586,1,832636,838305,"03/04/23 00:00:00",
6587,1,832414,838268,"03/04/23 00:00:00",
6588,1,832390,839014,"03/04/23 00:00:00",
6589,1,832363,839005,"03/04/23 00:00:00",
6590,1,831993,839068,"03/04/23 00:00:00",
6591,1,831967,839041,"03/04/23 00:00:00",
6592,1,832069,839260,"03/04/23 00:00:00",
6593,1,831778,839164,"03/04/23 00:00:00",
6594,1,831816,839221,"03/04/23 00:00:00",
6595,1,831608,839547,"03/04/23 00:00:00",
6596,1,831556,839530,"03/04/23 00:00:00",
6597,1,831271,839640,"03/04/23 00:00:00",
6598,1,831760,839754,"03/04/23 00:00:00",
6599,1,832109,839529,"03/04/23 00:00:00",
6600,1,832201,839496,"03/04/23 00:00:00",
6601,1,832216,839906,"03/04/23 00:00:00",
6602,1,831961,840001,"03/04/23 00:00:00",
6603,1,832599,839742,"03/04/23 00:00:00",
6604,1,832604,839697,"03/04/23 00:00:00",
6605,1,832714,840151,"03/04/23 00:00:00",
6606,1,832727,840118,"03/04/23 00:00:00",
6608,1,831757,840230,"03/04/23 00:00:00",
6609,1,831846,840454,"03/04/23 00:00:00",
6610,1,831439,840458,"03/04/23 00:00:00",
6611,1,831599,840635,"03/04/23 00:00:00",
6612,1,831600,840608,"03/04/23 00:00:00",
6613,1,831478,840559,"03/04/23 00:00:00",
6614,1,831456,840548,"03/04/23 00:00:00",
6615,1,831294,840855,"03/04/23 00:00:00",
6616,1,831225,840853,"03/04/23 00:00:00",
6618,1,831040,840798,"03/04/23 00:00:00",
6619,1,831047,840773,"03/04/23 00:00:00",
6620,1,830779,840493,"03/04/23 00:00:00",
6621,1,830944,840322,"03/04/23 00:00:00",
6622,1,830911,840364,"03/04/23 00:00:00",
6623,1,831105,840476,"03/04/23 00:00:00",
6624,1,831117,840466,"03/04/23 00:00:00",
6625,1,831219,840332,"03/04/23 00:00:00",
6626,1,831178,840270,"03/04/23 00:00:00",
6627,1,831386,840383,"03/04/23 00:00:00",
6628,1,831214,840159,"03/04/23 00:00:00",
6629,1,831163,840176,"03/04/23 00:00:00",
6630,1,831037,840129,"03/04/23 00:00:00",
6631,1,830802,840186,"03/04/23 00:00:00",
6632,1,830774,840244,"03/04/23 00:00:00",
6633,1,831220,839648,"03/04/23 00:00:00",
6635,1,830941,839772,"03/04/23 00:00:00",
6636,1,830709,839792,"03/04/23 00:00:00",
6637,1,830524,839529,"03/04/23 00:00:00",
6638,1,830477,839451,"03/04/23 00:00:00",
6639,1,830690,839811,"03/04/23 00:00:00",
6640,1,830684,839983,"03/04/23 00:00:00",
6641,1,830624,840007,"03/04/23 00:00:00",
6642,1,830282,840077,"03/04/23 00:00:00",
6643,1,830103,840202,"07/12/23 00:00:00",
6644,1,830041,840269,"03/04/23 00:00:00",
6645,1,831057,841314,"03/04/23 00:00:00",
6646,1,830121,838987,"03/04/23 00:00:00",
6647,1,830120,838957,"03/04/23 00:00:00",
6648,1,829660,837999,"03/23/23 00:00:00",
6649,1,829657,837907,"03/04/23 00:00:00",
6650,1,829521,837429,"03/04/23 00:00:00",
6651,1,829469,837360,"03/04/23 00:00:00",
6652,1,829398,837258,"03/04/23 00:00:00",
6653,1,829378,837036,"03/04/23 00:00:00",
6654,1,829307,836957,"03/04/23 00:00:00",
6655,1,829259,836640,"03/04/23 00:00:00",
6656,1,829238,836556,"03/04/23 00:00:00",
6657,1,829099,836155,"03/04/23 00:00:00",
6658,1,828976,836061,"03/04/23 00:00:00",
6659,1,828848,835896,"03/04/23 00:00:00",
6660,1,828851,835919,"03/04/23 00:00:00",
6661,1,828714,835732,"03/04/23 00:00:00",
6662,1,828695,835730,"03/04/23 00:00:00",
6663,1,828240,835065,"03/04/23 00:00:00",
6664,1,828237,835092,"03/04/23 00:00:00",
6665,1,829744,840315,"03/04/23 00:00:00",
6666,1,829644,840334,"03/04/23 00:00:00",
6667,1,829151,840393,"03/04/23 00:00:00",
6668,1,829078,840433,"03/04/23 00:00:00",
6669,1,828593,840259,"03/04/23 00:00:00",
6670,1,828576,840440,"03/04/23 00:00:00",
6671,1,828342,840460,"03/04/23 00:00:00",
6672,1,828160,840295,"03/04/23 00:00:00",
6673,1,827855,840412,"03/04/23 00:00:00",
6674,1,827924,840498,"03/04/23 00:00:00",
6675,1,830131,832699,"03/04/23 00:00:00",
6676,1,830141,832678,"03/04/23 00:00:00",
6677,1,829372,832525,"03/04/23 00:00:00",
6678,1,829289,832462,"03/04/23 00:00:00",
6679,1,828861,832467,"03/04/23 00:00:00",
6680,1,828927,832324,"03/04/23 00:00:00",
6681,1,828687,832534,"03/04/23 00:00:00",
6682,1,828656,832457,"03/04/23 00:00:00",
6683,1,828639,832431,"03/04/23 00:00:00",
6684,1,833356,836006,"03/24/23 00:00:00",
6685,1,827091,840539,"03/04/23 00:00:00",
6686,1,826882,840354,"03/04/23 00:00:00",
6687,1,826873,840483,"03/04/23 00:00:00",
6690,1,826499,840398,"03/04/23 00:00:00",
6691,1,830931,842112,"03/04/23 00:00:00",
6692,1,830899,842131,"03/04/23 00:00:00",
6693,1,830776,842359,"03/04/23 00:00:00",
6694,1,830762,842352,"03/04/23 00:00:00",
6695,1,831305,843439,"03/04/23 00:00:00",
6696,1,831001,843146,"03/04/23 00:00:00",
6697,1,831027,843201,"05/04/23 00:00:00",
6698,1,830769,842905,"03/04/23 00:00:00",
6699,1,830617,842726,"03/04/23 00:00:00",
6701,1,831627,843870,"03/04/23 00:00:00",
6702,1,831338,843514,"03/04/23 00:00:00",
6703,1,833415,844576,"03/08/23 00:00:00",
6705,1,840593,845021,"03/04/23 00:00:00",
6706,1,840556,844985,"03/04/23 00:00:00",
6707,1,840415,844841,"03/04/23 00:00:00",
6708,1,840346,844732,"03/04/23 00:00:00",
6709,1,840299,844680,"03/04/23 00:00:00",
6710,1,840058,844366,"03/04/23 00:00:00",
6711,1,840042,844335,"03/04/23 00:00:00",
6712,1,839687,844057,"03/04/23 00:00:00",
6713,1,839626,843991,"03/04/23 00:00:00",
6714,1,835224,841742,"03/04/23 00:00:00",
6715,1,835217,841727,"03/04/23 00:00:00",
6716,1,835105,842074,"03/04/23 00:00:00",
6717,1,835112,842102,"03/04/23 00:00:00",
6718,1,834824,842416,"03/04/23 00:00:00",
6719,1,834789,842450,"03/04/23 00:00:00",
6720,1,834634,842680,"03/04/23 00:00:00",
6721,1,834606,842730,"03/04/23 00:00:00",
6722,1,834459,842999,"03/04/23 00:00:00",
6723,1,834397,843166,"03/04/23 00:00:00",
6724,1,834062,843317,"03/04/23 00:00:00",
6725,1,834047,843313,"03/04/23 00:00:00",
6726,1,833849,843584,"03/04/23 00:00:00",
6727,1,833843,843579,"03/04/23 00:00:00",
6728,1,826515,840078,"03/04/23 00:00:00",
6729,1,826206,839703,"03/04/23 00:00:00",
6730,1,826095,839895,"03/04/23 00:00:00",
6731,1,825984,839806,"03/04/23 00:00:00",
6732,1,825646,839531,"03/04/23 00:00:00",
6733,1,825544,839487,"03/04/23 00:00:00",
6734,1,824147,838599,"03/04/23 00:00:00",
6735,1,824077,838540,"03/04/23 00:00:00",
6736,1,824099,838055,"03/04/23 00:00:00",
6737,1,823999,837921,"03/04/23 00:00:00",
6738,1,824086,837868,"03/04/23 00:00:00",
6739,1,823879,837418,"03/04/23 00:00:00",
6740,1,823942,837349,"03/04/23 00:00:00",
6741,1,823759,837032,"03/04/23 00:00:00",
6742,1,823856,836993,"03/04/23 00:00:00",
6743,1,823769,836652,"03/04/23 00:00:00",
6744,1,823668,836640,"03/04/23 00:00:00",
6745,1,823630,836143,"03/04/23 00:00:00",
6746,1,823538,835996,"03/04/23 00:00:00",
6747,1,823554,835806,"03/04/23 00:00:00",
6748,1,823472,835703,"03/04/23 00:00:00",
6749,1,823393,835436,"03/04/23 00:00:00",
6750,1,823461,835339,"03/04/23 00:00:00",
6752,1,824388,839309,"03/04/23 00:00:00",
6753,1,825069,839589,"03/04/23 00:00:00",
6754,1,825142,839571,"03/04/23 00:00:00",
7001,1,837111,818471,"03/04/23 00:00:00",
7006,1,835693,817288,"03/04/23 00:00:00",
7014,1,837172,818733,"03/04/23 00:00:00",
7015,1,837442,818550,"03/04/23 00:00:00",
7016,1,837819,818730,"03/04/23 00:00:00",
7025,1,838224,822217,"03/04/23 00:00:00",
7026,1,838170,822420,"03/23/23 00:00:00",
7029,1,837492,820844,"03/04/23 00:00:00",
7030,1,837123,820620,"03/04/23 00:00:00",
7031,1,836800,820462,"03/04/23 00:00:00",
7032,1,836494,820310,"03/04/23 00:00:00",
7033,1,836160,820153,"03/04/23 00:00:00",
7034,1,835933,820109,"03/04/23 00:00:00",
7035,1,835591,820043,"03/04/23 00:00:00",
7036,1,835531,819900,"03/04/23 00:00:00",
7041,1,835783,817790,"11/03/23 00:00:00",
7050,1,836152,820179,"03/04/23 00:00:00",
7051,1,836626,820409,"03/04/23 00:00:00",
7052,1,836879,820532,"03/04/23 00:00:00",
7053,1,837083,820628,"03/05/24 00:00:00",
7054,1,837352,820786,"03/04/23 00:00:00",
7055,1,837488,820873,"03/04/23 00:00:00",
7056,1,837906,821178,"03/04/23 00:00:00",
7059,1,837961,822096,"03/04/23 00:00:00",
7060,1,838057,822329,"03/04/23 00:00:00",
7065,1,842087,820098,"03/04/23 00:00:00",
7066,1,841781,820471,"03/04/23 00:00:00",
7067,1,841850,820244,"03/04/23 00:00:00",
7068,1,841936,819917,"03/04/23 00:00:00",
7074,1,841328,820346,"03/04/23 00:00:00",
7075,1,841173,820265,"03/04/23 00:00:00",
7076,1,840967,820203,"03/04/23 00:00:00",
7079,1,840232,820614,"03/04/23 00:00:00",
7080,1,839382,820687,"03/04/23 00:00:00",
7081,1,836850,818799,"03/04/23 00:00:00",
7082,1,835834,818531,"03/04/23 00:00:00",
7088,1,839426,820719,"03/04/23 00:00:00",
7089,1,840549,820379,"03/04/23 00:00:00",
7091,1,840986,820213,"03/04/23 00:00:00",
7092,1,841121,820196,"03/04/23 00:00:00",
7093,1,841339,820359,"03/04/23 00:00:00",
7094,1,841410,820206,"03/04/23 00:00:00",
7100,1,841799,820288,"03/04/23 00:00:00",
7101,1,841794,820477,"03/04/23 00:00:00",
7102,1,842105,820110,"03/04/23 00:00:00",
7103,1,836083,821988,"03/04/23 00:00:00",
7104,1,836125,821874,"03/04/23 00:00:00",
7105,1,836131,821554,"03/04/23 00:00:00",
7106,1,836110,821366,"03/04/23 00:00:00",
7107,1,836025,821114,"03/04/23 00:00:00",
7108,1,836214,820779,"03/04/23 00:00:00",
7111,1,832332,812563,"03/04/23 00:00:00",
7112,1,835614,812417,"03/04/23 00:00:00",
7113,1,835880,812404,"03/04/23 00:00:00",
7117,1,837042,813957,"03/04/23 00:00:00",
7120,1,834524,814192,"03/04/23 00:00:00",
7121,1,833690,814245,"03/04/23 00:00:00",
7122,1,834517,814200,"03/04/23 00:00:00",
7123,1,836447,814641,"03/04/23 00:00:00",
7125,1,843825,813845,"03/04/23 00:00:00",
7130,1,840439,816361,"03/04/23 00:00:00",
7131,1,839974,816141,"03/04/23 00:00:00",
7132,1,840054,816115,"03/04/23 00:00:00",
7133,1,839700,816853,"03/04/23 00:00:00",
7135,1,839163,816903,"03/04/23 00:00:00",
7136,1,836725,815853,"03/04/23 00:00:00",
7137,1,837453,815033,"03/04/23 00:00:00",
8001,1,834105,816153,"03/04/23 00:00:00",
8002,1,834150,816122,"03/04/23 00:00:00",
8003,1,834369,815892,"03/04/23 00:00:00",
8004,1,834046,816251,"03/04/23 00:00:00",
8006,1,834105,816276,"03/04/23 00:00:00",
8007,1,833956,816288,"03/04/23 00:00:00",
8008,1,833970,816365,"03/04/23 00:00:00",
8010,1,833868,816344,"03/04/23 00:00:00",
8011,1,833007,816557,"03/04/23 00:00:00",
8013,1,832649,816627,"03/04/23 00:00:00",
8015,1,832328,816542,"03/04/23 00:00:00",
8016,1,832243,816486,"03/04/23 00:00:00",
8017,1,831692,816467,"03/04/23 00:00:00",
8019,1,831185,816040,"03/04/23 00:00:00",
8022,1,830491,814822,"03/04/23 00:00:00",
8028,1,833568,811701,"03/04/23 00:00:00",
8029,1,833856,810994,"03/04/23 00:00:00",
8050,1,835064,815629,"03/04/23 00:00:00",
8051,1,835065,815497,"03/04/23 00:00:00",
8053,1,835832,815422,"03/04/23 00:00:00",
8054,1,835540,815413,"03/04/23 00:00:00",
8055,1,836653,815207,"03/04/23 00:00:00",
8056,1,836630,815254,"03/04/23 00:00:00",
8057,1,836624,815351,"03/04/23 00:00:00",
8058,1,836606,815350,"03/04/23 00:00:00",
8060,1,835462,811979,"03/20/23 00:00:00",
8065,1,839198,809591,"03/04/23 00:00:00",
8066,1,839130,808704,"03/04/23 00:00:00",
8072,1,840865,811209,"03/04/23 00:00:00",
8073,1,842568,810947,"03/04/23 00:00:00",
8074,1,842556,810977,"03/04/23 00:00:00",
8075,1,842902,809598,"03/04/23 00:00:00",
8081,1,837775,814700,"03/04/23 00:00:00",
8082,1,838404,821801,"03/04/23 00:00:00",
8085,1,838070,821696,"03/04/23 00:00:00",
8086,1,838086,822499,"03/04/23 00:00:00",
8087,1,837886,822082,"03/04/23 00:00:00",
8088,1,837880,822048,"03/04/23 00:00:00",
8089,1,837780,821906,"03/04/23 00:00:00",
8090,1,837727,821666,"03/04/23 00:00:00",
8091,1,837648,821556,"12/18/23 00:00:00",
8093,1,837864,821381,"03/04/23 00:00:00",
8094,1,837774,821219,"03/04/23 00:00:00",
8096,1,837632,821088,"03/04/23 00:00:00",
8097,1,837725,820937,"03/04/23 00:00:00",
8098,1,837400,821109,"03/04/23 00:00:00",
8099,1,837577,821102,"03/04/23 00:00:00",
8101,1,837514,820966,"03/04/23 00:00:00",
8102,1,837402,821097,"03/04/23 00:00:00",
8103,1,837687,823019,"03/04/23 00:00:00",
8105,1,845516,819485,"03/04/23 00:00:00",
8106,1,845511,819526,"03/04/23 00:00:00",
8109,1,845753,820228,"03/04/23 00:00:00",
8110,1,845770,820339,"03/04/23 00:00:00",
8111,1,845872,820106,"03/04/23 00:00:00",
8112,1,845981,820193,"03/04/23 00:00:00",
8113,1,845816,820360,"03/04/23 00:00:00",
8114,1,845838,820356,"03/04/23 00:00:00",
8115,1,845704,820556,"03/04/23 00:00:00",
8116,1,846080,820137,"03/04/23 00:00:00",
8117,1,846340,819820,"03/04/23 00:00:00",
8118,1,846593,819577,"03/04/23 00:00:00",
8119,1,846630,819610,"03/04/23 00:00:00",
8120,1,847078,819718,"03/04/23 00:00:00",
8121,1,847109,819711,"03/04/23 00:00:00",
8122,1,847215,819284,"03/04/23 00:00:00",
8123,1,847247,819254,"03/04/23 00:00:00",
8125,1,847365,818979,"07/12/23 00:00:00",
8126,1,847434,818737,"03/04/23 00:00:00",
8127,1,847436,818421,"03/04/23 00:00:00",
8128,1,847418,818357,"03/04/23 00:00:00",
8129,1,847541,818092,"03/04/23 00:00:00",
8130,1,847530,818096,"03/04/23 00:00:00",
8131,1,847772,817808,"07/12/23 00:00:00",
8132,1,847855,817710,"03/04/23 00:00:00",
8133,1,847910,817666,"03/04/23 00:00:00",
8134,1,848089,817486,"03/04/23 00:00:00",
8135,1,848024,817404,"03/04/23 00:00:00",
8136,1,847888,816972,"03/04/23 00:00:00",
8137,1,847873,817028,"03/04/23 00:00:00",
8139,1,846251,816160,"03/04/23 00:00:00",
8140,1,846197,816392,"03/04/23 00:00:00",
8141,1,846253,816072,"03/04/23 00:00:00",
8142,1,846023,816460,"03/04/23 00:00:00",
8143,1,845894,816049,"03/04/23 00:00:00",
8144,1,846111,815922,"03/04/23 00:00:00",
8145,1,846208,816739,"03/04/23 00:00:00",
8146,1,846241,817281,"03/04/23 00:00:00",
8147,1,846139,817539,"03/04/23 00:00:00",
8148,1,846131,817607,"03/04/23 00:00:00",
8149,1,845648,818766,"03/04/23 00:00:00",
8150,1,845779,819873,"03/04/23 00:00:00",
8151,1,845947,819830,"03/04/23 00:00:00",
8152,1,845958,819789,"03/04/23 00:00:00",
8153,1,844955,819781,"03/04/23 00:00:00",
8154,1,844627,820475,"03/04/23 00:00:00",
8155,1,844692,820527,"03/04/23 00:00:00",
8156,1,844368,820253,"03/04/23 00:00:00",
8157,1,844785,819139,"03/04/23 00:00:00",
8158,1,844716,819078,"03/04/23 00:00:00",
8159,1,844715,819052,"03/04/23 00:00:00",
8160,1,844580,819029,"03/04/23 00:00:00",
8161,1,844604,818871,"03/04/23 00:00:00",
8163,1,844138,818802,"03/04/23 00:00:00",
8164,1,844155,818634,"03/04/23 00:00:00",
8168,1,844622,819479,"03/04/23 00:00:00",
8169,1,844007,819831,"03/04/23 00:00:00",
8170,1,844253,819902,"03/04/23 00:00:00",
8171,1,843835,820262,"03/04/23 00:00:00",
8172,1,843361,820051,"03/04/23 00:00:00",
8173,1,843231,820146,"03/04/23 00:00:00",
8174,1,843176,820213,"03/04/23 00:00:00",
8175,1,843817,820416,"03/04/23 00:00:00",
8176,1,843690,820424,"03/04/23 00:00:00",
8178,1,842679,818932,"03/04/23 00:00:00",
8179,1,842532,818715,"03/04/23 00:00:00",
8180,1,842633,818252,"03/04/23 00:00:00",
8181,1,842884,817681,"03/04/23 00:00:00",
8182,1,842874,817662,"03/04/23 00:00:00",
8183,1,842970,817537,"03/04/23 00:00:00",
8184,1,842980,817528,"03/04/23 00:00:00",
8185,1,842742,817497,"03/04/23 00:00:00",
8190,1,842543,817078,"03/04/23 00:00:00",
8191,1,842437,817024,"03/04/23 00:00:00",
8192,1,842700,817683,"03/04/23 00:00:00",
8193,1,842635,817822,"03/04/23 00:00:00",
8194,1,842630,817910,"03/04/23 00:00:00",
8195,1,842570,818031,"03/04/23 00:00:00",
8196,1,842544,818034,"03/04/23 00:00:00",
8198,1,842189,818837,"03/04/23 00:00:00",
8199,1,842249,819005,"03/04/23 00:00:00",
8201,1,842295,819036,"03/04/23 00:00:00",
8202,1,842099,819066,"03/04/23 00:00:00",
8203,1,841592,818926,"03/04/23 00:00:00",
8204,1,841179,818702,"03/04/23 00:00:00",
8205,1,841304,818805,"03/04/23 00:00:00",
8206,1,841341,818835,"03/04/23 00:00:00",
8207,1,840895,818760,"03/04/23 00:00:00",
8209,1,840678,819218,"03/04/23 00:00:00",
8211,1,840520,819345,"03/04/23 00:00:00",
8212,1,840297,819431,"03/04/23 00:00:00",
8213,1,840355,819524,"03/04/23 00:00:00",
8214,1,840202,819674,"03/04/23 00:00:00",
8216,1,840230,819774,"03/04/23 00:00:00",
8217,1,840259,819739,"03/04/23 00:00:00",
8218,1,840310,819690,"03/04/23 00:00:00",
8219,1,840694,819572,"03/04/23 00:00:00",
8220,1,840753,819563,"03/04/23 00:00:00",
8221,1,840780,819490,"03/04/23 00:00:00",
8222,1,840866,819456,"03/04/23 00:00:00",
8223,1,840949,819457,"03/04/23 00:00:00",
8224,1,840963,819417,"03/04/23 00:00:00",
8225,1,841205,819490,"03/04/23 00:00:00",
8226,1,841378,819349,"03/04/23 00:00:00",
8227,1,841668,819206,"03/04/23 00:00:00",
8228,1,841713,819420,"03/04/23 00:00:00",
8229,1,841689,819468,"03/04/23 00:00:00",
8230,1,841685,819634,"03/04/23 00:00:00",
8231,1,841630,819826,"03/04/23 00:00:00",
8232,1,841652,819813,"03/04/23 00:00:00",
8233,1,841385,819789,"03/04/23 00:00:00",
8235,1,841221,819573,"03/04/23 00:00:00",
8237,1,841058,819686,"03/04/23 00:00:00",
8239,1,841010,819793,"03/04/23 00:00:00",
8243,1,841032,820008,"03/04/23 00:00:00",
8244,1,841461,820072,"03/04/23 00:00:00",
8245,1,841902,820015,"03/04/23 00:00:00",
8246,1,842305,819548,"03/04/23 00:00:00",
8247,1,842480,819607,"03/04/23 00:00:00",
8249,1,842372,819957,"03/04/23 00:00:00",
8250,1,842364,819855,"03/04/23 00:00:00",
8251,1,841563,820556,"03/04/23 00:00:00",
8252,1,841440,821068,"03/04/23 00:00:00",
8253,1,841292,821099,"03/04/23 00:00:00",
8254,1,841250,821078,"03/04/23 00:00:00",
8255,1,841457,821231,"03/04/23 00:00:00",
8256,1,841313,821424,"03/04/23 00:00:00",
8257,1,841080,821492,"03/04/23 00:00:00",
8258,1,840984,821435,"03/04/23 00:00:00",
8259,1,841784,821738,"03/04/23 00:00:00",
8260,1,841790,821713,"03/04/23 00:00:00",
8261,1,842277,821597,"03/04/23 00:00:00",
8262,1,842252,821572,"03/04/23 00:00:00",
8263,1,842443,821618,"03/04/23 00:00:00",
8264,1,842508,821684,"03/04/23 00:00:00",
8265,1,842972,821859,"03/04/23 00:00:00",
8266,1,843059,822018,"03/04/23 00:00:00",
8267,1,843422,822250,"03/04/23 00:00:00",
8268,1,843453,822312,"03/04/23 00:00:00",
8269,1,843957,822685,"03/04/23 00:00:00",
8270,1,844242,822744,"03/04/23 00:00:00",
8271,1,844522,822584,"03/04/23 00:00:00",
8272,1,844603,822573,"03/04/23 00:00:00",
8273,1,844665,822400,"03/04/23 00:00:00",
8274,1,844672,822355,"03/04/23 00:00:00",
8275,1,844742,821991,"03/04/23 00:00:00",
8276,1,844775,821935,"03/04/23 00:00:00",
8277,1,845123,821252,"03/04/23 00:00:00",
8278,1,845113,821241,"03/04/23 00:00:00",
8279,1,844127,823630,"03/04/23 00:00:00",
8281,1,844056,823570,"03/04/23 00:00:00",
8282,1,843982,823620,"03/04/23 00:00:00",
8283,1,843872,823927,"07/24/23 00:00:00",
8284,1,843759,823774,"03/04/23 00:00:00",
8285,1,843918,824046,"07/24/23 00:00:00",
8286,1,843960,824075,"07/24/23 00:00:00",
8287,1,844053,824507,"03/04/23 00:00:00",
8288,1,844220,824600,"03/04/23 00:00:00",
8289,1,844503,824740,"03/04/23 00:00:00",
8290,1,844509,824732,"03/04/23 00:00:00",
8291,1,844761,825050,"03/04/23 00:00:00",
8292,1,844773,825114,"03/04/23 00:00:00",
8293,1,844845,825368,"03/04/23 00:00:00",
8294,1,844812,825489,"03/04/23 00:00:00",
8295,1,844826,825873,"03/04/23 00:00:00",
8296,1,844841,825897,"03/04/23 00:00:00",
8297,1,845010,826207,"03/04/23 00:00:00",
8298,1,845064,826270,"03/04/23 00:00:00",
8299,1,845364,826562,"03/04/23 00:00:00",
8300,1,845402,826593,"03/04/23 00:00:00",
8301,1,845694,826838,"03/04/23 00:00:00",
8302,1,845732,826842,"03/04/23 00:00:00",
8303,1,845946,826983,"03/04/23 00:00:00",
8304,1,845969,827055,"03/04/23 00:00:00",
8305,1,846036,827138,"03/04/23 00:00:00",
8306,1,846251,826996,"03/04/23 00:00:00",
8307,1,846000,827483,"03/04/23 00:00:00",
8308,1,846032,827520,"03/04/23 00:00:00",
8309,1,846632,828258,"03/04/23 00:00:00",
8310,1,847228,828471,"03/04/23 00:00:00",
8311,1,847213,828484,"03/04/23 00:00:00",
8312,1,847478,828588,"03/04/23 00:00:00",
8313,1,847585,828525,"03/04/23 00:00:00",
8314,1,847826,828305,"03/04/23 00:00:00",
8315,1,840218,820101,"03/04/23 00:00:00",
8316,1,840271,820181,"03/04/23 00:00:00",
8317,1,840137,820569,"03/04/23 00:00:00",
8318,1,840127,820715,"03/04/23 00:00:00",
8319,1,840273,820587,"03/08/23 00:00:00",
8320,1,840383,820454,"03/04/23 00:00:00",
8322,1,839857,821091,"03/06/23 00:00:00",
8323,1,839866,821693,"03/04/23 00:00:00",
8324,1,840843,821641,"03/04/23 00:00:00",
8325,1,839573,820249,"03/04/23 00:00:00",
8326,1,839446,820225,"03/04/23 00:00:00",
8327,1,839518,820841,"03/04/23 00:00:00",
8328,1,839537,820859,"03/04/23 00:00:00",
8330,1,839274,820510,"03/04/23 00:00:00",
8332,1,839303,820408,"03/04/23 00:00:00",
8333,1,839090,820369,"03/05/24 00:00:00",
8334,1,839078,820329,"05/10/23 00:00:00",
8336,1,839230,821180,"03/04/23 00:00:00",
8337,1,839123,822014,"03/04/23 00:00:00",
8339,1,838844,822089,"01/04/24 00:00:00",
8341,1,838286,822671,"03/04/23 00:00:00",
8343,1,838546,822800,"03/04/23 00:00:00",
8344,1,838407,822939,"03/04/23 00:00:00",
8345,1,838411,823079,"03/04/23 00:00:00",
8346,1,838529,823281,"03/04/23 00:00:00",
8347,1,838598,823514,"03/04/23 00:00:00",
8348,1,838985,823087,"03/04/23 00:00:00",
8349,1,838759,822994,"03/04/23 00:00:00",
9000,1,835372,818046,"03/04/23 00:00:00",
9002,1,835385,818537,"03/04/23 00:00:00",
9003,1,835728,818317,"03/04/23 00:00:00",
9004,1,835788,817364,"03/04/23 00:00:00",
9007,1,836231,818096,"03/04/23 00:00:00",
9009,1,835672,818968,"03/04/23 00:00:00",
9010,1,835702,818880,"03/04/23 00:00:00",
9011,1,835836,818745,"03/04/23 00:00:00",
9012,1,835825,818784,"03/04/23 00:00:00",
9013,1,836806,818423,"03/30/23 00:00:00",
9014,1,836688,818233,"03/04/23 00:00:00",
9015,1,836617,818240,"03/04/23 00:00:00",
9016,1,835295,818691,"03/04/23 00:00:00",
9017,1,835271,818689,"03/04/23 00:00:00",
9019,1,837525,818056,"11/14/23 00:00:00",
9020,1,837001,818631,"03/04/23 00:00:00",
9021,1,837001,818587,"06/09/23 00:00:00",
9022,1,837067,818784,"03/04/23 00:00:00",
9023,1,837157,818473,"03/04/23 00:00:00",
9025,1,837387,820359,"03/04/23 00:00:00",
9026,1,837367,820371,"03/04/23 00:00:00",
9027,1,837442,820478,"03/04/23 00:00:00",
9028,1,837366,818944,"03/04/23 00:00:00",
9029,1,837308,819150,"03/04/23 00:00:00",
9030,1,837399,819475,"03/04/23 00:00:00",
9031,1,837421,819499,"03/04/23 00:00:00",
9032,1,837675,819790,"03/04/23 00:00:00",
9033,1,837632,819740,"03/04/23 00:00:00",
9034,1,837878,820190,"03/04/23 00:00:00",
9035,1,837977,819912,"03/04/23 00:00:00",
9036,1,835668,819168,"03/04/23 00:00:00",
9038,1,835535,818687,"03/04/23 00:00:00",
9039,1,835543,819104,"03/04/23 00:00:00",
9040,1,834912,819698,"03/04/23 00:00:00",
9041,1,834989,819424,"03/04/23 00:00:00",
9045,1,836012,820156,"03/04/23 00:00:00",
9047,1,834673,819899,"03/04/23 00:00:00",
9048,1,834607,819986,"03/04/23 00:00:00",
9049,1,834728,819979,"03/04/23 00:00:00",
9050,1,834586,819950,"03/04/23 00:00:00",
9051,1,835614,819469,"03/04/23 00:00:00",
9052,1,835578,819542,"03/04/23 00:00:00",
9053,1,835557,819656,"03/04/23 00:00:00",
9054,1,835527,819806,"03/04/23 00:00:00",
9055,1,835438,819677,"03/04/23 00:00:00",
9057,1,836146,819328,"03/04/23 00:00:00",
9058,1,836946,819126,"03/04/23 00:00:00",
9059,1,836840,819238,"03/04/23 00:00:00",
9061,1,836757,819458,"03/04/23 00:00:00",
9062,1,836723,819612,"03/04/23 00:00:00",
9065,1,836626,819737,"03/04/23 00:00:00",
9066,1,836219,819885,"03/04/23 00:00:00",
9067,1,836830,820095,"03/04/23 00:00:00",
9068,1,836907,820126,"03/04/23 00:00:00",
9069,1,837305,820111,"03/04/23 00:00:00",
9070,1,835470,820107,"03/04/23 00:00:00",
9071,1,835489,820121,"03/04/23 00:00:00",
9072,1,835363,820069,"03/04/23 00:00:00",
9073,1,835306,820048,"03/04/23 00:00:00",
9074,1,835291,820123,"03/04/23 00:00:00",
9075,1,835547,820126,"03/04/23 00:00:00",
9076,1,835375,820390,"03/04/23 00:00:00",
9077,1,835345,820751,"03/04/23 00:00:00",
9078,1,835303,820650,"03/04/23 00:00:00",
9079,1,835214,820758,"03/04/23 00:00:00",
9080,1,835239,820833,"03/04/23 00:00:00",
9081,1,835083,820167,"03/04/23 00:00:00",
9082,1,834975,820720,"03/04/23 00:00:00",
9083,1,835098,820855,"03/04/23 00:00:00",
9084,1,834913,820822,"03/04/23 00:00:00",
9085,1,834737,820502,"03/04/23 00:00:00",
9086,1,834719,820489,"03/04/23 00:00:00",
9087,1,834722,820301,"03/04/23 00:00:00",
9088,1,834763,820075,"03/04/23 00:00:00",
9089,1,834828,820075,"03/04/23 00:00:00",
9091,1,833990,820912,"03/04/23 00:00:00",
9092,1,833960,820903,"03/04/23 00:00:00",
9093,1,834093,820887,"03/04/23 00:00:00",
9094,1,834200,820912,"03/04/23 00:00:00",
9095,1,834283,820976,"03/04/23 00:00:00",
9096,1,834514,820398,"03/04/23 00:00:00",
9097,1,833461,821894,"03/04/23 00:00:00",
9098,1,833776,821715,"03/04/23 00:00:00",
9099,1,833804,821733,"03/04/23 00:00:00",
9100,1,833951,821556,"03/04/23 00:00:00",
9101,1,834278,821298,"03/04/23 00:00:00",
9102,1,834358,821103,"03/04/23 00:00:00",
9103,1,834418,821015,"03/04/23 00:00:00",
9104,1,834498,821145,"03/04/23 00:00:00",
9105,1,834558,821065,"03/04/23 00:00:00",
9106,1,834497,820949,"03/04/23 00:00:00",
9107,1,834637,820883,"03/04/23 00:00:00",
9108,1,834661,820859,"03/04/23 00:00:00",
9109,1,834766,820896,"03/04/23 00:00:00",
9111,1,835552,820231,"03/04/23 00:00:00",
9112,1,835596,820239,"03/04/23 00:00:00",
9114,1,835789,820249,"03/04/23 00:00:00",
9115,1,835789,820377,"03/04/23 00:00:00",
9116,1,835659,820493,"03/04/23 00:00:00",
9117,1,835560,820857,"03/04/23 00:00:00",
9119,1,835984,820734,"03/04/23 00:00:00",
9120,1,836684,820900,"03/04/23 00:00:00",
9121,1,836637,820810,"03/04/23 00:00:00",
9122,1,836859,820820,"03/04/23 00:00:00",
9123,1,836350,820723,"03/04/23 00:00:00",
9124,1,837366,820914,"03/04/23 00:00:00",
9125,1,837413,820947,"03/04/23 00:00:00",
9128,1,836258,822326,"03/04/23 00:00:00",
9129,1,837304,821055,"03/04/23 00:00:00",
9130,1,837310,821226,"03/04/23 00:00:00",
9131,1,837272,821341,"03/04/23 00:00:00",
9132,1,837326,821350,"03/04/23 00:00:00",
9133,1,837340,821618,"03/09/23 00:00:00",
9134,1,837373,821815,"03/04/23 00:00:00",
9135,1,836725,821239,"03/04/23 00:00:00",
9136,1,836747,821848,"03/04/23 00:00:00",
9137,1,836772,822148,"03/04/23 00:00:00",
9138,1,836777,821602,"03/04/23 00:00:00",
9139,1,836786,821591,"03/04/23 00:00:00",
9140,1,836774,821405,"03/04/23 00:00:00",
9141,1,836795,821372,"03/04/23 00:00:00",
9142,1,836791,821187,"03/04/23 00:00:00",
9143,1,836801,821144,"03/04/23 00:00:00",
9144,1,836785,821046,"03/04/23 00:00:00",
9145,1,836795,820986,"03/04/23 00:00:00",
9146,1,837103,821108,"03/04/23 00:00:00",
9147,1,837091,821121,"03/04/23 00:00:00",
9149,1,837603,822587,"03/04/23 00:00:00",
9150,1,836848,822387,"03/04/23 00:00:00",
9151,1,836908,822506,"03/04/23 00:00:00",
9152,1,837607,822988,"02/29/24 00:00:00",
9153,1,837480,822955,"02/29/24 00:00:00",
9154,1,837513,822969,"03/04/23 00:00:00",
9155,1,837371,822974,"02/29/24 00:00:00",
9156,1,837294,822971,"03/04/23 00:00:00",
9157,1,837364,823048,"02/29/24 00:00:00",
9158,1,836869,822686,"03/04/23 00:00:00",
9159,1,836638,822569,"03/04/23 00:00:00",
9160,1,836760,822363,"03/04/23 00:00:00",
9161,1,835044,822366,"03/04/23 00:00:00",
9162,1,835064,822387,"03/04/23 00:00:00",
9164,1,834998,822381,"03/04/23 00:00:00",
9165,1,835844,822673,"03/04/23 00:00:00",
9166,1,835858,822610,"03/04/23 00:00:00",
9168,1,835003,821418,"03/04/23 00:00:00",
9169,1,835014,821431,"03/04/23 00:00:00",
9170,1,834843,821722,"03/04/23 00:00:00",
9171,1,834771,821809,"03/04/23 00:00:00",
9172,1,836020,821126,"03/04/23 00:00:00",
9173,1,836054,821443,"03/04/23 00:00:00",
9174,1,836120,821630,"03/04/23 00:00:00",
9175,1,835169,821480,"03/04/23 00:00:00",
9176,1,835164,821494,"03/04/23 00:00:00",
9177,1,835405,821758,"03/04/23 00:00:00",
9179,1,835447,821846,"03/04/23 00:00:00",
9180,1,835467,821876,"03/04/23 00:00:00",
9181,1,835384,821934,"03/04/23 00:00:00",
9182,1,835376,821948,"03/04/23 00:00:00",
9183,1,835471,821987,"03/04/23 00:00:00",
9184,1,835316,822174,"03/04/23 00:00:00",
9185,1,835236,822180,"03/04/23 00:00:00",
9186,1,835082,821620,"03/04/23 00:00:00",
9187,1,835051,821706,"03/04/23 00:00:00",
9189,1,835092,821861,"03/04/23 00:00:00",
9192,1,835176,821394,"03/04/23 00:00:00",
9193,1,835240,821487,"03/04/23 00:00:00",
9194,1,835353,821418,"03/04/23 00:00:00",
9195,1,835481,821385,"03/04/23 00:00:00",
9196,1,835516,821397,"03/04/23 00:00:00",
9197,1,835655,821397,"03/04/23 00:00:00",
9198,1,835764,821208,"03/04/23 00:00:00",
9199,1,835726,821332,"03/04/23 00:00:00",
9200,1,835726,821146,"03/04/23 00:00:00",
9201,1,835785,821006,"03/04/23 00:00:00",
9202,1,835774,820980,"03/04/23 00:00:00",
9203,1,835819,821350,"03/04/23 00:00:00",
9204,1,835717,821615,"03/04/23 00:00:00",
9207,1,835994,821796,"03/04/23 00:00:00",
9208,1,836010,821795,"03/04/23 00:00:00",
9209,1,834825,821054,"03/04/23 00:00:00",
9210,1,834803,821076,"03/04/23 00:00:00",
9211,1,834781,821119,"03/04/23 00:00:00",
9212,1,834535,821278,"03/04/23 00:00:00",
9213,1,834509,821247,"03/04/23 00:00:00",
9214,1,834482,821252,"03/04/23 00:00:00",
9215,1,834700,821371,"03/04/23 00:00:00",
9216,1,834677,821358,"03/04/23 00:00:00",
9217,1,834773,821308,"03/04/23 00:00:00",
9218,1,835098,821009,"03/04/23 00:00:00",
9219,1,835127,821015,"03/04/23 00:00:00",
9220,1,834102,821544,"03/04/23 00:00:00",
9221,1,834158,821585,"03/04/23 00:00:00",
9223,1,833588,822143,"03/04/23 00:00:00",
9224,1,833844,822083,"03/04/23 00:00:00",
9225,1,834006,821959,"03/04/23 00:00:00",
9226,1,834210,821782,"03/04/23 00:00:00",
9227,1,834179,821773,"03/04/23 00:00:00",
9228,1,834386,821604,"03/04/23 00:00:00",
9229,1,834495,821540,"03/04/23 00:00:00",
9230,1,835099,821091,"03/04/23 00:00:00",
9232,1,834990,821252,"03/04/23 00:00:00",
9233,1,834971,821278,"03/04/23 00:00:00",
9234,1,834889,821447,"03/04/23 00:00:00",
9235,1,834692,821504,"03/04/23 00:00:00",
9236,1,834322,821919,"03/04/23 00:00:00",
9237,1,834213,822009,"03/04/23 00:00:00",
9238,1,833757,822315,"03/04/23 00:00:00",
9239,1,833461,822205,"03/04/23 00:00:00",
9240,1,833299,822144,"03/04/23 00:00:00",
9241,1,833204,822109,"03/04/23 00:00:00",
9242,1,832955,822058,"03/04/23 00:00:00",
9243,1,832952,822089,"03/04/23 00:00:00",
9245,1,833982,822308,"03/04/23 00:00:00",
9246,1,834176,822283,"03/04/23 00:00:00",
9247,1,834169,822147,"03/04/23 00:00:00",
9248,1,834261,822071,"03/04/23 00:00:00",
9249,1,834297,822041,"03/04/23 00:00:00",
9250,1,834525,822063,"03/04/23 00:00:00",
9251,1,834498,821872,"03/04/23 00:00:00",
9252,1,834453,821910,"03/04/23 00:00:00",
9253,1,834666,821733,"03/04/23 00:00:00",
9254,1,834505,822307,"03/04/23 00:00:00",
9255,1,832681,822015,"06/28/23 00:00:00",
9256,1,832636,822004,"03/04/23 00:00:00",
9257,1,832508,821957,"03/04/23 00:00:00",
9258,1,832479,821963,"03/04/23 00:00:00",
9261,1,811394,819784,"03/04/23 00:00:00",
9263,1,811502,819109,"03/04/23 00:00:00",
9264,1,811724,818322,"03/04/23 00:00:00",
9267,1,810635,817504,"03/04/23 00:00:00",
9416,1,829040,822711,"03/04/23 00:00:00",
9417,1,829147,822862,"03/04/23 00:00:00",
9418,1,829162,822964,"03/04/23 00:00:00",
9419,1,829335,822870,"03/04/23 00:00:00",
9420,1,829362,822860,"03/04/23 00:00:00",
9421,1,830283,823536,"03/04/23 00:00:00",
9422,1,830387,823604,"03/04/23 00:00:00",
9423,1,829368,823302,"03/04/23 00:00:00",
9424,1,829315,823415,"03/04/23 00:00:00",
9425,1,829173,823601,"03/04/23 00:00:00",
9426,1,829114,823640,"03/04/23 00:00:00",
9427,1,829270,823805,"03/04/23 00:00:00",
9428,1,829269,823844,"03/04/23 00:00:00",
9430,1,828975,823930,"03/04/23 00:00:00",
9431,1,829078,823999,"11/09/23 00:00:00",
9432,1,829042,824103,"03/04/23 00:00:00",
9433,1,828940,824315,"03/04/23 00:00:00",
9434,1,829104,824555,"03/04/23 00:00:00",
9435,1,828646,824723,"03/04/23 00:00:00",
9436,1,828094,823843,"03/04/23 00:00:00",
9437,1,828098,823905,"03/04/23 00:00:00",
9438,1,828102,824036,"03/04/23 00:00:00",
9439,1,828084,824113,"03/04/23 00:00:00",
9440,1,827969,824255,"03/04/23 00:00:00",
9441,1,828193,823398,"03/04/23 00:00:00",
9442,1,828284,823378,"03/04/23 00:00:00",
9443,1,828328,823388,"03/04/23 00:00:00",
9444,1,828491,823385,"03/04/23 00:00:00",
9445,1,828405,823439,"03/04/23 00:00:00",
9446,1,828436,823432,"03/04/23 00:00:00",
9447,1,828543,823531,"03/04/23 00:00:00",
9448,1,828651,823544,"03/04/23 00:00:00",
9449,1,828937,823482,"03/04/23 00:00:00",
9450,1,828973,823494,"03/04/23 00:00:00",
9451,1,829066,823448,"03/04/24 00:00:00",
9452,1,829076,823254,"03/04/23 00:00:00",
9453,1,829050,823231,"03/04/23 00:00:00",
9454,1,828949,823232,"03/04/23 00:00:00",
9455,1,828719,823325,"03/04/23 00:00:00",
9456,1,828679,823312,"03/04/23 00:00:00",
9458,1,828868,823703,"03/04/23 00:00:00",
9459,1,828598,823857,"03/04/23 00:00:00",
9460,1,828577,823898,"03/04/23 00:00:00",
9461,1,828586,824084,"03/04/23 00:00:00",
9462,1,828564,824092,"03/04/23 00:00:00",
9463,1,828697,824006,"03/04/23 00:00:00",
9464,1,828721,823889,"03/04/23 00:00:00",
9466,1,831069,823693,"01/27/24 00:00:00",
9467,1,831068,823723,"09/18/23 00:00:00",
9468,1,830635,823961,"03/04/23 00:00:00",
9469,1,830609,823885,"03/04/23 00:00:00",
9470,1,830270,825249,"03/04/23 00:00:00",
9471,1,830294,825254,"03/04/23 00:00:00",
9473,1,830826,825710,"03/04/23 00:00:00",
9474,1,830933,825692,"03/04/23 00:00:00",
9475,1,831043,825772,"03/04/23 00:00:00",
9476,1,831068,825781,"03/04/23 00:00:00",
9477,1,831311,825834,"03/04/23 00:00:00",
9478,1,831377,825831,"03/04/23 00:00:00",
9479,1,831485,825753,"03/04/23 00:00:00",
9480,1,831544,825700,"03/04/23 00:00:00",
9481,1,831640,825673,"03/04/23 00:00:00",
9482,1,831755,825682,"03/04/23 00:00:00",
9483,1,831759,825689,"03/04/23 00:00:00",
9484,1,831705,825594,"03/04/23 00:00:00",
9485,1,831819,825415,"03/04/23 00:00:00",
9486,1,831755,825325,"03/04/23 00:00:00",
9487,1,831952,825363,"03/04/23 00:00:00",
9488,1,831722,825028,"03/04/23 00:00:00",
9489,1,831629,824838,"03/04/23 00:00:00",
9490,1,831644,824771,"03/04/23 00:00:00",
9491,1,831522,824508,"03/04/23 00:00:00",
9492,1,831546,824481,"03/04/23 00:00:00",
9493,1,831468,824326,"03/04/23 00:00:00",
9494,1,831013,824133,"03/04/23 00:00:00",
9495,1,831004,824108,"03/04/23 00:00:00",
9496,1,831040,824324,"02/29/24 00:00:00",
9498,1,831589,824898,"03/04/23 00:00:00",
9499,1,831473,824990,"03/04/23 00:00:00",
9501,1,831234,824152,"03/04/23 00:00:00",
9502,1,830712,825006,"03/04/23 00:00:00",
9503,1,830688,824903,"03/04/23 00:00:00",
9504,1,830538,824749,"03/04/23 00:00:00",
9505,1,830483,824718,"03/04/23 00:00:00",
9506,1,830659,824683,"03/04/23 00:00:00",
9507,1,830665,824674,"03/04/23 00:00:00",
9508,1,830666,824509,"03/04/23 00:00:00",
9509,1,830698,824506,"03/04/23 00:00:00",
9510,1,830895,824636,"03/04/23 00:00:00",
9511,1,831142,824913,"03/04/23 00:00:00",
9512,1,831212,824813,"03/04/23 00:00:00",
9513,1,831223,824806,"03/04/23 00:00:00",
9514,1,831323,824971,"03/04/23 00:00:00",
9515,1,831446,825113,"03/04/23 00:00:00",
9516,1,831437,825122,"03/04/23 00:00:00",
9517,1,831192,825091,"03/04/23 00:00:00",
9518,1,831195,825110,"03/04/23 00:00:00",
9519,1,831033,825132,"03/04/23 00:00:00",
9520,1,831000,825086,"03/04/23 00:00:00",
9521,1,831396,825519,"03/04/23 00:00:00",
9522,1,831462,825550,"03/04/23 00:00:00",
9523,1,831635,825280,"03/04/23 00:00:00",
9524,1,831626,825207,"03/04/23 00:00:00",
9525,1,831545,825229,"03/04/23 00:00:00",
9527,1,832033,825046,"03/04/23 00:00:00",
9528,1,832076,824656,"03/04/23 00:00:00",
9529,1,831972,824548,"03/04/23 00:00:00",
9530,1,831609,823892,"03/04/23 00:00:00",
9531,1,831640,823774,"03/04/23 00:00:00",
9532,1,831764,823654,"03/04/23 00:00:00",
9533,1,831736,823601,"03/04/23 00:00:00",
9534,1,832390,822782,"03/04/23 00:00:00",
9535,1,832404,822743,"03/04/23 00:00:00",
9536,1,832788,822337,"03/04/23 00:00:00",
9537,1,831518,823946,"03/04/23 00:00:00",
9538,1,831157,823630,"03/04/23 00:00:00",
9539,1,831258,823672,"03/04/23 00:00:00",
9540,1,831281,823686,"03/04/23 00:00:00",
9541,1,831159,823554,"03/04/23 00:00:00",
9542,1,831125,823415,"03/04/23 00:00:00",
9543,1,831114,823222,"03/04/23 00:00:00",
9544,1,831098,823194,"03/04/23 00:00:00",
9545,1,831081,823031,"03/04/23 00:00:00",
9546,1,831141,822936,"03/04/23 00:00:00",
9547,1,831197,822886,"03/04/23 00:00:00",
9548,1,831296,822979,"03/04/23 00:00:00",
9549,1,831294,823003,"03/04/23 00:00:00",
9550,1,831405,822805,"03/04/23 00:00:00",
9551,1,831481,822751,"03/04/23 00:00:00",
9552,1,831583,822713,"03/04/23 00:00:00",
9553,1,831718,822469,"03/04/23 00:00:00",
9554,1,831709,822464,"03/04/23 00:00:00",
9555,1,831915,822270,"03/04/23 00:00:00",
9556,1,832034,822333,"03/04/23 00:00:00",
9557,1,832065,822462,"03/04/23 00:00:00",
9558,1,832068,822718,"03/04/23 00:00:00",
9559,1,832120,822753,"05/14/24 00:00:00",
9560,1,832283,822624,"03/04/23 00:00:00",
9561,1,832120,822476,"03/04/23 00:00:00",
9563,1,832295,822433,"03/04/23 00:00:00",
9564,1,832507,822050,"03/04/23 00:00:00",
9565,1,831717,822273,"03/04/23 00:00:00",
9566,1,831613,822387,"03/04/23 00:00:00",
9567,1,831892,825730,"03/04/23 00:00:00",
9568,1,831924,825694,"03/04/23 00:00:00",
9569,1,832136,825795,"03/04/23 00:00:00",
9570,1,832277,825650,"03/04/23 00:00:00",
9571,1,832342,825721,"03/04/23 00:00:00",
9572,1,832294,825654,"03/04/23 00:00:00",
9573,1,832429,825906,"03/04/23 00:00:00",
9574,1,832525,825606,"03/04/23 00:00:00",
9575,1,832680,825689,"03/04/23 00:00:00",
9576,1,832638,825533,"03/04/23 00:00:00",
9577,1,832630,825517,"03/04/23 00:00:00",
9578,1,832688,825322,"03/04/23 00:00:00",
9579,1,832512,825101,"03/04/23 00:00:00",
9580,1,832390,825169,"03/04/23 00:00:00",
9581,1,832370,825049,"03/04/23 00:00:00",
9582,1,832334,824981,"03/04/23 00:00:00",
9583,1,832249,824919,"03/04/23 00:00:00",
9584,1,832120,824864,"01/17/24 00:00:00",
9585,1,832305,824822,"03/04/23 00:00:00",
9586,1,832188,825240,"03/04/23 00:00:00",
9587,1,832358,825355,"03/04/23 00:00:00",
9588,1,832389,825475,"03/04/23 00:00:00",
9589,1,832420,825614,"03/04/23 00:00:00",
9590,1,832091,826043,"03/04/23 00:00:00",
9591,1,832105,826048,"03/04/23 00:00:00",
9592,1,832088,826248,"03/04/23 00:00:00",
9593,1,832121,826497,"03/04/23 00:00:00",
9594,1,832173,826575,"03/04/23 00:00:00",
9595,1,832148,826450,"03/04/23 00:00:00",
9596,1,832010,826803,"03/04/23 00:00:00",
9597,1,831966,826785,"03/04/23 00:00:00",
9598,1,832228,826908,"03/04/23 00:00:00",
9599,1,832292,826947,"03/04/23 00:00:00",
9600,1,831602,826617,"03/04/23 00:00:00",
9602,1,830679,826109,"03/04/23 00:00:00",
9603,1,830680,826151,"03/04/23 00:00:00",
9604,1,830886,826306,"03/04/23 00:00:00",
9605,1,830888,826280,"03/04/23 00:00:00",
9606,1,831174,826634,"03/04/23 00:00:00",
9607,1,831166,826612,"03/04/23 00:00:00",
9608,1,830663,825997,"03/04/23 00:00:00",
9610,1,830301,825819,"03/04/23 00:00:00",
9612,1,830262,825904,"03/04/23 00:00:00",
9613,1,830178,826059,"03/04/23 00:00:00",
9614,1,830166,826083,"03/04/23 00:00:00",
9615,1,830562,825867,"07/12/23 00:00:00",
9616,1,831377,826716,"03/04/23 00:00:00",
9617,1,831399,826742,"03/04/23 00:00:00",
9618,1,828933,827659,"03/04/23 00:00:00",
9619,1,829233,827215,"03/04/23 00:00:00",
9620,1,828811,828065,"03/04/23 00:00:00",
9621,1,829242,827217,"03/04/23 00:00:00",
9622,1,829643,826891,"03/04/23 00:00:00",
9623,1,829593,826966,"03/04/23 00:00:00",
9624,1,829679,826729,"03/04/23 00:00:00",
9625,1,829664,826727,"03/04/23 00:00:00",
9626,1,830082,826350,"03/04/23 00:00:00",
9627,1,830375,826303,"03/04/23 00:00:00",
9628,1,830035,826112,"03/04/23 00:00:00",
9629,1,830010,826077,"03/04/23 00:00:00",
9630,1,829948,826080,"03/04/23 00:00:00",
9631,1,829949,826051,"09/05/23 00:00:00",
9632,1,829901,826072,"03/04/23 00:00:00",
9634,1,829997,826032,"03/04/23 00:00:00",
9635,1,829699,826188,"03/04/23 00:00:00",
9636,1,829655,826372,"03/04/23 00:00:00",
9637,1,829429,826361,"03/04/23 00:00:00",
9638,1,829454,826362,"03/04/23 00:00:00",
9639,1,829533,826468,"03/04/23 00:00:00",
9640,1,829388,826542,"03/04/23 00:00:00",
9641,1,829335,826554,"03/04/23 00:00:00",
9642,1,829241,826602,"03/04/23 00:00:00",
9643,1,829204,826599,"03/04/23 00:00:00",
9644,1,829105,826606,"03/04/23 00:00:00",
9646,1,828776,826472,"03/04/23 00:00:00",
9647,1,828796,826340,"03/04/23 00:00:00",
9648,1,828905,826410,"03/04/23 00:00:00",
9651,1,829160,826287,"03/09/23 00:00:00",
9652,1,829259,826249,"03/04/23 00:00:00",
9656,1,829352,825851,"03/04/23 00:00:00",
9657,1,829522,826075,"03/04/23 00:00:00",
9658,1,829485,826077,"03/04/23 00:00:00",
9659,1,829658,825445,"03/04/23 00:00:00",
9660,1,829732,825166,"03/04/23 00:00:00",
9661,1,829924,825068,"03/04/23 00:00:00",
9662,1,829938,825082,"03/04/23 00:00:00",
9663,1,829756,824993,"03/04/23 00:00:00",
9664,1,829816,824816,"03/04/23 00:00:00",
9666,1,830038,825314,"03/04/23 00:00:00",
9667,1,830166,825381,"03/04/23 00:00:00",
9668,1,830153,825391,"03/04/23 00:00:00",
9669,1,830441,825543,"03/04/23 00:00:00",
9670,1,830422,825556,"03/04/23 00:00:00",
9671,1,830225,825536,"03/04/23 00:00:00",
9672,1,830146,825583,"03/04/23 00:00:00",
9673,1,830027,825652,"03/04/23 00:00:00",
9674,1,830026,825635,"03/04/23 00:00:00",
9675,1,829935,825688,"03/04/23 00:00:00",
9676,1,829621,825888,"03/04/23 00:00:00",
9677,1,829758,826134,"03/04/23 00:00:00",
9678,1,829960,825832,"03/04/23 00:00:00",
9679,1,829996,825856,"03/04/23 00:00:00",
9680,1,829988,825891,"03/04/23 00:00:00",
9681,1,829915,825468,"03/04/23 00:00:00",
9682,1,829832,825478,"03/04/23 00:00:00",
9683,1,828663,826009,"03/04/23 00:00:00",
9684,1,828636,825899,"03/04/23 00:00:00",
9685,1,828620,825799,"03/04/23 00:00:00",
9686,1,828461,825847,"03/04/23 00:00:00",
9688,1,828298,825668,"03/04/23 00:00:00",
9689,1,828334,825596,"03/04/23 00:00:00",
9690,1,828109,825459,"03/04/23 00:00:00",
9691,1,828026,825483,"03/04/23 00:00:00",
9692,1,827638,825446,"03/04/23 00:00:00",
9693,1,827424,825389,"03/04/23 00:00:00",
9694,1,827106,825372,"03/04/23 00:00:00",
9695,1,826696,825515,"03/04/23 00:00:00",
9696,1,826248,825681,"03/04/23 00:00:00",
9697,1,826205,825688,"03/04/23 00:00:00",
9698,1,825867,825463,"03/04/23 00:00:00",
9699,1,825724,825424,"03/04/23 00:00:00",
9700,1,825269,825037,"03/04/23 00:00:00",
9701,1,825206,825058,"03/04/23 00:00:00",
9704,1,824546,825319,"03/04/23 00:00:00",
9705,1,824401,825397,"03/04/23 00:00:00",
9706,1,824382,825379,"03/04/23 00:00:00",
9707,1,824103,825295,"11/16/23 00:00:00",
9708,1,824150,825307,"11/16/23 00:00:00",
9709,1,823921,825226,"03/04/23 00:00:00",
9710,1,823900,825166,"03/04/23 00:00:00",
9711,1,823861,825114,"03/04/23 00:00:00",
9712,1,823807,825143,"03/04/23 00:00:00",
9713,1,823821,825141,"03/04/23 00:00:00",
9714,1,823680,825091,"03/04/23 00:00:00",
9715,1,823695,825076,"03/04/23 00:00:00",
9716,1,823623,824963,"03/04/23 00:00:00",
9717,1,823322,824808,"03/04/23 00:00:00",
9718,1,823284,824803,"03/04/23 00:00:00",
9719,1,822871,824659,"03/04/23 00:00:00",
9720,1,822419,824634,"03/04/23 00:00:00",
9721,1,822631,824696,"03/04/23 00:00:00",
9722,1,821741,824314,"03/04/23 00:00:00",
9723,1,821764,824282,"03/04/23 00:00:00",
9724,1,821460,824156,"03/04/23 00:00:00",
9725,1,821441,824177,"03/04/23 00:00:00",
9726,1,819598,825005,"03/04/23 00:00:00",
9727,1,819216,825248,"03/04/23 00:00:00",
9730,1,815717,827015,"03/04/23 00:00:00",
9731,1,815935,827184,"03/04/23 00:00:00",
9732,1,816048,827259,"03/04/23 00:00:00",
9733,1,814588,826011,"03/04/23 00:00:00",
9736,1,814390,826603,"01/15/24 00:00:00",
9737,1,814338,826601,"03/04/23 00:00:00",
9760,1,814325,826880,"07/12/23 00:00:00",
9761,1,814390,827154,"03/04/23 00:00:00",
9763,1,814475,827383,"03/04/23 00:00:00",
9764,1,814973,826998,"03/04/23 00:00:00",
9765,1,815004,826960,"03/04/23 00:00:00",
9766,1,815236,827208,"03/04/23 00:00:00",
9767,1,815406,827203,"03/04/23 00:00:00",
9768,1,815220,827190,"03/04/23 00:00:00",
9770,1,815513,827289,"03/04/23 00:00:00",
9771,1,816087,827560,"03/04/23 00:00:00",
9772,1,816063,827576,"03/04/23 00:00:00",
9773,1,815877,827915,"03/04/23 00:00:00",
9774,1,815869,827942,"03/04/23 00:00:00",
9775,1,815769,828041,"03/04/23 00:00:00",
9776,1,815708,828086,"03/04/23 00:00:00",
9777,1,815906,828145,"10/03/23 00:00:00",
9778,1,815830,828219,"03/04/23 00:00:00",
9780,1,815686,828332,"03/04/23 00:00:00",
9781,1,815359,828309,"03/04/23 00:00:00",
9782,1,815493,828104,"03/04/23 00:00:00",
9783,1,815533,828056,"03/04/23 00:00:00",
9784,1,815562,828037,"03/04/23 00:00:00",
9785,1,815515,827617,"03/04/23 00:00:00",
9786,1,815497,827608,"03/04/23 00:00:00",
9787,1,814735,828047,"03/04/23 00:00:00",
9788,1,814733,828248,"03/04/23 00:00:00",
9789,1,814711,828282,"03/04/23 00:00:00",
9790,1,814959,828435,"03/04/23 00:00:00",
9791,1,815035,828386,"03/04/23 00:00:00",
9793,1,814698,828623,"03/04/23 00:00:00",
9794,1,814721,828642,"03/04/23 00:00:00",
9795,1,814825,829070,"03/04/23 00:00:00",
9796,1,814833,829086,"03/04/23 00:00:00",
9797,1,814628,829087,"03/04/23 00:00:00",
9798,1,814562,829149,"03/04/23 00:00:00",
9799,1,814745,829210,"03/04/23 00:00:00",
9800,1,814767,829192,"03/04/23 00:00:00",
9801,1,814679,829631,"08/29/23 00:00:00",
9802,1,814658,829620,"03/04/23 00:00:00",
9803,1,814859,829556,"08/29/23 00:00:00",
9804,1,814847,829525,"03/04/23 00:00:00",
9805,1,815260,829398,"03/04/23 00:00:00",
9806,1,815171,829260,"03/04/23 00:00:00",
9807,1,815195,829126,"03/04/23 00:00:00",
9808,1,815182,829097,"03/04/23 00:00:00",
9809,1,814950,829230,"03/04/23 00:00:00",
9815,1,815726,828579,"03/04/23 00:00:00",
9816,1,815743,828579,"03/04/23 00:00:00",
9817,1,815647,828602,"03/04/23 00:00:00",
9818,1,815719,828738,"03/04/23 00:00:00",
9819,1,815638,828844,"03/04/23 00:00:00",
9820,1,815706,828843,"03/04/23 00:00:00",
9823,1,815752,829205,"03/04/23 00:00:00",
9824,1,815736,829204,"03/04/23 00:00:00",
9825,1,815718,829266,"03/04/23 00:00:00",
9826,1,815915,829337,"03/04/23 00:00:00",
9979,1,820824,834230,"03/04/23 00:00:00",
9982,1,820407,834549,"03/04/23 00:00:00",
10000,1,836912,815400,"03/04/23 00:00:00",
10001,1,840117,808840,"03/04/23 00:00:00",
10002,1,840479,809996,"03/04/23 00:00:00",
10003,1,841551,813145,"03/08/23 00:00:00",
10004,1,837182,815390,"03/04/23 00:00:00",
10006,1,840149,807385,"03/04/23 00:00:00",
10007,1,839173,808740,"03/04/23 00:00:00",
10008,1,837163,812772,"03/04/23 00:00:00",
10010,1,839615,809047,"03/04/23 00:00:00",
10137,1,823214,833750,"03/04/23 00:00:00",
10138,1,823483,833603,"03/04/23 00:00:00",
10139,1,823398,833678,"03/04/23 00:00:00",
10140,1,823858,833438,"03/04/23 00:00:00",
10141,1,823848,833418,"03/04/23 00:00:00",
10142,1,823311,834799,"03/04/23 00:00:00",
10143,1,824297,833392,"03/04/23 00:00:00",
10144,1,824382,833404,"03/04/23 00:00:00",
10145,1,824491,833401,"03/04/23 00:00:00",
10146,1,824628,833426,"03/04/23 00:00:00",
10147,1,824760,833399,"03/04/23 00:00:00",
10148,1,824932,833381,"03/04/23 00:00:00",
10149,1,824927,833368,"03/04/23 00:00:00",
10150,1,825210,833385,"03/04/23 00:00:00",
10151,1,825123,833390,"03/04/23 00:00:00",
10152,1,825759,833428,"03/04/23 00:00:00",
10153,1,825791,833438,"03/04/23 00:00:00",
10154,1,826185,833470,"03/04/23 00:00:00",
10155,1,826184,833459,"03/04/23 00:00:00",
10156,1,826622,833565,"03/04/23 00:00:00",
10157,1,826805,833525,"03/04/23 00:00:00",
10158,1,826897,833587,"03/04/23 00:00:00",
10159,1,827206,833525,"03/04/23 00:00:00",
10160,1,827234,833557,"03/04/23 00:00:00",
10161,1,827267,833579,"03/04/23 00:00:00",
10162,1,827364,833487,"03/04/23 00:00:00",
10163,1,827681,833842,"03/04/23 00:00:00",
10164,1,827710,833893,"03/04/23 00:00:00",
10166,1,827901,834087,"03/04/23 00:00:00",
10167,1,828029,834312,"03/04/23 00:00:00",
10168,1,828033,834360,"03/04/23 00:00:00",
10169,1,828175,834685,"03/04/23 00:00:00",
10170,1,828175,834750,"03/04/23 00:00:00",
10171,1,827666,833324,"03/04/23 00:00:00",
10172,1,827708,833307,"03/04/23 00:00:00",
10173,1,828081,833179,"03/04/23 00:00:00",
10174,1,828120,833173,"03/04/23 00:00:00",
10175,1,828506,832829,"03/04/23 00:00:00",
10176,1,828551,832766,"03/04/23 00:00:00",
10177,1,828595,832647,"07/05/23 00:00:00",
10178,1,828385,832355,"03/04/23 00:00:00",
10179,1,828357,832339,"03/04/23 00:00:00",
10180,1,827880,832270,"03/04/23 00:00:00",
10181,1,827788,832282,"03/04/23 00:00:00",
10182,1,827500,832262,"03/04/23 00:00:00",
10183,1,827485,832268,"03/04/23 00:00:00",
10184,1,827004,832174,"03/04/23 00:00:00",
10185,1,827009,832166,"03/04/23 00:00:00",
10186,1,826755,832112,"07/12/23 00:00:00",
10187,1,826702,832112,"03/04/23 00:00:00",
10188,1,826500,831976,"03/04/23 00:00:00",
10189,1,826497,831988,"03/04/23 00:00:00",
10190,1,826255,831798,"03/04/23 00:00:00",
10191,1,826240,831781,"03/04/23 00:00:00",
10192,1,826072,831681,"03/04/23 00:00:00",
10193,1,826036,831667,"03/04/23 00:00:00",
10194,1,825793,831772,"03/04/23 00:00:00",
10195,1,825837,831702,"03/04/23 00:00:00",
10196,1,825658,831910,"03/04/23 00:00:00",
10197,1,825577,831974,"03/04/23 00:00:00",
10198,1,825467,832150,"03/04/23 00:00:00",
10199,1,825453,832179,"03/04/23 00:00:00",
10200,1,825384,832464,"03/04/23 00:00:00",
10201,1,825370,832494,"03/04/23 00:00:00",
10202,1,825311,832710,"03/04/23 00:00:00",
10203,1,825305,832770,"03/04/23 00:00:00",
10205,1,824947,833127,"03/04/23 00:00:00",
10206,1,824809,833192,"03/04/23 00:00:00",
10207,1,824720,833198,"03/04/23 00:00:00",
10208,1,824616,831296,"03/04/23 00:00:00",
10209,1,824690,831203,"03/04/23 00:00:00",
10210,1,829213,831984,"03/04/23 00:00:00",
10211,1,829177,832033,"03/04/23 00:00:00",
10212,1,828972,832279,"03/04/23 00:00:00",
10213,1,829612,831517,"03/04/23 00:00:00",
10214,1,829641,831278,"03/04/23 00:00:00",
10215,1,829657,831290,"03/04/23 00:00:00",
10216,1,829394,830447,"03/04/23 00:00:00",
10217,1,828875,829806,"03/04/23 00:00:00",
10218,1,828906,829712,"03/04/23 00:00:00",
10219,1,829253,828874,"03/04/23 00:00:00",
10220,1,829235,828461,"03/04/23 00:00:00",
10221,1,829228,828448,"03/04/23 00:00:00",
10222,1,828791,828087,"03/04/23 00:00:00",
10224,1,835226,812081,"06/01/23 00:00:00",
10225,1,835402,820465,"03/04/23 00:00:00",
10226,1,841543,815802,"03/04/23 00:00:00",
10227,1,841455,815984,"03/04/23 00:00:00",
10229,1,841421,816001,"03/04/23 00:00:00",
10230,1,840759,816200,"03/04/23 00:00:00",
10231,1,839400,822838,"03/04/23 00:00:00",
10232,1,839295,822933,"03/04/23 00:00:00",
10233,1,837252,815561,"03/04/23 00:00:00",
10234,1,841914,831748,"03/04/23 00:00:00",
10236,1,834931,819701,"03/04/23 00:00:00",
10237,1,834952,819504,"09/18/23 00:00:00",
10238,1,841200,821394,"03/04/23 00:00:00",
10239,1,822382,822136,"03/04/23 00:00:00",
10240,1,822352,822236,"03/04/23 00:00:00",
10241,1,834446,816457,"03/04/23 00:00:00",
10242,1,844023,818446,"03/08/23 00:00:00",
10243,1,844895,818852,"03/04/23 00:00:00",
10244,1,838007,822235,"03/04/23 00:00:00",
10245,1,846215,817254,"03/04/23 00:00:00",
10246,1,833231,816614,"05/25/23 00:00:00",
11037,1,809901,809541,"03/04/23 00:00:00",
11038,1,810528,809702,"03/04/23 00:00:00",
11039,1,810828,809780,"03/04/23 00:00:00",
11040,1,811058,809911,"03/04/23 00:00:00",
11041,1,811404,810027,"03/04/23 00:00:00",
11042,1,812025,810303,"12/07/23 00:00:00",
11051,1,811220,815386,"03/04/23 00:00:00",
11052,1,811382,815553,"03/04/23 00:00:00",
11053,1,811564,815582,"03/04/23 00:00:00",
11054,1,811787,815597,"03/04/23 00:00:00",
11055,1,811872,815696,"03/04/23 00:00:00",
11056,1,811738,815581,"03/04/23 00:00:00",
11057,1,811567,815571,"03/04/23 00:00:00",
11058,1,811406,815545,"03/04/23 00:00:00",
11059,1,811252,815398,"03/04/23 00:00:00",
11066,1,812559,810549,"03/04/23 00:00:00",
11067,1,811372,810010,"03/04/23 00:00:00",
11068,1,811146,809920,"03/04/23 00:00:00",
11069,1,810767,809736,"03/04/23 00:00:00",
11070,1,810674,809650,"03/04/23 00:00:00",
11071,1,809864,809467,"03/04/23 00:00:00",
11072,1,809763,809335,"03/04/23 00:00:00",
11073,1,809198,809170,"03/04/23 00:00:00",
11074,1,808844,809206,"03/04/23 00:00:00",
11075,1,808547,809464,"03/04/23 00:00:00",
11076,1,807497,809727,"03/04/23 00:00:00",
11078,1,806814,809963,"11/09/23 00:00:00",
11079,1,807121,811246,"03/04/23 00:00:00",
11080,1,811752,815845,"03/04/23 00:00:00",
11084,1,811732,815907,"03/04/23 00:00:00",
11085,1,812032,815389,"03/04/23 00:00:00",
11086,1,811016,814535,"03/04/23 00:00:00",
11087,1,810938,814499,"03/04/23 00:00:00",
11088,1,811022,814540,"03/04/23 00:00:00",
11089,1,814700,817695,"03/04/23 00:00:00",
11090,1,816964,818894,"03/04/23 00:00:00",
11091,1,817837,819632,"03/04/23 00:00:00",
11092,1,817602,819421,"03/04/23 00:00:00",
11093,1,817028,819000,"03/04/23 00:00:00",
11094,1,816928,818939,"03/04/23 00:00:00",
11095,1,814684,817727,"03/04/23 00:00:00",
11102,1,811052,809882,"03/04/23 00:00:00",
12000,1,818199,814014,"03/04/23 00:00:00",
12001,1,818073,814146,"03/04/23 00:00:00",
12002,1,817761,814086,"03/04/23 00:00:00",
12003,1,817679,814229,"03/04/23 00:00:00",
12004,1,817677,813433,"03/04/23 00:00:00",
12005,1,816884,813033,"03/04/23 00:00:00",
12006,1,816661,812978,"03/04/23 00:00:00",
12007,1,816430,812552,"03/04/23 00:00:00",
12008,1,816048,812054,"03/04/23 00:00:00",
12009,1,815884,811737,"03/04/23 00:00:00",
12010,1,815744,811636,"03/04/23 00:00:00",
12011,1,815444,811623,"03/04/23 00:00:00",
12012,1,815200,811612,"03/04/23 00:00:00",
12013,1,814856,811383,"03/04/23 00:00:00",
12014,1,814603,811113,"03/04/23 00:00:00",
12015,1,814311,810994,"03/04/23 00:00:00",
12016,1,814082,810747,"03/04/23 00:00:00",
12017,1,813911,810577,"03/04/23 00:00:00",
12018,1,813645,810704,"03/04/23 00:00:00",
12019,1,813330,810905,"03/04/23 00:00:00",
12020,1,813079,810852,"03/04/23 00:00:00",
12021,1,812765,810679,"03/04/23 00:00:00",
12022,1,812012,810269,"03/04/23 00:00:00",
12023,1,814207,811047,"03/04/23 00:00:00",
12024,1,813624,811249,"03/04/23 00:00:00",
12025,1,812186,812164,"03/04/23 00:00:00",
12026,1,811609,813851,"03/04/23 00:00:00",
12027,1,811486,814110,"03/04/23 00:00:00",
12028,1,811272,814576,"03/04/23 00:00:00",
12029,1,811164,815282,"03/04/23 00:00:00",
12035,1,811788,816874,"03/04/23 00:00:00",
12036,1,811961,815725,"03/04/23 00:00:00",
12041,1,811212,815223,"03/04/23 00:00:00",
12042,1,811279,814643,"03/04/23 00:00:00",
12043,1,811521,814084,"03/04/23 00:00:00",
12044,1,811588,813925,"03/04/23 00:00:00",
12045,1,812116,812270,"05/08/23 00:00:00",
12046,1,813656,811254,"03/04/23 00:00:00",
12047,1,812608,810596,"03/04/23 00:00:00",
12048,1,812803,810715,"03/04/23 00:00:00",
12049,1,813030,810871,"03/04/23 00:00:00",
12050,1,813425,810917,"03/04/23 00:00:00",
12051,1,813625,810705,"03/04/23 00:00:00",
12052,1,813929,810596,"03/04/23 00:00:00",
12053,1,814076,810750,"03/04/23 00:00:00",
12054,1,814394,811011,"03/04/23 00:00:00",
12055,1,814595,811148,"03/04/23 00:00:00",
12056,1,814855,811492,"03/04/23 00:00:00",
12057,1,815562,811635,"03/04/23 00:00:00",
12058,1,815704,811636,"03/04/23 00:00:00",
12059,1,815889,811764,"03/04/23 00:00:00",
12060,1,816077,812096,"03/04/23 00:00:00",
12061,1,816440,812571,"03/04/23 00:00:00",
12062,1,816743,813032,"03/04/23 00:00:00",
12063,1,817056,813185,"03/04/23 00:00:00",
12064,1,817659,813563,"03/04/23 00:00:00",
12065,1,817965,813930,"03/04/23 00:00:00",
12066,1,817839,813826,"03/04/23 00:00:00",
12069,1,810411,810035,"03/04/23 00:00:00",
12070,1,809394,809235,"03/04/23 00:00:00",
12071,1,807059,809620,"03/04/23 00:00:00",
12072,1,811463,819618,"03/04/23 00:00:00",
12250,1,812896,817017,"03/04/23 00:00:00",
12351,1,822751,819732,"03/04/23 00:00:00",
12352,1,835582,817444,"03/04/23 00:00:00",
12353,1,833286,821484,"03/04/23 00:00:00",
12354,1,837150,818397,"03/04/23 00:00:00",
12355,1,838857,821762,"03/04/23 00:00:00",
12356,1,821917,819955,"03/04/23 00:00:00",
12360,1,820133,833668,"03/04/23 00:00:00",
12361,1,819888,833682,"03/04/23 00:00:00",
12362,1,820396,834277,"03/04/23 00:00:00",
12363,1,821675,834137,"03/04/23 00:00:00",
12364,1,837624,822051,"03/04/23 00:00:00",
12522,1,832474,815817,"03/04/23 00:00:00",
12523,1,833538,815920,"03/04/23 00:00:00",
12524,1,832478,815798,"03/04/23 00:00:00",
12525,1,840080,808686,"03/04/23 00:00:00",
12526,1,841742,813071,"03/04/23 00:00:00",
12527,1,842881,809602,"03/04/23 00:00:00",
12528,1,843130,809181,"03/04/23 00:00:00",
12529,1,831631,816224,"03/04/23 00:00:00",
12530,1,814821,826195,"03/04/23 00:00:00",
12531,1,833299,821623,"03/04/23 00:00:00",
12532,1,833434,821328,"07/24/23 00:00:00",
12533,1,834964,811587,"03/04/23 00:00:00",
12536,1,830193,815126,"03/04/23 00:00:00",
12537,1,840041,807706,"03/04/23 00:00:00",
12538,1,840051,807704,"03/04/23 00:00:00",
12539,1,811445,815941,"03/04/23 00:00:00",
12544,1,834207,816349,"03/04/23 00:00:00",
12545,1,811987,816831,"03/04/23 00:00:00",
12546,1,833428,815962,"03/04/23 00:00:00",
12551,1,845163,819021,"03/04/23 00:00:00",
12553,1,845126,819043,"03/04/23 00:00:00",
12556,1,834994,819977,"03/04/23 00:00:00",
12559,1,842146,813828,"03/04/23 00:00:00",
12562,1,833318,821638,"03/04/23 00:00:00",
12563,1,833714,821132,"03/04/23 00:00:00",
12564,1,834183,819980,"03/09/23 00:00:00",
12565,1,836367,819512,"03/04/23 00:00:00",
12568,1,833240,816452,"03/04/23 00:00:00",
12569,1,823549,824900,"03/04/23 00:00:00",
12570,1,833710,816472,"03/04/23 00:00:00",
12572,1,837873,822891,"03/04/23 00:00:00",
12574,1,831738,813255,"03/04/23 00:00:00",
12575,1,831689,813461,"03/04/23 00:00:00",
12576,1,814645,825977,"03/04/23 00:00:00",
12578,1,832078,812920,"03/04/23 00:00:00",
12580,1,832933,816680,"03/04/23 00:00:00",
12581,1,837298,822848,"03/04/23 00:00:00",
12583,1,835924,815409,"03/04/23 00:00:00",
12584,1,837423,815562,"03/04/23 00:00:00",
12587,1,817576,825831,"03/04/23 00:00:00",
12588,1,818785,835072,"03/04/23 00:00:00",
12589,1,812785,825481,"03/04/23 00:00:00",
12590,1,817568,825809,"03/04/23 00:00:00",
12591,1,818423,825876,"02/29/24 00:00:00",
12617,1,835584,815448,"03/04/23 00:00:00",
12620,1,817192,833395,"03/04/23 00:00:00",
12622,1,817954,833433,"03/04/23 00:00:00",
12623,1,817895,833453,"03/04/23 00:00:00",
12625,1,821081,835808,"03/04/23 00:00:00",
12626,1,820907,836041,"03/04/23 00:00:00",
12627,1,820835,836239,"03/04/23 00:00:00",
12628,1,820609,836124,"03/04/23 00:00:00",
12629,1,820512,835905,"03/04/23 00:00:00",
12630,1,820347,835647,"03/04/23 00:00:00",
12631,1,820459,835394,"03/04/23 00:00:00",
12632,1,820528,835103,"03/04/23 00:00:00",
12633,1,820260,833450,"03/04/23 00:00:00",
12634,1,820354,833505,"03/04/23 00:00:00",
12635,1,820549,835076,"03/04/23 00:00:00",
12636,1,820456,835446,"03/04/23 00:00:00",
12637,1,820484,835869,"03/04/23 00:00:00",
12638,1,820385,835590,"03/04/23 00:00:00",
12639,1,820622,836093,"03/04/23 00:00:00",
12640,1,820825,836205,"03/04/23 00:00:00",
12641,1,820938,835980,"03/04/23 00:00:00",
12642,1,821049,835832,"03/04/23 00:00:00",
12643,1,820794,835733,"03/04/23 00:00:00",
12644,1,820700,834666,"03/04/23 00:00:00",
12645,1,820683,834458,"03/04/23 00:00:00",
12646,1,820342,833807,"03/04/23 00:00:00",
12647,1,820486,833749,"03/04/23 00:00:00",
12648,1,820443,833738,"03/04/23 00:00:00",
12649,1,820924,833742,"03/04/23 00:00:00",
12650,1,820917,833731,"03/04/23 00:00:00",
12651,1,821102,833521,"03/04/23 00:00:00",
12652,1,821092,833504,"03/04/23 00:00:00",
12653,1,821122,833144,"03/04/23 00:00:00",
12654,1,821095,833203,"03/04/23 00:00:00",
12655,1,821027,832901,"03/04/23 00:00:00",
12656,1,821022,832916,"03/04/23 00:00:00",
12657,1,821005,832656,"03/04/23 00:00:00",
12658,1,820998,832646,"03/04/23 00:00:00",
12659,1,821006,832557,"03/04/23 00:00:00",
12660,1,820991,832470,"03/04/23 00:00:00",
12661,1,821007,832313,"03/04/23 00:00:00",
12662,1,820998,832314,"03/04/23 00:00:00",
12663,1,821053,832050,"03/04/23 00:00:00",
12664,1,821059,832056,"03/04/23 00:00:00",
12665,1,821266,831831,"03/04/23 00:00:00",
12666,1,821257,831826,"03/04/23 00:00:00",
12667,1,821383,831619,"03/04/23 00:00:00",
12668,1,821375,831620,"03/04/23 00:00:00",
12669,1,821281,831499,"03/04/23 00:00:00",
12670,1,821282,831491,"03/04/23 00:00:00",
12671,1,821134,831465,"03/04/23 00:00:00",
12672,1,821138,831474,"03/04/23 00:00:00",
12673,1,820952,831388,"03/04/23 00:00:00",
12674,1,820976,831419,"03/04/23 00:00:00",
12675,1,820625,831009,"03/04/23 00:00:00",
12676,1,820701,831008,"03/04/23 00:00:00",
12677,1,820497,830762,"03/04/23 00:00:00",
12678,1,820498,830775,"03/04/23 00:00:00",
12679,1,820308,830786,"03/04/23 00:00:00",
12680,1,817460,834377,"01/15/25 00:00:00",
12681,1,817473,834458,"01/15/25 00:00:00",
12682,1,817514,834839,"01/15/25 00:00:00",
12683,1,817542,834798,"01/15/25 00:00:00",
12684,1,817204,835253,"01/15/25 00:00:00",
12685,1,817292,835169,"01/15/25 00:00:00",
12686,1,817087,835529,"01/15/25 00:00:00",
12687,1,817073,835516,"01/15/25 00:00:00",
12688,1,816909,835799,"03/04/23 00:00:00",
12689,1,816969,835774,"03/04/23 00:00:00",
12690,1,816648,836128,"03/04/23 00:00:00",
12691,1,816692,836093,"03/04/23 00:00:00",
12692,1,816405,836447,"03/04/23 00:00:00",
12909,1,837289,815635,"03/04/23 00:00:00",
12910,1,834407,820555,"03/04/23 00:00:00",
12911,1,835365,818151,"03/04/23 00:00:00",
12912,1,834637,820028,"03/04/23 00:00:00",
12913,1,834499,820335,"03/04/23 00:00:00",
12914,1,841875,820012,"03/04/23 00:00:00",
12915,1,842485,817002,"03/04/23 00:00:00",
12916,1,842376,819559,"03/04/23 00:00:00",
12917,1,842837,819405,"03/04/23 00:00:00",
12918,1,839435,821895,"03/04/23 00:00:00",
12919,1,837353,820189,"03/04/23 00:00:00",
12920,1,816356,830306,"03/04/23 00:00:00",
12921,1,829054,823896,"03/04/23 00:00:00",
12922,1,828900,823727,"03/04/23 00:00:00",
12923,1,833319,811576,"03/04/23 00:00:00",
12924,1,833826,811680,"03/04/23 00:00:00",
12925,1,835595,812464,"03/04/23 00:00:00",
12926,1,817980,835389,"03/04/23 00:00:00",
12927,1,818194,834705,"03/04/23 00:00:00",
12928,1,818435,835504,"03/04/23 00:00:00",
12929,1,833401,821477,"03/04/23 00:00:00",
12930,1,835985,834986,"03/04/23 00:00:00",
12931,1,846113,827204,"03/04/23 00:00:00",
12932,1,839544,809447,"03/04/23 00:00:00",
12933,1,834635,834603,"03/04/23 00:00:00",
12934,1,837309,835290,"03/04/23 00:00:00",
12935,1,831753,840270,"03/04/23 00:00:00",
12936,1,835151,834651,"03/04/23 00:00:00",
12937,1,834635,834603,"03/04/23 00:00:00",
12938,1,819973,834316,"03/04/23 00:00:00",
12939,1,835434,817904,"03/04/23 00:00:00",
12940,1,811563,819340,"03/04/23 00:00:00",
12941,1,811484,819544,"04/18/23 00:00:00",
12942,1,835542,820174,"03/04/23 00:00:00",
12944,1,815682,828187,"03/04/23 00:00:00",
12945,1,815649,828107,"03/04/23 00:00:00",
12946,1,831371,814231,"03/04/23 00:00:00",
12947,1,831159,814900,"03/04/23 00:00:00",
12948,1,830676,815875,"03/04/23 00:00:00",
12950,1,830270,815010,"03/04/23 00:00:00",
12951,1,830296,814988,"03/04/23 00:00:00",
12952,1,831211,814837,"03/04/23 00:00:00",
12953,1,844606,820461,"03/04/23 00:00:00",
12954,1,836180,826173,"03/04/23 00:00:00",
12955,1,835641,825484,"03/04/23 00:00:00",
12956,1,815673,827373,"03/04/23 00:00:00",
12958,1,817523,832813,"03/04/23 00:00:00",
12959,1,815974,830440,"03/04/23 00:00:00",
12960,1,813406,825992,"03/04/23 00:00:00",
12961,1,811251,825664,"03/04/23 00:00:00",
12962,1,817653,826069,"03/04/23 00:00:00",
12963,1,818027,826293,"03/04/23 00:00:00",
12964,1,815906,830478,"07/12/23 00:00:00",
12965,1,817432,834249,"03/04/23 00:00:00",
12966,1,817534,834666,"03/04/23 00:00:00",
12967,1,817519,834151,"03/04/23 00:00:00",
12968,1,820355,833782,"03/04/23 00:00:00",
12969,1,820354,833687,"03/04/23 00:00:00",
12970,1,820351,833344,"03/04/23 00:00:00",
12971,1,820143,833262,"03/04/23 00:00:00",
12972,1,818032,832993,"03/04/23 00:00:00",
12974,1,821096,833088,"03/04/23 00:00:00",
12977,1,842062,813755,"03/04/23 00:00:00",
12980,1,834854,819594,"03/04/23 00:00:00",
12981,1,841592,818625,"03/04/23 00:00:00",
12982,1,840012,816210,"03/04/23 00:00:00",
12983,1,843624,813980,"03/04/23 00:00:00",
12984,1,837213,815660,"03/04/23 00:00:00",
12985,1,831016,815975,"03/04/23 00:00:00",
12986,1,834617,815220,"03/04/23 00:00:00",
12988,1,831947,812716,"03/04/23 00:00:00",
12989,1,817847,832869,"03/04/23 00:00:00",
12990,1,823884,825228,"03/04/23 00:00:00",
12991,1,828300,825533,"03/04/23 00:00:00",
12992,1,824570,825332,"03/04/23 00:00:00",
12994,1,833268,812331,"03/04/23 00:00:00",
12995,1,833401,812251,"03/04/23 00:00:00",
12996,1,837312,835273,"03/04/23 00:00:00",
12997,1,829102,832491,"03/04/23 00:00:00",
12998,1,817857,826232,"03/04/23 00:00:00",
13000,1,839822,831653,"03/04/23 00:00:00",
13001,1,839479,831903,"03/04/23 00:00:00",
13002,1,838993,832234,"04/25/24 00:00:00",
13003,1,838797,832453,"03/04/23 00:00:00",
13004,1,838733,832713,"03/04/23 00:00:00",
13005,1,815971,830709,"03/04/23 00:00:00",
13006,1,830774,825091,"02/29/24 00:00:00",
13007,1,830785,825082,"02/29/24 00:00:00",
13008,1,831449,824934,"03/04/23 00:00:00",
13009,1,837679,814223,"03/04/23 00:00:00",
13010,1,831292,825360,"03/04/23 00:00:00",
13011,1,838950,822304,"03/04/23 00:00:00",
13012,1,842491,818992,"03/04/23 00:00:00",
13013,1,831948,825205,"03/04/23 00:00:00",
13014,1,819350,818833,"03/04/23 00:00:00",
13016,1,817083,818985,"03/04/23 00:00:00",
13017,1,819723,818764,"03/04/23 00:00:00",
13018,1,819498,818533,"03/04/23 00:00:00",
13019,1,819192,818590,"03/04/23 00:00:00",
13020,1,819167,818433,"03/04/23 00:00:00",
13021,1,833545,822099,"03/04/23 00:00:00",
13022,1,833807,822081,"03/04/23 00:00:00",
13023,1,844110,818436,"03/04/23 00:00:00",
13024,1,844124,818463,"03/04/23 00:00:00",
13025,1,829782,825187,"03/04/23 00:00:00",
13027,1,835250,821577,"03/04/23 00:00:00",
13028,1,815344,828331,"03/04/23 00:00:00",
13029,1,815422,828424,"03/04/23 00:00:00",
13030,1,847627,816456,"03/04/23 00:00:00",
13031,1,847996,817343,"03/04/23 00:00:00",
13032,1,847364,819022,"03/04/23 00:00:00",
13033,1,832408,812569,"03/04/23 00:00:00",
13034,1,840431,821066,"03/04/23 00:00:00",
13035,1,840322,821184,"03/04/23 00:00:00",
13037,1,836386,825886,"03/04/23 00:00:00",
13038,1,842778,813908,"03/04/23 00:00:00",
13172,1,834559,818405,"03/04/23 00:00:00",
13174,1,834037,812074,"03/04/23 00:00:00",
13175,1,818770,835880,"03/04/23 00:00:00",
13176,1,818638,835850,"03/04/23 00:00:00",
13177,1,831618,843907,"03/04/23 00:00:00",
13178,1,835770,835275,"03/04/23 00:00:00",
13179,1,838818,832449,"03/04/23 00:00:00",
13180,1,838801,832819,"03/04/23 00:00:00",
13181,1,836659,835938,"03/04/23 00:00:00",
13182,1,836611,836201,"02/21/24 00:00:00",
13183,1,839618,831907,"03/04/23 00:00:00",
13184,1,834874,824354,"03/04/23 00:00:00",
13185,1,834844,824598,"03/04/23 00:00:00",
13186,1,834565,819940,"03/04/23 00:00:00",
13187,1,825764,831797,"03/04/23 00:00:00",
13188,1,821366,833375,"03/04/23 00:00:00",
13189,1,821385,833316,"03/04/23 00:00:00",
13190,1,844946,818775,"03/04/23 00:00:00",
13191,1,829890,825818,"03/04/23 00:00:00",
13192,1,834393,820537,"03/04/23 00:00:00",
13193,1,836628,835760,"05/11/23 00:00:00",
13194,1,838497,825869,"03/04/23 00:00:00",
13195,1,838494,825993,"03/04/23 00:00:00",
13196,1,838301,825955,"03/04/23 00:00:00",
13197,1,838508,825769,"03/04/23 00:00:00",
13198,1,832467,840120,"03/04/23 00:00:00",
13199,1,830958,839616,"03/04/23 00:00:00",
13200,1,832500,840125,"03/04/23 00:00:00",
13201,1,835828,826438,"03/04/23 00:00:00",
13204,1,836005,815972,"05/15/23 00:00:00",
13205,1,838434,821456,"03/04/23 00:00:00",
13206,1,836132,815773,"03/04/23 00:00:00",
13207,1,817906,833031,"03/04/23 00:00:00",
13208,1,817520,832828,"03/04/23 00:00:00",
13209,1,846397,827397,"03/04/23 00:00:00",
13210,1,846421,827376,"03/04/23 00:00:00",
13211,1,817943,833145,"03/04/23 00:00:00",
13212,1,840106,819618,"03/04/23 00:00:00",
13213,1,838308,825933,"07/21/23 00:00:00",
13214,1,838431,826168,"03/04/23 00:00:00",
13215,1,838265,826383,"03/04/23 00:00:00",
13217,1,835342,821684,"03/04/23 00:00:00",
13218,1,835275,821784,"03/04/23 00:00:00",
13219,1,835111,822003,"03/04/23 00:00:00",
13221,1,811812,815920,"03/04/23 00:00:00",
13222,1,812047,816727,"03/04/23 00:00:00",
13223,1,826495,840423,"03/04/23 00:00:00",
13224,1,836512,815033,"03/04/23 00:00:00",
13226,1,842920,832647,"03/14/23 00:00:00",
13227,1,842844,832396,"03/04/23 00:00:00",
13228,1,840088,820702,"03/04/23 00:00:00",
13229,1,846347,818506,"08/29/23 00:00:00",
13230,1,812936,817291,"03/04/23 00:00:00",
13231,1,813087,817443,"03/04/23 00:00:00",
13232,1,813103,817429,"03/04/23 00:00:00",
13234,1,842260,820062,"03/04/23 00:00:00",
13235,1,842324,820145,"03/04/23 00:00:00",
13236,1,835684,817365,"03/04/23 00:00:00",
13237,1,821369,833689,"03/04/23 00:00:00",
13238,1,817724,833088,"04/12/23 00:00:00",
13239,1,842004,820323,"03/08/23 00:00:00",
13240,1,841817,820586,"03/08/23 00:00:00",
13241,1,841823,820849,"03/04/23 00:00:00",
13242,1,841910,820488,"03/08/23 00:00:00",
13243,1,842340,819994,"03/04/23 00:00:00",
13245,1,831311,824224,"03/04/23 00:00:00",
13246,1,814722,827558,"03/04/23 00:00:00",
13247,1,823394,834670,"03/04/23 00:00:00",
13248,1,832465,839401,"03/04/23 00:00:00",
13251,1,835366,812155,"06/01/23 00:00:00",
13252,1,839632,819643,"03/04/23 00:00:00",
13253,1,829043,827518,"03/04/23 00:00:00",
13260,1,838442,828454,"03/04/23 00:00:00",
13261,1,839035,832477,"03/04/23 00:00:00",
13262,1,813232,817606,"05/14/24 00:00:00",
13263,1,819773,818734,"03/04/23 00:00:00",
13268,1,819583,818573,"03/04/23 00:00:00",
13270,1,819843,817380,"03/04/23 00:00:00",
13272,1,820026,817342,"03/04/23 00:00:00",
13273,1,820053,817310,"03/04/23 00:00:00",
13275,1,814477,827253,"03/04/23 00:00:00",
13276,1,844661,820004,"03/04/23 00:00:00",
13277,1,829604,837715,"03/04/23 00:00:00",
13278,1,821386,833635,"03/04/23 00:00:00",
13279,1,840222,819528,"05/14/24 00:00:00",
13280,1,839667,819647,"03/04/23 00:00:00",
13282,1,833554,844784,"03/04/23 00:00:00",
13283,1,833697,845067,"05/04/23 00:00:00",
13284,1,834080,845922,"03/04/23 00:00:00",
13285,1,833403,844543,"03/08/23 00:00:00",
13286,1,833555,844743,"03/04/23 00:00:00",
13287,1,833778,845110,"05/04/23 00:00:00",
13288,1,833530,844179,"03/04/23 00:00:00",
13289,1,833433,844377,"03/04/23 00:00:00",
13290,1,833488,844212,"03/04/23 00:00:00",
13291,1,833392,844415,"03/04/23 00:00:00",
13292,1,818106,832901,"05/04/23 00:00:00",
13293,1,841790,820856,"03/04/23 00:00:00",
13294,1,841611,820835,"03/04/23 00:00:00",
13295,1,841500,820995,"03/04/23 00:00:00",
13299,1,812974,817322,"05/08/23 00:00:00",
13300,1,845249,818651,"03/04/23 00:00:00",
13301,1,845067,818425,"03/04/23 00:00:00",
13302,1,844972,818642,"03/17/23 00:00:00",
13303,1,844571,818275,"03/04/23 00:00:00",
13304,1,812183,819793,"03/04/23 00:00:00",
13305,1,845001,818605,"03/04/23 00:00:00",
13306,1,845130,818445,"03/04/23 00:00:00",
13307,1,844773,818441,"03/04/23 00:00:00",
13308,1,836707,819869,"03/04/23 00:00:00",
13309,1,811922,820063,"03/04/23 00:00:00",
13310,1,835033,818584,"05/14/24 00:00:00",
13311,1,836880,818169,"03/04/23 00:00:00",
13312,1,839044,826555,"03/04/23 00:00:00",
13313,1,839632,821698,"03/04/23 00:00:00",
13314,1,842173,820153,"03/04/23 00:00:00",
10000020,1,830435,824677,"03/04/23 00:00:00",
10000021,1,830530,824442,"03/04/23 00:00:00",
10000022,1,819689,818841,"03/04/23 00:00:00",
10000023,1,837380,819937,"03/04/23 00:00:00",
10000024,1,828823,824695,"02/06/25 00:00:00",
10000025,1,831338,825346,"03/04/23 00:00:00",
10000026,1,830808,842963,"03/04/23 00:00:00",
10000027,1,841672,820973,"03/04/23 00:00:00",
10000028,1,836649,825380,"03/04/23 00:00:00",
10000029,1,838826,826477,"11/30/23 00:00:00",
10000030,1,840016,821347,"12/28/23 00:00:00",
10000031,1,842452,840361,"03/04/23 00:00:00",
10000032,1,836383,842397,"03/04/23 00:00:00",
10000033,1,836390,842405,"03/04/23 00:00:00",
10000034,1,811629,819384,"03/04/23 00:00:00",
10000036,1,842826,819593,"03/04/23 00:00:00",
10000037,1,834851,834770,"03/04/23 00:00:00",
10000038,1,838100,828654,"03/04/23 00:00:00",
10000039,1,818693,836265,"11/09/23 00:00:00",
10000040,1,824469,831230,"03/04/23 00:00:00",
10000041,1,821245,834648,"03/04/23 00:00:00",
10000042,1,812654,817281,"05/08/23 00:00:00",
10000043,1,835289,815802,"03/04/23 00:00:00",
10000044,1,835919,815757,"03/04/23 00:00:00",
10000045,1,825217,832935,"03/04/23 00:00:00",
10000046,1,834166,822152,"03/04/23 00:00:00",
10000047,1,838197,822049,"03/04/23 00:00:00",
10000048,1,838825,821781,"03/04/23 00:00:00",
10000049,1,833997,822295,"03/04/23 00:00:00",
10000050,1,835270,811838,"03/04/23 00:00:00",
10000052,1,839532,821071,"03/04/23 00:00:00",
10000053,1,834642,834597,"03/04/23 00:00:00",
10000055,1,830655,824668,"03/04/23 00:00:00",
10000059,1,809760,831227,"03/04/23 00:00:00",
10000060,1,833554,816579,"03/04/23 00:00:00",
10000061,1,835264,810819,"03/04/23 00:00:00",
10000062,1,813221,817591,"03/04/23 00:00:00",
10000063,1,838904,820816,"03/04/23 00:00:00",
10000064,1,838947,820804,"03/04/23 00:00:00",
10000065,1,834510,818292,"03/04/23 00:00:00",
10000066,1,838702,820693,"03/09/23 00:00:00",
10000067,1,839148,827461,"03/04/23 00:00:00",
10000077,1,844504,832359,"03/04/23 00:00:00",
10000080,1,834427,818115,"03/04/23 00:00:00",
10000081,1,834142,818076,"03/04/23 00:00:00",
10000082,1,840905,819474,"03/04/23 00:00:00",
10000085,1,820691,817264,"03/04/23 00:00:00",
10000086,1,820478,817357,"03/04/23 00:00:00",
10000087,1,820474,817374,"03/04/23 00:00:00",
10000088,1,820396,817253,"03/04/23 00:00:00",
10000089,1,820392,817262,"03/04/23 00:00:00",
10000095,1,834594,840441,"11/09/23 00:00:00",
10000096,1,838576,821534,"04/20/23 00:00:00",
10000097,1,841265,819286,"03/04/23 00:00:00",
10000101,1,837324,819437,"03/04/23 00:00:00",
10000102,1,837732,826294,"03/04/23 00:00:00",
10000103,1,835129,821887,"03/04/23 00:00:00",
10000104,1,815001,830309,"03/04/23 00:00:00",
10000105,1,834152,840521,"03/04/23 00:00:00",
10000106,1,841941,815900,"03/04/23 00:00:00",
10000107,1,841955,815910,"03/04/23 00:00:00",
10000108,1,807619,818371,"03/04/23 00:00:00",
10000109,1,818086,826049,"04/11/23 00:00:00",
10000110,1,836125,815860,"03/04/23 00:00:00",
10000112,1,818592,836271,"03/04/23 00:00:00",
10000113,1,829348,828624,"03/04/23 00:00:00",
10000114,1,825345,832656,"03/04/23 00:00:00",
10000115,1,818395,825922,"03/04/23 00:00:00",
10000116,1,837593,820778,"03/04/23 00:00:00",
10000117,1,837607,820807,"03/04/23 00:00:00",
10000118,1,837599,820790,"03/04/23 00:00:00",
10000119,1,837475,820550,"03/04/23 00:00:00",
10000120,1,837481,820563,"03/04/23 00:00:00",
10000121,1,842353,813840,"03/04/23 00:00:00",
10000123,1,824105,823775,"03/31/23 00:00:00",
10000124,1,832173,812756,"03/04/23 00:00:00",
10000125,1,841187,815220,"03/04/23 00:00:00",
10000126,1,839412,819293,"03/04/23 00:00:00",
10000127,1,841870,817956,"03/04/23 00:00:00",
10000128,1,846110,817007,"03/21/23 00:00:00",
10000129,1,846112,817031,"03/04/23 00:00:00",
10000130,1,835068,833632,"03/04/23 00:00:00",
10000131,1,835112,833652,"03/04/23 00:00:00",
10000133,1,845522,818871,"03/04/23 00:00:00",
10000134,1,839682,818970,"03/04/23 00:00:00",
10000135,1,838469,825469,"03/04/23 00:00:00",
10000136,1,820917,833916,"03/04/23 00:00:00",
10000137,1,835929,818727,"03/04/23 00:00:00",
10000139,1,833888,821032,"03/04/23 00:00:00",
10000140,1,834256,818002,"03/04/23 00:00:00",
10000141,1,835961,816164,"03/04/23 00:00:00",
10000142,1,832392,813194,"03/04/23 00:00:00",
10000143,1,835296,834687,"03/04/23 00:00:00",
10000144,1,840174,821604,"03/04/23 00:00:00",
10000145,1,839091,821859,"03/04/23 00:00:00",
10000146,1,837321,821203,"03/04/23 00:00:00",
10000147,1,835558,819757,"03/04/23 00:00:00",
10000148,1,840780,819524,"03/04/23 00:00:00",
10000149,1,836868,818328,"09/05/23 00:00:00",
10000150,1,837686,819836,"03/04/23 00:00:00",
10000151,1,837209,825756,"03/04/23 00:00:00",
10000152,1,838789,826908,"03/04/23 00:00:00",
10000153,1,838282,826804,"03/04/23 00:00:00",
10000154,1,836031,834351,"03/04/23 00:00:00",
10000155,1,832069,839274,"03/04/23 00:00:00",
10000156,1,845889,816034,"03/04/23 00:00:00",
10000157,1,838756,822473,"03/04/23 00:00:00",
10000158,1,837380,820331,"03/04/23 00:00:00",
10000159,1,837466,819551,"03/04/23 00:00:00",
10000160,1,834608,819960,"03/04/23 00:00:00",
10000161,1,835790,820388,"03/04/23 00:00:00",
10000162,1,831588,824883,"03/04/23 00:00:00",
10000163,1,831240,824160,"03/04/23 00:00:00",
10000164,1,831286,822988,"03/04/23 00:00:00",
10000165,1,830886,826322,"03/04/23 00:00:00",
10000166,1,830005,825647,"03/04/23 00:00:00",
10000310,1,835852,817277,"01/25/25 00:00:00",
10000315,1,833970,840586,"01/26/25 00:00:00",
10000316,1,845189,831650,"02/03/25 00:00:00",
10000317,1,845777,819853,"02/04/25 00:00:00",
9827,1,815938,829337,"03/04/23 00:00:00",
9830,1,815446,828425,"03/04/23 00:00:00",
9831,1,814417,829587,"03/04/23 00:00:00",
9832,1,814565,829834,"03/04/23 00:00:00",
9833,1,814440,829813,"03/04/23 00:00:00",
9834,1,814346,829704,"03/04/23 00:00:00",
9835,1,814358,829580,"03/04/23 00:00:00",
9836,1,814689,829872,"08/29/23 00:00:00",
9837,1,814667,829968,"03/04/23 00:00:00",
9838,1,814842,829918,"08/29/23 00:00:00",
9839,1,814661,830108,"03/04/23 00:00:00",
9840,1,815031,829854,"08/29/23 00:00:00",
9841,1,815135,829683,"08/29/23 00:00:00",
9842,1,815174,829665,"08/29/23 00:00:00",
9843,1,814851,829694,"08/29/23 00:00:00",
9844,1,815544,829934,"03/04/23 00:00:00",
9845,1,815641,830104,"03/04/23 00:00:00",
9846,1,815633,830190,"03/04/23 00:00:00",
9849,1,815875,830557,"03/04/23 00:00:00",
9850,1,816018,829951,"03/04/23 00:00:00",
9851,1,815979,829926,"03/04/23 00:00:00",
9852,1,816066,830510,"03/04/23 00:00:00",
9854,1,816269,830435,"03/04/23 00:00:00",
9855,1,816223,830413,"03/04/23 00:00:00",
9856,1,816245,830405,"03/04/23 00:00:00",
9857,1,816246,830143,"08/19/24 00:00:00",
9858,1,816223,830161,"08/19/24 00:00:00",
9859,1,816243,831010,"03/04/23 00:00:00",
9860,1,816222,831026,"03/04/23 00:00:00",
9861,1,816391,831246,"03/04/23 00:00:00",
9862,1,816562,831479,"03/04/23 00:00:00",
9863,1,816579,831462,"03/04/23 00:00:00",
9864,1,816712,831615,"03/04/23 00:00:00",
9865,1,816668,831600,"03/04/23 00:00:00",
9866,1,817003,831983,"03/04/23 00:00:00",
9867,1,817053,832004,"03/04/23 00:00:00",
9868,1,817294,832252,"03/04/23 00:00:00",
9869,1,817264,832264,"03/04/23 00:00:00",
9870,1,817328,832467,"03/04/23 00:00:00",
9871,1,817310,832492,"03/04/23 00:00:00",
9872,1,817835,832695,"03/04/23 00:00:00",
9873,1,817833,832722,"03/04/23 00:00:00",
9874,1,818215,833017,"03/04/23 00:00:00",
9875,1,818271,833027,"03/04/23 00:00:00",
9876,1,818614,833261,"03/04/23 00:00:00",
9877,1,818480,833201,"05/08/23 00:00:00",
9878,1,818850,833412,"03/04/23 00:00:00",
9880,1,819130,833598,"03/04/23 00:00:00",
9881,1,819391,833757,"03/04/23 00:00:00",
9882,1,819587,833787,"03/04/23 00:00:00",
9884,1,817804,836097,"03/04/23 00:00:00",
9885,1,817793,836147,"03/04/23 00:00:00",
9886,1,818006,836523,"03/04/23 00:00:00",
9887,1,817983,836537,"03/04/23 00:00:00",
9888,1,817987,836632,"03/04/23 00:00:00",
9889,1,818100,836225,"03/04/23 00:00:00",
9890,1,818075,836211,"03/04/23 00:00:00",
9891,1,817920,835901,"03/04/23 00:00:00",
9892,1,818043,835828,"03/04/23 00:00:00",
9893,1,818373,835871,"03/04/23 00:00:00",
9895,1,818687,834545,"03/04/23 00:00:00",
9897,1,818633,834439,"03/04/23 00:00:00",
9898,1,818328,834154,"03/04/23 00:00:00",
9899,1,818385,834168,"03/04/23 00:00:00",
9900,1,818699,834866,"03/04/23 00:00:00",
9901,1,818785,834904,"03/04/23 00:00:00",
9902,1,818659,834884,"03/04/23 00:00:00",
9903,1,818560,834939,"03/04/23 00:00:00",
9904,1,818369,834574,"03/04/23 00:00:00",
9905,1,817927,835110,"03/04/23 00:00:00",
9906,1,817773,835687,"03/04/23 00:00:00",
9907,1,818580,834069,"03/04/23 00:00:00",
9908,1,818432,834118,"03/04/23 00:00:00",
9909,1,818863,833832,"03/04/23 00:00:00",
9910,1,818857,833821,"03/04/23 00:00:00",
9911,1,819115,833814,"03/04/23 00:00:00",
9912,1,819090,833804,"03/04/23 00:00:00",
9913,1,817301,832784,"03/04/23 00:00:00",
9914,1,817313,832677,"03/04/23 00:00:00",
9915,1,817236,833002,"03/04/23 00:00:00",
9916,1,817262,832981,"03/04/23 00:00:00",
9917,1,817209,833432,"03/04/23 00:00:00",
9918,1,817165,833800,"03/04/23 00:00:00",
9919,1,817172,833800,"03/04/23 00:00:00",
9920,1,817267,833977,"03/04/23 00:00:00",
9921,1,817271,833968,"03/04/23 00:00:00",
9922,1,817363,834083,"03/04/23 00:00:00",
9923,1,817373,834100,"03/04/23 00:00:00",
9925,1,817607,834077,"03/04/23 00:00:00",
9926,1,817732,834144,"03/04/23 00:00:00",
9927,1,817865,834145,"03/04/23 00:00:00",
9943,1,823186,834685,"03/04/23 00:00:00",
9944,1,823161,834196,"03/04/23 00:00:00",
9945,1,823131,834187,"03/04/23 00:00:00",
9946,1,823163,833808,"03/04/23 00:00:00",
9947,1,822789,833832,"03/04/23 00:00:00",
9948,1,822438,833869,"03/04/23 00:00:00",
9949,1,822550,833890,"03/04/23 00:00:00",
9950,1,822212,833939,"03/04/23 00:00:00",
9951,1,821819,833979,"03/04/23 00:00:00",
9952,1,821776,833878,"03/04/23 00:00:00",
9956,1,821220,833912,"03/04/23 00:00:00",
9957,1,821210,833888,"03/04/23 00:00:00",
9958,1,820961,833891,"03/04/23 00:00:00",
9959,1,820965,833914,"03/04/23 00:00:00",
9960,1,820921,833890,"03/04/23 00:00:00",
9962,1,820808,833894,"03/04/23 00:00:00",
9964,1,820689,833918,"03/04/23 00:00:00",
9965,1,820625,833982,"03/04/23 00:00:00",
9966,1,820544,833889,"03/04/23 00:00:00",
9967,1,820511,833921,"03/04/23 00:00:00",
9968,1,820270,833901,"03/04/23 00:00:00",
9969,1,820086,833905,"03/04/23 00:00:00",
9971,1,820134,834107,"03/04/23 00:00:00",
9972,1,820054,834112,"03/04/23 00:00:00",
9974,1,820405,834242,"03/04/23 00:00:00",
10249,1,840770,820199,"03/04/23 00:00:00",
10251,1,835906,819934,"03/04/23 00:00:00",
10252,1,835891,819930,"03/04/23 00:00:00",
10253,1,837920,821580,"03/04/23 00:00:00",
10254,1,835133,821978,"03/04/23 00:00:00",
10255,1,838836,823378,"05/14/24 00:00:00",
10256,1,840004,820371,"03/04/23 00:00:00",
10257,1,838035,822810,"03/04/23 00:00:00",
10258,1,837717,822668,"03/04/23 00:00:00",
10260,1,841135,818997,"03/04/23 00:00:00",
10262,1,839412,820080,"03/04/23 00:00:00",
10264,1,836590,819263,"03/04/23 00:00:00",
10265,1,838484,822056,"03/04/23 00:00:00",
10266,1,831851,822307,"03/04/23 00:00:00",
10268,1,830894,824623,"03/04/23 00:00:00",
10269,1,835344,818353,"03/04/23 00:00:00",
10271,1,834618,834567,"03/04/23 00:00:00",
10272,1,835001,834588,"03/04/23 00:00:00",
10273,1,838256,831236,"03/04/23 00:00:00",
10274,1,838245,831208,"03/04/23 00:00:00",
10275,1,838794,831041,"03/04/23 00:00:00",
10276,1,838829,830996,"03/04/23 00:00:00",
10277,1,837778,834786,"03/04/23 00:00:00",
10278,1,839589,835276,"03/04/23 00:00:00",
10279,1,835396,834392,"03/04/23 00:00:00",
10280,1,824402,839277,"03/04/23 00:00:00",
10281,1,845311,819614,"03/04/23 00:00:00",
10282,1,845032,822181,"03/04/23 00:00:00",
10283,1,846653,828378,"03/04/23 00:00:00",
10284,1,840960,830572,"03/04/23 00:00:00",
10285,1,846292,819865,"03/04/23 00:00:00",
10291,1,837097,814549,"03/04/23 00:00:00",
10293,1,837981,814259,"03/04/23 00:00:00",
10294,1,837881,814178,"03/04/23 00:00:00",
10295,1,837696,814041,"03/04/23 00:00:00",
10297,1,837467,814059,"03/04/23 00:00:00",
10298,1,832854,816031,"03/04/23 00:00:00",
10299,1,832873,815983,"03/04/23 00:00:00",
10300,1,832686,815878,"03/04/23 00:00:00",
10301,1,832698,815895,"03/04/23 00:00:00",
10303,1,832837,816036,"03/04/23 00:00:00",
10306,1,841295,813812,"03/04/23 00:00:00",
10307,1,835992,815808,"03/04/23 00:00:00",
10308,1,837859,813367,"03/04/23 00:00:00",
10309,1,839122,808901,"03/04/23 00:00:00",
10312,1,839684,809604,"03/04/23 00:00:00",
10313,1,834911,814408,"03/04/23 00:00:00",
10314,1,833976,814082,"03/04/23 00:00:00",
10315,1,837206,813825,"03/04/23 00:00:00",
10319,1,841883,815590,"03/04/23 00:00:00",
10320,1,836576,819615,"03/04/23 00:00:00",
10321,1,818462,835421,"03/04/23 00:00:00",
10333,1,834583,820874,"03/04/23 00:00:00",
10334,1,842459,818849,"04/18/23 00:00:00",
10335,1,840954,821409,"03/04/23 00:00:00",
10336,1,841157,821563,"03/04/23 00:00:00",
10337,1,839133,820663,"04/18/24 00:00:00",
10338,1,839011,820670,"02/21/24 00:00:00",
10339,1,811156,815576,"05/08/23 00:00:00",
10341,1,831079,824901,"03/04/23 00:00:00",
10342,1,818418,836102,"03/04/23 00:00:00",
10344,1,844521,820594,"03/04/23 00:00:00",
10345,1,844715,819927,"03/04/23 00:00:00",
10346,1,844902,819363,"03/04/23 00:00:00",
10347,1,811913,817210,"03/04/23 00:00:00",
10348,1,812459,816908,"05/08/23 00:00:00",
10349,1,812219,817080,"03/04/23 00:00:00",
10350,1,812780,816957,"03/04/23 00:00:00",
10351,1,813070,817175,"03/04/23 00:00:00",
10352,1,812955,817031,"03/04/23 00:00:00",
10353,1,812680,816905,"03/04/23 00:00:00",
10354,1,812336,816902,"03/04/23 00:00:00",
10355,1,812202,817081,"03/04/23 00:00:00",
10358,1,833626,821237,"03/04/23 00:00:00",
10359,1,811310,817786,"03/04/23 00:00:00",
10361,1,842842,814620,"03/04/23 00:00:00",
10362,1,842284,819058,"03/04/23 00:00:00",
10364,1,845500,818877,"03/04/23 00:00:00",
10368,1,842514,819913,"03/04/23 00:00:00",
10370,1,831470,813674,"03/04/23 00:00:00",
11000,1,803868,812683,"03/04/23 00:00:00",
11001,1,804130,812661,"03/04/23 00:00:00",
11002,1,804515,812522,"03/04/23 00:00:00",
11003,1,805155,811747,"03/04/23 00:00:00",
11004,1,805399,811688,"05/08/23 00:00:00",
11005,1,805582,811495,"11/13/23 00:00:00",
11006,1,805813,811419,"03/04/23 00:00:00",
11007,1,806104,811787,"03/04/23 00:00:00",
11008,1,806319,812032,"03/04/23 00:00:00",
11009,1,806647,811999,"07/12/23 00:00:00",
11010,1,806918,811859,"03/04/23 00:00:00",
11011,1,807040,812290,"03/04/23 00:00:00",
11012,1,808159,812988,"03/04/23 00:00:00",
11013,1,808025,813001,"03/04/23 00:00:00",
11015,1,806976,812296,"03/04/23 00:00:00",
11016,1,806820,811841,"03/04/23 00:00:00",
11017,1,806594,811964,"03/04/23 00:00:00",
11018,1,806319,812019,"03/04/23 00:00:00",
11019,1,806099,811726,"03/04/23 00:00:00",
11020,1,805984,811538,"03/04/23 00:00:00",
11021,1,805805,811403,"03/04/23 00:00:00",
11022,1,805575,811493,"04/18/23 00:00:00",
11023,1,805369,811685,"03/04/23 00:00:00",
11024,1,805125,811747,"03/04/23 00:00:00",
11025,1,804576,812450,"03/04/23 00:00:00",
11026,1,804295,812626,"03/04/23 00:00:00",
11027,1,804125,812656,"03/04/23 00:00:00",
11028,1,806888,811784,"11/14/23 00:00:00",
11029,1,807119,811225,"03/04/23 00:00:00",
11030,1,806773,810009,"03/04/23 00:00:00",
11031,1,807541,809723,"03/04/23 00:00:00",
11032,1,808581,809460,"03/04/23 00:00:00",
11033,1,808806,809291,"03/04/23 00:00:00",
11034,1,809194,809184,"03/04/23 00:00:00",
11035,1,809345,809267,"03/04/23 00:00:00",
11036,1,809710,809277,"03/04/23 00:00:00",
12365,1,834514,818171,"03/13/23 00:00:00",
12366,1,837122,818686,"03/04/23 00:00:00",
12367,1,835643,820077,"03/04/23 00:00:00",
12368,1,842710,817305,"03/04/23 00:00:00",
12370,1,837182,818646,"03/04/23 00:00:00",
12371,1,837368,819194,"03/04/23 00:00:00",
12372,1,836748,819615,"03/04/23 00:00:00",
12373,1,836789,819419,"03/04/23 00:00:00",
12374,1,836752,820088,"03/04/23 00:00:00",
12375,1,839188,826983,"03/04/23 00:00:00",
12376,1,830572,825535,"03/04/23 00:00:00",
12377,1,832025,822344,"03/04/23 00:00:00",
12378,1,834739,819871,"03/04/23 00:00:00",
12379,1,842109,819066,"03/04/23 00:00:00",
12380,1,824743,832809,"03/04/23 00:00:00",
12381,1,839191,820859,"06/28/24 00:00:00",
12383,1,839246,820826,"03/04/23 00:00:00",
12384,1,818349,836624,"03/04/23 00:00:00",
12385,1,828895,824670,"02/06/25 00:00:00",
12386,1,835810,817367,"03/04/23 00:00:00",
12387,1,815858,829785,"03/04/23 00:00:00",
12388,1,815840,830147,"03/04/23 00:00:00",
12389,1,838970,823024,"03/04/23 00:00:00",
12391,1,835393,811855,"03/04/23 00:00:00",
12392,1,841168,815266,"03/04/23 00:00:00",
12393,1,841080,845089,"03/04/23 00:00:00",
12394,1,839484,820296,"03/04/23 00:00:00",
12395,1,818019,835852,"03/04/23 00:00:00",
12398,1,820008,833411,"03/04/23 00:00:00",
12399,1,820848,834438,"03/04/23 00:00:00",
12400,1,815367,828420,"03/04/23 00:00:00",
12401,1,840110,831456,"03/04/23 00:00:00",
12402,1,840119,831046,"03/04/23 00:00:00",
12403,1,818352,836711,"03/04/23 00:00:00",
12404,1,839226,823014,"03/04/23 00:00:00",
12405,1,834209,820687,"03/04/23 00:00:00",
12406,1,840111,831168,"03/04/23 00:00:00",
12407,1,840086,831492,"11/09/23 00:00:00",
12408,1,839880,831727,"03/04/23 00:00:00",
12409,1,843165,832118,"03/04/23 00:00:00",
12410,1,845451,831285,"03/04/23 00:00:00",
12412,1,835551,833781,"03/04/23 00:00:00",
12414,1,818465,835996,"03/04/23 00:00:00",
12415,1,818490,835991,"09/16/24 00:00:00",
12416,1,828763,823882,"03/04/23 00:00:00",
12417,1,832575,825458,"03/04/23 00:00:00",
12418,1,832404,825903,"03/04/23 00:00:00",
12421,1,819979,833884,"03/04/23 00:00:00",
12422,1,827593,825463,"03/04/23 00:00:00",
12424,1,831067,839442,"03/04/23 00:00:00",
12425,1,831251,839533,"03/04/23 00:00:00",
12426,1,831221,839468,"03/04/23 00:00:00",
12427,1,830952,839417,"03/04/23 00:00:00",
12428,1,833225,821461,"03/04/23 00:00:00",
12429,1,834204,819936,"03/04/23 00:00:00",
12430,1,842716,817798,"03/04/23 00:00:00",
12435,1,833549,821874,"03/04/23 00:00:00",
12436,1,833261,821779,"03/04/23 00:00:00",
12437,1,838800,829115,"03/04/23 00:00:00",
12439,1,835109,821622,"03/04/23 00:00:00",
12440,1,835227,821570,"03/04/23 00:00:00",
12441,1,835519,819965,"03/04/23 00:00:00",
12442,1,833709,843753,"03/04/23 00:00:00",
12443,1,833752,843700,"03/04/23 00:00:00",
12444,1,835270,841650,"03/04/23 00:00:00",
12445,1,839725,835306,"03/21/23 00:00:00",
12446,1,842329,819791,"03/04/23 00:00:00",
12447,1,835405,819858,"03/04/23 00:00:00",
12448,1,831263,825441,"03/04/23 00:00:00",
12449,1,831165,825455,"03/04/23 00:00:00",
12450,1,831126,825438,"03/04/23 00:00:00",
12451,1,829375,825823,"03/04/23 00:00:00",
12452,1,835571,834609,"03/04/23 00:00:00",
12454,1,818566,836264,"03/04/23 00:00:00",
12455,1,835224,811883,"03/04/23 00:00:00",
12456,1,833907,821268,"03/04/23 00:00:00",
12457,1,815242,829398,"03/04/23 00:00:00",
12458,1,841618,815572,"03/04/23 00:00:00",
12461,1,835257,834065,"03/04/23 00:00:00",
12462,1,846003,818283,"03/04/23 00:00:00",
12463,1,846115,818076,"03/04/23 00:00:00",
12464,1,845655,818821,"03/04/23 00:00:00",
12466,1,833305,812206,"03/04/23 00:00:00",
12467,1,826772,825440,"03/04/23 00:00:00",
12469,1,833812,816389,"03/04/23 00:00:00",
12470,1,841466,815656,"03/04/23 00:00:00",
12473,1,834523,815662,"03/04/23 00:00:00",
12474,1,834316,812170,"03/04/23 00:00:00",
12475,1,834254,812338,"09/19/23 00:00:00",
12476,1,832502,812634,"03/04/23 00:00:00",
12477,1,831722,813089,"03/04/23 00:00:00",
12478,1,831822,813007,"03/04/23 00:00:00",
12479,1,831813,812895,"03/04/23 00:00:00",
12481,1,835615,817421,"03/04/23 00:00:00",
12485,1,842968,815028,"03/04/23 00:00:00",
12487,1,837218,815964,"03/04/23 00:00:00",
12490,1,831221,815835,"03/04/23 00:00:00",
12491,1,843680,810910,"03/04/23 00:00:00",
12492,1,843358,811767,"03/04/23 00:00:00",
12493,1,839190,816946,"03/04/23 00:00:00",
12495,1,817682,835908,"03/04/23 00:00:00",
12496,1,818596,835498,"03/04/23 00:00:00",
12497,1,839088,821808,"03/04/23 00:00:00",
12498,1,843763,814037,"03/04/23 00:00:00",
12499,1,841082,830532,"03/04/23 00:00:00",
12500,1,831195,824195,"03/04/23 00:00:00",
12503,1,820027,833867,"03/04/23 00:00:00",
12505,1,811541,815998,"03/04/23 00:00:00",
12506,1,816401,830324,"03/04/23 00:00:00",
12507,1,811342,818154,"03/04/23 00:00:00",
12509,1,835221,834818,"03/04/23 00:00:00",
12510,1,817373,813392,"03/04/23 00:00:00",
12514,1,810620,810148,"03/04/23 00:00:00",
12519,1,833829,811040,"03/04/23 00:00:00",
12520,1,844862,818672,"03/04/23 00:00:00",
12521,1,832858,815983,"03/04/23 00:00:00",
12694,1,809831,827955,"03/04/23 00:00:00",
12695,1,809848,827772,"03/04/23 00:00:00",
12696,1,809880,827687,"03/04/23 00:00:00",
12697,1,809925,827482,"03/04/23 00:00:00",
12698,1,810706,825656,"03/04/23 00:00:00",
12699,1,812274,825298,"03/04/23 00:00:00",
12702,1,813800,826239,"03/04/23 00:00:00",
12704,1,814825,826219,"03/04/23 00:00:00",
12705,1,819297,833719,"03/04/23 00:00:00",
12706,1,820796,834088,"03/04/23 00:00:00",
12707,1,820668,834661,"05/31/23 00:00:00",
12709,1,818356,834473,"03/04/23 00:00:00",
12710,1,820255,834086,"03/04/23 00:00:00",
12711,1,820754,833895,"03/04/23 00:00:00",
12712,1,821163,833913,"03/04/23 00:00:00",
12713,1,820389,834056,"03/04/23 00:00:00",
12717,1,818022,826268,"03/04/23 00:00:00",
12718,1,815446,828615,"03/04/23 00:00:00",
12719,1,815505,828793,"03/04/23 00:00:00",
12720,1,821283,833886,"01/16/25 00:00:00",
12726,1,835499,818188,"03/04/23 00:00:00",
12727,1,811650,825497,"03/04/23 00:00:00",
12728,1,812492,840217,"03/04/23 00:00:00",
12729,1,824915,841765,"03/04/23 00:00:00",
12731,1,826300,840707,"07/12/23 00:00:00",
12732,1,826303,840725,"01/17/25 00:00:00",
12736,1,825140,833125,"03/04/23 00:00:00",
12737,1,824974,832940,"03/04/23 00:00:00",
12738,1,825024,832953,"03/04/23 00:00:00",
12739,1,825212,833176,"03/04/23 00:00:00",
12740,1,825169,833023,"03/04/23 00:00:00",
12741,1,830374,825914,"03/04/23 00:00:00",
12743,1,825134,842528,"03/04/23 00:00:00",
12746,1,836155,817514,"03/04/23 00:00:00",
12747,1,835602,821452,"03/04/23 00:00:00",
12748,1,836082,825371,"03/04/23 00:00:00",
12749,1,832473,825062,"03/04/23 00:00:00",
12750,1,842400,819687,"03/04/23 00:00:00",
12751,1,836712,819839,"03/04/23 00:00:00",
12752,1,839641,816677,"03/04/23 00:00:00",
12756,1,844212,820450,"03/04/23 00:00:00",
12757,1,834022,822199,"03/04/23 00:00:00",
12758,1,822012,824353,"03/04/23 00:00:00",
12759,1,822843,824696,"03/04/23 00:00:00",
12760,1,829453,825414,"03/04/23 00:00:00",
12764,1,826189,841051,"01/17/25 00:00:00",
12765,1,826202,841044,"01/17/25 00:00:00",
12767,1,835390,820445,"03/04/23 00:00:00",
12770,1,839447,822773,"03/04/23 00:00:00",
12772,1,819428,817575,"03/04/23 00:00:00",
12773,1,819274,817917,"03/04/23 00:00:00",
12774,1,819096,818341,"03/04/23 00:00:00",
12775,1,819054,818688,"03/04/23 00:00:00",
12776,1,817058,818977,"03/04/23 00:00:00",
12777,1,819213,818784,"03/04/23 00:00:00",
12778,1,819066,818684,"03/04/23 00:00:00",
12779,1,819066,818478,"04/05/23 00:00:00",
12780,1,819174,818162,"04/05/23 00:00:00",
12781,1,819451,817572,"03/04/23 00:00:00",
12782,1,820981,821541,"03/04/23 00:00:00",
12783,1,824489,823803,"03/04/23 00:00:00",
12785,1,824176,823514,"03/31/23 00:00:00",
12786,1,824339,823442,"03/04/23 00:00:00",
12787,1,824156,823518,"03/31/23 00:00:00",
12790,1,824201,823709,"03/04/23 00:00:00",
12791,1,824094,823638,"03/31/23 00:00:00",
12792,1,824175,823134,"03/04/23 00:00:00",
12795,1,837622,821970,"03/04/23 00:00:00",
12796,1,807626,818387,"11/16/23 00:00:00",
12797,1,808889,817424,"02/29/24 00:00:00",
12798,1,808826,817412,"02/29/24 00:00:00",
12799,1,809548,817389,"02/29/24 00:00:00",
12800,1,809508,817394,"02/29/24 00:00:00",
12860,1,809860,827777,"03/04/23 00:00:00",
12861,1,809892,827688,"03/04/23 00:00:00",
12862,1,809937,827513,"03/04/23 00:00:00",
12863,1,809920,827005,"03/04/23 00:00:00",
12864,1,810756,825671,"03/04/23 00:00:00",
12865,1,811302,825672,"03/04/23 00:00:00",
12866,1,811694,825503,"03/04/23 00:00:00",
12867,1,812283,825315,"03/04/23 00:00:00",
12868,1,812764,825498,"03/04/23 00:00:00",
12870,1,813392,826016,"03/04/23 00:00:00",
12871,1,813853,826289,"03/04/23 00:00:00",
12872,1,814924,825976,"03/04/23 00:00:00",
12873,1,809944,827381,"03/04/23 00:00:00",
12874,1,829852,825507,"03/04/23 00:00:00",
12875,1,833080,816660,"03/04/23 00:00:00",
12878,1,835481,818329,"03/04/23 00:00:00",
12879,1,835484,819433,"03/04/23 00:00:00",
12880,1,831245,839452,"03/04/23 00:00:00",
12881,1,835686,826401,"03/04/23 00:00:00",
12883,1,821614,834064,"03/04/23 00:00:00",
12884,1,841257,818476,"03/04/23 00:00:00",
12885,1,836356,818274,"03/04/23 00:00:00",
12886,1,833474,821550,"03/04/23 00:00:00",
12887,1,837126,818235,"03/04/23 00:00:00",
12888,1,832421,822323,"03/04/23 00:00:00",
12889,1,839211,821205,"03/04/23 00:00:00",
12890,1,818714,836284,"11/09/23 00:00:00",
12891,1,830294,825960,"03/04/23 00:00:00",
12894,1,841248,819252,"03/04/23 00:00:00",
12895,1,835638,826338,"03/04/23 00:00:00",
12896,1,835866,825120,"03/04/23 00:00:00",
12897,1,829053,826286,"03/09/23 00:00:00",
12898,1,828930,826184,"03/04/23 00:00:00",
12899,1,814210,810921,"03/04/23 00:00:00",
12900,1,814157,810901,"03/04/23 00:00:00",
12901,1,817726,814087,"03/04/23 00:00:00",
12902,1,811027,815272,"03/04/23 00:00:00",
12903,1,811004,815397,"03/04/23 00:00:00",
12904,1,812914,817162,"03/04/23 00:00:00",
12905,1,818796,833413,"02/06/25 00:00:00",
12906,1,838548,816557,"03/04/23 00:00:00",
12907,1,828962,824632,"02/06/25 00:00:00",
12908,1,818624,835583,"03/04/23 00:00:00",
13039,1,832375,838503,"03/04/23 00:00:00",
13041,1,821022,833150,"03/04/23 00:00:00",
13042,1,821280,833238,"03/04/23 00:00:00",
13043,1,846347,816610,"03/04/23 00:00:00",
13044,1,840231,820860,"03/04/23 00:00:00",
13045,1,840199,821115,"03/04/23 00:00:00",
13046,1,839464,821601,"03/04/23 00:00:00",
13047,1,824717,832801,"03/04/23 00:00:00",
13048,1,829566,831456,"03/04/23 00:00:00",
13050,1,834703,816351,"03/04/23 00:00:00",
13051,1,831370,815218,"03/04/23 00:00:00",
13053,1,843955,823643,"03/04/23 00:00:00",
13054,1,812201,819884,"03/04/23 00:00:00",
13055,1,829738,824982,"03/04/23 00:00:00",
13056,1,841739,815780,"03/04/23 00:00:00",
13057,1,815955,830694,"03/04/23 00:00:00",
13059,1,835802,821727,"03/04/23 00:00:00",
13060,1,835734,821615,"03/04/23 00:00:00",
13061,1,835686,821523,"03/04/23 00:00:00",
13062,1,834388,822406,"03/04/23 00:00:00",
13063,1,843991,818578,"03/04/23 00:00:00",
13064,1,845700,817500,"03/04/23 00:00:00",
13067,1,841360,830660,"03/04/23 00:00:00",
13068,1,828818,826578,"03/04/23 00:00:00",
13069,1,832345,825172,"03/04/23 00:00:00",
13070,1,837987,821500,"03/04/23 00:00:00",
13071,1,835061,815687,"03/04/23 00:00:00",
13072,1,824648,831351,"03/04/23 00:00:00",
13073,1,842625,817217,"03/04/23 00:00:00",
13074,1,842609,817438,"03/04/23 00:00:00",
13075,1,845125,821584,"03/04/23 00:00:00",
13076,1,833996,812127,"03/04/23 00:00:00",
13077,1,836135,817727,"03/04/23 00:00:00",
13079,1,839529,827584,"03/04/23 00:00:00",
13080,1,835990,826390,"03/04/23 00:00:00",
13081,1,819704,824800,"03/04/23 00:00:00",
13083,1,839626,816806,"03/04/23 00:00:00",
13084,1,840378,820753,"03/04/23 00:00:00",
13085,1,818402,834861,"03/04/23 00:00:00",
13086,1,829032,824308,"03/04/23 00:00:00",
13087,1,838861,832422,"03/04/23 00:00:00",
13088,1,839032,832235,"04/25/24 00:00:00",
13089,1,839559,831876,"03/04/23 00:00:00",
13090,1,839844,831661,"03/04/23 00:00:00",
13091,1,841155,830568,"03/04/23 00:00:00",
13092,1,824928,831927,"03/04/23 00:00:00",
13093,1,821215,833196,"03/04/23 00:00:00",
13094,1,821007,833128,"03/04/23 00:00:00",
13095,1,820444,833171,"03/09/23 00:00:00",
13096,1,820137,833278,"03/04/23 00:00:00",
13097,1,820487,833175,"03/04/23 00:00:00",
13098,1,824926,831755,"03/04/23 00:00:00",
13102,1,819987,824365,"03/04/23 00:00:00",
13103,1,819960,824379,"05/29/23 00:00:00",
13104,1,839135,821249,"03/30/23 00:00:00",
13105,1,839130,821450,"03/04/23 00:00:00",
13106,1,839051,821448,"03/04/23 00:00:00",
13107,1,835956,814460,"03/04/23 00:00:00",
13108,1,840380,820724,"03/04/23 00:00:00",
13110,1,840218,821196,"03/04/23 00:00:00",
13111,1,840919,819750,"03/04/23 00:00:00",
13112,1,840771,819754,"03/04/23 00:00:00",
13113,1,840597,819953,"03/04/23 00:00:00",
13114,1,840762,820058,"03/04/23 00:00:00",
13115,1,831508,839996,"03/04/23 00:00:00",
13116,1,821424,833731,"03/04/23 00:00:00",
13117,1,831100,841175,"03/04/23 00:00:00",
13119,1,828713,823524,"03/04/23 00:00:00",
13120,1,833496,816579,"03/04/23 00:00:00",
13121,1,830872,824728,"03/04/23 00:00:00",
13122,1,841699,831284,"03/04/23 00:00:00",
13123,1,840957,821651,"03/04/23 00:00:00",
13124,1,830875,839336,"03/04/23 00:00:00",
13125,1,842604,831839,"04/25/24 00:00:00",
13126,1,840075,818540,"04/12/24 00:00:00",
13127,1,837559,815078,"03/04/23 00:00:00",
13128,1,838251,826413,"03/04/23 00:00:00",
13129,1,835466,819295,"03/04/23 00:00:00",
13130,1,825666,841503,"01/17/25 00:00:00",
13131,1,825651,841548,"01/17/25 00:00:00",
13132,1,839962,821157,"03/04/23 00:00:00",
13133,1,839201,820842,"06/28/24 00:00:00",
13134,1,832114,840361,"03/04/23 00:00:00",
13135,1,832124,840399,"03/04/23 00:00:00",
13136,1,835339,818874,"03/04/23 00:00:00",
13137,1,835166,818870,"03/04/23 00:00:00",
13138,1,841676,831111,"03/04/23 00:00:00",
13139,1,844039,819823,"03/04/23 00:00:00",
13140,1,843542,810458,"03/04/23 00:00:00",
13141,1,843469,810173,"03/04/23 00:00:00",
13142,1,845618,819969,"03/04/23 00:00:00",
13143,1,837635,820438,"03/04/23 00:00:00",
13144,1,837026,818667,"03/04/23 00:00:00",
13145,1,846198,827705,"03/04/23 00:00:00",
13146,1,846199,827716,"03/04/23 00:00:00",
13147,1,852731,832884,"03/04/23 00:00:00",
13149,1,814379,829762,"12/06/23 00:00:00",
13150,1,837859,827480,"03/04/23 00:00:00",
13151,1,844876,819728,"07/12/23 00:00:00",
13152,1,835218,820168,"03/04/23 00:00:00",
13153,1,828743,823889,"03/04/23 00:00:00",
13154,1,833254,815897,"03/04/23 00:00:00",
13155,1,832051,812714,"03/04/23 00:00:00",
13156,1,836731,826470,"03/04/23 00:00:00",
13157,1,836655,826444,"03/04/23 00:00:00",
13158,1,835862,835616,"03/04/23 00:00:00",
13159,1,839756,835319,"03/04/23 00:00:00",
13160,1,832322,825842,"03/04/23 00:00:00",
13161,1,827863,834047,"03/04/23 00:00:00",
13162,1,833189,821526,"03/04/23 00:00:00",
13164,1,819967,834344,"03/04/23 00:00:00",
13166,1,811552,819360,"03/04/23 00:00:00",
13167,1,831103,824194,"03/04/23 00:00:00",
13169,1,840110,820511,"02/29/24 00:00:00",
13170,1,841432,830629,"03/04/23 00:00:00",
13171,1,837448,815404,"03/04/23 00:00:00",
13315,1,834187,822290,"03/04/23 00:00:00",
13316,1,834335,822152,"03/04/23 00:00:00",
13318,1,822487,824641,"03/04/23 00:00:00",
13319,1,818013,826292,"05/25/23 00:00:00",
13320,1,820989,834580,"03/04/23 00:00:00",
13322,1,832064,822511,"03/04/23 00:00:00",
13324,1,820329,833604,"03/04/23 00:00:00",
13325,1,838880,821096,"03/04/23 00:00:00",
13326,1,838860,821088,"04/21/23 00:00:00",
13327,1,834401,819951,"03/04/23 00:00:00",
13328,1,811842,818383,"03/04/23 00:00:00",
13329,1,838910,823019,"03/04/23 00:00:00",
13330,1,838749,810584,"03/04/23 00:00:00",
13331,1,839984,808937,"03/04/23 00:00:00",
13332,1,838270,821523,"03/04/23 00:00:00",
13333,1,818283,826131,"03/09/23 00:00:00",
13334,1,819686,824838,"03/04/23 00:00:00",
13335,1,820021,824817,"03/04/23 00:00:00",
13336,1,818376,826028,"03/04/23 00:00:00",
13337,1,841795,820311,"03/04/23 00:00:00",
13338,1,815731,830632,"03/04/23 00:00:00",
13339,1,830951,839594,"03/04/23 00:00:00",
13341,1,834994,818696,"03/04/23 00:00:00",
13342,1,835202,818341,"03/04/23 00:00:00",
13345,1,812957,819701,"09/18/23 00:00:00",
13346,1,812923,819828,"03/04/23 00:00:00",
13347,1,811156,815543,"05/12/23 00:00:00",
13348,1,831093,823949,"03/04/23 00:00:00",
13349,1,821213,834695,"03/04/23 00:00:00",
13350,1,821259,834433,"03/04/23 00:00:00",
13351,1,839156,821158,"03/04/23 00:00:00",
13352,1,839599,821388,"03/04/23 00:00:00",
13353,1,818544,834070,"03/04/23 00:00:00",
13354,1,819104,818363,"03/04/23 00:00:00",
13355,1,819157,818420,"03/04/23 00:00:00",
13356,1,819147,818555,"03/04/23 00:00:00",
13357,1,833677,838427,"02/29/24 00:00:00",
13358,1,831343,841024,"03/04/23 00:00:00",
13359,1,815688,826927,"12/31/24 00:00:00",
13360,1,846127,815741,"03/04/23 00:00:00",
13362,1,833893,845485,"03/04/23 00:00:00",
13363,1,833874,845494,"03/04/23 00:00:00",
13364,1,835442,817694,"03/04/23 00:00:00",
13365,1,833392,820945,"03/04/23 00:00:00",
13366,1,832953,821203,"07/24/23 00:00:00",
13367,1,833882,821270,"03/04/23 00:00:00",
13368,1,837431,827116,"03/04/23 00:00:00",
13369,1,841119,829585,"03/04/23 00:00:00",
13370,1,841577,830956,"03/04/23 00:00:00",
13371,1,842110,818734,"03/04/23 00:00:00",
13372,1,819669,824847,"03/04/23 00:00:00",
13373,1,820050,824301,"02/29/24 00:00:00",
13374,1,837489,813976,"03/04/23 00:00:00",
13375,1,835683,824835,"03/04/23 00:00:00",
13376,1,819949,824393,"03/04/23 00:00:00",
13377,1,834892,824402,"03/04/23 00:00:00",
13378,1,834816,824550,"03/04/23 00:00:00",
13379,1,832260,826900,"03/04/23 00:00:00",
13380,1,832218,826957,"03/04/23 00:00:00",
13381,1,838807,826891,"03/04/23 00:00:00",
13384,1,835530,833820,"03/04/23 00:00:00",
13385,1,830947,839767,"03/04/23 00:00:00",
13386,1,838121,822434,"03/23/23 00:00:00",
13387,1,840869,818734,"03/04/23 00:00:00",
13388,1,815347,828447,"03/04/23 00:00:00",
13389,1,824588,831229,"03/04/23 00:00:00",
13390,1,824692,831292,"03/04/23 00:00:00",
13391,1,820424,834624,"03/04/23 00:00:00",
13392,1,839634,827697,"03/04/23 00:00:00",
13393,1,831306,824150,"03/04/23 00:00:00",
13394,1,848779,828082,"03/04/23 00:00:00",
13395,1,833031,821117,"07/24/23 00:00:00",
13396,1,811820,816802,"11/13/23 00:00:00",
13398,1,840188,819656,"03/04/23 00:00:00",
13399,1,821261,834471,"03/04/23 00:00:00",
13400,1,821090,834694,"03/04/23 00:00:00",
13401,1,817488,832433,"03/04/23 00:00:00",
13402,1,836844,818684,"03/04/23 00:00:00",
13403,1,835387,819303,"03/04/23 00:00:00",
13404,1,836104,821446,"03/04/23 00:00:00",
13405,1,838145,822017,"03/04/23 00:00:00",
13408,1,840253,821037,"03/04/23 00:00:00",
13409,1,830624,824396,"03/04/23 00:00:00",
13410,1,830417,824686,"03/04/23 00:00:00",
13413,1,843024,814892,"07/03/23 00:00:00",
13414,1,837444,819264,"03/04/23 00:00:00",
13415,1,837655,818754,"03/04/23 00:00:00",
13416,1,837819,819991,"03/30/23 00:00:00",
13417,1,838840,822120,"03/04/23 00:00:00",
13418,1,842888,840828,"03/04/23 00:00:00",
13419,1,842947,840699,"03/04/23 00:00:00",
13420,1,838781,821191,"03/04/23 00:00:00",
13421,1,839434,819204,"03/04/23 00:00:00",
13422,1,839457,819224,"03/04/23 00:00:00",
13423,1,839932,821358,"12/28/23 00:00:00",
13424,1,842177,817260,"03/04/23 00:00:00",
13425,1,835121,818877,"03/04/23 00:00:00",
10000001,1,837993,828730,"03/04/23 00:00:00",
10000002,1,837625,828872,"03/04/23 00:00:00",
10000003,1,842810,819670,"02/06/25 00:00:00",
10000004,1,832982,822003,"03/04/23 00:00:00",
10000005,1,834009,821564,"03/04/23 00:00:00",
10000006,1,842699,817318,"03/04/23 00:00:00",
10000007,1,812659,825519,"03/04/23 00:00:00",
10000008,1,812788,825508,"03/04/23 00:00:00",
10000009,1,814791,826388,"03/04/23 00:00:00",
10000010,1,814805,826397,"03/04/23 00:00:00",
10000011,1,815174,830412,"03/25/24 00:00:00",
10000012,1,814831,830402,"03/04/23 00:00:00",
10000013,1,815013,830337,"03/04/23 00:00:00",
10000014,1,815334,830549,"03/04/23 00:00:00",
10000015,1,815685,830565,"03/04/23 00:00:00",
10000016,1,840068,830731,"03/04/23 00:00:00",
10000017,1,839162,832142,"03/04/23 00:00:00",
10000018,1,840085,830744,"03/04/23 00:00:00",
10000019,1,845040,819875,"03/04/23 00:00:00",
10000167,1,828590,825770,"03/04/23 00:00:00",
10000168,1,815197,827179,"03/04/23 00:00:00",
10000169,1,821819,833970,"03/04/23 00:00:00",
10000170,1,820863,834454,"03/04/23 00:00:00",
10000171,1,842211,820112,"03/04/23 00:00:00",
10000172,1,831295,824156,"03/04/23 00:00:00",
10000173,1,833926,816306,"03/04/23 00:00:00",
10000174,1,837993,820271,"03/04/23 00:00:00",
10000175,1,820342,833813,"03/04/23 00:00:00",
10000176,1,831188,840260,"03/04/23 00:00:00",
10000177,1,832513,839198,"03/04/23 00:00:00",
10000178,1,830785,840827,"03/04/23 00:00:00",
10000179,1,833927,845804,"03/04/23 00:00:00",
10000180,1,832503,839105,"03/04/23 00:00:00",
10000181,1,837842,822929,"03/04/23 00:00:00",
10000182,1,839281,828070,"03/04/23 00:00:00",
10000183,1,846270,826977,"03/04/23 00:00:00",
10000184,1,841675,819574,"03/04/23 00:00:00",
10000185,1,835478,834874,"03/04/23 00:00:00",
10000186,1,839675,821665,"03/04/23 00:00:00",
10000187,1,821609,833884,"11/20/23 00:00:00",
10000188,1,841412,820918,"03/04/23 00:00:00",
10000189,1,844790,820556,"03/04/23 00:00:00",
10000190,1,832245,838039,"03/04/23 00:00:00",
10000191,1,832396,838271,"03/04/23 00:00:00",
10000192,1,843758,814010,"03/04/23 00:00:00",
10000194,1,840158,820003,"03/04/23 00:00:00",
10000195,1,841008,819399,"03/04/23 00:00:00",
10000196,1,829931,825274,"03/04/23 00:00:00",
10000197,1,832505,822262,"03/04/23 00:00:00",
10000198,1,814085,826492,"03/04/23 00:00:00",
10000199,1,838150,826421,"03/04/23 00:00:00",
10000200,1,835393,821771,"03/04/23 00:00:00",
10000201,1,842367,819755,"03/04/23 00:00:00",
10000202,1,839549,816934,"03/04/23 00:00:00",
10000203,1,839918,821043,"03/07/23 00:00:00",
10000204,1,839756,816361,"03/09/23 00:00:00",
10000205,1,838960,823276,"05/14/24 00:00:00",
10000206,1,829063,822486,"03/19/23 00:00:00",
10000207,1,829078,822555,"03/19/23 00:00:00",
10000219,1,812730,817520,"03/27/23 00:00:00",
10000220,1,812559,817408,"03/27/23 00:00:00",
10000222,1,839103,820974,"04/01/23 00:00:00",
10000223,1,839089,820990,"04/01/23 00:00:00",
10000224,1,837468,826961,"04/02/23 00:00:00",
10000225,1,824095,823602,"03/31/23 00:00:00",
10000226,1,829597,825481,"03/31/23 00:00:00",
10000227,1,833651,821111,"04/23/23 00:00:00",
10000228,1,838853,821692,"04/23/23 00:00:00",
10000229,1,838834,821706,"04/22/23 00:00:00",
10000230,1,838021,822725,"04/29/23 00:00:00",
10000231,1,811096,815531,"05/12/23 00:00:00",
10000233,1,831188,824981,"07/06/23 00:00:00",
10000234,1,820332,833360,"07/10/23 00:00:00",
10000235,1,833184,821994,"07/13/23 00:00:00",
10000236,1,833363,822061,"07/13/23 00:00:00",
10000237,1,835833,835753,"08/12/23 00:00:00",
10000238,1,835850,835545,"08/12/23 00:00:00",
10000239,1,835693,835745,"08/12/23 00:00:00",
10000242,1,838766,821179,"08/17/23 00:00:00",
10000243,1,819337,817823,"08/25/23 00:00:00",
10000244,1,817712,833080,"09/25/23 00:00:00",
10000245,1,836516,816000,"09/30/23 00:00:00",
10000246,1,838261,828620,"10/09/23 00:00:00",
10000247,1,835208,818330,"10/13/23 00:00:00",
10000248,1,815552,828092,"10/16/23 00:00:00",
10000249,1,834926,815991,"11/02/23 00:00:00",
10000250,1,841568,815765,"11/09/23 00:00:00",
10000251,1,833250,821479,"11/10/23 00:00:00",
10000252,1,841694,818397,"11/13/23 00:00:00",
10000253,1,841724,818293,"11/13/23 00:00:00",
10000254,1,812858,817156,"11/14/23 00:00:00",
10000255,1,806887,811788,"11/14/23 00:00:00",
10000256,1,833127,821941,"11/17/23 00:00:00",
10000257,1,821535,833889,"11/20/23 00:00:00",
10000258,1,811990,819750,"11/26/23 00:00:00",
10000259,1,812560,817399,"11/25/23 00:00:00",
10000260,1,838855,826468,"12/01/23 00:00:00",
10000262,1,806922,811865,"12/07/23 00:00:00",
10000263,1,806823,811839,"12/07/23 00:00:00",
10000264,1,843950,820673,"12/18/23 00:00:00",
10000265,1,832428,839249,"12/19/23 00:00:00",
10000268,1,841581,817892,"01/02/24 00:00:00",
10000269,1,838969,822097,"01/06/24 00:00:00",
10000271,1,824308,823239,"02/09/24 00:00:00",
10000275,1,836175,835946,"02/28/24 00:00:00",
10000276,1,838421,821324,"02/26/24 00:00:00",
10000278,1,840120,820399,"03/01/24 00:00:00",
10000279,1,840883,818967,"03/04/24 00:00:00",
10000280,1,840852,818974,"03/04/24 00:00:00",
10000281,1,839514,822508,"03/08/24 00:00:00",
10000282,1,839504,822546,"03/07/24 00:00:00",
10000283,1,838910,832053,"03/09/24 00:00:00",
10000285,1,835013,815511,"03/28/24 00:00:00",
10000286,1,835005,815587,"03/29/24 00:00:00",
10000287,1,811885,815722,"04/22/24 00:00:00",
10000288,1,845427,831972,"04/28/24 00:00:00",
10000289,1,841428,830441,"06/15/24 00:00:00",
10000290,1,841153,830274,"06/16/24 00:00:00",
10000292,1,814986,827669,"06/23/24 00:00:00",
10000293,1,814839,827793,"06/23/24 00:00:00",
10000294,1,815129,828047,"07/02/24 00:00:00",
10000295,1,836179,835926,"08/26/24 00:00:00",
10000296,1,845105,821922,"09/03/24 00:00:00",
10000297,1,845141,821642,"09/03/24 00:00:00",
10000298,1,816669,826213,"09/25/24 00:00:00",
10000299,1,828245,832302,"10/15/24 00:00:00",
10000300,1,828239,832308,"10/15/24 00:00:00",
10000301,1,838576,821498,"10/15/24 00:00:00",
10000302,1,829138,822655,"11/03/24 00:00:00",
10000303,1,834354,818046,"12/04/24 00:00:00",
10000304,1,832095,812804,"12/11/24 00:00:00",
10000305,1,832361,812601,"12/11/24 00:00:00",
10000306,1,831277,816058,"12/11/24 00:00:00",
10000307,1,843718,813819,"01/07/25 00:00:00",
10000308,1,838960,819635,"01/13/25 00:00:00",
