COMBINATION,MEAN_NO_STOPS,MEAN_DISTANCE,COUNT,STOP_COUNT,STOP_COUNT_UNIQUE,AREA,DENSITY,DENSITY_UNIQUE,DENSITY*10000,DENSITY_UNIQUE*100000,LIVING POPULATION,WORKING POPULATION,BUILDING NUMBER,ESTIMATED EMPLOYED POPULATION,MEDIAN MONTHLY INCOME,NEXT STOP_COUNT,NEXT STOP_COUNT_UNIQUE,NEXT AREA,NEXT DENSITY,NEXT DENSITY_UNIQUE,NEXT DENSITY*10000,NEXT DENSITY_UNIQUE*100000,NEXT LIVING POPULATION,NEXT WORKING POPULATION,NEXT BUILDING NUMBER,NEXT ESTIMATED EMPLOYED POPULATION,NEXT MEDIAN MONTHLY INCOME,MEAN_PRICE
Central -> Central,12.180993193849256,5.068393322122259,3967,3406.0,432.0,8299264.499,0.000410398,5.20528e-05,4.10397813,5.205280541,110720.0,55452.0,6706.0,110720.0,42600.0,3406.0,432.0,8299264.499,0.000410398,5.20528e-05,4.10397813,5.205280541,110720.0,55452.0,6706.0,110720.0,42600.0,9.20524325686917
Central -> Chai Wan,19.054607508532424,13.015585127774745,293,3406.0,432.0,8299264.499,0.000410398,5.20528e-05,4.10397813,5.205280541,110720.0,55452.0,6706.0,110720.0,42600.0,1483.0,185.0,9201905.88,0.000161162,2.01045e-05,1.611622657,2.010453078,168675.0,84793.0,1280.0,168675.0,33800.0,10.35494880546075
Central -> Hong Wan,16.134959349593498,10.827873221487806,615,3406.0,432.0,8299264.499,0.000410398,5.20528e-05,4.10397813,5.205280541,110720.0,55452.0,6706.0,110720.0,42600.0,1508.0,147.0,5131674.172,0.000293861,2.86456e-05,2.938612136,2.864562228,187331.0,78902.0,1332.0,187331.0,33800.0,8.652357723577236
Central -> Islands,11.214285714285714,35.47999523313865,238,3406.0,432.0,8299264.499,0.000410398,5.20528e-05,4.10397813,5.205280541,110720.0,55452.0,6706.0,110720.0,42600.0,4309.0,252.0,182280000.0,2.36395e-05,1.38249e-06,0.236394558,0.138248848,185282.0,93368.0,20858.0,185282.0,31500.0,22.268067226890757
Central -> Kowloon City North,15.953900709219859,10.49346804222695,282,3406.0,432.0,8299264.499,0.000410398,5.20528e-05,4.10397813,5.205280541,110720.0,55452.0,6706.0,110720.0,42600.0,2184.0,369.0,6927610.313,0.00031526,5.32651e-05,3.15260227,5.326512077,200330.0,107366.0,3726.0,200330.0,30700.0,15.848936170212765
Central -> Kowloon City South,13.358288770053475,9.246129193347594,187,3406.0,432.0,8299264.499,0.000410398,5.20528e-05,4.10397813,5.205280541,110720.0,55452.0,6706.0,110720.0,42600.0,1256.0,245.0,3082389.687,0.000407476,7.94838e-05,4.074760584,7.948378527,210304.0,96598.0,2009.0,210304.0,30700.0,15.405347593582887
Central -> Kwai Chung East,9.87719298245614,14.0178057375731,171,3406.0,432.0,8299264.499,0.000410398,5.20528e-05,4.10397813,5.205280541,110720.0,55452.0,6706.0,110720.0,42600.0,1199.0,144.0,5774688.358,0.00020763,2.49364e-05,2.076302522,2.49364106,161785.0,62396.0,2259.0,161785.0,26000.0,21.385964912280702
Central -> Kwai Chung West,10.41095890410959,13.660422294739726,219,3406.0,432.0,8299264.499,0.000410398,5.20528e-05,4.10397813,5.205280541,110720.0,55452.0,6706.0,110720.0,42600.0,1079.0,187.0,7109884.208,0.000151761,2.63014e-05,1.517605587,2.630141287,154432.0,86916.0,1358.0,154432.0,26000.0,23.361643835616437
Central -> Kwun Tong Central,16.748344370860927,12.793069766741722,151,3406.0,432.0,8299264.499,0.000410398,5.20528e-05,4.10397813,5.205280541,110720.0,55452.0,6706.0,110720.0,42600.0,1827.0,225.0,3044793.15,0.000600041,7.38966e-05,6.000407614,7.389664549,170206.0,106392.0,1421.0,170206.0,24000.0,15.350993377483444
Central -> Kwun Tong North,22.348148148148148,14.703824048577777,135,3406.0,432.0,8299264.499,0.000410398,5.20528e-05,4.10397813,5.205280541,110720.0,55452.0,6706.0,110720.0,42600.0,1022.0,168.0,2334159.008,0.000437845,7.19745e-05,4.378450639,7.197453105,164725.0,58119.0,434.0,164725.0,24000.0,15.228148148148149
Central -> Kwun Tong Southeast,15.819444444444445,12.492943218438889,360,3406.0,432.0,8299264.499,0.000410398,5.20528e-05,4.10397813,5.205280541,110720.0,55452.0,6706.0,110720.0,42600.0,942.0,117.0,3181450.074,0.000296091,3.67757e-05,2.96091398,3.677568319,163357.0,92725.0,1534.0,163357.0,24000.0,16.095555555555556
Central -> Kwun Tong West,20.955223880597014,14.257965937104478,134,3406.0,432.0,8299264.499,0.000410398,5.20528e-05,4.10397813,5.205280541,110720.0,55452.0,6706.0,110720.0,42600.0,1513.0,204.0,2719597.768,0.000556332,7.50111e-05,5.5633227,7.501109259,174878.0,55701.0,1073.0,174878.0,24000.0,14.461194029850747
Central -> Sai Kung and Hang Hau,22.46153846153846,17.356052039043956,91,3406.0,432.0,8299264.499,0.000410398,5.20528e-05,4.10397813,5.205280541,110720.0,55452.0,6706.0,110720.0,42600.0,1722.0,307.0,129680000.0,1.32788e-05,2.36737e-06,0.132788402,0.236736582,157505.0,75963.0,22406.0,157505.0,40400.0,23.646153846153847
Central -> Sha Tin East,19.248175182481752,20.98381144209124,274,3406.0,432.0,8299264.499,0.000410398,5.20528e-05,4.10397813,5.205280541,110720.0,55452.0,6706.0,110720.0,42600.0,1790.0,208.0,24843458.54,7.20512e-05,8.37243e-06,0.720511597,0.837242527,169545.0,70694.25,3266.0,169545.0,30500.0,27.247810218978103
Central -> Sha Tin North,16.733870967741936,26.342860543205646,248,3406.0,432.0,8299264.499,0.000410398,5.20528e-05,4.10397813,5.205280541,110720.0,55452.0,6706.0,110720.0,42600.0,1053.0,129.0,2824329.844,0.000372832,4.56746e-05,3.728318072,4.567455188,172770.0,105017.0,1312.0,172770.0,30500.0,26.364516129032257
Central -> Sha Tin South,15.028409090909092,16.296414562488636,176,3406.0,432.0,8299264.499,0.000410398,5.20528e-05,4.10397813,5.205280541,110720.0,55452.0,6706.0,110720.0,42600.0,1099.0,152.0,9545575.388,0.000115132,1.59236e-05,1.151318758,1.592360794,171916.0,58856.75,2705.0,171916.0,30500.0,23.69545454545454
Central -> Sha Tin West,9.912751677852349,19.11564568146309,149,3406.0,432.0,8299264.499,0.000410398,5.20528e-05,4.10397813,5.205280541,110720.0,55452.0,6706.0,110720.0,42600.0,1612.0,207.0,31506636.23,5.11638e-05,6.57004e-06,0.511638243,0.657004443,178575.0,106037.0,7389.0,178575.0,30500.0,19.640268456375836
Central -> Sham Shui Po East,15.285714285714286,10.209936880571428,105,3406.0,432.0,8299264.499,0.000410398,5.20528e-05,4.10397813,5.205280541,110720.0,55452.0,6706.0,110720.0,42600.0,1569.0,235.0,4642605.795,0.000337957,5.06181e-05,3.379567573,5.061812491,212957.0,126435.0,2477.0,212957.0,24100.0,12.496190476190476
Central -> Sham Shui Po West,14.08294930875576,10.85951580076037,217,3406.0,432.0,8299264.499,0.000410398,5.20528e-05,4.10397813,5.205280541,110720.0,55452.0,6706.0,110720.0,42600.0,1507.0,179.0,4717394.205,0.000319456,3.79447e-05,3.194560248,3.794467713,218133.0,77638.0,1616.0,218133.0,24100.0,14.163594470046084
Central -> Southern District Northwest,14.519179004037685,5.813229293712988,2972,3406.0,432.0,8299264.499,0.000410398,5.20528e-05,4.10397813,5.205280541,110720.0,55452.0,6706.0,110720.0,42600.0,1801.0,220.0,5182184.495,0.000347537,4.24531e-05,3.475368354,4.245313925,128849.0,67695.0,2855.0,128849.0,36000.0,8.032099596231493
Central -> Southern District Southeast,19.80135135135135,10.049675709156757,1480,3406.0,432.0,8299264.499,0.000410398,5.20528e-05,4.10397813,5.205280541,110720.0,55452.0,6706.0,110720.0,42600.0,2667.0,249.0,33657815.5,7.92387e-05,7.39798e-06,0.792386541,0.739798458,134429.0,68061.0,8608.0,134429.0,36000.0,7.853783783783784
Central -> Tai Pak,16.22076124567474,6.869729616620069,1445,3406.0,432.0,8299264.499,0.000410398,5.20528e-05,4.10397813,5.205280541,110720.0,55452.0,6706.0,110720.0,42600.0,1821.0,178.0,3656419.948,0.000498028,4.86815e-05,4.98028133,4.868149789,173597.0,106141.0,1412.0,173597.0,33800.0,10.738823529411764
Central -> Tai Po North,11.23913043478261,32.16241312608695,46,3406.0,432.0,8299264.499,0.000410398,5.20528e-05,4.10397813,5.205280541,110720.0,55452.0,6706.0,110720.0,42600.0,1367.0,236.0,94726850.56,1.4431e-05,2.49137e-06,0.144309664,0.249137387,157446.0,125595.0,16400.0,157446.0,31700.0,27.3
Central -> Tai Po South,10.083333333333334,25.61070015715,60,3406.0,432.0,8299264.499,0.000410398,5.20528e-05,4.10397813,5.205280541,110720.0,55452.0,6706.0,110720.0,42600.0,1413.0,187.0,41403149.44,3.41278e-05,4.51656e-06,0.341278386,0.451656462,159024.0,32241.0,14539.0,159024.0,31700.0,23.790000000000003
Central -> Tin Shui Wai South and Ping Ha,8.637130801687764,34.994651645295356,237,3406.0,432.0,8299264.499,0.000410398,5.20528e-05,4.10397813,5.205280541,110720.0,55452.0,6706.0,110720.0,42600.0,1309.0,215.0,47324621.53,2.766e-05,4.54309e-06,0.276600205,0.454308969,153669.0,88248.5,22348.0,153669.0,30100.0,27.3
Central -> Tseung Kwan O North,26.5,18.561579112904763,84,3406.0,432.0,8299264.499,0.000410398,5.20528e-05,4.10397813,5.205280541,110720.0,55452.0,6706.0,110720.0,42600.0,776.0,108.0,1580069.556,0.000491118,6.83514e-05,4.911176202,6.835142137,158568.0,98589.0,444.0,158568.0,40400.0,23.34166666666667
Central -> Tseung Kwan O South,38.0,23.505413786000002,21,3406.0,432.0,8299264.499,0.000410398,5.20528e-05,4.10397813,5.205280541,110720.0,55452.0,6706.0,110720.0,42600.0,517.0,59.0,3125142.442,0.000165432,1.88791e-05,1.654324594,1.887913946,172964.0,98736.0,735.0,172964.0,40400.0,27.300000000000004
Central -> Tsing Yi,11.0,16.0556422783125,64,3406.0,432.0,8299264.499,0.000410398,5.20528e-05,4.10397813,5.205280541,110720.0,55452.0,6706.0,110720.0,42600.0,985.0,142.0,10455427.43,9.42094e-05,1.35815e-05,0.942094435,1.358146292,179581.0,84461.0,2054.0,179581.0,26000.0,20.8
Central -> Tsuen Wan Northwest,9.528052805280527,20.17158082259736,303,3406.0,432.0,8299264.499,0.000410398,5.20528e-05,4.10397813,5.205280541,110720.0,55452.0,6706.0,110720.0,42600.0,1403.0,103.0,44481122.31,3.15415e-05,2.31559e-06,0.315414703,0.231558906,156114.0,73570.0,4949.0,156114.0,34400.0,26.50825082508251
Central -> Tsuen Wan Southeast,15.289156626506024,16.06068478561446,166,3406.0,432.0,8299264.499,0.000410398,5.20528e-05,4.10397813,5.205280541,110720.0,55452.0,6706.0,110720.0,42600.0,991.0,128.0,17438877.69,5.68271e-05,7.33992e-06,0.568270515,0.733992189,163980.0,90229.0,4243.0,163980.0,34400.0,21.47590361445783
Central -> Tuen Mun East,15.723469387755102,28.711581686155103,980,3406.0,432.0,8299264.499,0.000410398,5.20528e-05,4.10397813,5.205280541,110720.0,55452.0,6706.0,110720.0,42600.0,1510.0,113.0,33427312.32,4.51726e-05,3.38047e-06,0.451726416,0.338046921,168080.0,59671.0,6093.0,168080.0,26500.0,27.36387755102041
Central -> Tuen Mun North,11.852941176470589,34.4840035498,170,3406.0,432.0,8299264.499,0.000410398,5.20528e-05,4.10397813,5.205280541,110720.0,55452.0,6706.0,110720.0,42600.0,780.0,109.0,18692705.38,4.17275e-05,5.83115e-06,0.417275073,0.583115166,170790.0,104074.0,10271.0,170790.0,26500.0,25.288235294117648
Central -> Tuen Mun West,17.562248995983936,34.30965200181526,249,3406.0,432.0,8299264.499,0.000410398,5.20528e-05,4.10397813,5.205280541,110720.0,55452.0,6706.0,110720.0,42600.0,587.0,86.0,33729982.3,1.74029e-05,2.54966e-06,0.174029146,0.25496604,168009.0,83305.0,3482.0,168009.0,26500.0,26.222489959839358
Central -> Wan Chai,11.818546365914788,4.966885531597327,5985,3406.0,432.0,8299264.499,0.000410398,5.20528e-05,4.10397813,5.205280541,110720.0,55452.0,6706.0,110720.0,42600.0,3357.0,430.0,10560000.0,0.000317898,4.07197e-05,3.178977273,4.071969697,166695.0,92238.0,4550.0,166695.0,40500.0,10.250409356725145
Central -> Western,11.370414201183433,4.226487432420119,845,3406.0,432.0,8299264.499,0.000410398,5.20528e-05,4.10397813,5.205280541,110720.0,55452.0,6706.0,110720.0,42600.0,1187.0,165.0,4250735.501,0.000279246,3.88168e-05,2.792457916,3.881681181,125233.0,75343.0,2064.0,125233.0,42600.0,7.085680473372781
Central -> Wong Tai Sin East,21.382978723404257,12.47306452880851,94,3406.0,432.0,8299264.499,0.000410398,5.20528e-05,4.10397813,5.205280541,110720.0,55452.0,6706.0,110720.0,42600.0,1475.0,207.0,4613986.574,0.00031968,4.48636e-05,3.196801673,4.486358958,188218.0,127397.0,1185.0,188218.0,25100.0,13.890425531914895
Central -> Wong Tai Sin West,23.3,13.286109817425,120,3406.0,432.0,8299264.499,0.000410398,5.20528e-05,4.10397813,5.205280541,110720.0,55452.0,6706.0,110720.0,42600.0,896.0,223.0,4688620.344,0.000191101,4.7562e-05,1.911009922,4.75619657,218584.0,65217.0,844.0,218584.0,25100.0,13.220833333333333
Central -> Wu Tip Shan,11.088235294117647,34.10996144567647,34,3406.0,432.0,8299264.499,0.000410398,5.20528e-05,4.10397813,5.205280541,110720.0,55452.0,6706.0,110720.0,42600.0,1448.0,161.0,21829748.23,6.63315e-05,7.37526e-06,0.663315025,0.737525684,150468.0,93658.0,15003.0,150468.0,25500.0,27.873529411764704
Central -> Yau Tsim Mong North,10.244444444444444,8.055192128185185,135,3406.0,432.0,8299264.499,0.000410398,5.20528e-05,4.10397813,5.205280541,110720.0,55452.0,6706.0,110720.0,42600.0,1629.0,178.0,2165712.207,0.000752178,8.21901e-05,7.52177503,8.21900525,168265.0,97426.0,3002.0,168265.0,30700.0,12.502962962962963
Central -> Yau Tsim Mong South,6.1036363636363635,9.045909201545454,550,3406.0,432.0,8299264.499,0.000410398,5.20528e-05,4.10397813,5.205280541,110720.0,55452.0,6706.0,110720.0,42600.0,3027.0,209.0,4824287.793,0.00062745,4.33225e-05,6.274501294,4.33224569,142382.0,65279.0,4418.0,142382.0,30700.0,19.79054545454545
Central -> Yuen Long Rural East,7.616883116883117,25.936902615318182,154,3406.0,432.0,8299264.499,0.000410398,5.20528e-05,4.10397813,5.205280541,110720.0,55452.0,6706.0,110720.0,42600.0,1696.0,306.0,83591131.06,2.02892e-05,3.66068e-06,0.202892338,0.366067543,170741.0,90494.0,72943.0,170741.0,30100.0,27.313636363636366
Central -> Yuen Long Town Centre,7.0,28.5157719625,16,3406.0,432.0,8299264.499,0.000410398,5.20528e-05,4.10397813,5.205280541,110720.0,55452.0,6706.0,110720.0,42600.0,825.0,110.0,5113531.676,0.000161337,2.15116e-05,1.613366362,2.15115515,160142.0,65596.0,7135.0,160142.0,30100.0,27.0
Chai Wan -> Central,18.39423076923077,11.563551150465385,520,1483.0,185.0,9201905.88,0.000161162,2.01045e-05,1.611622657,2.010453078,168675.0,84793.0,1280.0,168675.0,33800.0,3406.0,432.0,8299264.499,0.000410398,5.20528e-05,4.10397813,5.205280541,110720.0,55452.0,6706.0,110720.0,42600.0,10.583653846153846
Chai Wan -> Chai Wan,11.942807625649912,5.3764349125829005,1731,1483.0,185.0,9201905.88,0.000161162,2.01045e-05,1.611622657,2.010453078,168675.0,84793.0,1280.0,168675.0,33800.0,1483.0,185.0,9201905.88,0.000161162,2.01045e-05,1.611622657,2.010453078,168675.0,84793.0,1280.0,168675.0,33800.0,8.019352975158867
Chai Wan -> Hong Wan,15.039492753623188,5.68616457596558,2760,1483.0,185.0,9201905.88,0.000161162,2.01045e-05,1.611622657,2.010453078,168675.0,84793.0,1280.0,168675.0,33800.0,1508.0,147.0,5131674.172,0.000293861,2.86456e-05,2.938612136,2.864562228,187331.0,78902.0,1332.0,187331.0,33800.0,11.276920289855072
Chai Wan -> Kowloon City North,24.727272727272727,15.717138964420455,352,1483.0,185.0,9201905.88,0.000161162,2.01045e-05,1.611622657,2.010453078,168675.0,84793.0,1280.0,168675.0,33800.0,2184.0,369.0,6927610.313,0.00031526,5.32651e-05,3.15260227,5.326512077,200330.0,107366.0,3726.0,200330.0,30700.0,13.263636363636364
Chai Wan -> Kowloon City South,20.666666666666668,13.918259200940172,117,1483.0,185.0,9201905.88,0.000161162,2.01045e-05,1.611622657,2.010453078,168675.0,84793.0,1280.0,168675.0,33800.0,1256.0,245.0,3082389.687,0.000407476,7.94838e-05,4.074760584,7.948378527,210304.0,96598.0,2009.0,210304.0,30700.0,12.9
Chai Wan -> Kwun Tong Central,19.801526717557252,12.72708134123664,131,1483.0,185.0,9201905.88,0.000161162,2.01045e-05,1.611622657,2.010453078,168675.0,84793.0,1280.0,168675.0,33800.0,1827.0,225.0,3044793.15,0.000600041,7.38966e-05,6.000407614,7.389664549,170206.0,106392.0,1421.0,170206.0,24000.0,13.723664122137404
Chai Wan -> Kwun Tong North,27.705882352941178,15.844696502235294,187,1483.0,185.0,9201905.88,0.000161162,2.01045e-05,1.611622657,2.010453078,168675.0,84793.0,1280.0,168675.0,33800.0,1022.0,168.0,2334159.008,0.000437845,7.19745e-05,4.378450639,7.197453105,164725.0,58119.0,434.0,164725.0,24000.0,11.776470588235295
Chai Wan -> Kwun Tong Southeast,17.25657894736842,10.809835902296053,152,1483.0,185.0,9201905.88,0.000161162,2.01045e-05,1.611622657,2.010453078,168675.0,84793.0,1280.0,168675.0,33800.0,942.0,117.0,3181450.074,0.000296091,3.67757e-05,2.96091398,3.677568319,163357.0,92725.0,1534.0,163357.0,24000.0,16.593421052631577
Chai Wan -> Kwun Tong West,20.87272727272727,15.07416393589091,55,1483.0,185.0,9201905.88,0.000161162,2.01045e-05,1.611622657,2.010453078,168675.0,84793.0,1280.0,168675.0,33800.0,1513.0,204.0,2719597.768,0.000556332,7.50111e-05,5.5633227,7.501109259,174878.0,55701.0,1073.0,174878.0,24000.0,14.185454545454546
Chai Wan -> Sai Kung and Hang Hau,19.75,16.581097288795455,132,1483.0,185.0,9201905.88,0.000161162,2.01045e-05,1.611622657,2.010453078,168675.0,84793.0,1280.0,168675.0,33800.0,1722.0,307.0,129680000.0,1.32788e-05,2.36737e-06,0.132788402,0.236736582,157505.0,75963.0,22406.0,157505.0,40400.0,17.8
Chai Wan -> Sha Tin East,24.16867469879518,23.41479141468976,332,1483.0,185.0,9201905.88,0.000161162,2.01045e-05,1.611622657,2.010453078,168675.0,84793.0,1280.0,168675.0,33800.0,1790.0,208.0,24843458.54,7.20512e-05,8.37243e-06,0.720511597,0.837242527,169545.0,70694.25,3266.0,169545.0,30500.0,24.4
Chai Wan -> Sha Tin North,30.068840579710145,29.240142257065216,276,1483.0,185.0,9201905.88,0.000161162,2.01045e-05,1.611622657,2.010453078,168675.0,84793.0,1280.0,168675.0,33800.0,1053.0,129.0,2824329.844,0.000372832,4.56746e-05,3.728318072,4.567455188,172770.0,105017.0,1312.0,172770.0,30500.0,24.694202898550724
Chai Wan -> Sha Tin South,32.5,27.152637590545453,22,1483.0,185.0,9201905.88,0.000161162,2.01045e-05,1.611622657,2.010453078,168675.0,84793.0,1280.0,168675.0,33800.0,1099.0,152.0,9545575.388,0.000115132,1.59236e-05,1.151318758,1.592360794,171916.0,58856.75,2705.0,171916.0,30500.0,24.4
Chai Wan -> Sha Tin West,20.0,27.178944443953846,65,1483.0,185.0,9201905.88,0.000161162,2.01045e-05,1.611622657,2.010453078,168675.0,84793.0,1280.0,168675.0,33800.0,1612.0,207.0,31506636.23,5.11638e-05,6.57004e-06,0.511638243,0.657004443,178575.0,106037.0,7389.0,178575.0,30500.0,27.8
Chai Wan -> Sham Shui Po East,16.5,15.955893524104763,210,1483.0,185.0,9201905.88,0.000161162,2.01045e-05,1.611622657,2.010453078,168675.0,84793.0,1280.0,168675.0,33800.0,1569.0,235.0,4642605.795,0.000337957,5.06181e-05,3.379567573,5.061812491,212957.0,126435.0,2477.0,212957.0,24100.0,14.533333333333333
Chai Wan -> Sham Shui Po West,20.5,17.270347407460317,126,1483.0,185.0,9201905.88,0.000161162,2.01045e-05,1.611622657,2.010453078,168675.0,84793.0,1280.0,168675.0,33800.0,1507.0,179.0,4717394.205,0.000319456,3.79447e-05,3.194560248,3.794467713,218133.0,77638.0,1616.0,218133.0,24100.0,14.533333333333333
Chai Wan -> Southern District Northwest,18.5,16.7066132251,150,1483.0,185.0,9201905.88,0.000161162,2.01045e-05,1.611622657,2.010453078,168675.0,84793.0,1280.0,168675.0,33800.0,1801.0,220.0,5182184.495,0.000347537,4.24531e-05,3.475368354,4.245313925,128849.0,67695.0,2855.0,128849.0,36000.0,16.4
Chai Wan -> Southern District Southeast,11.774647887323944,8.336520883669655,781,1483.0,185.0,9201905.88,0.000161162,2.01045e-05,1.611622657,2.010453078,168675.0,84793.0,1280.0,168675.0,33800.0,2667.0,249.0,33657815.5,7.92387e-05,7.39798e-06,0.792386541,0.739798458,134429.0,68061.0,8608.0,134429.0,36000.0,8.550064020486555
Chai Wan -> Tai Pak,20.731543624161073,7.6193954426076065,2235,1483.0,185.0,9201905.88,0.000161162,2.01045e-05,1.611622657,2.010453078,168675.0,84793.0,1280.0,168675.0,33800.0,1821.0,178.0,3656419.948,0.000498028,4.86815e-05,4.98028133,4.868149789,173597.0,106141.0,1412.0,173597.0,33800.0,9.898255033557046
Chai Wan -> Tai Po North,29.955223880597014,33.78228901938806,67,1483.0,185.0,9201905.88,0.000161162,2.01045e-05,1.611622657,2.010453078,168675.0,84793.0,1280.0,168675.0,33800.0,1367.0,236.0,94726850.56,1.4431e-05,2.49137e-06,0.144309664,0.249137387,157446.0,125595.0,16400.0,157446.0,31700.0,26.638805970149253
Chai Wan -> Tai Po South,26.0,31.906118425820512,78,1483.0,185.0,9201905.88,0.000161162,2.01045e-05,1.611622657,2.010453078,168675.0,84793.0,1280.0,168675.0,33800.0,1413.0,187.0,41403149.44,3.41278e-05,4.51656e-06,0.341278386,0.451656462,159024.0,32241.0,14539.0,159024.0,31700.0,27.8
Chai Wan -> Tseung Kwan O North,22.0,17.07588905987879,33,1483.0,185.0,9201905.88,0.000161162,2.01045e-05,1.611622657,2.010453078,168675.0,84793.0,1280.0,168675.0,33800.0,776.0,108.0,1580069.556,0.000491118,6.83514e-05,4.911176202,6.835142137,158568.0,98589.0,444.0,158568.0,40400.0,17.8
Chai Wan -> Tseung Kwan O South,25.5,20.43176513537879,66,1483.0,185.0,9201905.88,0.000161162,2.01045e-05,1.611622657,2.010453078,168675.0,84793.0,1280.0,168675.0,33800.0,517.0,59.0,3125142.442,0.000165432,1.88791e-05,1.654324594,1.887913946,172964.0,98736.0,735.0,172964.0,40400.0,17.8
Chai Wan -> Wan Chai,19.30300187617261,9.893346837363039,1066,1483.0,185.0,9201905.88,0.000161162,2.01045e-05,1.611622657,2.010453078,168675.0,84793.0,1280.0,168675.0,33800.0,3357.0,430.0,10560000.0,0.000317898,4.07197e-05,3.178977273,4.071969697,166695.0,92238.0,4550.0,166695.0,40500.0,8.456472795497186
Chai Wan -> Western,31.425925925925927,14.714633559518518,216,1483.0,185.0,9201905.88,0.000161162,2.01045e-05,1.611622657,2.010453078,168675.0,84793.0,1280.0,168675.0,33800.0,1187.0,165.0,4250735.501,0.000279246,3.88168e-05,2.792457916,3.881681181,125233.0,75343.0,2064.0,125233.0,42600.0,10.466666666666665
Chai Wan -> Wong Tai Sin East,32.0,19.059934336373626,91,1483.0,185.0,9201905.88,0.000161162,2.01045e-05,1.611622657,2.010453078,168675.0,84793.0,1280.0,168675.0,33800.0,1475.0,207.0,4613986.574,0.00031968,4.48636e-05,3.196801673,4.486358958,188218.0,127397.0,1185.0,188218.0,25100.0,12.9
Chai Wan -> Wong Tai Sin West,31.166666666666668,18.13303035271795,78,1483.0,185.0,9201905.88,0.000161162,2.01045e-05,1.611622657,2.010453078,168675.0,84793.0,1280.0,168675.0,33800.0,896.0,223.0,4688620.344,0.000191101,4.7562e-05,1.911009922,4.75619657,218584.0,65217.0,844.0,218584.0,25100.0,12.9
Chai Wan -> Yau Tsim Mong North,12.105633802816902,14.498191001760564,142,1483.0,185.0,9201905.88,0.000161162,2.01045e-05,1.611622657,2.010453078,168675.0,84793.0,1280.0,168675.0,33800.0,1629.0,178.0,2165712.207,0.000752178,8.21901e-05,7.52177503,8.21900525,168265.0,97426.0,3002.0,168265.0,30700.0,14.349295774647889
Chai Wan -> Yau Tsim Mong South,10.823529411764707,11.906830407592157,255,1483.0,185.0,9201905.88,0.000161162,2.01045e-05,1.611622657,2.010453078,168675.0,84793.0,1280.0,168675.0,33800.0,3027.0,209.0,4824287.793,0.00062745,4.33225e-05,6.274501294,4.33224569,142382.0,65279.0,4418.0,142382.0,30700.0,14.89372549019608
Chai Wan -> Yuen Long Rural East,25.633333333333333,35.35374559275,60,1483.0,185.0,9201905.88,0.000161162,2.01045e-05,1.611622657,2.010453078,168675.0,84793.0,1280.0,168675.0,33800.0,1696.0,306.0,83591131.06,2.02892e-05,3.66068e-06,0.202892338,0.366067543,170741.0,90494.0,72943.0,170741.0,30100.0,27.6
Hong Wan -> Central,14.472878998609179,9.021630135988874,719,1508.0,147.0,5131674.172,0.000293861,2.86456e-05,2.938612136,2.864562228,187331.0,78902.0,1332.0,187331.0,33800.0,3406.0,432.0,8299264.499,0.000410398,5.20528e-05,4.10397813,5.205280541,110720.0,55452.0,6706.0,110720.0,42600.0,10.24047287899861
Hong Wan -> Chai Wan,13.95203488372093,5.159175797210029,2752,1508.0,147.0,5131674.172,0.000293861,2.86456e-05,2.938612136,2.864562228,187331.0,78902.0,1332.0,187331.0,33800.0,1483.0,185.0,9201905.88,0.000161162,2.01045e-05,1.611622657,2.010453078,168675.0,84793.0,1280.0,168675.0,33800.0,6.298110465116278
Hong Wan -> Hong Wan,22.230676328502415,11.129118564309179,1656,1508.0,147.0,5131674.172,0.000293861,2.86456e-05,2.938612136,2.864562228,187331.0,78902.0,1332.0,187331.0,33800.0,1508.0,147.0,5131674.172,0.000293861,2.86456e-05,2.938612136,2.864562228,187331.0,78902.0,1332.0,187331.0,33800.0,7.5873188405797105
Hong Wan -> Kowloon City North,16.466216216216218,12.786082693969595,296,1508.0,147.0,5131674.172,0.000293861,2.86456e-05,2.938612136,2.864562228,187331.0,78902.0,1332.0,187331.0,33800.0,2184.0,369.0,6927610.313,0.00031526,5.32651e-05,3.15260227,5.326512077,200330.0,107366.0,3726.0,200330.0,30700.0,12.945945945945946
Hong Wan -> Kowloon City South,12.255555555555556,11.251144699977779,90,1508.0,147.0,5131674.172,0.000293861,2.86456e-05,2.938612136,2.864562228,187331.0,78902.0,1332.0,187331.0,33800.0,1256.0,245.0,3082389.687,0.000407476,7.94838e-05,4.074760584,7.948378527,210304.0,96598.0,2009.0,210304.0,30700.0,12.775555555555554
Hong Wan -> Kwun Tong Central,11.8348623853211,9.872726676779816,109,1508.0,147.0,5131674.172,0.000293861,2.86456e-05,2.938612136,2.864562228,187331.0,78902.0,1332.0,187331.0,33800.0,1827.0,225.0,3044793.15,0.000600041,7.38966e-05,6.000407614,7.389664549,170206.0,106392.0,1421.0,170206.0,24000.0,12.963302752293577
Hong Wan -> Kwun Tong North,17.25581395348837,12.352971425852713,129,1508.0,147.0,5131674.172,0.000293861,2.86456e-05,2.938612136,2.864562228,187331.0,78902.0,1332.0,187331.0,33800.0,1022.0,168.0,2334159.008,0.000437845,7.19745e-05,4.378450639,7.197453105,164725.0,58119.0,434.0,164725.0,24000.0,11.534883720930232
Hong Wan -> Kwun Tong Southeast,10.148936170212766,8.712065960776595,188,1508.0,147.0,5131674.172,0.000293861,2.86456e-05,2.938612136,2.864562228,187331.0,78902.0,1332.0,187331.0,33800.0,942.0,117.0,3181450.074,0.000296091,3.67757e-05,2.96091398,3.677568319,163357.0,92725.0,1534.0,163357.0,24000.0,13.99468085106383
Hong Wan -> Kwun Tong West,12.5,11.91156716687255,102,1508.0,147.0,5131674.172,0.000293861,2.86456e-05,2.938612136,2.864562228,187331.0,78902.0,1332.0,187331.0,33800.0,1513.0,204.0,2719597.768,0.000556332,7.50111e-05,5.5633227,7.501109259,174878.0,55701.0,1073.0,174878.0,24000.0,12.850980392156861
Hong Wan -> Sai Kung and Hang Hau,10.785714285714286,13.6417962505,84,1508.0,147.0,5131674.172,0.000293861,2.86456e-05,2.938612136,2.864562228,187331.0,78902.0,1332.0,187331.0,33800.0,1722.0,307.0,129680000.0,1.32788e-05,2.36737e-06,0.132788402,0.236736582,157505.0,75963.0,22406.0,157505.0,40400.0,16.3
Hong Wan -> Sha Tin East,13.817351598173516,20.293291932831053,219,1508.0,147.0,5131674.172,0.000293861,2.86456e-05,2.938612136,2.864562228,187331.0,78902.0,1332.0,187331.0,33800.0,1790.0,208.0,24843458.54,7.20512e-05,8.37243e-06,0.720511597,0.837242527,169545.0,70694.25,3266.0,169545.0,30500.0,24.44200913242009
Hong Wan -> Sha Tin North,18.241935483870968,25.569166862134413,186,1508.0,147.0,5131674.172,0.000293861,2.86456e-05,2.938612136,2.864562228,187331.0,78902.0,1332.0,187331.0,33800.0,1053.0,129.0,2824329.844,0.000372832,4.56746e-05,3.728318072,4.567455188,172770.0,105017.0,1312.0,172770.0,30500.0,25.05483870967742
Hong Wan -> Sha Tin South,18.108695652173914,24.87444064176087,46,1508.0,147.0,5131674.172,0.000293861,2.86456e-05,2.938612136,2.864562228,187331.0,78902.0,1332.0,187331.0,33800.0,1099.0,152.0,9545575.388,0.000115132,1.59236e-05,1.151318758,1.592360794,171916.0,58856.75,2705.0,171916.0,30500.0,21.726086956521737
Hong Wan -> Sha Tin West,13.4375,25.28492508115625,64,1508.0,147.0,5131674.172,0.000293861,2.86456e-05,2.938612136,2.864562228,187331.0,78902.0,1332.0,187331.0,33800.0,1612.0,207.0,31506636.23,5.11638e-05,6.57004e-06,0.511638243,0.657004443,178575.0,106037.0,7389.0,178575.0,30500.0,24.9875
Hong Wan -> Sham Shui Po East,19.904761904761905,13.157657348857144,105,1508.0,147.0,5131674.172,0.000293861,2.86456e-05,2.938612136,2.864562228,187331.0,78902.0,1332.0,187331.0,33800.0,1569.0,235.0,4642605.795,0.000337957,5.06181e-05,3.379567573,5.061812491,212957.0,126435.0,2477.0,212957.0,24100.0,14.504761904761905
Hong Wan -> Sham Shui Po West,25.651162790697676,15.063821320441862,129,1508.0,147.0,5131674.172,0.000293861,2.86456e-05,2.938612136,2.864562228,187331.0,78902.0,1332.0,187331.0,33800.0,1507.0,179.0,4717394.205,0.000319456,3.79447e-05,3.194560248,3.794467713,218133.0,77638.0,1616.0,218133.0,24100.0,15.246511627906976
Hong Wan -> Southern District Northwest,22.788079470198674,13.624791245940399,151,1508.0,147.0,5131674.172,0.000293861,2.86456e-05,2.938612136,2.864562228,187331.0,78902.0,1332.0,187331.0,33800.0,1801.0,220.0,5182184.495,0.000347537,4.24531e-05,3.475368354,4.245313925,128849.0,67695.0,2855.0,128849.0,36000.0,10.521192052980133
Hong Wan -> Southern District Southeast,20.45139911634757,11.578029786829896,1358,1508.0,147.0,5131674.172,0.000293861,2.86456e-05,2.938612136,2.864562228,187331.0,78902.0,1332.0,187331.0,33800.0,2667.0,249.0,33657815.5,7.92387e-05,7.39798e-06,0.792386541,0.739798458,134429.0,68061.0,8608.0,134429.0,36000.0,5.954123711340206
Hong Wan -> Tai Pak,15.75426497277677,5.768636796274773,2755,1508.0,147.0,5131674.172,0.000293861,2.86456e-05,2.938612136,2.864562228,187331.0,78902.0,1332.0,187331.0,33800.0,1821.0,178.0,3656419.948,0.000498028,4.86815e-05,4.98028133,4.868149789,173597.0,106141.0,1412.0,173597.0,33800.0,8.334519056261342
Hong Wan -> Tai Po North,17.5625,30.03356578303125,64,1508.0,147.0,5131674.172,0.000293861,2.86456e-05,2.938612136,2.864562228,187331.0,78902.0,1332.0,187331.0,33800.0,1367.0,236.0,94726850.56,1.4431e-05,2.49137e-06,0.144309664,0.249137387,157446.0,125595.0,16400.0,157446.0,31700.0,26.7625
Hong Wan -> Tai Po South,14.333333333333334,28.04773665877778,54,1508.0,147.0,5131674.172,0.000293861,2.86456e-05,2.938612136,2.864562228,187331.0,78902.0,1332.0,187331.0,33800.0,1413.0,187.0,41403149.44,3.41278e-05,4.51656e-06,0.341278386,0.451656462,159024.0,32241.0,14539.0,159024.0,31700.0,27.744444444444444
Hong Wan -> Tin Shui Wai South and Ping Ha,10.0,35.577357758999995,3,1508.0,147.0,5131674.172,0.000293861,2.86456e-05,2.938612136,2.864562228,187331.0,78902.0,1332.0,187331.0,33800.0,1309.0,215.0,47324621.53,2.766e-05,4.54309e-06,0.276600205,0.454308969,153669.0,88248.5,22348.0,153669.0,30100.0,28.2
Hong Wan -> Tseung Kwan O North,13.5,13.837889795666667,18,1508.0,147.0,5131674.172,0.000293861,2.86456e-05,2.938612136,2.864562228,187331.0,78902.0,1332.0,187331.0,33800.0,776.0,108.0,1580069.556,0.000491118,6.83514e-05,4.911176202,6.835142137,158568.0,98589.0,444.0,158568.0,40400.0,14.299999999999999
Hong Wan -> Tseung Kwan O South,16.272727272727273,17.473862386863637,44,1508.0,147.0,5131674.172,0.000293861,2.86456e-05,2.938612136,2.864562228,187331.0,78902.0,1332.0,187331.0,33800.0,517.0,59.0,3125142.442,0.000165432,1.88791e-05,1.654324594,1.887913946,172964.0,98736.0,735.0,172964.0,40400.0,16.845454545454547
Hong Wan -> Tsing Yi,13.0,23.09568517911765,17,1508.0,147.0,5131674.172,0.000293861,2.86456e-05,2.938612136,2.864562228,187331.0,78902.0,1332.0,187331.0,33800.0,985.0,142.0,10455427.43,9.42094e-05,1.35815e-05,0.942094435,1.358146292,179581.0,84461.0,2054.0,179581.0,26000.0,24.4
Hong Wan -> Tsuen Wan Northwest,15.8,27.313388913933334,15,1508.0,147.0,5131674.172,0.000293861,2.86456e-05,2.938612136,2.864562228,187331.0,78902.0,1332.0,187331.0,33800.0,1403.0,103.0,44481122.31,3.15415e-05,2.31559e-06,0.315414703,0.231558906,156114.0,73570.0,4949.0,156114.0,34400.0,25.566666666666666
Hong Wan -> Tsuen Wan Southeast,10.0,21.371134488750002,16,1508.0,147.0,5131674.172,0.000293861,2.86456e-05,2.938612136,2.864562228,187331.0,78902.0,1332.0,187331.0,33800.0,991.0,128.0,17438877.69,5.68271e-05,7.33992e-06,0.568270515,0.733992189,163980.0,90229.0,4243.0,163980.0,34400.0,20.8
Hong Wan -> Tuen Mun East,15.439024390243903,32.934341364243906,41,1508.0,147.0,5131674.172,0.000293861,2.86456e-05,2.938612136,2.864562228,187331.0,78902.0,1332.0,187331.0,33800.0,1510.0,113.0,33427312.32,4.51726e-05,3.38047e-06,0.451726416,0.338046921,168080.0,59671.0,6093.0,168080.0,26500.0,27.212195121951222
Hong Wan -> Tuen Mun North,10.5,39.5561276635,2,1508.0,147.0,5131674.172,0.000293861,2.86456e-05,2.938612136,2.864562228,187331.0,78902.0,1332.0,187331.0,33800.0,780.0,109.0,18692705.38,4.17275e-05,5.83115e-06,0.417275073,0.583115166,170790.0,104074.0,10271.0,170790.0,26500.0,27.3
Hong Wan -> Tuen Mun West,10.0,39.2403941395,2,1508.0,147.0,5131674.172,0.000293861,2.86456e-05,2.938612136,2.864562228,187331.0,78902.0,1332.0,187331.0,33800.0,587.0,86.0,33729982.3,1.74029e-05,2.54966e-06,0.174029146,0.25496604,168009.0,83305.0,3482.0,168009.0,26500.0,27.0
Hong Wan -> Wan Chai,18.202072538860104,8.077247703483591,1158,1508.0,147.0,5131674.172,0.000293861,2.86456e-05,2.938612136,2.864562228,187331.0,78902.0,1332.0,187331.0,33800.0,3357.0,430.0,10560000.0,0.000317898,4.07197e-05,3.178977273,4.071969697,166695.0,92238.0,4550.0,166695.0,40500.0,8.115630397236615
Hong Wan -> Western,22.99497487437186,11.009418110668342,199,1508.0,147.0,5131674.172,0.000293861,2.86456e-05,2.938612136,2.864562228,187331.0,78902.0,1332.0,187331.0,33800.0,1187.0,165.0,4250735.501,0.000279246,3.88168e-05,2.792457916,3.881681181,125233.0,75343.0,2064.0,125233.0,42600.0,10.202010050251257
Hong Wan -> Wong Tai Sin East,19.980198019801982,14.968678142029704,101,1508.0,147.0,5131674.172,0.000293861,2.86456e-05,2.938612136,2.864562228,187331.0,78902.0,1332.0,187331.0,33800.0,1475.0,207.0,4613986.574,0.00031968,4.48636e-05,3.196801673,4.486358958,188218.0,127397.0,1185.0,188218.0,25100.0,12.9
Hong Wan -> Wong Tai Sin West,22.338709677419356,14.594417919677419,62,1508.0,147.0,5131674.172,0.000293861,2.86456e-05,2.938612136,2.864562228,187331.0,78902.0,1332.0,187331.0,33800.0,896.0,223.0,4688620.344,0.000191101,4.7562e-05,1.911009922,4.75619657,218584.0,65217.0,844.0,218584.0,25100.0,12.9
Hong Wan -> Wu Tip Shan,5.5,29.812318202,6,1508.0,147.0,5131674.172,0.000293861,2.86456e-05,2.938612136,2.864562228,187331.0,78902.0,1332.0,187331.0,33800.0,1448.0,161.0,21829748.23,6.63315e-05,7.37526e-06,0.663315025,0.737525684,150468.0,93658.0,15003.0,150468.0,25500.0,27.8
Hong Wan -> Yau Tsim Mong North,18.0,11.851703799848101,79,1508.0,147.0,5131674.172,0.000293861,2.86456e-05,2.938612136,2.864562228,187331.0,78902.0,1332.0,187331.0,33800.0,1629.0,178.0,2165712.207,0.000752178,8.21901e-05,7.52177503,8.21900525,168265.0,97426.0,3002.0,168265.0,30700.0,14.90886075949367
Hong Wan -> Yau Tsim Mong South,13.543589743589743,11.379805633161538,390,1508.0,147.0,5131674.172,0.000293861,2.86456e-05,2.938612136,2.864562228,187331.0,78902.0,1332.0,187331.0,33800.0,3027.0,209.0,4824287.793,0.00062745,4.33225e-05,6.274501294,4.33224569,142382.0,65279.0,4418.0,142382.0,30700.0,14.22025641025641
Hong Wan -> Yuen Long Rural East,18.23076923076923,34.973767226953846,130,1508.0,147.0,5131674.172,0.000293861,2.86456e-05,2.938612136,2.864562228,187331.0,78902.0,1332.0,187331.0,33800.0,1696.0,306.0,83591131.06,2.02892e-05,3.66068e-06,0.202892338,0.366067543,170741.0,90494.0,72943.0,170741.0,30100.0,27.595384615384617
Hong Wan -> Yuen Long Town Centre,9.5,37.4058337595,8,1508.0,147.0,5131674.172,0.000293861,2.86456e-05,2.938612136,2.864562228,187331.0,78902.0,1332.0,187331.0,33800.0,825.0,110.0,5113531.676,0.000161337,2.15116e-05,1.613366362,2.15115515,160142.0,65596.0,7135.0,160142.0,30100.0,27.0
Islands -> Central,10.912280701754385,34.412334793444444,171,4309.0,252.0,182280000.0,2.36395e-05,1.38249e-06,0.236394558,0.138248848,185282.0,93368.0,20858.0,185282.0,31500.0,3406.0,432.0,8299264.499,0.000410398,5.20528e-05,4.10397813,5.205280541,110720.0,55452.0,6706.0,110720.0,42600.0,22.72222222222222
Islands -> Islands,17.15945750015103,9.608543580619283,33106,4309.0,252.0,182280000.0,2.36395e-05,1.38249e-06,0.236394558,0.138248848,185282.0,93368.0,20858.0,185282.0,31500.0,4309.0,252.0,182280000.0,2.36395e-05,1.38249e-06,0.236394558,0.138248848,185282.0,93368.0,20858.0,185282.0,31500.0,11.008321754364768
Islands -> Kowloon City North,15.99367088607595,36.072902538689874,158,4309.0,252.0,182280000.0,2.36395e-05,1.38249e-06,0.236394558,0.138248848,185282.0,93368.0,20858.0,185282.0,31500.0,2184.0,369.0,6927610.313,0.00031526,5.32651e-05,3.15260227,5.326512077,200330.0,107366.0,3726.0,200330.0,30700.0,19.5873417721519
Islands -> Kowloon City South,13.269767441860465,34.853601388776745,215,4309.0,252.0,182280000.0,2.36395e-05,1.38249e-06,0.236394558,0.138248848,185282.0,93368.0,20858.0,185282.0,31500.0,1256.0,245.0,3082389.687,0.000407476,7.94838e-05,4.074760584,7.948378527,210304.0,96598.0,2009.0,210304.0,30700.0,20.36046511627907
Islands -> Kwai Chung East,14.991902834008098,27.46105367997166,247,4309.0,252.0,182280000.0,2.36395e-05,1.38249e-06,0.236394558,0.138248848,185282.0,93368.0,20858.0,185282.0,31500.0,1199.0,144.0,5774688.358,0.00020763,2.49364e-05,2.076302522,2.49364106,161785.0,62396.0,2259.0,161785.0,26000.0,17.3165991902834
Islands -> Kwai Chung West,12.576470588235294,25.90721879143529,170,4309.0,252.0,182280000.0,2.36395e-05,1.38249e-06,0.236394558,0.138248848,185282.0,93368.0,20858.0,185282.0,31500.0,1079.0,187.0,7109884.208,0.000151761,2.63014e-05,1.517605587,2.630141287,154432.0,86916.0,1358.0,154432.0,26000.0,15.806470588235294
Islands -> Kwun Tong Central,15.504347826086956,37.39522867973913,115,4309.0,252.0,182280000.0,2.36395e-05,1.38249e-06,0.236394558,0.138248848,185282.0,93368.0,20858.0,185282.0,31500.0,1827.0,225.0,3044793.15,0.000600041,7.38966e-05,6.000407614,7.389664549,170206.0,106392.0,1421.0,170206.0,24000.0,23.331304347826087
Islands -> Kwun Tong North,16.22,36.1340518304,50,4309.0,252.0,182280000.0,2.36395e-05,1.38249e-06,0.236394558,0.138248848,185282.0,93368.0,20858.0,185282.0,31500.0,1022.0,168.0,2334159.008,0.000437845,7.19745e-05,4.378450639,7.197453105,164725.0,58119.0,434.0,164725.0,24000.0,22.172000000000004
Islands -> Kwun Tong Southeast,25.5,28.588647110800004,10,4309.0,252.0,182280000.0,2.36395e-05,1.38249e-06,0.236394558,0.138248848,185282.0,93368.0,20858.0,185282.0,31500.0,942.0,117.0,3181450.074,0.000296091,3.67757e-05,2.96091398,3.677568319,163357.0,92725.0,1534.0,163357.0,24000.0,23.9
Islands -> Kwun Tong West,13.77027027027027,36.77531922914865,74,4309.0,252.0,182280000.0,2.36395e-05,1.38249e-06,0.236394558,0.138248848,185282.0,93368.0,20858.0,185282.0,31500.0,1513.0,204.0,2719597.768,0.000556332,7.50111e-05,5.5633227,7.501109259,174878.0,55701.0,1073.0,174878.0,24000.0,23.64054054054054
Islands -> Sha Tin East,13.796875,35.248520483312504,128,4309.0,252.0,182280000.0,2.36395e-05,1.38249e-06,0.236394558,0.138248848,185282.0,93368.0,20858.0,185282.0,31500.0,1790.0,208.0,24843458.54,7.20512e-05,8.37243e-06,0.720511597,0.837242527,169545.0,70694.25,3266.0,169545.0,30500.0,23.4484375
Islands -> Sha Tin North,10.5,39.562558506,4,4309.0,252.0,182280000.0,2.36395e-05,1.38249e-06,0.236394558,0.138248848,185282.0,93368.0,20858.0,185282.0,31500.0,1053.0,129.0,2824329.844,0.000372832,4.56746e-05,3.728318072,4.567455188,172770.0,105017.0,1312.0,172770.0,30500.0,29.0
Islands -> Sha Tin South,8.790960451977401,31.65443285181356,177,4309.0,252.0,182280000.0,2.36395e-05,1.38249e-06,0.236394558,0.138248848,185282.0,93368.0,20858.0,185282.0,31500.0,1099.0,152.0,9545575.388,0.000115132,1.59236e-05,1.151318758,1.592360794,171916.0,58856.75,2705.0,171916.0,30500.0,19.624293785310734
Islands -> Sha Tin West,10.49056603773585,31.6298054966151,265,4309.0,252.0,182280000.0,2.36395e-05,1.38249e-06,0.236394558,0.138248848,185282.0,93368.0,20858.0,185282.0,31500.0,1612.0,207.0,31506636.23,5.11638e-05,6.57004e-06,0.511638243,0.657004443,178575.0,106037.0,7389.0,178575.0,30500.0,19.959999999999997
Islands -> Sham Shui Po East,12.643589743589743,32.458589469043595,390,4309.0,252.0,182280000.0,2.36395e-05,1.38249e-06,0.236394558,0.138248848,185282.0,93368.0,20858.0,185282.0,31500.0,1569.0,235.0,4642605.795,0.000337957,5.06181e-05,3.379567573,5.061812491,212957.0,126435.0,2477.0,212957.0,24100.0,14.884871794871795
Islands -> Sham Shui Po West,12.049056603773584,30.871181281403775,265,4309.0,252.0,182280000.0,2.36395e-05,1.38249e-06,0.236394558,0.138248848,185282.0,93368.0,20858.0,185282.0,31500.0,1507.0,179.0,4717394.205,0.000319456,3.79447e-05,3.194560248,3.794467713,218133.0,77638.0,1616.0,218133.0,24100.0,10.098867924528303
Islands -> Southern District Northwest,25.590065604498594,31.35699616219051,5335,4309.0,252.0,182280000.0,2.36395e-05,1.38249e-06,0.236394558,0.138248848,185282.0,93368.0,20858.0,185282.0,31500.0,1801.0,220.0,5182184.495,0.000347537,4.24531e-05,3.475368354,4.245313925,128849.0,67695.0,2855.0,128849.0,36000.0,30.437394564198687
Islands -> Tai Po North,13.333333333333334,35.05832604033333,15,4309.0,252.0,182280000.0,2.36395e-05,1.38249e-06,0.236394558,0.138248848,185282.0,93368.0,20858.0,185282.0,31500.0,1367.0,236.0,94726850.56,1.4431e-05,2.49137e-06,0.144309664,0.249137387,157446.0,125595.0,16400.0,157446.0,31700.0,29.0
Islands -> Tai Po South,8.061538461538461,25.466522691399998,65,4309.0,252.0,182280000.0,2.36395e-05,1.38249e-06,0.236394558,0.138248848,185282.0,93368.0,20858.0,185282.0,31500.0,1413.0,187.0,41403149.44,3.41278e-05,4.51656e-06,0.341278386,0.451656462,159024.0,32241.0,14539.0,159024.0,31700.0,27.595384615384617
Islands -> Tin Shui Wai South and Ping Ha,14.828178694158076,27.981779707123714,582,4309.0,252.0,182280000.0,2.36395e-05,1.38249e-06,0.236394558,0.138248848,185282.0,93368.0,20858.0,185282.0,31500.0,1309.0,215.0,47324621.53,2.766e-05,4.54309e-06,0.276600205,0.454308969,153669.0,88248.5,22348.0,153669.0,30100.0,19.87491408934708
Islands -> Tseung Kwan O North,33.5,38.685318803,4,4309.0,252.0,182280000.0,2.36395e-05,1.38249e-06,0.236394558,0.138248848,185282.0,93368.0,20858.0,185282.0,31500.0,776.0,108.0,1580069.556,0.000491118,6.83514e-05,4.911176202,6.835142137,158568.0,98589.0,444.0,158568.0,40400.0,24.8
Islands -> Tseung Kwan O South,26.571428571428573,36.47695025057143,7,4309.0,252.0,182280000.0,2.36395e-05,1.38249e-06,0.236394558,0.138248848,185282.0,93368.0,20858.0,185282.0,31500.0,517.0,59.0,3125142.442,0.000165432,1.88791e-05,1.654324594,1.887913946,172964.0,98736.0,735.0,172964.0,40400.0,24.8
Islands -> Tsing Yi,10.252319109461967,22.148444066831168,539,4309.0,252.0,182280000.0,2.36395e-05,1.38249e-06,0.236394558,0.138248848,185282.0,93368.0,20858.0,185282.0,31500.0,985.0,142.0,10455427.43,9.42094e-05,1.35815e-05,0.942094435,1.358146292,179581.0,84461.0,2054.0,179581.0,26000.0,15.021335807050093
Islands -> Tsuen Wan Northwest,8.300492610837438,18.352328970154353,609,4309.0,252.0,182280000.0,2.36395e-05,1.38249e-06,0.236394558,0.138248848,185282.0,93368.0,20858.0,185282.0,31500.0,1403.0,103.0,44481122.31,3.15415e-05,2.31559e-06,0.315414703,0.231558906,156114.0,73570.0,4949.0,156114.0,34400.0,18.944827586206895
Islands -> Tsuen Wan Southeast,13.306896551724138,26.847827587734482,290,4309.0,252.0,182280000.0,2.36395e-05,1.38249e-06,0.236394558,0.138248848,185282.0,93368.0,20858.0,185282.0,31500.0,991.0,128.0,17438877.69,5.68271e-05,7.33992e-06,0.568270515,0.733992189,163980.0,90229.0,4243.0,163980.0,34400.0,17.856896551724137
Islands -> Tuen Mun East,11.810344827586206,17.66289585378818,406,4309.0,252.0,182280000.0,2.36395e-05,1.38249e-06,0.236394558,0.138248848,185282.0,93368.0,20858.0,185282.0,31500.0,1510.0,113.0,33427312.32,4.51726e-05,3.38047e-06,0.451726416,0.338046921,168080.0,59671.0,6093.0,168080.0,26500.0,18.026354679802957
Islands -> Tuen Mun North,17.53183520599251,19.77180521670412,267,4309.0,252.0,182280000.0,2.36395e-05,1.38249e-06,0.236394558,0.138248848,185282.0,93368.0,20858.0,185282.0,31500.0,780.0,109.0,18692705.38,4.17275e-05,5.83115e-06,0.417275073,0.583115166,170790.0,104074.0,10271.0,170790.0,26500.0,16.777528089887642
Islands -> Tuen Mun West,7.309941520467836,13.818521371450291,342,4309.0,252.0,182280000.0,2.36395e-05,1.38249e-06,0.236394558,0.138248848,185282.0,93368.0,20858.0,185282.0,31500.0,587.0,86.0,33729982.3,1.74029e-05,2.54966e-06,0.174029146,0.25496604,168009.0,83305.0,3482.0,168009.0,26500.0,16.278654970760236
Islands -> Wan Chai,13.06140350877193,37.36282333992105,228,4309.0,252.0,182280000.0,2.36395e-05,1.38249e-06,0.236394558,0.138248848,185282.0,93368.0,20858.0,185282.0,31500.0,3357.0,430.0,10560000.0,0.000317898,4.07197e-05,3.178977273,4.071969697,166695.0,92238.0,4550.0,166695.0,40500.0,23.826315789473682
Islands -> Wong Tai Sin East,12.598039215686274,35.438493318718955,306,4309.0,252.0,182280000.0,2.36395e-05,1.38249e-06,0.236394558,0.138248848,185282.0,93368.0,20858.0,185282.0,31500.0,1475.0,207.0,4613986.574,0.00031968,4.48636e-05,3.196801673,4.486358958,188218.0,127397.0,1185.0,188218.0,25100.0,22.914379084967322
Islands -> Wong Tai Sin West,13.441025641025641,35.30869462246154,195,4309.0,252.0,182280000.0,2.36395e-05,1.38249e-06,0.236394558,0.138248848,185282.0,93368.0,20858.0,185282.0,31500.0,896.0,223.0,4688620.344,0.000191101,4.7562e-05,1.911009922,4.75619657,218584.0,65217.0,844.0,218584.0,25100.0,22.0374358974359
Islands -> Wu Tip Shan,11.0,32.61462502642858,7,4309.0,252.0,182280000.0,2.36395e-05,1.38249e-06,0.236394558,0.138248848,185282.0,93368.0,20858.0,185282.0,31500.0,1448.0,161.0,21829748.23,6.63315e-05,7.37526e-06,0.663315025,0.737525684,150468.0,93658.0,15003.0,150468.0,25500.0,14.8
Islands -> Yau Tsim Mong North,20.04057971014493,34.35119611634493,345,4309.0,252.0,182280000.0,2.36395e-05,1.38249e-06,0.236394558,0.138248848,185282.0,93368.0,20858.0,185282.0,31500.0,1629.0,178.0,2165712.207,0.000752178,8.21901e-05,7.52177503,8.21900525,168265.0,97426.0,3002.0,168265.0,30700.0,10.356811594202899
Islands -> Yau Tsim Mong South,14.429333333333334,28.887326830154667,375,4309.0,252.0,182280000.0,2.36395e-05,1.38249e-06,0.236394558,0.138248848,185282.0,93368.0,20858.0,185282.0,31500.0,3027.0,209.0,4824287.793,0.00062745,4.33225e-05,6.274501294,4.33224569,142382.0,65279.0,4418.0,142382.0,30700.0,20.5552
Islands -> Yuen Long Rural East,15.272727272727273,32.05637683257273,330,4309.0,252.0,182280000.0,2.36395e-05,1.38249e-06,0.236394558,0.138248848,185282.0,93368.0,20858.0,185282.0,31500.0,1696.0,306.0,83591131.06,2.02892e-05,3.66068e-06,0.202892338,0.366067543,170741.0,90494.0,72943.0,170741.0,30100.0,16.668181818181818
Islands -> Yuen Long Town Centre,13.530909090909091,30.29569692152,275,4309.0,252.0,182280000.0,2.36395e-05,1.38249e-06,0.236394558,0.138248848,185282.0,93368.0,20858.0,185282.0,31500.0,825.0,110.0,5113531.676,0.000161337,2.15116e-05,1.613366362,2.15115515,160142.0,65596.0,7135.0,160142.0,30100.0,18.701818181818183
Kowloon City North -> Central,14.108040201005025,9.448606631407035,398,2184.0,369.0,6927610.313,0.00031526,5.32651e-05,3.15260227,5.326512077,200330.0,107366.0,3726.0,200330.0,30700.0,3406.0,432.0,8299264.499,0.000410398,5.20528e-05,4.10397813,5.205280541,110720.0,55452.0,6706.0,110720.0,42600.0,13.460301507537688
Kowloon City North -> Chai Wan,28.394736842105264,14.88557350293158,190,2184.0,369.0,6927610.313,0.00031526,5.32651e-05,3.15260227,5.326512077,200330.0,107366.0,3726.0,200330.0,30700.0,1483.0,185.0,9201905.88,0.000161162,2.01045e-05,1.611622657,2.010453078,168675.0,84793.0,1280.0,168675.0,33800.0,12.874210526315789
Kowloon City North -> Hong Wan,18.436548223350254,16.759980239456855,197,2184.0,369.0,6927610.313,0.00031526,5.32651e-05,3.15260227,5.326512077,200330.0,107366.0,3726.0,200330.0,30700.0,1508.0,147.0,5131674.172,0.000293861,2.86456e-05,2.938612136,2.864562228,187331.0,78902.0,1332.0,187331.0,33800.0,12.724873096446698
Kowloon City North -> Islands,15.929577464788732,34.59294271033099,142,2184.0,369.0,6927610.313,0.00031526,5.32651e-05,3.15260227,5.326512077,200330.0,107366.0,3726.0,200330.0,30700.0,4309.0,252.0,182280000.0,2.36395e-05,1.38249e-06,0.236394558,0.138248848,185282.0,93368.0,20858.0,185282.0,31500.0,19.954929577464792
Kowloon City North -> Kowloon City North,10.843659244917715,4.881520321751695,2066,2184.0,369.0,6927610.313,0.00031526,5.32651e-05,3.15260227,5.326512077,200330.0,107366.0,3726.0,200330.0,30700.0,2184.0,369.0,6927610.313,0.00031526,5.32651e-05,3.15260227,5.326512077,200330.0,107366.0,3726.0,200330.0,30700.0,7.416940948693127
Kowloon City North -> Kowloon City South,9.916916916916916,3.7545419792932933,999,2184.0,369.0,6927610.313,0.00031526,5.32651e-05,3.15260227,5.326512077,200330.0,107366.0,3726.0,200330.0,30700.0,1256.0,245.0,3082389.687,0.000407476,7.94838e-05,4.074760584,7.948378527,210304.0,96598.0,2009.0,210304.0,30700.0,8.191291291291291
Kowloon City North -> Kwai Chung East,22.125,9.276045948625,8,2184.0,369.0,6927610.313,0.00031526,5.32651e-05,3.15260227,5.326512077,200330.0,107366.0,3726.0,200330.0,30700.0,1199.0,144.0,5774688.358,0.00020763,2.49364e-05,2.076302522,2.49364106,161785.0,62396.0,2259.0,161785.0,26000.0,8.775
Kowloon City North -> Kwai Chung West,24.444444444444443,9.775142437244444,45,2184.0,369.0,6927610.313,0.00031526,5.32651e-05,3.15260227,5.326512077,200330.0,107366.0,3726.0,200330.0,30700.0,1079.0,187.0,7109884.208,0.000151761,2.63014e-05,1.517605587,2.630141287,154432.0,86916.0,1358.0,154432.0,26000.0,9.144444444444446
Kowloon City North -> Kwun Tong Central,10.352574102964118,6.359522727901717,641,2184.0,369.0,6927610.313,0.00031526,5.32651e-05,3.15260227,5.326512077,200330.0,107366.0,3726.0,200330.0,30700.0,1827.0,225.0,3044793.15,0.000600041,7.38966e-05,6.000407614,7.389664549,170206.0,106392.0,1421.0,170206.0,24000.0,9.151170046801871
Kowloon City North -> Kwun Tong North,15.248246844319775,8.522757529545583,713,2184.0,369.0,6927610.313,0.00031526,5.32651e-05,3.15260227,5.326512077,200330.0,107366.0,3726.0,200330.0,30700.0,1022.0,168.0,2334159.008,0.000437845,7.19745e-05,4.378450639,7.197453105,164725.0,58119.0,434.0,164725.0,24000.0,9.266339410939691
Kowloon City North -> Kwun Tong Southeast,17.496794871794872,9.143296565214744,312,2184.0,369.0,6927610.313,0.00031526,5.32651e-05,3.15260227,5.326512077,200330.0,107366.0,3726.0,200330.0,30700.0,942.0,117.0,3181450.074,0.000296091,3.67757e-05,2.96091398,3.677568319,163357.0,92725.0,1534.0,163357.0,24000.0,8.690705128205128
Kowloon City North -> Kwun Tong West,11.234505862646566,5.613425280061977,1194,2184.0,369.0,6927610.313,0.00031526,5.32651e-05,3.15260227,5.326512077,200330.0,107366.0,3726.0,200330.0,30700.0,1513.0,204.0,2719597.768,0.000556332,7.50111e-05,5.5633227,7.501109259,174878.0,55701.0,1073.0,174878.0,24000.0,7.945309882747069
Kowloon City North -> Sai Kung and Hang Hau,17.15668202764977,15.129869049963135,434,2184.0,369.0,6927610.313,0.00031526,5.32651e-05,3.15260227,5.326512077,200330.0,107366.0,3726.0,200330.0,30700.0,1722.0,307.0,129680000.0,1.32788e-05,2.36737e-06,0.132788402,0.236736582,157505.0,75963.0,22406.0,157505.0,40400.0,11.492857142857144
Kowloon City North -> Sha Tin East,12.195180722891566,11.273469628631327,415,2184.0,369.0,6927610.313,0.00031526,5.32651e-05,3.15260227,5.326512077,200330.0,107366.0,3726.0,200330.0,30700.0,1790.0,208.0,24843458.54,7.20512e-05,8.37243e-06,0.720511597,0.837242527,169545.0,70694.25,3266.0,169545.0,30500.0,11.707469879518074
Kowloon City North -> Sha Tin North,14.928909952606634,15.50190634128436,211,2184.0,369.0,6927610.313,0.00031526,5.32651e-05,3.15260227,5.326512077,200330.0,107366.0,3726.0,200330.0,30700.0,1053.0,129.0,2824329.844,0.000372832,4.56746e-05,3.728318072,4.567455188,172770.0,105017.0,1312.0,172770.0,30500.0,11.900947867298578
Kowloon City North -> Sha Tin South,7.439446366782007,6.312438290474049,289,2184.0,369.0,6927610.313,0.00031526,5.32651e-05,3.15260227,5.326512077,200330.0,107366.0,3726.0,200330.0,30700.0,1099.0,152.0,9545575.388,0.000115132,1.59236e-05,1.151318758,1.592360794,171916.0,58856.75,2705.0,171916.0,30500.0,14.126989619377161
Kowloon City North -> Sha Tin West,10.152073732718893,8.73344856823963,217,2184.0,369.0,6927610.313,0.00031526,5.32651e-05,3.15260227,5.326512077,200330.0,107366.0,3726.0,200330.0,30700.0,1612.0,207.0,31506636.23,5.11638e-05,6.57004e-06,0.511638243,0.657004443,178575.0,106037.0,7389.0,178575.0,30500.0,10.821658986175116
Kowloon City North -> Sham Shui Po East,11.012345679012345,4.499167878244444,405,2184.0,369.0,6927610.313,0.00031526,5.32651e-05,3.15260227,5.326512077,200330.0,107366.0,3726.0,200330.0,30700.0,1569.0,235.0,4642605.795,0.000337957,5.06181e-05,3.379567573,5.061812491,212957.0,126435.0,2477.0,212957.0,24100.0,7.266666666666667
Kowloon City North -> Sham Shui Po West,13.673400673400673,5.899556745632997,297,2184.0,369.0,6927610.313,0.00031526,5.32651e-05,3.15260227,5.326512077,200330.0,107366.0,3726.0,200330.0,30700.0,1507.0,179.0,4717394.205,0.000319456,3.79447e-05,3.194560248,3.794467713,218133.0,77638.0,1616.0,218133.0,24100.0,7.6171717171717175
Kowloon City North -> Southern District Northwest,16.723529411764705,14.754688229929412,170,2184.0,369.0,6927610.313,0.00031526,5.32651e-05,3.15260227,5.326512077,200330.0,107366.0,3726.0,200330.0,30700.0,1801.0,220.0,5182184.495,0.000347537,4.24531e-05,3.475368354,4.245313925,128849.0,67695.0,2855.0,128849.0,36000.0,18.21529411764706
Kowloon City North -> Southern District Southeast,10.127167630057803,11.923549188369941,173,2184.0,369.0,6927610.313,0.00031526,5.32651e-05,3.15260227,5.326512077,200330.0,107366.0,3726.0,200330.0,30700.0,2667.0,249.0,33657815.5,7.92387e-05,7.39798e-06,0.792386541,0.739798458,134429.0,68061.0,8608.0,134429.0,36000.0,18.041040462427745
Kowloon City North -> Tai Pak,14.636054421768707,13.377899637744898,294,2184.0,369.0,6927610.313,0.00031526,5.32651e-05,3.15260227,5.326512077,200330.0,107366.0,3726.0,200330.0,30700.0,1821.0,178.0,3656419.948,0.000498028,4.86815e-05,4.98028133,4.868149789,173597.0,106141.0,1412.0,173597.0,33800.0,12.214625850340136
Kowloon City North -> Tai Po North,12.04,20.228487085128,125,2184.0,369.0,6927610.313,0.00031526,5.32651e-05,3.15260227,5.326512077,200330.0,107366.0,3726.0,200330.0,30700.0,1367.0,236.0,94726850.56,1.4431e-05,2.49137e-06,0.144309664,0.249137387,157446.0,125595.0,16400.0,157446.0,31700.0,13.6336
Kowloon City North -> Tai Po South,9.656626506024097,18.707597664024096,166,2184.0,369.0,6927610.313,0.00031526,5.32651e-05,3.15260227,5.326512077,200330.0,107366.0,3726.0,200330.0,30700.0,1413.0,187.0,41403149.44,3.41278e-05,4.51656e-06,0.341278386,0.451656462,159024.0,32241.0,14539.0,159024.0,31700.0,15.463855421686747
Kowloon City North -> Tseung Kwan O North,15.80813953488372,14.618628526761627,172,2184.0,369.0,6927610.313,0.00031526,5.32651e-05,3.15260227,5.326512077,200330.0,107366.0,3726.0,200330.0,30700.0,776.0,108.0,1580069.556,0.000491118,6.83514e-05,4.911176202,6.835142137,158568.0,98589.0,444.0,158568.0,40400.0,11.732558139534884
Kowloon City North -> Tseung Kwan O South,13.519148936170213,14.024891277080851,235,2184.0,369.0,6927610.313,0.00031526,5.32651e-05,3.15260227,5.326512077,200330.0,107366.0,3726.0,200330.0,30700.0,517.0,59.0,3125142.442,0.000165432,1.88791e-05,1.654324594,1.887913946,172964.0,98736.0,735.0,172964.0,40400.0,11.718297872340427
Kowloon City North -> Tsing Yi,23.02,15.36175957944,50,2184.0,369.0,6927610.313,0.00031526,5.32651e-05,3.15260227,5.326512077,200330.0,107366.0,3726.0,200330.0,30700.0,985.0,142.0,10455427.43,9.42094e-05,1.35815e-05,0.942094435,1.358146292,179581.0,84461.0,2054.0,179581.0,26000.0,10.056000000000001
Kowloon City North -> Tsuen Wan Northwest,12.222222222222221,17.993648489111113,18,2184.0,369.0,6927610.313,0.00031526,5.32651e-05,3.15260227,5.326512077,200330.0,107366.0,3726.0,200330.0,30700.0,1403.0,103.0,44481122.31,3.15415e-05,2.31559e-06,0.315414703,0.231558906,156114.0,73570.0,4949.0,156114.0,34400.0,20.333333333333332
Kowloon City North -> Tuen Mun East,15.0,31.639504307114287,35,2184.0,369.0,6927610.313,0.00031526,5.32651e-05,3.15260227,5.326512077,200330.0,107366.0,3726.0,200330.0,30700.0,1510.0,113.0,33427312.32,4.51726e-05,3.38047e-06,0.451726416,0.338046921,168080.0,59671.0,6093.0,168080.0,26500.0,15.8
Kowloon City North -> Tuen Mun West,19.152989590898088,32.90017340007722,4131,2184.0,369.0,6927610.313,0.00031526,5.32651e-05,3.15260227,5.326512077,200330.0,107366.0,3726.0,200330.0,30700.0,587.0,86.0,33729982.3,1.74029e-05,2.54966e-06,0.174029146,0.25496604,168009.0,83305.0,3482.0,168009.0,26500.0,25.374679254417817
Kowloon City North -> Wan Chai,8.951476793248945,7.3010119227046415,474,2184.0,369.0,6927610.313,0.00031526,5.32651e-05,3.15260227,5.326512077,200330.0,107366.0,3726.0,200330.0,30700.0,3357.0,430.0,10560000.0,0.000317898,4.07197e-05,3.178977273,4.071969697,166695.0,92238.0,4550.0,166695.0,40500.0,13.826371308016878
Kowloon City North -> Western,20.727272727272727,11.704882988922076,154,2184.0,369.0,6927610.313,0.00031526,5.32651e-05,3.15260227,5.326512077,200330.0,107366.0,3726.0,200330.0,30700.0,1187.0,165.0,4250735.501,0.000279246,3.88168e-05,2.792457916,3.881681181,125233.0,75343.0,2064.0,125233.0,42600.0,12.522727272727273
Kowloon City North -> Wong Tai Sin East,9.501919385796546,4.282285361883877,1042,2184.0,369.0,6927610.313,0.00031526,5.32651e-05,3.15260227,5.326512077,200330.0,107366.0,3726.0,200330.0,30700.0,1475.0,207.0,4613986.574,0.00031968,4.48636e-05,3.196801673,4.486358958,188218.0,127397.0,1185.0,188218.0,25100.0,7.687907869481766
Kowloon City North -> Wong Tai Sin West,10.25324114088159,4.153090630744166,1157,2184.0,369.0,6927610.313,0.00031526,5.32651e-05,3.15260227,5.326512077,200330.0,107366.0,3726.0,200330.0,30700.0,896.0,223.0,4688620.344,0.000191101,4.7562e-05,1.911009922,4.75619657,218584.0,65217.0,844.0,218584.0,25100.0,7.519273984442523
Kowloon City North -> Wu Tip Shan,11.723577235772357,26.65238828496748,123,2184.0,369.0,6927610.313,0.00031526,5.32651e-05,3.15260227,5.326512077,200330.0,107366.0,3726.0,200330.0,30700.0,1448.0,161.0,21829748.23,6.63315e-05,7.37526e-06,0.663315025,0.737525684,150468.0,93658.0,15003.0,150468.0,25500.0,23.70081300813008
Kowloon City North -> Yau Tsim Mong North,10.161528976572134,4.309947429313194,811,2184.0,369.0,6927610.313,0.00031526,5.32651e-05,3.15260227,5.326512077,200330.0,107366.0,3726.0,200330.0,30700.0,1629.0,178.0,2165712.207,0.000752178,8.21901e-05,7.52177503,8.21900525,168265.0,97426.0,3002.0,168265.0,30700.0,8.109494451294697
Kowloon City North -> Yau Tsim Mong South,10.419463087248323,5.146300270837248,1788,2184.0,369.0,6927610.313,0.00031526,5.32651e-05,3.15260227,5.326512077,200330.0,107366.0,3726.0,200330.0,30700.0,3027.0,209.0,4824287.793,0.00062745,4.33225e-05,6.274501294,4.33224569,142382.0,65279.0,4418.0,142382.0,30700.0,8.771812080536913
Kowloon City South -> Central,11.53,8.21331817508,200,1256.0,245.0,3082389.687,0.000407476,7.94838e-05,4.074760584,7.948378527,210304.0,96598.0,2009.0,210304.0,30700.0,3406.0,432.0,8299264.499,0.000410398,5.20528e-05,4.10397813,5.205280541,110720.0,55452.0,6706.0,110720.0,42600.0,12.808499999999999
Kowloon City South -> Chai Wan,24.944444444444443,12.970470476018518,162,1256.0,245.0,3082389.687,0.000407476,7.94838e-05,4.074760584,7.948378527,210304.0,96598.0,2009.0,210304.0,30700.0,1483.0,185.0,9201905.88,0.000161162,2.01045e-05,1.611622657,2.010453078,168675.0,84793.0,1280.0,168675.0,33800.0,12.2
Kowloon City South -> Hong Wan,14.822784810126583,9.993293104050633,79,1256.0,245.0,3082389.687,0.000407476,7.94838e-05,4.074760584,7.948378527,210304.0,96598.0,2009.0,210304.0,30700.0,1508.0,147.0,5131674.172,0.000293861,2.86456e-05,2.938612136,2.864562228,187331.0,78902.0,1332.0,187331.0,33800.0,12.2
Kowloon City South -> Islands,19.963963963963963,34.86859185580481,333,1256.0,245.0,3082389.687,0.000407476,7.94838e-05,4.074760584,7.948378527,210304.0,96598.0,2009.0,210304.0,30700.0,4309.0,252.0,182280000.0,2.36395e-05,1.38249e-06,0.236394558,0.138248848,185282.0,93368.0,20858.0,185282.0,31500.0,17.502402402402403
Kowloon City South -> Kowloon City North,10.30539499036609,3.9466630892552987,1038,1256.0,245.0,3082389.687,0.000407476,7.94838e-05,4.074760584,7.948378527,210304.0,96598.0,2009.0,210304.0,30700.0,2184.0,369.0,6927610.313,0.00031526,5.32651e-05,3.15260227,5.326512077,200330.0,107366.0,3726.0,200330.0,30700.0,8.2626204238921
Kowloon City South -> Kowloon City South,9.25366568914956,3.310764832214076,682,1256.0,245.0,3082389.687,0.000407476,7.94838e-05,4.074760584,7.948378527,210304.0,96598.0,2009.0,210304.0,30700.0,1256.0,245.0,3082389.687,0.000407476,7.94838e-05,4.074760584,7.948378527,210304.0,96598.0,2009.0,210304.0,30700.0,8.03108504398827
Kowloon City South -> Kwai Chung East,25.9811320754717,10.368258832113208,53,1256.0,245.0,3082389.687,0.000407476,7.94838e-05,4.074760584,7.948378527,210304.0,96598.0,2009.0,210304.0,30700.0,1199.0,144.0,5774688.358,0.00020763,2.49364e-05,2.076302522,2.49364106,161785.0,62396.0,2259.0,161785.0,26000.0,7.952830188679245
Kowloon City South -> Kwai Chung West,23.876923076923077,12.151085983923076,130,1256.0,245.0,3082389.687,0.000407476,7.94838e-05,4.074760584,7.948378527,210304.0,96598.0,2009.0,210304.0,30700.0,1079.0,187.0,7109884.208,0.000151761,2.63014e-05,1.517605587,2.630141287,154432.0,86916.0,1358.0,154432.0,26000.0,11.245384615384616
Kowloon City South -> Kwun Tong Central,13.102325581395348,7.676617110493022,215,1256.0,245.0,3082389.687,0.000407476,7.94838e-05,4.074760584,7.948378527,210304.0,96598.0,2009.0,210304.0,30700.0,1827.0,225.0,3044793.15,0.000600041,7.38966e-05,6.000407614,7.389664549,170206.0,106392.0,1421.0,170206.0,24000.0,8.85813953488372
Kowloon City South -> Kwun Tong North,17.82051282051282,10.087935710830129,312,1256.0,245.0,3082389.687,0.000407476,7.94838e-05,4.074760584,7.948378527,210304.0,96598.0,2009.0,210304.0,30700.0,1022.0,168.0,2334159.008,0.000437845,7.19745e-05,4.378450639,7.197453105,164725.0,58119.0,434.0,164725.0,24000.0,9.36346153846154
Kowloon City South -> Kwun Tong Southeast,20.633333333333333,10.193657468941668,120,1256.0,245.0,3082389.687,0.000407476,7.94838e-05,4.074760584,7.948378527,210304.0,96598.0,2009.0,210304.0,30700.0,942.0,117.0,3181450.074,0.000296091,3.67757e-05,2.96091398,3.677568319,163357.0,92725.0,1534.0,163357.0,24000.0,8.573333333333332
Kowloon City South -> Kwun Tong West,12.592105263157896,6.26922209155921,304,1256.0,245.0,3082389.687,0.000407476,7.94838e-05,4.074760584,7.948378527,210304.0,96598.0,2009.0,210304.0,30700.0,1513.0,204.0,2719597.768,0.000556332,7.50111e-05,5.5633227,7.501109259,174878.0,55701.0,1073.0,174878.0,24000.0,8.404276315789474
Kowloon City South -> Sai Kung and Hang Hau,18.857954545454547,16.40491364122159,176,1256.0,245.0,3082389.687,0.000407476,7.94838e-05,4.074760584,7.948378527,210304.0,96598.0,2009.0,210304.0,30700.0,1722.0,307.0,129680000.0,1.32788e-05,2.36737e-06,0.132788402,0.236736582,157505.0,75963.0,22406.0,157505.0,40400.0,11.96534090909091
Kowloon City South -> Sha Tin East,17.311258278145694,13.196999480172186,151,1256.0,245.0,3082389.687,0.000407476,7.94838e-05,4.074760584,7.948378527,210304.0,96598.0,2009.0,210304.0,30700.0,1790.0,208.0,24843458.54,7.20512e-05,8.37243e-06,0.720511597,0.837242527,169545.0,70694.25,3266.0,169545.0,30500.0,14.117218543046356
Kowloon City South -> Sha Tin North,21.204301075268816,18.223793163096776,93,1256.0,245.0,3082389.687,0.000407476,7.94838e-05,4.074760584,7.948378527,210304.0,96598.0,2009.0,210304.0,30700.0,1053.0,129.0,2824329.844,0.000372832,4.56746e-05,3.728318072,4.567455188,172770.0,105017.0,1312.0,172770.0,30500.0,11.917204301075268
Kowloon City South -> Sha Tin South,10.678362573099415,7.967483977169591,171,1256.0,245.0,3082389.687,0.000407476,7.94838e-05,4.074760584,7.948378527,210304.0,96598.0,2009.0,210304.0,30700.0,1099.0,152.0,9545575.388,0.000115132,1.59236e-05,1.151318758,1.592360794,171916.0,58856.75,2705.0,171916.0,30500.0,16.203508771929826
Kowloon City South -> Sha Tin West,12.51578947368421,10.801120881536843,95,1256.0,245.0,3082389.687,0.000407476,7.94838e-05,4.074760584,7.948378527,210304.0,96598.0,2009.0,210304.0,30700.0,1612.0,207.0,31506636.23,5.11638e-05,6.57004e-06,0.511638243,0.657004443,178575.0,106037.0,7389.0,178575.0,30500.0,13.637894736842105
Kowloon City South -> Sham Shui Po East,13.316397228637413,5.013342529124711,433,1256.0,245.0,3082389.687,0.000407476,7.94838e-05,4.074760584,7.948378527,210304.0,96598.0,2009.0,210304.0,30700.0,1569.0,235.0,4642605.795,0.000337957,5.06181e-05,3.379567573,5.061812491,212957.0,126435.0,2477.0,212957.0,24100.0,10.379676674364894
Kowloon City South -> Sham Shui Po West,15.17439293598234,6.3663310359249445,453,1256.0,245.0,3082389.687,0.000407476,7.94838e-05,4.074760584,7.948378527,210304.0,96598.0,2009.0,210304.0,30700.0,1507.0,179.0,4717394.205,0.000319456,3.79447e-05,3.194560248,3.794467713,218133.0,77638.0,1616.0,218133.0,24100.0,10.73907284768212
Kowloon City South -> Southern District Northwest,12.7012987012987,12.635366770753247,77,1256.0,245.0,3082389.687,0.000407476,7.94838e-05,4.074760584,7.948378527,210304.0,96598.0,2009.0,210304.0,30700.0,1801.0,220.0,5182184.495,0.000347537,4.24531e-05,3.475368354,4.245313925,128849.0,67695.0,2855.0,128849.0,36000.0,18.58051948051948
Kowloon City South -> Southern District Southeast,6.540983606557377,9.792336572885246,61,1256.0,245.0,3082389.687,0.000407476,7.94838e-05,4.074760584,7.948378527,210304.0,96598.0,2009.0,210304.0,30700.0,2667.0,249.0,33657815.5,7.92387e-05,7.39798e-06,0.792386541,0.739798458,134429.0,68061.0,8608.0,134429.0,36000.0,19.437704918032786
Kowloon City South -> Tai Pak,9.412280701754385,7.8283552805,114,1256.0,245.0,3082389.687,0.000407476,7.94838e-05,4.074760584,7.948378527,210304.0,96598.0,2009.0,210304.0,30700.0,1821.0,178.0,3656419.948,0.000498028,4.86815e-05,4.98028133,4.868149789,173597.0,106141.0,1412.0,173597.0,33800.0,12.168421052631578
Kowloon City South -> Tai Po North,15.04225352112676,22.104637735394366,71,1256.0,245.0,3082389.687,0.000407476,7.94838e-05,4.074760584,7.948378527,210304.0,96598.0,2009.0,210304.0,30700.0,1367.0,236.0,94726850.56,1.4431e-05,2.49137e-06,0.144309664,0.249137387,157446.0,125595.0,16400.0,157446.0,31700.0,12.956338028169014
Kowloon City South -> Tai Po South,11.652631578947368,20.99053092650526,95,1256.0,245.0,3082389.687,0.000407476,7.94838e-05,4.074760584,7.948378527,210304.0,96598.0,2009.0,210304.0,30700.0,1413.0,187.0,41403149.44,3.41278e-05,4.51656e-06,0.341278386,0.451656462,159024.0,32241.0,14539.0,159024.0,31700.0,15.983157894736843
Kowloon City South -> Tin Shui Wai South and Ping Ha,17.75,35.56740678291667,24,1256.0,245.0,3082389.687,0.000407476,7.94838e-05,4.074760584,7.948378527,210304.0,96598.0,2009.0,210304.0,30700.0,1309.0,215.0,47324621.53,2.766e-05,4.54309e-06,0.276600205,0.454308969,153669.0,88248.5,22348.0,153669.0,30100.0,20.8
Kowloon City South -> Tseung Kwan O North,17.185567010309278,15.909287484773197,97,1256.0,245.0,3082389.687,0.000407476,7.94838e-05,4.074760584,7.948378527,210304.0,96598.0,2009.0,210304.0,30700.0,776.0,108.0,1580069.556,0.000491118,6.83514e-05,4.911176202,6.835142137,158568.0,98589.0,444.0,158568.0,40400.0,11.490721649484538
Kowloon City South -> Tseung Kwan O South,15.467625899280575,15.118120058028778,139,1256.0,245.0,3082389.687,0.000407476,7.94838e-05,4.074760584,7.948378527,210304.0,96598.0,2009.0,210304.0,30700.0,517.0,59.0,3125142.442,0.000165432,1.88791e-05,1.654324594,1.887913946,172964.0,98736.0,735.0,172964.0,40400.0,11.823021582733814
Kowloon City South -> Tsing Yi,20.87735849056604,15.716154860301888,212,1256.0,245.0,3082389.687,0.000407476,7.94838e-05,4.074760584,7.948378527,210304.0,96598.0,2009.0,210304.0,30700.0,985.0,142.0,10455427.43,9.42094e-05,1.35815e-05,0.942094435,1.358146292,179581.0,84461.0,2054.0,179581.0,26000.0,10.166037735849056
Kowloon City South -> Tsuen Wan Northwest,19.126126126126128,19.729135633477476,111,1256.0,245.0,3082389.687,0.000407476,7.94838e-05,4.074760584,7.948378527,210304.0,96598.0,2009.0,210304.0,30700.0,1403.0,103.0,44481122.31,3.15415e-05,2.31559e-06,0.315414703,0.231558906,156114.0,73570.0,4949.0,156114.0,34400.0,14.562162162162164
Kowloon City South -> Tsuen Wan Southeast,16.416666666666668,12.951050359916666,12,1256.0,245.0,3082389.687,0.000407476,7.94838e-05,4.074760584,7.948378527,210304.0,96598.0,2009.0,210304.0,30700.0,991.0,128.0,17438877.69,5.68271e-05,7.33992e-06,0.568270515,0.733992189,163980.0,90229.0,4243.0,163980.0,34400.0,10.2
Kowloon City South -> Tuen Mun East,18.0,32.768809180714285,7,1256.0,245.0,3082389.687,0.000407476,7.94838e-05,4.074760584,7.948378527,210304.0,96598.0,2009.0,210304.0,30700.0,1510.0,113.0,33427312.32,4.51726e-05,3.38047e-06,0.451726416,0.338046921,168080.0,59671.0,6093.0,168080.0,26500.0,15.8
Kowloon City South -> Wan Chai,6.165938864628821,5.948754986126637,229,1256.0,245.0,3082389.687,0.000407476,7.94838e-05,4.074760584,7.948378527,210304.0,96598.0,2009.0,210304.0,30700.0,3357.0,430.0,10560000.0,0.000317898,4.07197e-05,3.178977273,4.071969697,166695.0,92238.0,4550.0,166695.0,40500.0,13.448034934497816
Kowloon City South -> Western,18.88888888888889,10.47551168624074,54,1256.0,245.0,3082389.687,0.000407476,7.94838e-05,4.074760584,7.948378527,210304.0,96598.0,2009.0,210304.0,30700.0,1187.0,165.0,4250735.501,0.000279246,3.88168e-05,2.792457916,3.881681181,125233.0,75343.0,2064.0,125233.0,42600.0,12.29074074074074
Kowloon City South -> Wong Tai Sin East,13.330049261083744,5.541683354165025,406,1256.0,245.0,3082389.687,0.000407476,7.94838e-05,4.074760584,7.948378527,210304.0,96598.0,2009.0,210304.0,30700.0,1475.0,207.0,4613986.574,0.00031968,4.48636e-05,3.196801673,4.486358958,188218.0,127397.0,1185.0,188218.0,25100.0,7.711822660098522
Kowloon City South -> Wong Tai Sin West,12.441428571428572,4.935454717004285,700,1256.0,245.0,3082389.687,0.000407476,7.94838e-05,4.074760584,7.948378527,210304.0,96598.0,2009.0,210304.0,30700.0,896.0,223.0,4688620.344,0.000191101,4.7562e-05,1.911009922,4.75619657,218584.0,65217.0,844.0,218584.0,25100.0,7.814285714285714
Kowloon City South -> Wu Tip Shan,14.168674698795181,27.286255654999998,83,1256.0,245.0,3082389.687,0.000407476,7.94838e-05,4.074760584,7.948378527,210304.0,96598.0,2009.0,210304.0,30700.0,1448.0,161.0,21829748.23,6.63315e-05,7.37526e-06,0.663315025,0.737525684,150468.0,93658.0,15003.0,150468.0,25500.0,24.23012048192771
Kowloon City South -> Yau Tsim Mong North,11.371794871794872,4.674822592720085,468,1256.0,245.0,3082389.687,0.000407476,7.94838e-05,4.074760584,7.948378527,210304.0,96598.0,2009.0,210304.0,30700.0,1629.0,178.0,2165712.207,0.000752178,8.21901e-05,7.52177503,8.21900525,168265.0,97426.0,3002.0,168265.0,30700.0,12.965170940170939
Kowloon City South -> Yau Tsim Mong South,8.474973375931842,3.952606625157615,939,1256.0,245.0,3082389.687,0.000407476,7.94838e-05,4.074760584,7.948378527,210304.0,96598.0,2009.0,210304.0,30700.0,3027.0,209.0,4824287.793,0.00062745,4.33225e-05,6.274501294,4.33224569,142382.0,65279.0,4418.0,142382.0,30700.0,9.760596379126731
Kowloon City South -> Yuen Long Rural East,12.0,28.652766899,8,1256.0,245.0,3082389.687,0.000407476,7.94838e-05,4.074760584,7.948378527,210304.0,96598.0,2009.0,210304.0,30700.0,1696.0,306.0,83591131.06,2.02892e-05,3.66068e-06,0.202892338,0.366067543,170741.0,90494.0,72943.0,170741.0,30100.0,20.8
Kowloon City South -> Yuen Long Town Centre,16.1,31.7369580218,10,1256.0,245.0,3082389.687,0.000407476,7.94838e-05,4.074760584,7.948378527,210304.0,96598.0,2009.0,210304.0,30700.0,825.0,110.0,5113531.676,0.000161337,2.15116e-05,1.613366362,2.15115515,160142.0,65596.0,7135.0,160142.0,30100.0,20.8
Kwai Chung East -> Central,8.5,13.55083843283721,172,1199.0,144.0,5774688.358,0.00020763,2.49364e-05,2.076302522,2.49364106,161785.0,62396.0,2259.0,161785.0,26000.0,3406.0,432.0,8299264.499,0.000410398,5.20528e-05,4.10397813,5.205280541,110720.0,55452.0,6706.0,110720.0,42600.0,21.227906976744187
Kwai Chung East -> Islands,12.093406593406593,30.33258949401099,182,1199.0,144.0,5774688.358,0.00020763,2.49364e-05,2.076302522,2.49364106,161785.0,62396.0,2259.0,161785.0,26000.0,4309.0,252.0,182280000.0,2.36395e-05,1.38249e-06,0.236394558,0.138248848,185282.0,93368.0,20858.0,185282.0,31500.0,19.5010989010989
Kwai Chung East -> Kowloon City North,24.703703703703702,9.235578329925925,27,1199.0,144.0,5774688.358,0.00020763,2.49364e-05,2.076302522,2.49364106,161785.0,62396.0,2259.0,161785.0,26000.0,2184.0,369.0,6927610.313,0.00031526,5.32651e-05,3.15260227,5.326512077,200330.0,107366.0,3726.0,200330.0,30700.0,8.677777777777779
Kwai Chung East -> Kowloon City South,23.5,9.088996226416667,48,1199.0,144.0,5774688.358,0.00020763,2.49364e-05,2.076302522,2.49364106,161785.0,62396.0,2259.0,161785.0,26000.0,1256.0,245.0,3082389.687,0.000407476,7.94838e-05,4.074760584,7.948378527,210304.0,96598.0,2009.0,210304.0,30700.0,7.900000000000001
Kwai Chung East -> Kwai Chung East,9.382572614107884,6.762606846619087,1205,1199.0,144.0,5774688.358,0.00020763,2.49364e-05,2.076302522,2.49364106,161785.0,62396.0,2259.0,161785.0,26000.0,1199.0,144.0,5774688.358,0.00020763,2.49364e-05,2.076302522,2.49364106,161785.0,62396.0,2259.0,161785.0,26000.0,10.774688796680499
Kwai Chung East -> Kwai Chung West,9.952232606438214,4.18244022255244,963,1199.0,144.0,5774688.358,0.00020763,2.49364e-05,2.076302522,2.49364106,161785.0,62396.0,2259.0,161785.0,26000.0,1079.0,187.0,7109884.208,0.000151761,2.63014e-05,1.517605587,2.630141287,154432.0,86916.0,1358.0,154432.0,26000.0,7.475700934579439
Kwai Chung East -> Kwun Tong Central,14.73049645390071,14.854504458624113,282,1199.0,144.0,5774688.358,0.00020763,2.49364e-05,2.076302522,2.49364106,161785.0,62396.0,2259.0,161785.0,26000.0,1827.0,225.0,3044793.15,0.000600041,7.38966e-05,6.000407614,7.389664549,170206.0,106392.0,1421.0,170206.0,24000.0,10.429432624113474
Kwai Chung East -> Kwun Tong North,13.535714285714286,16.78812843757143,84,1199.0,144.0,5774688.358,0.00020763,2.49364e-05,2.076302522,2.49364106,161785.0,62396.0,2259.0,161785.0,26000.0,1022.0,168.0,2334159.008,0.000437845,7.19745e-05,4.378450639,7.197453105,164725.0,58119.0,434.0,164725.0,24000.0,14.660714285714286
Kwai Chung East -> Kwun Tong Southeast,20.943661971830984,16.95080891328169,71,1199.0,144.0,5774688.358,0.00020763,2.49364e-05,2.076302522,2.49364106,161785.0,62396.0,2259.0,161785.0,26000.0,942.0,117.0,3181450.074,0.000296091,3.67757e-05,2.96091398,3.677568319,163357.0,92725.0,1534.0,163357.0,24000.0,10.564788732394366
Kwai Chung East -> Kwun Tong West,10.284403669724771,12.308663314376146,109,1199.0,144.0,5774688.358,0.00020763,2.49364e-05,2.076302522,2.49364106,161785.0,62396.0,2259.0,161785.0,26000.0,1513.0,204.0,2719597.768,0.000556332,7.50111e-05,5.5633227,7.501109259,174878.0,55701.0,1073.0,174878.0,24000.0,10.384403669724772
Kwai Chung East -> Sai Kung and Hang Hau,20.24102564102564,24.136490770169228,195,1199.0,144.0,5774688.358,0.00020763,2.49364e-05,2.076302522,2.49364106,161785.0,62396.0,2259.0,161785.0,26000.0,1722.0,307.0,129680000.0,1.32788e-05,2.36737e-06,0.132788402,0.236736582,157505.0,75963.0,22406.0,157505.0,40400.0,14.437435897435895
Kwai Chung East -> Sha Tin East,11.203125,12.9202216996875,64,1199.0,144.0,5774688.358,0.00020763,2.49364e-05,2.076302522,2.49364106,161785.0,62396.0,2259.0,161785.0,26000.0,1790.0,208.0,24843458.54,7.20512e-05,8.37243e-06,0.720511597,0.837242527,169545.0,70694.25,3266.0,169545.0,30500.0,9.953125
Kwai Chung East -> Sha Tin North,8.275862068965518,15.686118311827586,29,1199.0,144.0,5774688.358,0.00020763,2.49364e-05,2.076302522,2.49364106,161785.0,62396.0,2259.0,161785.0,26000.0,1053.0,129.0,2824329.844,0.000372832,4.56746e-05,3.728318072,4.567455188,172770.0,105017.0,1312.0,172770.0,30500.0,9.972413793103447
Kwai Chung East -> Sha Tin South,14.758064516129032,11.202202735258066,62,1199.0,144.0,5774688.358,0.00020763,2.49364e-05,2.076302522,2.49364106,161785.0,62396.0,2259.0,161785.0,26000.0,1099.0,152.0,9545575.388,0.000115132,1.59236e-05,1.151318758,1.592360794,171916.0,58856.75,2705.0,171916.0,30500.0,11.009677419354839
Kwai Chung East -> Sha Tin West,10.722972972972974,12.544736296648649,148,1199.0,144.0,5774688.358,0.00020763,2.49364e-05,2.076302522,2.49364106,161785.0,62396.0,2259.0,161785.0,26000.0,1612.0,207.0,31506636.23,5.11638e-05,6.57004e-06,0.511638243,0.657004443,178575.0,106037.0,7389.0,178575.0,30500.0,11.010135135135135
Kwai Chung East -> Sham Shui Po East,9.047477744807122,6.5776025502789315,337,1199.0,144.0,5774688.358,0.00020763,2.49364e-05,2.076302522,2.49364106,161785.0,62396.0,2259.0,161785.0,26000.0,1569.0,235.0,4642605.795,0.000337957,5.06181e-05,3.379567573,5.061812491,212957.0,126435.0,2477.0,212957.0,24100.0,9.141246290801186
Kwai Chung East -> Sham Shui Po West,9.229219143576826,5.701108828332495,397,1199.0,144.0,5774688.358,0.00020763,2.49364e-05,2.076302522,2.49364106,161785.0,62396.0,2259.0,161785.0,26000.0,1507.0,179.0,4717394.205,0.000319456,3.79447e-05,3.194560248,3.794467713,218133.0,77638.0,1616.0,218133.0,24100.0,9.368010075566751
Kwai Chung East -> Southern District Northwest,29.7737981025477,21.233350790127105,9381,1199.0,144.0,5774688.358,0.00020763,2.49364e-05,2.076302522,2.49364106,161785.0,62396.0,2259.0,161785.0,26000.0,1801.0,220.0,5182184.495,0.000347537,4.24531e-05,3.475368354,4.245313925,128849.0,67695.0,2855.0,128849.0,36000.0,27.49534164801194
Kwai Chung East -> Tai Po North,14.985507246376812,19.319409460876813,138,1199.0,144.0,5774688.358,0.00020763,2.49364e-05,2.076302522,2.49364106,161785.0,62396.0,2259.0,161785.0,26000.0,1367.0,236.0,94726850.56,1.4431e-05,2.49137e-06,0.144309664,0.249137387,157446.0,125595.0,16400.0,157446.0,31700.0,12.494202898550723
Kwai Chung East -> Tai Po South,15.76923076923077,22.675651163384615,13,1199.0,144.0,5774688.358,0.00020763,2.49364e-05,2.076302522,2.49364106,161785.0,62396.0,2259.0,161785.0,26000.0,1413.0,187.0,41403149.44,3.41278e-05,4.51656e-06,0.341278386,0.451656462,159024.0,32241.0,14539.0,159024.0,31700.0,12.5
Kwai Chung East -> Tin Shui Wai South and Ping Ha,14.956521739130435,25.036076785119565,92,1199.0,144.0,5774688.358,0.00020763,2.49364e-05,2.076302522,2.49364106,161785.0,62396.0,2259.0,161785.0,26000.0,1309.0,215.0,47324621.53,2.766e-05,4.54309e-06,0.276600205,0.454308969,153669.0,88248.5,22348.0,153669.0,30100.0,12.245652173913042
Kwai Chung East -> Tseung Kwan O North,21.342105263157894,23.46473356881579,76,1199.0,144.0,5774688.358,0.00020763,2.49364e-05,2.076302522,2.49364106,161785.0,62396.0,2259.0,161785.0,26000.0,776.0,108.0,1580069.556,0.000491118,6.83514e-05,4.911176202,6.835142137,158568.0,98589.0,444.0,158568.0,40400.0,14.207894736842105
Kwai Chung East -> Tseung Kwan O South,25.362068965517242,24.367154104172414,58,1199.0,144.0,5774688.358,0.00020763,2.49364e-05,2.076302522,2.49364106,161785.0,62396.0,2259.0,161785.0,26000.0,517.0,59.0,3125142.442,0.000165432,1.88791e-05,1.654324594,1.887913946,172964.0,98736.0,735.0,172964.0,40400.0,15.322413793103449
Kwai Chung East -> Tsing Yi,9.179144385026738,6.034715484684492,374,1199.0,144.0,5774688.358,0.00020763,2.49364e-05,2.076302522,2.49364106,161785.0,62396.0,2259.0,161785.0,26000.0,985.0,142.0,10455427.43,9.42094e-05,1.35815e-05,0.942094435,1.358146292,179581.0,84461.0,2054.0,179581.0,26000.0,7.3593582887700535
Kwai Chung East -> Tsuen Wan Northwest,11.347682119205299,10.051148978284768,302,1199.0,144.0,5774688.358,0.00020763,2.49364e-05,2.076302522,2.49364106,161785.0,62396.0,2259.0,161785.0,26000.0,1403.0,103.0,44481122.31,3.15415e-05,2.31559e-06,0.315414703,0.231558906,156114.0,73570.0,4949.0,156114.0,34400.0,10.694701986754968
Kwai Chung East -> Tsuen Wan Southeast,11.042025862068966,4.952909459934268,928,1199.0,144.0,5774688.358,0.00020763,2.49364e-05,2.076302522,2.49364106,161785.0,62396.0,2259.0,161785.0,26000.0,991.0,128.0,17438877.69,5.68271e-05,7.33992e-06,0.568270515,0.733992189,163980.0,90229.0,4243.0,163980.0,34400.0,7.755603448275862
Kwai Chung East -> Tuen Mun East,14.486910994764397,19.13444500746597,191,1199.0,144.0,5774688.358,0.00020763,2.49364e-05,2.076302522,2.49364106,161785.0,62396.0,2259.0,161785.0,26000.0,1510.0,113.0,33427312.32,4.51726e-05,3.38047e-06,0.451726416,0.338046921,168080.0,59671.0,6093.0,168080.0,26500.0,10.113612565445026
Kwai Chung East -> Tuen Mun North,15.392156862745098,24.39361471192157,51,1199.0,144.0,5774688.358,0.00020763,2.49364e-05,2.076302522,2.49364106,161785.0,62396.0,2259.0,161785.0,26000.0,780.0,109.0,18692705.38,4.17275e-05,5.83115e-06,0.417275073,0.583115166,170790.0,104074.0,10271.0,170790.0,26500.0,11.135294117647058
Kwai Chung East -> Tuen Mun West,16.857142857142858,25.142671974457144,35,1199.0,144.0,5774688.358,0.00020763,2.49364e-05,2.076302522,2.49364106,161785.0,62396.0,2259.0,161785.0,26000.0,587.0,86.0,33729982.3,1.74029e-05,2.54966e-06,0.174029146,0.25496604,168009.0,83305.0,3482.0,168009.0,26500.0,11.397142857142859
Kwai Chung East -> Wan Chai,16.233050847457626,18.61842259529661,236,1199.0,144.0,5774688.358,0.00020763,2.49364e-05,2.076302522,2.49364106,161785.0,62396.0,2259.0,161785.0,26000.0,3357.0,430.0,10560000.0,0.000317898,4.07197e-05,3.178977273,4.071969697,166695.0,92238.0,4550.0,166695.0,40500.0,21.14406779661017
Kwai Chung East -> Wong Tai Sin East,8.663934426229508,10.375075097512296,244,1199.0,144.0,5774688.358,0.00020763,2.49364e-05,2.076302522,2.49364106,161785.0,62396.0,2259.0,161785.0,26000.0,1475.0,207.0,4613986.574,0.00031968,4.48636e-05,3.196801673,4.486358958,188218.0,127397.0,1185.0,188218.0,25100.0,10.997540983606557
Kwai Chung East -> Wong Tai Sin West,10.68,8.70889285824,25,1199.0,144.0,5774688.358,0.00020763,2.49364e-05,2.076302522,2.49364106,161785.0,62396.0,2259.0,161785.0,26000.0,896.0,223.0,4688620.344,0.000191101,4.7562e-05,1.911009922,4.75619657,218584.0,65217.0,844.0,218584.0,25100.0,9.872
Kwai Chung East -> Wu Tip Shan,5.973684210526316,17.382648908578947,38,1199.0,144.0,5774688.358,0.00020763,2.49364e-05,2.076302522,2.49364106,161785.0,62396.0,2259.0,161785.0,26000.0,1448.0,161.0,21829748.23,6.63315e-05,7.37526e-06,0.663315025,0.737525684,150468.0,93658.0,15003.0,150468.0,25500.0,5.6
Kwai Chung East -> Yau Tsim Mong North,14.364705882352942,7.366716974345098,255,1199.0,144.0,5774688.358,0.00020763,2.49364e-05,2.076302522,2.49364106,161785.0,62396.0,2259.0,161785.0,26000.0,1629.0,178.0,2165712.207,0.000752178,8.21901e-05,7.52177503,8.21900525,168265.0,97426.0,3002.0,168265.0,30700.0,8.138823529411765
Kwai Chung East -> Yau Tsim Mong South,15.403125,9.821634138506251,320,1199.0,144.0,5774688.358,0.00020763,2.49364e-05,2.076302522,2.49364106,161785.0,62396.0,2259.0,161785.0,26000.0,3027.0,209.0,4824287.793,0.00062745,4.33225e-05,6.274501294,4.33224569,142382.0,65279.0,4418.0,142382.0,30700.0,10.689687500000002
Kwai Chung East -> Yuen Long Rural East,7.857142857142857,15.7889656735,28,1199.0,144.0,5774688.358,0.00020763,2.49364e-05,2.076302522,2.49364106,161785.0,62396.0,2259.0,161785.0,26000.0,1696.0,306.0,83591131.06,2.02892e-05,3.66068e-06,0.202892338,0.366067543,170741.0,90494.0,72943.0,170741.0,30100.0,12.471428571428572
Kwai Chung East -> Yuen Long Town Centre,8.666666666666666,18.769819296799998,15,1199.0,144.0,5774688.358,0.00020763,2.49364e-05,2.076302522,2.49364106,161785.0,62396.0,2259.0,161785.0,26000.0,825.0,110.0,5113531.676,0.000161337,2.15116e-05,1.613366362,2.15115515,160142.0,65596.0,7135.0,160142.0,30100.0,11.166666666666666
Kwai Chung West -> Central,9.8,15.48468958332,125,1079.0,187.0,7109884.208,0.000151761,2.63014e-05,1.517605587,2.630141287,154432.0,86916.0,1358.0,154432.0,26000.0,3406.0,432.0,8299264.499,0.000410398,5.20528e-05,4.10397813,5.205280541,110720.0,55452.0,6706.0,110720.0,42600.0,22.88
Kwai Chung West -> Islands,14.968253968253968,28.874351360273014,315,1079.0,187.0,7109884.208,0.000151761,2.63014e-05,1.517605587,2.630141287,154432.0,86916.0,1358.0,154432.0,26000.0,4309.0,252.0,182280000.0,2.36395e-05,1.38249e-06,0.236394558,0.138248848,185282.0,93368.0,20858.0,185282.0,31500.0,16.443809523809524
Kwai Chung West -> Kowloon City North,25.329113924050635,9.3361784236962,79,1079.0,187.0,7109884.208,0.000151761,2.63014e-05,1.517605587,2.630141287,154432.0,86916.0,1358.0,154432.0,26000.0,2184.0,369.0,6927610.313,0.00031526,5.32651e-05,3.15260227,5.326512077,200330.0,107366.0,3726.0,200330.0,30700.0,8.770886075949369
Kwai Chung West -> Kowloon City South,22.3206106870229,8.8001413869771,131,1079.0,187.0,7109884.208,0.000151761,2.63014e-05,1.517605587,2.630141287,154432.0,86916.0,1358.0,154432.0,26000.0,1256.0,245.0,3082389.687,0.000407476,7.94838e-05,4.074760584,7.948378527,210304.0,96598.0,2009.0,210304.0,30700.0,7.73587786259542
Kwai Chung West -> Kwai Chung East,10.417266187050359,4.680925792611511,556,1079.0,187.0,7109884.208,0.000151761,2.63014e-05,1.517605587,2.630141287,154432.0,86916.0,1358.0,154432.0,26000.0,1199.0,144.0,5774688.358,0.00020763,2.49364e-05,2.076302522,2.49364106,161785.0,62396.0,2259.0,161785.0,26000.0,8.92751798561151
Kwai Chung West -> Kwai Chung West,10.908464566929133,3.7980353716742123,1016,1079.0,187.0,7109884.208,0.000151761,2.63014e-05,1.517605587,2.630141287,154432.0,86916.0,1358.0,154432.0,26000.0,1079.0,187.0,7109884.208,0.000151761,2.63014e-05,1.517605587,2.630141287,154432.0,86916.0,1358.0,154432.0,26000.0,8.28267716535433
Kwai Chung West -> Kwun Tong Central,22.74169741697417,17.821276780343176,271,1079.0,187.0,7109884.208,0.000151761,2.63014e-05,1.517605587,2.630141287,154432.0,86916.0,1358.0,154432.0,26000.0,1827.0,225.0,3044793.15,0.000600041,7.38966e-05,6.000407614,7.389664549,170206.0,106392.0,1421.0,170206.0,24000.0,10.423247232472324
Kwai Chung West -> Kwun Tong North,21.21818181818182,11.799322733581818,55,1079.0,187.0,7109884.208,0.000151761,2.63014e-05,1.517605587,2.630141287,154432.0,86916.0,1358.0,154432.0,26000.0,1022.0,168.0,2334159.008,0.000437845,7.19745e-05,4.378450639,7.197453105,164725.0,58119.0,434.0,164725.0,24000.0,12.02909090909091
Kwai Chung West -> Kwun Tong Southeast,28.25,19.90264992982237,152,1079.0,187.0,7109884.208,0.000151761,2.63014e-05,1.517605587,2.630141287,154432.0,86916.0,1358.0,154432.0,26000.0,942.0,117.0,3181450.074,0.000296091,3.67757e-05,2.96091398,3.677568319,163357.0,92725.0,1534.0,163357.0,24000.0,10.463157894736842
Kwai Chung West -> Kwun Tong West,17.61627906976744,15.370090484872094,86,1079.0,187.0,7109884.208,0.000151761,2.63014e-05,1.517605587,2.630141287,154432.0,86916.0,1358.0,154432.0,26000.0,1513.0,204.0,2719597.768,0.000556332,7.50111e-05,5.5633227,7.501109259,174878.0,55701.0,1073.0,174878.0,24000.0,10.490697674418604
Kwai Chung West -> Sai Kung and Hang Hau,20.5531914893617,18.840634545468088,47,1079.0,187.0,7109884.208,0.000151761,2.63014e-05,1.517605587,2.630141287,154432.0,86916.0,1358.0,154432.0,26000.0,1722.0,307.0,129680000.0,1.32788e-05,2.36737e-06,0.132788402,0.236736582,157505.0,75963.0,22406.0,157505.0,40400.0,14.751063829787233
Kwai Chung West -> Sha Tin East,13.909090909090908,13.236386040863636,88,1079.0,187.0,7109884.208,0.000151761,2.63014e-05,1.517605587,2.630141287,154432.0,86916.0,1358.0,154432.0,26000.0,1790.0,208.0,24843458.54,7.20512e-05,8.37243e-06,0.720511597,0.837242527,169545.0,70694.25,3266.0,169545.0,30500.0,10.425
Kwai Chung West -> Sha Tin North,19.080645161290324,18.57086433532258,62,1079.0,187.0,7109884.208,0.000151761,2.63014e-05,1.517605587,2.630141287,154432.0,86916.0,1358.0,154432.0,26000.0,1053.0,129.0,2824329.844,0.000372832,4.56746e-05,3.728318072,4.567455188,172770.0,105017.0,1312.0,172770.0,30500.0,11.280645161290321
Kwai Chung West -> Sha Tin South,15.464285714285714,12.352099791803571,56,1079.0,187.0,7109884.208,0.000151761,2.63014e-05,1.517605587,2.630141287,154432.0,86916.0,1358.0,154432.0,26000.0,1099.0,152.0,9545575.388,0.000115132,1.59236e-05,1.151318758,1.592360794,171916.0,58856.75,2705.0,171916.0,30500.0,9.514285714285716
Kwai Chung West -> Sha Tin West,10.075268817204302,12.715825940161292,93,1079.0,187.0,7109884.208,0.000151761,2.63014e-05,1.517605587,2.630141287,154432.0,86916.0,1358.0,154432.0,26000.0,1612.0,207.0,31506636.23,5.11638e-05,6.57004e-06,0.511638243,0.657004443,178575.0,106037.0,7389.0,178575.0,30500.0,10.994623655913978
Kwai Chung West -> Sham Shui Po East,11.980113636363637,6.330498367284091,352,1079.0,187.0,7109884.208,0.000151761,2.63014e-05,1.517605587,2.630141287,154432.0,86916.0,1358.0,154432.0,26000.0,1569.0,235.0,4642605.795,0.000337957,5.06181e-05,3.379567573,5.061812491,212957.0,126435.0,2477.0,212957.0,24100.0,9.238636363636363
Kwai Chung West -> Sham Shui Po West,9.195530726256983,4.71750283622067,358,1079.0,187.0,7109884.208,0.000151761,2.63014e-05,1.517605587,2.630141287,154432.0,86916.0,1358.0,154432.0,26000.0,1507.0,179.0,4717394.205,0.000319456,3.79447e-05,3.194560248,3.794467713,218133.0,77638.0,1616.0,218133.0,24100.0,8.956983240223463
Kwai Chung West -> Southern District Northwest,31.692661870503596,21.574473672255596,6950,1079.0,187.0,7109884.208,0.000151761,2.63014e-05,1.517605587,2.630141287,154432.0,86916.0,1358.0,154432.0,26000.0,1801.0,220.0,5182184.495,0.000347537,4.24531e-05,3.475368354,4.245313925,128849.0,67695.0,2855.0,128849.0,36000.0,27.404906474820145
Kwai Chung West -> Tai Po North,21.24742268041237,26.255280077123714,97,1079.0,187.0,7109884.208,0.000151761,2.63014e-05,1.517605587,2.630141287,154432.0,86916.0,1358.0,154432.0,26000.0,1367.0,236.0,94726850.56,1.4431e-05,2.49137e-06,0.144309664,0.249137387,157446.0,125595.0,16400.0,157446.0,31700.0,15.84020618556701
Kwai Chung West -> Tai Po South,15.102564102564102,21.560826458051285,39,1079.0,187.0,7109884.208,0.000151761,2.63014e-05,1.517605587,2.630141287,154432.0,86916.0,1358.0,154432.0,26000.0,1413.0,187.0,41403149.44,3.41278e-05,4.51656e-06,0.341278386,0.451656462,159024.0,32241.0,14539.0,159024.0,31700.0,12.5
Kwai Chung West -> Tin Shui Wai South and Ping Ha,16.351219512195122,23.953096283882928,205,1079.0,187.0,7109884.208,0.000151761,2.63014e-05,1.517605587,2.630141287,154432.0,86916.0,1358.0,154432.0,26000.0,1309.0,215.0,47324621.53,2.766e-05,4.54309e-06,0.276600205,0.454308969,153669.0,88248.5,22348.0,153669.0,30100.0,13.512195121951219
Kwai Chung West -> Tseung Kwan O North,20.0,18.60893258330769,26,1079.0,187.0,7109884.208,0.000151761,2.63014e-05,1.517605587,2.630141287,154432.0,86916.0,1358.0,154432.0,26000.0,776.0,108.0,1580069.556,0.000491118,6.83514e-05,4.911176202,6.835142137,158568.0,98589.0,444.0,158568.0,40400.0,14.153846153846153
Kwai Chung West -> Tseung Kwan O South,25.0,22.654321991428574,21,1079.0,187.0,7109884.208,0.000151761,2.63014e-05,1.517605587,2.630141287,154432.0,86916.0,1358.0,154432.0,26000.0,517.0,59.0,3125142.442,0.000165432,1.88791e-05,1.654324594,1.887913946,172964.0,98736.0,735.0,172964.0,40400.0,15.066666666666666
Kwai Chung West -> Tsing Yi,9.212338593974176,6.051936267335725,697,1079.0,187.0,7109884.208,0.000151761,2.63014e-05,1.517605587,2.630141287,154432.0,86916.0,1358.0,154432.0,26000.0,985.0,142.0,10455427.43,9.42094e-05,1.35815e-05,0.942094435,1.358146292,179581.0,84461.0,2054.0,179581.0,26000.0,13.709182209469155
Kwai Chung West -> Tsuen Wan Northwest,12.384615384615385,8.47354203031984,494,1079.0,187.0,7109884.208,0.000151761,2.63014e-05,1.517605587,2.630141287,154432.0,86916.0,1358.0,154432.0,26000.0,1403.0,103.0,44481122.31,3.15415e-05,2.31559e-06,0.315414703,0.231558906,156114.0,73570.0,4949.0,156114.0,34400.0,9.841497975708501
Kwai Chung West -> Tsuen Wan Southeast,12.119751166407465,4.53226150374028,643,1079.0,187.0,7109884.208,0.000151761,2.63014e-05,1.517605587,2.630141287,154432.0,86916.0,1358.0,154432.0,26000.0,991.0,128.0,17438877.69,5.68271e-05,7.33992e-06,0.568270515,0.733992189,163980.0,90229.0,4243.0,163980.0,34400.0,7.578693623639192
Kwai Chung West -> Tuen Mun East,20.691292875989447,19.05958706705013,379,1079.0,187.0,7109884.208,0.000151761,2.63014e-05,1.517605587,2.630141287,154432.0,86916.0,1358.0,154432.0,26000.0,1510.0,113.0,33427312.32,4.51726e-05,3.38047e-06,0.451726416,0.338046921,168080.0,59671.0,6093.0,168080.0,26500.0,11.87335092348285
Kwai Chung West -> Tuen Mun North,13.515625,23.23148292925781,128,1079.0,187.0,7109884.208,0.000151761,2.63014e-05,1.517605587,2.630141287,154432.0,86916.0,1358.0,154432.0,26000.0,780.0,109.0,18692705.38,4.17275e-05,5.83115e-06,0.417275073,0.583115166,170790.0,104074.0,10271.0,170790.0,26500.0,13.01484375
Kwai Chung West -> Tuen Mun West,19.947916666666668,26.63075137807292,96,1079.0,187.0,7109884.208,0.000151761,2.63014e-05,1.517605587,2.630141287,154432.0,86916.0,1358.0,154432.0,26000.0,587.0,86.0,33729982.3,1.74029e-05,2.54966e-06,0.174029146,0.25496604,168009.0,83305.0,3482.0,168009.0,26500.0,11.888541666666667
Kwai Chung West -> Wan Chai,15.8,18.844200324666666,150,1079.0,187.0,7109884.208,0.000151761,2.63014e-05,1.517605587,2.630141287,154432.0,86916.0,1358.0,154432.0,26000.0,3357.0,430.0,10560000.0,0.000317898,4.07197e-05,3.178977273,4.071969697,166695.0,92238.0,4550.0,166695.0,40500.0,22.88
Kwai Chung West -> Wong Tai Sin East,15.094972067039107,11.049010920039107,179,1079.0,187.0,7109884.208,0.000151761,2.63014e-05,1.517605587,2.630141287,154432.0,86916.0,1358.0,154432.0,26000.0,1475.0,207.0,4613986.574,0.00031968,4.48636e-05,3.196801673,4.486358958,188218.0,127397.0,1185.0,188218.0,25100.0,10.354748603351956
Kwai Chung West -> Wong Tai Sin West,18.58490566037736,10.162536347981131,53,1079.0,187.0,7109884.208,0.000151761,2.63014e-05,1.517605587,2.630141287,154432.0,86916.0,1358.0,154432.0,26000.0,896.0,223.0,4688620.344,0.000191101,4.7562e-05,1.911009922,4.75619657,218584.0,65217.0,844.0,218584.0,25100.0,9.352830188679246
Kwai Chung West -> Yau Tsim Mong North,14.946428571428571,7.784707193539285,280,1079.0,187.0,7109884.208,0.000151761,2.63014e-05,1.517605587,2.630141287,154432.0,86916.0,1358.0,154432.0,26000.0,1629.0,178.0,2165712.207,0.000752178,8.21901e-05,7.52177503,8.21900525,168265.0,97426.0,3002.0,168265.0,30700.0,9.3725
Kwai Chung West -> Yau Tsim Mong South,19.13,10.47285679116,300,1079.0,187.0,7109884.208,0.000151761,2.63014e-05,1.517605587,2.630141287,154432.0,86916.0,1358.0,154432.0,26000.0,3027.0,209.0,4824287.793,0.00062745,4.33225e-05,6.274501294,4.33224569,142382.0,65279.0,4418.0,142382.0,30700.0,11.815666666666667
Kwai Chung West -> Yuen Long Rural East,8.128571428571428,15.1740072592,70,1079.0,187.0,7109884.208,0.000151761,2.63014e-05,1.517605587,2.630141287,154432.0,86916.0,1358.0,154432.0,26000.0,1696.0,306.0,83591131.06,2.02892e-05,3.66068e-06,0.202892338,0.366067543,170741.0,90494.0,72943.0,170741.0,30100.0,13.708571428571428
Kwai Chung West -> Yuen Long Town Centre,13.03448275862069,17.009242912172418,29,1079.0,187.0,7109884.208,0.000151761,2.63014e-05,1.517605587,2.630141287,154432.0,86916.0,1358.0,154432.0,26000.0,825.0,110.0,5113531.676,0.000161337,2.15116e-05,1.613366362,2.15115515,160142.0,65596.0,7135.0,160142.0,30100.0,14.562068965517241
Kwun Tong Central -> Central,13.419753086419753,12.236447861683128,243,1827.0,225.0,3044793.15,0.000600041,7.38966e-05,6.000407614,7.389664549,170206.0,106392.0,1421.0,170206.0,24000.0,3406.0,432.0,8299264.499,0.000410398,5.20528e-05,4.10397813,5.205280541,110720.0,55452.0,6706.0,110720.0,42600.0,14.144444444444444
Kwun Tong Central -> Chai Wan,18.558139534883722,11.524336837447674,344,1827.0,225.0,3044793.15,0.000600041,7.38966e-05,6.000407614,7.389664549,170206.0,106392.0,1421.0,170206.0,24000.0,1483.0,185.0,9201905.88,0.000161162,2.01045e-05,1.611622657,2.010453078,168675.0,84793.0,1280.0,168675.0,33800.0,13.65
Kwun Tong Central -> Hong Wan,13.583710407239819,9.589968002330316,221,1827.0,225.0,3044793.15,0.000600041,7.38966e-05,6.000407614,7.389664549,170206.0,106392.0,1421.0,170206.0,24000.0,1508.0,147.0,5131674.172,0.000293861,2.86456e-05,2.938612136,2.864562228,187331.0,78902.0,1332.0,187331.0,33800.0,13.110407239819004
Kwun Tong Central -> Islands,16.389830508474578,38.339772387135596,59,1827.0,225.0,3044793.15,0.000600041,7.38966e-05,6.000407614,7.389664549,170206.0,106392.0,1421.0,170206.0,24000.0,4309.0,252.0,182280000.0,2.36395e-05,1.38249e-06,0.236394558,0.138248848,185282.0,93368.0,20858.0,185282.0,31500.0,22.33220338983051
Kwun Tong Central -> Kowloon City North,8.6421768707483,5.588844533288435,735,1827.0,225.0,3044793.15,0.000600041,7.38966e-05,6.000407614,7.389664549,170206.0,106392.0,1421.0,170206.0,24000.0,2184.0,369.0,6927610.313,0.00031526,5.32651e-05,3.15260227,5.326512077,200330.0,107366.0,3726.0,200330.0,30700.0,8.594285714285714
Kwun Tong Central -> Kowloon City South,11.981900452488688,7.037316801303167,221,1827.0,225.0,3044793.15,0.000600041,7.38966e-05,6.000407614,7.389664549,170206.0,106392.0,1421.0,170206.0,24000.0,1256.0,245.0,3082389.687,0.000407476,7.94838e-05,4.074760584,7.948378527,210304.0,96598.0,2009.0,210304.0,30700.0,8.390045248868779
Kwun Tong Central -> Kwai Chung East,16.19047619047619,14.908880627321428,168,1827.0,225.0,3044793.15,0.000600041,7.38966e-05,6.000407614,7.389664549,170206.0,106392.0,1421.0,170206.0,24000.0,1199.0,144.0,5774688.358,0.00020763,2.49364e-05,2.076302522,2.49364106,161785.0,62396.0,2259.0,161785.0,26000.0,10.48154761904762
Kwun Tong Central -> Kwai Chung West,21.883435582822084,18.106275288993864,163,1827.0,225.0,3044793.15,0.000600041,7.38966e-05,6.000407614,7.389664549,170206.0,106392.0,1421.0,170206.0,24000.0,1079.0,187.0,7109884.208,0.000151761,2.63014e-05,1.517605587,2.630141287,154432.0,86916.0,1358.0,154432.0,26000.0,10.515337423312884
Kwun Tong Central -> Kwun Tong Central,9.767881241565451,4.982698943159244,741,1827.0,225.0,3044793.15,0.000600041,7.38966e-05,6.000407614,7.389664549,170206.0,106392.0,1421.0,170206.0,24000.0,1827.0,225.0,3044793.15,0.000600041,7.38966e-05,6.000407614,7.389664549,170206.0,106392.0,1421.0,170206.0,24000.0,7.233468286099865
Kwun Tong Central -> Kwun Tong North,8.259557344064387,3.9592536927565396,497,1827.0,225.0,3044793.15,0.000600041,7.38966e-05,6.000407614,7.389664549,170206.0,106392.0,1421.0,170206.0,24000.0,1022.0,168.0,2334159.008,0.000437845,7.19745e-05,4.378450639,7.197453105,164725.0,58119.0,434.0,164725.0,24000.0,6.480281690140845
Kwun Tong Central -> Kwun Tong Southeast,9.4575,5.06984563482375,800,1827.0,225.0,3044793.15,0.000600041,7.38966e-05,6.000407614,7.389664549,170206.0,106392.0,1421.0,170206.0,24000.0,942.0,117.0,3181450.074,0.000296091,3.67757e-05,2.96091398,3.677568319,163357.0,92725.0,1534.0,163357.0,24000.0,7.160125000000001
Kwun Tong Central -> Kwun Tong West,7.521697203471552,4.03631053985728,1037,1827.0,225.0,3044793.15,0.000600041,7.38966e-05,6.000407614,7.389664549,170206.0,106392.0,1421.0,170206.0,24000.0,1513.0,204.0,2719597.768,0.000556332,7.50111e-05,5.5633227,7.501109259,174878.0,55701.0,1073.0,174878.0,24000.0,10.213982642237223
Kwun Tong Central -> Sai Kung and Hang Hau,11.78225806451613,8.282042859270161,744,1827.0,225.0,3044793.15,0.000600041,7.38966e-05,6.000407614,7.389664549,170206.0,106392.0,1421.0,170206.0,24000.0,1722.0,307.0,129680000.0,1.32788e-05,2.36737e-06,0.132788402,0.236736582,157505.0,75963.0,22406.0,157505.0,40400.0,9.220564516129032
Kwun Tong Central -> Sha Tin East,10.60932944606414,13.490387079793004,343,1827.0,225.0,3044793.15,0.000600041,7.38966e-05,6.000407614,7.389664549,170206.0,106392.0,1421.0,170206.0,24000.0,1790.0,208.0,24843458.54,7.20512e-05,8.37243e-06,0.720511597,0.837242527,169545.0,70694.25,3266.0,169545.0,30500.0,10.573469387755102
Kwun Tong Central -> Sha Tin North,15.638461538461538,16.489920722307694,130,1827.0,225.0,3044793.15,0.000600041,7.38966e-05,6.000407614,7.389664549,170206.0,106392.0,1421.0,170206.0,24000.0,1053.0,129.0,2824329.844,0.000372832,4.56746e-05,3.728318072,4.567455188,172770.0,105017.0,1312.0,172770.0,30500.0,10.311538461538461
Kwun Tong Central -> Sha Tin South,14.45,11.9247858446,80,1827.0,225.0,3044793.15,0.000600041,7.38966e-05,6.000407614,7.389664549,170206.0,106392.0,1421.0,170206.0,24000.0,1099.0,152.0,9545575.388,0.000115132,1.59236e-05,1.151318758,1.592360794,171916.0,58856.75,2705.0,171916.0,30500.0,8.2675
Kwun Tong Central -> Sha Tin West,12.85,13.796924445568749,160,1827.0,225.0,3044793.15,0.000600041,7.38966e-05,6.000407614,7.389664549,170206.0,106392.0,1421.0,170206.0,24000.0,1612.0,207.0,31506636.23,5.11638e-05,6.57004e-06,0.511638243,0.657004443,178575.0,106037.0,7389.0,178575.0,30500.0,11.049375
Kwun Tong Central -> Sham Shui Po East,11.974358974358974,11.364361421669871,312,1827.0,225.0,3044793.15,0.000600041,7.38966e-05,6.000407614,7.389664549,170206.0,106392.0,1421.0,170206.0,24000.0,1569.0,235.0,4642605.795,0.000337957,5.06181e-05,3.379567573,5.061812491,212957.0,126435.0,2477.0,212957.0,24100.0,15.166666666666666
Kwun Tong Central -> Sham Shui Po West,17.18032786885246,11.725189540934426,61,1827.0,225.0,3044793.15,0.000600041,7.38966e-05,6.000407614,7.389664549,170206.0,106392.0,1421.0,170206.0,24000.0,1507.0,179.0,4717394.205,0.000319456,3.79447e-05,3.194560248,3.794467713,218133.0,77638.0,1616.0,218133.0,24100.0,9.545901639344262
Kwun Tong Central -> Southern District Northwest,28.707998575216685,20.222787627324617,25267,1827.0,225.0,3044793.15,0.000600041,7.38966e-05,6.000407614,7.389664549,170206.0,106392.0,1421.0,170206.0,24000.0,1801.0,220.0,5182184.495,0.000347537,4.24531e-05,3.475368354,4.245313925,128849.0,67695.0,2855.0,128849.0,36000.0,22.518838801598925
Kwun Tong Central -> Southern District Southeast,17.5,16.5962633532875,80,1827.0,225.0,3044793.15,0.000600041,7.38966e-05,6.000407614,7.389664549,170206.0,106392.0,1421.0,170206.0,24000.0,2667.0,249.0,33657815.5,7.92387e-05,7.39798e-06,0.792386541,0.739798458,134429.0,68061.0,8608.0,134429.0,36000.0,14.7
Kwun Tong Central -> Tai Pak,6.540178571428571,6.962189403285714,224,1827.0,225.0,3044793.15,0.000600041,7.38966e-05,6.000407614,7.389664549,170206.0,106392.0,1421.0,170206.0,24000.0,1821.0,178.0,3656419.948,0.000498028,4.86815e-05,4.98028133,4.868149789,173597.0,106141.0,1412.0,173597.0,33800.0,13.907142857142858
Kwun Tong Central -> Tai Po North,18.42570281124498,24.16059267685542,249,1827.0,225.0,3044793.15,0.000600041,7.38966e-05,6.000407614,7.389664549,170206.0,106392.0,1421.0,170206.0,24000.0,1367.0,236.0,94726850.56,1.4431e-05,2.49137e-06,0.144309664,0.249137387,157446.0,125595.0,16400.0,157446.0,31700.0,15.634939759036143
Kwun Tong Central -> Tai Po South,17.116022099447513,20.582439493160223,181,1827.0,225.0,3044793.15,0.000600041,7.38966e-05,6.000407614,7.389664549,170206.0,106392.0,1421.0,170206.0,24000.0,1413.0,187.0,41403149.44,3.41278e-05,4.51656e-06,0.341278386,0.451656462,159024.0,32241.0,14539.0,159024.0,31700.0,13.915469613259667
Kwun Tong Central -> Tin Shui Wai South and Ping Ha,15.932835820895523,35.97187212374627,134,1827.0,225.0,3044793.15,0.000600041,7.38966e-05,6.000407614,7.389664549,170206.0,106392.0,1421.0,170206.0,24000.0,1309.0,215.0,47324621.53,2.766e-05,4.54309e-06,0.276600205,0.454308969,153669.0,88248.5,22348.0,153669.0,30100.0,20.8
Kwun Tong Central -> Tseung Kwan O North,11.707259953161593,8.324224679775176,427,1827.0,225.0,3044793.15,0.000600041,7.38966e-05,6.000407614,7.389664549,170206.0,106392.0,1421.0,170206.0,24000.0,776.0,108.0,1580069.556,0.000491118,6.83514e-05,4.911176202,6.835142137,158568.0,98589.0,444.0,158568.0,40400.0,9.964871194379391
Kwun Tong Central -> Tseung Kwan O South,9.409090909090908,8.623820167050505,198,1827.0,225.0,3044793.15,0.000600041,7.38966e-05,6.000407614,7.389664549,170206.0,106392.0,1421.0,170206.0,24000.0,517.0,59.0,3125142.442,0.000165432,1.88791e-05,1.654324594,1.887913946,172964.0,98736.0,735.0,172964.0,40400.0,9.474242424242425
Kwun Tong Central -> Tsing Yi,21.541666666666668,20.19576333795139,144,1827.0,225.0,3044793.15,0.000600041,7.38966e-05,6.000407614,7.389664549,170206.0,106392.0,1421.0,170206.0,24000.0,985.0,142.0,10455427.43,9.42094e-05,1.35815e-05,0.942094435,1.358146292,179581.0,84461.0,2054.0,179581.0,26000.0,11.316666666666666
Kwun Tong Central -> Tsuen Wan Northwest,20.410377358490567,23.36568087698585,212,1827.0,225.0,3044793.15,0.000600041,7.38966e-05,6.000407614,7.389664549,170206.0,106392.0,1421.0,170206.0,24000.0,1403.0,103.0,44481122.31,3.15415e-05,2.31559e-06,0.315414703,0.231558906,156114.0,73570.0,4949.0,156114.0,34400.0,12.425943396226414
Kwun Tong Central -> Tsuen Wan Southeast,20.098039215686274,18.10496694343137,153,1827.0,225.0,3044793.15,0.000600041,7.38966e-05,6.000407614,7.389664549,170206.0,106392.0,1421.0,170206.0,24000.0,991.0,128.0,17438877.69,5.68271e-05,7.33992e-06,0.568270515,0.733992189,163980.0,90229.0,4243.0,163980.0,34400.0,10.718300653594772
Kwun Tong Central -> Tuen Mun East,17.255506607929515,31.95972748343172,227,1827.0,225.0,3044793.15,0.000600041,7.38966e-05,6.000407614,7.389664549,170206.0,106392.0,1421.0,170206.0,24000.0,1510.0,113.0,33427312.32,4.51726e-05,3.38047e-06,0.451726416,0.338046921,168080.0,59671.0,6093.0,168080.0,26500.0,18.955947136563875
Kwun Tong Central -> Tuen Mun North,20.157894736842106,37.57582127518045,133,1827.0,225.0,3044793.15,0.000600041,7.38966e-05,6.000407614,7.389664549,170206.0,106392.0,1421.0,170206.0,24000.0,780.0,109.0,18692705.38,4.17275e-05,5.83115e-06,0.417275073,0.583115166,170790.0,104074.0,10271.0,170790.0,26500.0,19.046616541353387
Kwun Tong Central -> Tuen Mun West,14.633333333333333,36.07919937583333,90,1827.0,225.0,3044793.15,0.000600041,7.38966e-05,6.000407614,7.389664549,170206.0,106392.0,1421.0,170206.0,24000.0,587.0,86.0,33729982.3,1.74029e-05,2.54966e-06,0.174029146,0.25496604,168009.0,83305.0,3482.0,168009.0,26500.0,19.6
Kwun Tong Central -> Wan Chai,10.231527093596059,10.023603821945812,203,1827.0,225.0,3044793.15,0.000600041,7.38966e-05,6.000407614,7.389664549,170206.0,106392.0,1421.0,170206.0,24000.0,3357.0,430.0,10560000.0,0.000317898,4.07197e-05,3.178977273,4.071969697,166695.0,92238.0,4550.0,166695.0,40500.0,14.36305418719212
Kwun Tong Central -> Western,19.653846153846153,15.896535464653844,78,1827.0,225.0,3044793.15,0.000600041,7.38966e-05,6.000407614,7.389664549,170206.0,106392.0,1421.0,170206.0,24000.0,1187.0,165.0,4250735.501,0.000279246,3.88168e-05,2.792457916,3.881681181,125233.0,75343.0,2064.0,125233.0,42600.0,13.707692307692309
Kwun Tong Central -> Wong Tai Sin East,8.4938900203666,5.506702003872709,982,1827.0,225.0,3044793.15,0.000600041,7.38966e-05,6.000407614,7.389664549,170206.0,106392.0,1421.0,170206.0,24000.0,1475.0,207.0,4613986.574,0.00031968,4.48636e-05,3.196801673,4.486358958,188218.0,127397.0,1185.0,188218.0,25100.0,12.937576374745419
Kwun Tong Central -> Wong Tai Sin West,11.832335329341317,6.854706052646706,334,1827.0,225.0,3044793.15,0.000600041,7.38966e-05,6.000407614,7.389664549,170206.0,106392.0,1421.0,170206.0,24000.0,896.0,223.0,4688620.344,0.000191101,4.7562e-05,1.911009922,4.75619657,218584.0,65217.0,844.0,218584.0,25100.0,12.249101796407187
Kwun Tong Central -> Wu Tip Shan,11.995884773662551,31.81351448289712,243,1827.0,225.0,3044793.15,0.000600041,7.38966e-05,6.000407614,7.389664549,170206.0,106392.0,1421.0,170206.0,24000.0,1448.0,161.0,21829748.23,6.63315e-05,7.37526e-06,0.663315025,0.737525684,150468.0,93658.0,15003.0,150468.0,25500.0,18.857201646090537
Kwun Tong Central -> Yau Tsim Mong North,15.985915492957746,8.444671764741784,213,1827.0,225.0,3044793.15,0.000600041,7.38966e-05,6.000407614,7.389664549,170206.0,106392.0,1421.0,170206.0,24000.0,1629.0,178.0,2165712.207,0.000752178,8.21901e-05,7.52177503,8.21900525,168265.0,97426.0,3002.0,168265.0,30700.0,8.645539906103286
Kwun Tong Central -> Yau Tsim Mong South,11.314569536423841,8.849386659586091,302,1827.0,225.0,3044793.15,0.000600041,7.38966e-05,6.000407614,7.389664549,170206.0,106392.0,1421.0,170206.0,24000.0,3027.0,209.0,4824287.793,0.00062745,4.33225e-05,6.274501294,4.33224569,142382.0,65279.0,4418.0,142382.0,30700.0,9.03907284768212
Kwun Tong Central -> Yuen Long Rural East,12.691358024691358,27.42003245408642,81,1827.0,225.0,3044793.15,0.000600041,7.38966e-05,6.000407614,7.389664549,170206.0,106392.0,1421.0,170206.0,24000.0,1696.0,306.0,83591131.06,2.02892e-05,3.66068e-06,0.202892338,0.366067543,170741.0,90494.0,72943.0,170741.0,30100.0,20.725925925925925
Kwun Tong Central -> Yuen Long Town Centre,17.25,34.404523962391664,120,1827.0,225.0,3044793.15,0.000600041,7.38966e-05,6.000407614,7.389664549,170206.0,106392.0,1421.0,170206.0,24000.0,825.0,110.0,5113531.676,0.000161337,2.15116e-05,1.613366362,2.15115515,160142.0,65596.0,7135.0,160142.0,30100.0,20.8
Kwun Tong North -> Central,20.733333333333334,14.975490464706667,150,1022.0,168.0,2334159.008,0.000437845,7.19745e-05,4.378450639,7.197453105,164725.0,58119.0,434.0,164725.0,24000.0,3406.0,432.0,8299264.499,0.000410398,5.20528e-05,4.10397813,5.205280541,110720.0,55452.0,6706.0,110720.0,42600.0,15.14
Kwun Tong North -> Chai Wan,25.389830508474578,14.982656186937854,177,1022.0,168.0,2334159.008,0.000437845,7.19745e-05,4.378450639,7.197453105,164725.0,58119.0,434.0,164725.0,24000.0,1483.0,185.0,9201905.88,0.000161162,2.01045e-05,1.611622657,2.010453078,168675.0,84793.0,1280.0,168675.0,33800.0,11.476271186440679
Kwun Tong North -> Hong Wan,20.115044247787612,12.476302232442478,113,1022.0,168.0,2334159.008,0.000437845,7.19745e-05,4.378450639,7.197453105,164725.0,58119.0,434.0,164725.0,24000.0,1508.0,147.0,5131674.172,0.000293861,2.86456e-05,2.938612136,2.864562228,187331.0,78902.0,1332.0,187331.0,33800.0,11.46637168141593
Kwun Tong North -> Islands,13.785714285714286,38.04222225592857,28,1022.0,168.0,2334159.008,0.000437845,7.19745e-05,4.378450639,7.197453105,164725.0,58119.0,434.0,164725.0,24000.0,4309.0,252.0,182280000.0,2.36395e-05,1.38249e-06,0.236394558,0.138248848,185282.0,93368.0,20858.0,185282.0,31500.0,23.0
Kwun Tong North -> Kowloon City North,12.247755834829443,7.592329070100538,557,1022.0,168.0,2334159.008,0.000437845,7.19745e-05,4.378450639,7.197453105,164725.0,58119.0,434.0,164725.0,24000.0,2184.0,369.0,6927610.313,0.00031526,5.32651e-05,3.15260227,5.326512077,200330.0,107366.0,3726.0,200330.0,30700.0,8.498922800718132
Kwun Tong North -> Kowloon City South,14.908163265306122,9.089569894234694,294,1022.0,168.0,2334159.008,0.000437845,7.19745e-05,4.378450639,7.197453105,164725.0,58119.0,434.0,164725.0,24000.0,1256.0,245.0,3082389.687,0.000407476,7.94838e-05,4.074760584,7.948378527,210304.0,96598.0,2009.0,210304.0,30700.0,8.745578231292516
Kwun Tong North -> Kwai Chung East,13.857142857142858,15.864830153428573,42,1022.0,168.0,2334159.008,0.000437845,7.19745e-05,4.378450639,7.197453105,164725.0,58119.0,434.0,164725.0,24000.0,1199.0,144.0,5774688.358,0.00020763,2.49364e-05,2.076302522,2.49364106,161785.0,62396.0,2259.0,161785.0,26000.0,13.27857142857143
Kwun Tong North -> Kwai Chung West,16.483333333333334,16.52095663186111,180,1022.0,168.0,2334159.008,0.000437845,7.19745e-05,4.378450639,7.197453105,164725.0,58119.0,434.0,164725.0,24000.0,1079.0,187.0,7109884.208,0.000151761,2.63014e-05,1.517605587,2.630141287,154432.0,86916.0,1358.0,154432.0,26000.0,13.013333333333334
Kwun Tong North -> Kwun Tong Central,8.619190404797601,3.9509022895937034,667,1022.0,168.0,2334159.008,0.000437845,7.19745e-05,4.378450639,7.197453105,164725.0,58119.0,434.0,164725.0,24000.0,1827.0,225.0,3044793.15,0.000600041,7.38966e-05,6.000407614,7.389664549,170206.0,106392.0,1421.0,170206.0,24000.0,8.91319340329835
Kwun Tong North -> Kwun Tong North,12.386046511627907,7.149786995536744,1075,1022.0,168.0,2334159.008,0.000437845,7.19745e-05,4.378450639,7.197453105,164725.0,58119.0,434.0,164725.0,24000.0,1022.0,168.0,2334159.008,0.000437845,7.19745e-05,4.378450639,7.197453105,164725.0,58119.0,434.0,164725.0,24000.0,8.129860465116279
Kwun Tong North -> Kwun Tong Southeast,11.8151364764268,5.072299222859802,806,1022.0,168.0,2334159.008,0.000437845,7.19745e-05,4.378450639,7.197453105,164725.0,58119.0,434.0,164725.0,24000.0,942.0,117.0,3181450.074,0.000296091,3.67757e-05,2.96091398,3.677568319,163357.0,92725.0,1534.0,163357.0,24000.0,8.417493796526054
Kwun Tong North -> Kwun Tong West,9.776,5.803372645754667,1125,1022.0,168.0,2334159.008,0.000437845,7.19745e-05,4.378450639,7.197453105,164725.0,58119.0,434.0,164725.0,24000.0,1513.0,204.0,2719597.768,0.000556332,7.50111e-05,5.5633227,7.501109259,174878.0,55701.0,1073.0,174878.0,24000.0,9.009244444444445
Kwun Tong North -> Sai Kung and Hang Hau,12.423109600679695,8.073002323306712,1177,1022.0,168.0,2334159.008,0.000437845,7.19745e-05,4.378450639,7.197453105,164725.0,58119.0,434.0,164725.0,24000.0,1722.0,307.0,129680000.0,1.32788e-05,2.36737e-06,0.132788402,0.236736582,157505.0,75963.0,22406.0,157505.0,40400.0,9.520900594732371
Kwun Tong North -> Sha Tin East,7.1,11.92478856665,40,1022.0,168.0,2334159.008,0.000437845,7.19745e-05,4.378450639,7.197453105,164725.0,58119.0,434.0,164725.0,24000.0,1790.0,208.0,24843458.54,7.20512e-05,8.37243e-06,0.720511597,0.837242527,169545.0,70694.25,3266.0,169545.0,30500.0,9.192499999999999
Kwun Tong North -> Sha Tin North,8.5,16.751065123625,8,1022.0,168.0,2334159.008,0.000437845,7.19745e-05,4.378450639,7.197453105,164725.0,58119.0,434.0,164725.0,24000.0,1053.0,129.0,2824329.844,0.000372832,4.56746e-05,3.728318072,4.567455188,172770.0,105017.0,1312.0,172770.0,30500.0,9.2
Kwun Tong North -> Sha Tin South,12.685714285714285,14.877708814885715,35,1022.0,168.0,2334159.008,0.000437845,7.19745e-05,4.378450639,7.197453105,164725.0,58119.0,434.0,164725.0,24000.0,1099.0,152.0,9545575.388,0.000115132,1.59236e-05,1.151318758,1.592360794,171916.0,58856.75,2705.0,171916.0,30500.0,8.957142857142857
Kwun Tong North -> Sha Tin West,10.508196721311476,13.743751626508198,61,1022.0,168.0,2334159.008,0.000437845,7.19745e-05,4.378450639,7.197453105,164725.0,58119.0,434.0,164725.0,24000.0,1612.0,207.0,31506636.23,5.11638e-05,6.57004e-06,0.511638243,0.657004443,178575.0,106037.0,7389.0,178575.0,30500.0,9.49344262295082
Kwun Tong North -> Sham Shui Po East,13.40139211136891,11.35100904126682,431,1022.0,168.0,2334159.008,0.000437845,7.19745e-05,4.378450639,7.197453105,164725.0,58119.0,434.0,164725.0,24000.0,1569.0,235.0,4642605.795,0.000337957,5.06181e-05,3.379567573,5.061812491,212957.0,126435.0,2477.0,212957.0,24100.0,12.10232018561485
Kwun Tong North -> Sham Shui Po West,18.73722627737226,12.522742365364962,137,1022.0,168.0,2334159.008,0.000437845,7.19745e-05,4.378450639,7.197453105,164725.0,58119.0,434.0,164725.0,24000.0,1507.0,179.0,4717394.205,0.000319456,3.79447e-05,3.194560248,3.794467713,218133.0,77638.0,1616.0,218133.0,24100.0,10.416058394160585
Kwun Tong North -> Tai Pak,14.49800796812749,10.635437339800797,251,1022.0,168.0,2334159.008,0.000437845,7.19745e-05,4.378450639,7.197453105,164725.0,58119.0,434.0,164725.0,24000.0,1821.0,178.0,3656419.948,0.000498028,4.86815e-05,4.98028133,4.868149789,173597.0,106141.0,1412.0,173597.0,33800.0,13.089641434262948
Kwun Tong North -> Tai Po North,42.0,23.430659312285716,7,1022.0,168.0,2334159.008,0.000437845,7.19745e-05,4.378450639,7.197453105,164725.0,58119.0,434.0,164725.0,24000.0,1367.0,236.0,94726850.56,1.4431e-05,2.49137e-06,0.144309664,0.249137387,157446.0,125595.0,16400.0,157446.0,31700.0,22.3
Kwun Tong North -> Tseung Kwan O North,11.275119617224881,7.089590607397129,418,1022.0,168.0,2334159.008,0.000437845,7.19745e-05,4.378450639,7.197453105,164725.0,58119.0,434.0,164725.0,24000.0,776.0,108.0,1580069.556,0.000491118,6.83514e-05,4.911176202,6.835142137,158568.0,98589.0,444.0,158568.0,40400.0,9.03397129186603
Kwun Tong North -> Tseung Kwan O South,12.88562091503268,9.096781789973857,306,1022.0,168.0,2334159.008,0.000437845,7.19745e-05,4.378450639,7.197453105,164725.0,58119.0,434.0,164725.0,24000.0,517.0,59.0,3125142.442,0.000165432,1.88791e-05,1.654324594,1.887913946,172964.0,98736.0,735.0,172964.0,40400.0,9.102287581699347
Kwun Tong North -> Tsing Yi,24.1,20.550235467733334,30,1022.0,168.0,2334159.008,0.000437845,7.19745e-05,4.378450639,7.197453105,164725.0,58119.0,434.0,164725.0,24000.0,985.0,142.0,10455427.43,9.42094e-05,1.35815e-05,0.942094435,1.358146292,179581.0,84461.0,2054.0,179581.0,26000.0,12.54
Kwun Tong North -> Tsuen Wan Northwest,16.633333333333333,29.724545740133333,30,1022.0,168.0,2334159.008,0.000437845,7.19745e-05,4.378450639,7.197453105,164725.0,58119.0,434.0,164725.0,24000.0,1403.0,103.0,44481122.31,3.15415e-05,2.31559e-06,0.315414703,0.231558906,156114.0,73570.0,4949.0,156114.0,34400.0,19.936666666666667
Kwun Tong North -> Tsuen Wan Southeast,17.73076923076923,19.07225708367949,78,1022.0,168.0,2334159.008,0.000437845,7.19745e-05,4.378450639,7.197453105,164725.0,58119.0,434.0,164725.0,24000.0,991.0,128.0,17438877.69,5.68271e-05,7.33992e-06,0.568270515,0.733992189,163980.0,90229.0,4243.0,163980.0,34400.0,13.584615384615384
Kwun Tong North -> Tuen Mun East,17.917270239819732,33.49779608063169,6213,1022.0,168.0,2334159.008,0.000437845,7.19745e-05,4.378450639,7.197453105,164725.0,58119.0,434.0,164725.0,24000.0,1510.0,113.0,33427312.32,4.51726e-05,3.38047e-06,0.451726416,0.338046921,168080.0,59671.0,6093.0,168080.0,26500.0,27.053967487526155
Kwun Tong North -> Wan Chai,16.86549707602339,12.48109512274269,171,1022.0,168.0,2334159.008,0.000437845,7.19745e-05,4.378450639,7.197453105,164725.0,58119.0,434.0,164725.0,24000.0,3357.0,430.0,10560000.0,0.000317898,4.07197e-05,3.178977273,4.071969697,166695.0,92238.0,4550.0,166695.0,40500.0,14.975438596491228
Kwun Tong North -> Wong Tai Sin East,10.985858585858585,6.591363561440405,495,1022.0,168.0,2334159.008,0.000437845,7.19745e-05,4.378450639,7.197453105,164725.0,58119.0,434.0,164725.0,24000.0,1475.0,207.0,4613986.574,0.00031968,4.48636e-05,3.196801673,4.486358958,188218.0,127397.0,1185.0,188218.0,25100.0,11.99959595959596
Kwun Tong North -> Wong Tai Sin West,13.107806691449815,7.677943900855019,269,1022.0,168.0,2334159.008,0.000437845,7.19745e-05,4.378450639,7.197453105,164725.0,58119.0,434.0,164725.0,24000.0,896.0,223.0,4688620.344,0.000191101,4.7562e-05,1.911009922,4.75619657,218584.0,65217.0,844.0,218584.0,25100.0,12.628996282527883
Kwun Tong North -> Yau Tsim Mong North,18.28955223880597,9.937746503453733,335,1022.0,168.0,2334159.008,0.000437845,7.19745e-05,4.378450639,7.197453105,164725.0,58119.0,434.0,164725.0,24000.0,1629.0,178.0,2165712.207,0.000752178,8.21901e-05,7.52177503,8.21900525,168265.0,97426.0,3002.0,168265.0,30700.0,8.775522388059702
Kwun Tong North -> Yau Tsim Mong South,17.37539432176656,11.149747486283912,634,1022.0,168.0,2334159.008,0.000437845,7.19745e-05,4.378450639,7.197453105,164725.0,58119.0,434.0,164725.0,24000.0,3027.0,209.0,4824287.793,0.00062745,4.33225e-05,6.274501294,4.33224569,142382.0,65279.0,4418.0,142382.0,30700.0,9.515457413249212
Kwun Tong Southeast -> Central,11.878048780487806,11.460056132735772,246,942.0,117.0,3181450.074,0.000296091,3.67757e-05,2.96091398,3.677568319,163357.0,92725.0,1534.0,163357.0,24000.0,3406.0,432.0,8299264.499,0.000410398,5.20528e-05,4.10397813,5.205280541,110720.0,55452.0,6706.0,110720.0,42600.0,13.941463414634146
Kwun Tong Southeast -> Chai Wan,15.634146341463415,8.140915694085365,164,942.0,117.0,3181450.074,0.000296091,3.67757e-05,2.96091398,3.677568319,163357.0,92725.0,1534.0,163357.0,24000.0,1483.0,185.0,9201905.88,0.000161162,2.01045e-05,1.611622657,2.010453078,168675.0,84793.0,1280.0,168675.0,33800.0,13.11890243902439
Kwun Tong Southeast -> Hong Wan,9.861635220125786,7.375018417534592,159,942.0,117.0,3181450.074,0.000296091,3.67757e-05,2.96091398,3.677568319,163357.0,92725.0,1534.0,163357.0,24000.0,1508.0,147.0,5131674.172,0.000293861,2.86456e-05,2.938612136,2.864562228,187331.0,78902.0,1332.0,187331.0,33800.0,12.382389937106918
Kwun Tong Southeast -> Islands,22.5,39.441750353,2,942.0,117.0,3181450.074,0.000296091,3.67757e-05,2.96091398,3.677568319,163357.0,92725.0,1534.0,163357.0,24000.0,4309.0,252.0,182280000.0,2.36395e-05,1.38249e-06,0.236394558,0.138248848,185282.0,93368.0,20858.0,185282.0,31500.0,18.6
Kwun Tong Southeast -> Kowloon City North,13.017492711370263,8.50335199358309,343,942.0,117.0,3181450.074,0.000296091,3.67757e-05,2.96091398,3.677568319,163357.0,92725.0,1534.0,163357.0,24000.0,2184.0,369.0,6927610.313,0.00031526,5.32651e-05,3.15260227,5.326512077,200330.0,107366.0,3726.0,200330.0,30700.0,8.63411078717201
Kwun Tong Southeast -> Kowloon City South,15.701923076923077,10.018419101514423,208,942.0,117.0,3181450.074,0.000296091,3.67757e-05,2.96091398,3.677568319,163357.0,92725.0,1534.0,163357.0,24000.0,1256.0,245.0,3082389.687,0.000407476,7.94838e-05,4.074760584,7.948378527,210304.0,96598.0,2009.0,210304.0,30700.0,8.26923076923077
Kwun Tong Southeast -> Kwai Chung East,18.782608695652176,17.399986306630435,92,942.0,117.0,3181450.074,0.000296091,3.67757e-05,2.96091398,3.677568319,163357.0,92725.0,1534.0,163357.0,24000.0,1199.0,144.0,5774688.358,0.00020763,2.49364e-05,2.076302522,2.49364106,161785.0,62396.0,2259.0,161785.0,26000.0,10.595652173913043
Kwun Tong Southeast -> Kwai Chung West,27.37142857142857,20.933694878814286,140,942.0,117.0,3181450.074,0.000296091,3.67757e-05,2.96091398,3.677568319,163357.0,92725.0,1534.0,163357.0,24000.0,1079.0,187.0,7109884.208,0.000151761,2.63014e-05,1.517605587,2.630141287,154432.0,86916.0,1358.0,154432.0,26000.0,10.575714285714286
Kwun Tong Southeast -> Kwun Tong Central,9.729303547963207,5.61303066328121,761,942.0,117.0,3181450.074,0.000296091,3.67757e-05,2.96091398,3.677568319,163357.0,92725.0,1534.0,163357.0,24000.0,1827.0,225.0,3044793.15,0.000600041,7.38966e-05,6.000407614,7.389664549,170206.0,106392.0,1421.0,170206.0,24000.0,9.927595269382392
Kwun Tong Southeast -> Kwun Tong North,11.138713745271122,4.566685058659521,793,942.0,117.0,3181450.074,0.000296091,3.67757e-05,2.96091398,3.677568319,163357.0,92725.0,1534.0,163357.0,24000.0,1022.0,168.0,2334159.008,0.000437845,7.19745e-05,4.378450639,7.197453105,164725.0,58119.0,434.0,164725.0,24000.0,10.791803278688525
Kwun Tong Southeast -> Kwun Tong Southeast,13.03425925925926,6.258789151820371,1080,942.0,117.0,3181450.074,0.000296091,3.67757e-05,2.96091398,3.677568319,163357.0,92725.0,1534.0,163357.0,24000.0,942.0,117.0,3181450.074,0.000296091,3.67757e-05,2.96091398,3.677568319,163357.0,92725.0,1534.0,163357.0,24000.0,8.415740740740741
Kwun Tong Southeast -> Kwun Tong West,10.875562218890554,6.117968910655173,667,942.0,117.0,3181450.074,0.000296091,3.67757e-05,2.96091398,3.677568319,163357.0,92725.0,1534.0,163357.0,24000.0,1513.0,204.0,2719597.768,0.000556332,7.50111e-05,5.5633227,7.501109259,174878.0,55701.0,1073.0,174878.0,24000.0,11.370464767616193
Kwun Tong Southeast -> Sai Kung and Hang Hau,9.271186440677965,6.112173849745763,59,942.0,117.0,3181450.074,0.000296091,3.67757e-05,2.96091398,3.677568319,163357.0,92725.0,1534.0,163357.0,24000.0,1722.0,307.0,129680000.0,1.32788e-05,2.36737e-06,0.132788402,0.236736582,157505.0,75963.0,22406.0,157505.0,40400.0,8.105084745762712
Kwun Tong Southeast -> Sha Tin East,6.7899159663865545,12.795048264235295,119,942.0,117.0,3181450.074,0.000296091,3.67757e-05,2.96091398,3.677568319,163357.0,92725.0,1534.0,163357.0,24000.0,1790.0,208.0,24843458.54,7.20512e-05,8.37243e-06,0.720511597,0.837242527,169545.0,70694.25,3266.0,169545.0,30500.0,13.368067226890757
Kwun Tong Southeast -> Sha Tin North,9.814814814814815,17.09465600074074,54,942.0,117.0,3181450.074,0.000296091,3.67757e-05,2.96091398,3.677568319,163357.0,92725.0,1534.0,163357.0,24000.0,1053.0,129.0,2824329.844,0.000372832,4.56746e-05,3.728318072,4.567455188,172770.0,105017.0,1312.0,172770.0,30500.0,14.618518518518519
Kwun Tong Southeast -> Sha Tin South,11.714285714285714,15.417620089964286,28,942.0,117.0,3181450.074,0.000296091,3.67757e-05,2.96091398,3.677568319,163357.0,92725.0,1534.0,163357.0,24000.0,1099.0,152.0,9545575.388,0.000115132,1.59236e-05,1.151318758,1.592360794,171916.0,58856.75,2705.0,171916.0,30500.0,11.692857142857141
Kwun Tong Southeast -> Sha Tin West,14.175,18.260623692429167,240,942.0,117.0,3181450.074,0.000296091,3.67757e-05,2.96091398,3.677568319,163357.0,92725.0,1534.0,163357.0,24000.0,1612.0,207.0,31506636.23,5.11638e-05,6.57004e-06,0.511638243,0.657004443,178575.0,106037.0,7389.0,178575.0,30500.0,11.814583333333333
Kwun Tong Southeast -> Sham Shui Po East,20.88111888111888,14.989567490447554,429,942.0,117.0,3181450.074,0.000296091,3.67757e-05,2.96091398,3.677568319,163357.0,92725.0,1534.0,163357.0,24000.0,1569.0,235.0,4642605.795,0.000337957,5.06181e-05,3.379567573,5.061812491,212957.0,126435.0,2477.0,212957.0,24100.0,12.657342657342657
Kwun Tong Southeast -> Sham Shui Po West,25.369230769230768,15.752290821423076,130,942.0,117.0,3181450.074,0.000296091,3.67757e-05,2.96091398,3.677568319,163357.0,92725.0,1534.0,163357.0,24000.0,1507.0,179.0,4717394.205,0.000319456,3.79447e-05,3.194560248,3.794467713,218133.0,77638.0,1616.0,218133.0,24100.0,10.208461538461538
Kwun Tong Southeast -> Southern District Northwest,27.82827264709588,19.533271306913264,15874,942.0,117.0,3181450.074,0.000296091,3.67757e-05,2.96091398,3.677568319,163357.0,92725.0,1534.0,163357.0,24000.0,1801.0,220.0,5182184.495,0.000347537,4.24531e-05,3.475368354,4.245313925,128849.0,67695.0,2855.0,128849.0,36000.0,22.85128512032254
Kwun Tong Southeast -> Southern District Southeast,14.5,10.955727707687501,16,942.0,117.0,3181450.074,0.000296091,3.67757e-05,2.96091398,3.677568319,163357.0,92725.0,1534.0,163357.0,24000.0,2667.0,249.0,33657815.5,7.92387e-05,7.39798e-06,0.792386541,0.739798458,134429.0,68061.0,8608.0,134429.0,36000.0,14.7
Kwun Tong Southeast -> Tai Pak,6.871595330739299,7.255392682066147,257,942.0,117.0,3181450.074,0.000296091,3.67757e-05,2.96091398,3.677568319,163357.0,92725.0,1534.0,163357.0,24000.0,1821.0,178.0,3656419.948,0.000498028,4.86815e-05,4.98028133,4.868149789,173597.0,106141.0,1412.0,173597.0,33800.0,13.008560311284048
Kwun Tong Southeast -> Tai Po North,16.929411764705883,25.5511071836,85,942.0,117.0,3181450.074,0.000296091,3.67757e-05,2.96091398,3.677568319,163357.0,92725.0,1534.0,163357.0,24000.0,1367.0,236.0,94726850.56,1.4431e-05,2.49137e-06,0.144309664,0.249137387,157446.0,125595.0,16400.0,157446.0,31700.0,13.411764705882353
Kwun Tong Southeast -> Tai Po South,10.847457627118644,20.72641164855932,59,942.0,117.0,3181450.074,0.000296091,3.67757e-05,2.96091398,3.677568319,163357.0,92725.0,1534.0,163357.0,24000.0,1413.0,187.0,41403149.44,3.41278e-05,4.51656e-06,0.341278386,0.451656462,159024.0,32241.0,14539.0,159024.0,31700.0,12.983050847457626
Kwun Tong Southeast -> Tseung Kwan O North,11.268292682926829,8.144559197073171,41,942.0,117.0,3181450.074,0.000296091,3.67757e-05,2.96091398,3.677568319,163357.0,92725.0,1534.0,163357.0,24000.0,776.0,108.0,1580069.556,0.000491118,6.83514e-05,4.911176202,6.835142137,158568.0,98589.0,444.0,158568.0,40400.0,9.356097560975611
Kwun Tong Southeast -> Tseung Kwan O South,14.125,10.6366730113125,16,942.0,117.0,3181450.074,0.000296091,3.67757e-05,2.96091398,3.677568319,163357.0,92725.0,1534.0,163357.0,24000.0,517.0,59.0,3125142.442,0.000165432,1.88791e-05,1.654324594,1.887913946,172964.0,98736.0,735.0,172964.0,40400.0,9.95
Kwun Tong Southeast -> Tsing Yi,22.5,20.260040377,36,942.0,117.0,3181450.074,0.000296091,3.67757e-05,2.96091398,3.677568319,163357.0,92725.0,1534.0,163357.0,24000.0,985.0,142.0,10455427.43,9.42094e-05,1.35815e-05,0.942094435,1.358146292,179581.0,84461.0,2054.0,179581.0,26000.0,12.1
Kwun Tong Southeast -> Tsuen Wan Northwest,22.714285714285715,29.723735461285713,7,942.0,117.0,3181450.074,0.000296091,3.67757e-05,2.96091398,3.677568319,163357.0,92725.0,1534.0,163357.0,24000.0,1403.0,103.0,44481122.31,3.15415e-05,2.31559e-06,0.315414703,0.231558906,156114.0,73570.0,4949.0,156114.0,34400.0,18.6
Kwun Tong Southeast -> Tsuen Wan Southeast,13.818181818181818,19.50164538581818,44,942.0,117.0,3181450.074,0.000296091,3.67757e-05,2.96091398,3.677568319,163357.0,92725.0,1534.0,163357.0,24000.0,991.0,128.0,17438877.69,5.68271e-05,7.33992e-06,0.568270515,0.733992189,163980.0,90229.0,4243.0,163980.0,34400.0,11.0
Kwun Tong Southeast -> Tuen Mun East,20.987654320987655,35.04237275150617,81,942.0,117.0,3181450.074,0.000296091,3.67757e-05,2.96091398,3.677568319,163357.0,92725.0,1534.0,163357.0,24000.0,1510.0,113.0,33427312.32,4.51726e-05,3.38047e-06,0.451726416,0.338046921,168080.0,59671.0,6093.0,168080.0,26500.0,18.8
Kwun Tong Southeast -> Tuen Mun North,25.2,39.1468907762,5,942.0,117.0,3181450.074,0.000296091,3.67757e-05,2.96091398,3.677568319,163357.0,92725.0,1534.0,163357.0,24000.0,780.0,109.0,18692705.38,4.17275e-05,5.83115e-06,0.417275073,0.583115166,170790.0,104074.0,10271.0,170790.0,26500.0,18.8
Kwun Tong Southeast -> Tuen Mun West,22.137931034482758,38.502546897172415,29,942.0,117.0,3181450.074,0.000296091,3.67757e-05,2.96091398,3.677568319,163357.0,92725.0,1534.0,163357.0,24000.0,587.0,86.0,33729982.3,1.74029e-05,2.54966e-06,0.174029146,0.25496604,168009.0,83305.0,3482.0,168009.0,26500.0,18.8
Kwun Tong Southeast -> Wan Chai,10.052173913043479,9.450684850202899,345,942.0,117.0,3181450.074,0.000296091,3.67757e-05,2.96091398,3.677568319,163357.0,92725.0,1534.0,163357.0,24000.0,3357.0,430.0,10560000.0,0.000317898,4.07197e-05,3.178977273,4.071969697,166695.0,92238.0,4550.0,166695.0,40500.0,14.052753623188405
Kwun Tong Southeast -> Wong Tai Sin East,15.013824884792626,8.572890423235023,434,942.0,117.0,3181450.074,0.000296091,3.67757e-05,2.96091398,3.677568319,163357.0,92725.0,1534.0,163357.0,24000.0,1475.0,207.0,4613986.574,0.00031968,4.48636e-05,3.196801673,4.486358958,188218.0,127397.0,1185.0,188218.0,25100.0,14.74585253456221
Kwun Tong Southeast -> Wong Tai Sin West,18.62,10.31842105188,200,942.0,117.0,3181450.074,0.000296091,3.67757e-05,2.96091398,3.677568319,163357.0,92725.0,1534.0,163357.0,24000.0,896.0,223.0,4688620.344,0.000191101,4.7562e-05,1.911009922,4.75619657,218584.0,65217.0,844.0,218584.0,25100.0,14.6075
Kwun Tong Southeast -> Wu Tip Shan,7.256410256410256,27.908942255410256,39,942.0,117.0,3181450.074,0.000296091,3.67757e-05,2.96091398,3.677568319,163357.0,92725.0,1534.0,163357.0,24000.0,1448.0,161.0,21829748.23,6.63315e-05,7.37526e-06,0.663315025,0.737525684,150468.0,93658.0,15003.0,150468.0,25500.0,17.584615384615386
Kwun Tong Southeast -> Yau Tsim Mong North,20.41958041958042,12.000553571580419,143,942.0,117.0,3181450.074,0.000296091,3.67757e-05,2.96091398,3.677568319,163357.0,92725.0,1534.0,163357.0,24000.0,1629.0,178.0,2165712.207,0.000752178,8.21901e-05,7.52177503,8.21900525,168265.0,97426.0,3002.0,168265.0,30700.0,9.138461538461538
Kwun Tong Southeast -> Yau Tsim Mong South,18.045226130653266,12.221194518909549,398,942.0,117.0,3181450.074,0.000296091,3.67757e-05,2.96091398,3.677568319,163357.0,92725.0,1534.0,163357.0,24000.0,3027.0,209.0,4824287.793,0.00062745,4.33225e-05,6.274501294,4.33224569,142382.0,65279.0,4418.0,142382.0,30700.0,9.004020100502512
Kwun Tong West -> Central,17.51658767772512,13.196177776952606,211,1513.0,204.0,2719597.768,0.000556332,7.50111e-05,5.5633227,7.501109259,174878.0,55701.0,1073.0,174878.0,24000.0,3406.0,432.0,8299264.499,0.000410398,5.20528e-05,4.10397813,5.205280541,110720.0,55452.0,6706.0,110720.0,42600.0,14.139810426540285
Kwun Tong West -> Chai Wan,26.239864864864863,15.433226109902028,296,1513.0,204.0,2719597.768,0.000556332,7.50111e-05,5.5633227,7.501109259,174878.0,55701.0,1073.0,174878.0,24000.0,1483.0,185.0,9201905.88,0.000161162,2.01045e-05,1.611622657,2.010453078,168675.0,84793.0,1280.0,168675.0,33800.0,13.749662162162162
Kwun Tong West -> Hong Wan,18.446875,13.922770926671873,320,1513.0,204.0,2719597.768,0.000556332,7.50111e-05,5.5633227,7.501109259,174878.0,55701.0,1073.0,174878.0,24000.0,1508.0,147.0,5131674.172,0.000293861,2.86456e-05,2.938612136,2.864562228,187331.0,78902.0,1332.0,187331.0,33800.0,13.175
Kwun Tong West -> Islands,14.125,37.48853159270455,88,1513.0,204.0,2719597.768,0.000556332,7.50111e-05,5.5633227,7.501109259,174878.0,55701.0,1073.0,174878.0,24000.0,4309.0,252.0,182280000.0,2.36395e-05,1.38249e-06,0.236394558,0.138248848,185282.0,93368.0,20858.0,185282.0,31500.0,21.34318181818182
Kwun Tong West -> Kowloon City North,10.127383676582761,5.056692015476735,1311,1513.0,204.0,2719597.768,0.000556332,7.50111e-05,5.5633227,7.501109259,174878.0,55701.0,1073.0,174878.0,24000.0,2184.0,369.0,6927610.313,0.00031526,5.32651e-05,3.15260227,5.326512077,200330.0,107366.0,3726.0,200330.0,30700.0,8.312433257055684
Kwun Tong West -> Kowloon City South,10.132183908045977,5.434209352670498,522,1513.0,204.0,2719597.768,0.000556332,7.50111e-05,5.5633227,7.501109259,174878.0,55701.0,1073.0,174878.0,24000.0,1256.0,245.0,3082389.687,0.000407476,7.94838e-05,4.074760584,7.948378527,210304.0,96598.0,2009.0,210304.0,30700.0,7.907662835249043
Kwun Tong West -> Kwai Chung East,12.03225806451613,12.398836640975805,124,1513.0,204.0,2719597.768,0.000556332,7.50111e-05,5.5633227,7.501109259,174878.0,55701.0,1073.0,174878.0,24000.0,1199.0,144.0,5774688.358,0.00020763,2.49364e-05,2.076302522,2.49364106,161785.0,62396.0,2259.0,161785.0,26000.0,10.520967741935483
Kwun Tong West -> Kwai Chung West,16.52469135802469,14.525658941759259,162,1513.0,204.0,2719597.768,0.000556332,7.50111e-05,5.5633227,7.501109259,174878.0,55701.0,1073.0,174878.0,24000.0,1079.0,187.0,7109884.208,0.000151761,2.63014e-05,1.517605587,2.630141287,154432.0,86916.0,1358.0,154432.0,26000.0,10.734567901234568
Kwun Tong West -> Kwun Tong Central,7.170365068002863,3.797287044606299,1397,1513.0,204.0,2719597.768,0.000556332,7.50111e-05,5.5633227,7.501109259,174878.0,55701.0,1073.0,174878.0,24000.0,1827.0,225.0,3044793.15,0.000600041,7.38966e-05,6.000407614,7.389664549,170206.0,106392.0,1421.0,170206.0,24000.0,8.566356478167503
Kwun Tong West -> Kwun Tong North,11.63151796060255,5.846943369283894,863,1513.0,204.0,2719597.768,0.000556332,7.50111e-05,5.5633227,7.501109259,174878.0,55701.0,1073.0,174878.0,24000.0,1022.0,168.0,2334159.008,0.000437845,7.19745e-05,4.378450639,7.197453105,164725.0,58119.0,434.0,164725.0,24000.0,7.749130938586327
Kwun Tong West -> Kwun Tong Southeast,11.512720156555773,6.153243530007828,511,1513.0,204.0,2719597.768,0.000556332,7.50111e-05,5.5633227,7.501109259,174878.0,55701.0,1073.0,174878.0,24000.0,942.0,117.0,3181450.074,0.000296091,3.67757e-05,2.96091398,3.677568319,163357.0,92725.0,1534.0,163357.0,24000.0,8.581800391389432
Kwun Tong West -> Kwun Tong West,11.76283618581907,6.604352777727383,818,1513.0,204.0,2719597.768,0.000556332,7.50111e-05,5.5633227,7.501109259,174878.0,55701.0,1073.0,174878.0,24000.0,1513.0,204.0,2719597.768,0.000556332,7.50111e-05,5.5633227,7.501109259,174878.0,55701.0,1073.0,174878.0,24000.0,7.728606356968215
Kwun Tong West -> Sai Kung and Hang Hau,12.996845425867507,10.892753022119873,317,1513.0,204.0,2719597.768,0.000556332,7.50111e-05,5.5633227,7.501109259,174878.0,55701.0,1073.0,174878.0,24000.0,1722.0,307.0,129680000.0,1.32788e-05,2.36737e-06,0.132788402,0.236736582,157505.0,75963.0,22406.0,157505.0,40400.0,10.297791798107255
Kwun Tong West -> Sha Tin East,6.29045643153527,11.540462964709544,241,1513.0,204.0,2719597.768,0.000556332,7.50111e-05,5.5633227,7.501109259,174878.0,55701.0,1073.0,174878.0,24000.0,1790.0,208.0,24843458.54,7.20512e-05,8.37243e-06,0.720511597,0.837242527,169545.0,70694.25,3266.0,169545.0,30500.0,10.879253112033195
Kwun Tong West -> Sha Tin North,10.882978723404255,13.570086852148936,94,1513.0,204.0,2719597.768,0.000556332,7.50111e-05,5.5633227,7.501109259,174878.0,55701.0,1073.0,174878.0,24000.0,1053.0,129.0,2824329.844,0.000372832,4.56746e-05,3.728318072,4.567455188,172770.0,105017.0,1312.0,172770.0,30500.0,10.317021276595744
Kwun Tong West -> Sha Tin South,10.04040404040404,10.102070090181819,99,1513.0,204.0,2719597.768,0.000556332,7.50111e-05,5.5633227,7.501109259,174878.0,55701.0,1073.0,174878.0,24000.0,1099.0,152.0,9545575.388,0.000115132,1.59236e-05,1.151318758,1.592360794,171916.0,58856.75,2705.0,171916.0,30500.0,8.909090909090908
Kwun Tong West -> Sha Tin West,11.105960264900663,12.476684732311258,151,1513.0,204.0,2719597.768,0.000556332,7.50111e-05,5.5633227,7.501109259,174878.0,55701.0,1073.0,174878.0,24000.0,1612.0,207.0,31506636.23,5.11638e-05,6.57004e-06,0.511638243,0.657004443,178575.0,106037.0,7389.0,178575.0,30500.0,11.163576158940398
Kwun Tong West -> Sham Shui Po East,10.04625550660793,7.885566988821586,454,1513.0,204.0,2719597.768,0.000556332,7.50111e-05,5.5633227,7.501109259,174878.0,55701.0,1073.0,174878.0,24000.0,1569.0,235.0,4642605.795,0.000337957,5.06181e-05,3.379567573,5.061812491,212957.0,126435.0,2477.0,212957.0,24100.0,11.526211453744493
Kwun Tong West -> Sham Shui Po West,16.6875,8.959712580088542,192,1513.0,204.0,2719597.768,0.000556332,7.50111e-05,5.5633227,7.501109259,174878.0,55701.0,1073.0,174878.0,24000.0,1507.0,179.0,4717394.205,0.000319456,3.79447e-05,3.194560248,3.794467713,218133.0,77638.0,1616.0,218133.0,24100.0,8.2171875
Kwun Tong West -> Southern District Northwest,25.0,19.625926895375,112,1513.0,204.0,2719597.768,0.000556332,7.50111e-05,5.5633227,7.501109259,174878.0,55701.0,1073.0,174878.0,24000.0,1801.0,220.0,5182184.495,0.000347537,4.24531e-05,3.475368354,4.245313925,128849.0,67695.0,2855.0,128849.0,36000.0,14.7
Kwun Tong West -> Southern District Southeast,18.833333333333332,17.289699267083332,168,1513.0,204.0,2719597.768,0.000556332,7.50111e-05,5.5633227,7.501109259,174878.0,55701.0,1073.0,174878.0,24000.0,2667.0,249.0,33657815.5,7.92387e-05,7.39798e-06,0.792386541,0.739798458,134429.0,68061.0,8608.0,134429.0,36000.0,14.7
Kwun Tong West -> Tai Pak,12.53903345724907,11.917737585814127,269,1513.0,204.0,2719597.768,0.000556332,7.50111e-05,5.5633227,7.501109259,174878.0,55701.0,1073.0,174878.0,24000.0,1821.0,178.0,3656419.948,0.000498028,4.86815e-05,4.98028133,4.868149789,173597.0,106141.0,1412.0,173597.0,33800.0,13.178810408921933
Kwun Tong West -> Tai Po North,15.228395061728396,22.194738876895062,162,1513.0,204.0,2719597.768,0.000556332,7.50111e-05,5.5633227,7.501109259,174878.0,55701.0,1073.0,174878.0,24000.0,1367.0,236.0,94726850.56,1.4431e-05,2.49137e-06,0.144309664,0.249137387,157446.0,125595.0,16400.0,157446.0,31700.0,15.818518518518518
Kwun Tong West -> Tai Po South,19.314720812182742,20.076502633218276,197,1513.0,204.0,2719597.768,0.000556332,7.50111e-05,5.5633227,7.501109259,174878.0,55701.0,1073.0,174878.0,24000.0,1413.0,187.0,41403149.44,3.41278e-05,4.51656e-06,0.341278386,0.451656462,159024.0,32241.0,14539.0,159024.0,31700.0,13.290862944162436
Kwun Tong West -> Tin Shui Wai South and Ping Ha,13.304347826086957,35.647755046852176,115,1513.0,204.0,2719597.768,0.000556332,7.50111e-05,5.5633227,7.501109259,174878.0,55701.0,1073.0,174878.0,24000.0,1309.0,215.0,47324621.53,2.766e-05,4.54309e-06,0.276600205,0.454308969,153669.0,88248.5,22348.0,153669.0,30100.0,20.8
Kwun Tong West -> Tseung Kwan O North,13.676646706586826,10.327152562131737,167,1513.0,204.0,2719597.768,0.000556332,7.50111e-05,5.5633227,7.501109259,174878.0,55701.0,1073.0,174878.0,24000.0,776.0,108.0,1580069.556,0.000491118,6.83514e-05,4.911176202,6.835142137,158568.0,98589.0,444.0,158568.0,40400.0,11.292814371257485
Kwun Tong West -> Tseung Kwan O South,8.8671875,9.7214944775,128,1513.0,204.0,2719597.768,0.000556332,7.50111e-05,5.5633227,7.501109259,174878.0,55701.0,1073.0,174878.0,24000.0,517.0,59.0,3125142.442,0.000165432,1.88791e-05,1.654324594,1.887913946,172964.0,98736.0,735.0,172964.0,40400.0,10.1359375
Kwun Tong West -> Tsing Yi,20.076923076923077,17.796523843038464,104,1513.0,204.0,2719597.768,0.000556332,7.50111e-05,5.5633227,7.501109259,174878.0,55701.0,1073.0,174878.0,24000.0,985.0,142.0,10455427.43,9.42094e-05,1.35815e-05,0.942094435,1.358146292,179581.0,84461.0,2054.0,179581.0,26000.0,11.376923076923077
Kwun Tong West -> Tsuen Wan Northwest,16.16190476190476,21.329828157466668,105,1513.0,204.0,2719597.768,0.000556332,7.50111e-05,5.5633227,7.501109259,174878.0,55701.0,1073.0,174878.0,24000.0,1403.0,103.0,44481122.31,3.15415e-05,2.31559e-06,0.315414703,0.231558906,156114.0,73570.0,4949.0,156114.0,34400.0,13.3
Kwun Tong West -> Tsuen Wan Southeast,15.211864406779661,15.365049817228813,118,1513.0,204.0,2719597.768,0.000556332,7.50111e-05,5.5633227,7.501109259,174878.0,55701.0,1073.0,174878.0,24000.0,991.0,128.0,17438877.69,5.68271e-05,7.33992e-06,0.568270515,0.733992189,163980.0,90229.0,4243.0,163980.0,34400.0,10.94406779661017
Kwun Tong West -> Tuen Mun East,12.818181818181818,29.86854217257792,154,1513.0,204.0,2719597.768,0.000556332,7.50111e-05,5.5633227,7.501109259,174878.0,55701.0,1073.0,174878.0,24000.0,1510.0,113.0,33427312.32,4.51726e-05,3.38047e-06,0.451726416,0.338046921,168080.0,59671.0,6093.0,168080.0,26500.0,19.070129870129872
Kwun Tong West -> Tuen Mun North,16.6046511627907,35.66048032395349,86,1513.0,204.0,2719597.768,0.000556332,7.50111e-05,5.5633227,7.501109259,174878.0,55701.0,1073.0,174878.0,24000.0,780.0,109.0,18692705.38,4.17275e-05,5.83115e-06,0.417275073,0.583115166,170790.0,104074.0,10271.0,170790.0,26500.0,19.069767441860463
Kwun Tong West -> Tuen Mun West,10.72,34.197283418093335,75,1513.0,204.0,2719597.768,0.000556332,7.50111e-05,5.5633227,7.501109259,174878.0,55701.0,1073.0,174878.0,24000.0,587.0,86.0,33729982.3,1.74029e-05,2.54966e-06,0.174029146,0.25496604,168009.0,83305.0,3482.0,168009.0,26500.0,19.84
Kwun Tong West -> Wan Chai,14.643518518518519,11.377438725805554,216,1513.0,204.0,2719597.768,0.000556332,7.50111e-05,5.5633227,7.501109259,174878.0,55701.0,1073.0,174878.0,24000.0,3357.0,430.0,10560000.0,0.000317898,4.07197e-05,3.178977273,4.071969697,166695.0,92238.0,4550.0,166695.0,40500.0,14.113888888888889
Kwun Tong West -> Western,15.008474576271187,13.020913083491525,118,1513.0,204.0,2719597.768,0.000556332,7.50111e-05,5.5633227,7.501109259,174878.0,55701.0,1073.0,174878.0,24000.0,1187.0,165.0,4250735.501,0.000279246,3.88168e-05,2.792457916,3.881681181,125233.0,75343.0,2064.0,125233.0,42600.0,13.789830508474576
Kwun Tong West -> Wong Tai Sin East,6.382022471910112,4.59692916470626,623,1513.0,204.0,2719597.768,0.000556332,7.50111e-05,5.5633227,7.501109259,174878.0,55701.0,1073.0,174878.0,24000.0,1475.0,207.0,4613986.574,0.00031968,4.48636e-05,3.196801673,4.486358958,188218.0,127397.0,1185.0,188218.0,25100.0,11.679293739967896
Kwun Tong West -> Wong Tai Sin West,9.07282913165266,5.075490693254902,357,1513.0,204.0,2719597.768,0.000556332,7.50111e-05,5.5633227,7.501109259,174878.0,55701.0,1073.0,174878.0,24000.0,896.0,223.0,4688620.344,0.000191101,4.7562e-05,1.911009922,4.75619657,218584.0,65217.0,844.0,218584.0,25100.0,10.892436974789916
Kwun Tong West -> Wu Tip Shan,10.758064516129032,31.353809477709678,186,1513.0,204.0,2719597.768,0.000556332,7.50111e-05,5.5633227,7.501109259,174878.0,55701.0,1073.0,174878.0,24000.0,1448.0,161.0,21829748.23,6.63315e-05,7.37526e-06,0.663315025,0.737525684,150468.0,93658.0,15003.0,150468.0,25500.0,18.8752688172043
Kwun Tong West -> Yau Tsim Mong North,12.662921348314606,6.406506590332585,445,1513.0,204.0,2719597.768,0.000556332,7.50111e-05,5.5633227,7.501109259,174878.0,55701.0,1073.0,174878.0,24000.0,1629.0,178.0,2165712.207,0.000752178,8.21901e-05,7.52177503,8.21900525,168265.0,97426.0,3002.0,168265.0,30700.0,8.106516853932584
Kwun Tong West -> Yau Tsim Mong South,10.658940397350994,7.639024553256622,604,1513.0,204.0,2719597.768,0.000556332,7.50111e-05,5.5633227,7.501109259,174878.0,55701.0,1073.0,174878.0,24000.0,3027.0,209.0,4824287.793,0.00062745,4.33225e-05,6.274501294,4.33224569,142382.0,65279.0,4418.0,142382.0,30700.0,8.794701986754967
Kwun Tong West -> Yuen Long Rural East,9.891304347826088,26.448198032195652,46,1513.0,204.0,2719597.768,0.000556332,7.50111e-05,5.5633227,7.501109259,174878.0,55701.0,1073.0,174878.0,24000.0,1696.0,306.0,83591131.06,2.02892e-05,3.66068e-06,0.202892338,0.366067543,170741.0,90494.0,72943.0,170741.0,30100.0,20.53913043478261
Kwun Tong West -> Yuen Long Town Centre,13.017241379310345,32.12810569327586,58,1513.0,204.0,2719597.768,0.000556332,7.50111e-05,5.5633227,7.501109259,174878.0,55701.0,1073.0,174878.0,24000.0,825.0,110.0,5113531.676,0.000161337,2.15116e-05,1.613366362,2.15115515,160142.0,65596.0,7135.0,160142.0,30100.0,20.8
Sai Kung and Hang Hau -> Central,18.473684210526315,16.23018929093421,76,1722.0,307.0,129680000.0,1.32788e-05,2.36737e-06,0.132788402,0.236736582,157505.0,75963.0,22406.0,157505.0,40400.0,3406.0,432.0,8299264.499,0.000410398,5.20528e-05,4.10397813,5.205280541,110720.0,55452.0,6706.0,110720.0,42600.0,21.55
Sai Kung and Hang Hau -> Chai Wan,18.5,13.579430557944443,54,1722.0,307.0,129680000.0,1.32788e-05,2.36737e-06,0.132788402,0.236736582,157505.0,75963.0,22406.0,157505.0,40400.0,1483.0,185.0,9201905.88,0.000161162,2.01045e-05,1.611622657,2.010453078,168675.0,84793.0,1280.0,168675.0,33800.0,17.8
Sai Kung and Hang Hau -> Hong Wan,11.5,11.281185485966665,30,1722.0,307.0,129680000.0,1.32788e-05,2.36737e-06,0.132788402,0.236736582,157505.0,75963.0,22406.0,157505.0,40400.0,1508.0,147.0,5131674.172,0.000293861,2.86456e-05,2.938612136,2.864562228,187331.0,78902.0,1332.0,187331.0,33800.0,17.8
Sai Kung and Hang Hau -> Kowloon City North,15.75952380952381,14.85255177894762,420,1722.0,307.0,129680000.0,1.32788e-05,2.36737e-06,0.132788402,0.236736582,157505.0,75963.0,22406.0,157505.0,40400.0,2184.0,369.0,6927610.313,0.00031526,5.32651e-05,3.15260227,5.326512077,200330.0,107366.0,3726.0,200330.0,30700.0,10.313571428571429
Sai Kung and Hang Hau -> Kowloon City South,19.365384615384617,17.00867330094872,156,1722.0,307.0,129680000.0,1.32788e-05,2.36737e-06,0.132788402,0.236736582,157505.0,75963.0,22406.0,157505.0,40400.0,1256.0,245.0,3082389.687,0.000407476,7.94838e-05,4.074760584,7.948378527,210304.0,96598.0,2009.0,210304.0,30700.0,9.76923076923077
Sai Kung and Hang Hau -> Kwai Chung East,19.71641791044776,24.67550602113433,67,1722.0,307.0,129680000.0,1.32788e-05,2.36737e-06,0.132788402,0.236736582,157505.0,75963.0,22406.0,157505.0,40400.0,1199.0,144.0,5774688.358,0.00020763,2.49364e-05,2.076302522,2.49364106,161785.0,62396.0,2259.0,161785.0,26000.0,16.571641791044776
Sai Kung and Hang Hau -> Kwai Chung West,21.924418604651162,25.173502616104653,172,1722.0,307.0,129680000.0,1.32788e-05,2.36737e-06,0.132788402,0.236736582,157505.0,75963.0,22406.0,157505.0,40400.0,1079.0,187.0,7109884.208,0.000151761,2.63014e-05,1.517605587,2.630141287,154432.0,86916.0,1358.0,154432.0,26000.0,11.532558139534883
Sai Kung and Hang Hau -> Kwun Tong Central,11.70777027027027,9.476935104008447,592,1722.0,307.0,129680000.0,1.32788e-05,2.36737e-06,0.132788402,0.236736582,157505.0,75963.0,22406.0,157505.0,40400.0,1827.0,225.0,3044793.15,0.000600041,7.38966e-05,6.000407614,7.389664549,170206.0,106392.0,1421.0,170206.0,24000.0,10.41722972972973
Sai Kung and Hang Hau -> Kwun Tong North,11.320610687022901,8.325022053806979,917,1722.0,307.0,129680000.0,1.32788e-05,2.36737e-06,0.132788402,0.236736582,157505.0,75963.0,22406.0,157505.0,40400.0,1022.0,168.0,2334159.008,0.000437845,7.19745e-05,4.378450639,7.197453105,164725.0,58119.0,434.0,164725.0,24000.0,11.477317339149401
Sai Kung and Hang Hau -> Kwun Tong Southeast,9.670454545454545,8.47550874947159,176,1722.0,307.0,129680000.0,1.32788e-05,2.36737e-06,0.132788402,0.236736582,157505.0,75963.0,22406.0,157505.0,40400.0,942.0,117.0,3181450.074,0.000296091,3.67757e-05,2.96091398,3.677568319,163357.0,92725.0,1534.0,163357.0,24000.0,14.99375
Sai Kung and Hang Hau -> Kwun Tong West,14.814171122994653,10.483445087427807,748,1722.0,307.0,129680000.0,1.32788e-05,2.36737e-06,0.132788402,0.236736582,157505.0,75963.0,22406.0,157505.0,40400.0,1513.0,204.0,2719597.768,0.000556332,7.50111e-05,5.5633227,7.501109259,174878.0,55701.0,1073.0,174878.0,24000.0,10.863770053475937
Sai Kung and Hang Hau -> Sai Kung and Hang Hau,10.940618354326844,6.363382778507933,6113,1722.0,307.0,129680000.0,1.32788e-05,2.36737e-06,0.132788402,0.236736582,157505.0,75963.0,22406.0,157505.0,40400.0,1722.0,307.0,129680000.0,1.32788e-05,2.36737e-06,0.132788402,0.236736582,157505.0,75963.0,22406.0,157505.0,40400.0,11.799427449697367
Sai Kung and Hang Hau -> Sha Tin East,16.0625,16.293582014884613,208,1722.0,307.0,129680000.0,1.32788e-05,2.36737e-06,0.132788402,0.236736582,157505.0,75963.0,22406.0,157505.0,40400.0,1790.0,208.0,24843458.54,7.20512e-05,8.37243e-06,0.720511597,0.837242527,169545.0,70694.25,3266.0,169545.0,30500.0,15.789423076923075
Sai Kung and Hang Hau -> Sha Tin North,16.6171875,18.345069390585937,128,1722.0,307.0,129680000.0,1.32788e-05,2.36737e-06,0.132788402,0.236736582,157505.0,75963.0,22406.0,157505.0,40400.0,1053.0,129.0,2824329.844,0.000372832,4.56746e-05,3.728318072,4.567455188,172770.0,105017.0,1312.0,172770.0,30500.0,11.38359375
Sai Kung and Hang Hau -> Sha Tin South,12.033333333333333,22.868282886466666,30,1722.0,307.0,129680000.0,1.32788e-05,2.36737e-06,0.132788402,0.236736582,157505.0,75963.0,22406.0,157505.0,40400.0,1099.0,152.0,9545575.388,0.000115132,1.59236e-05,1.151318758,1.592360794,171916.0,58856.75,2705.0,171916.0,30500.0,13.1
Sai Kung and Hang Hau -> Sha Tin West,13.934640522875817,24.678231177568627,153,1722.0,307.0,129680000.0,1.32788e-05,2.36737e-06,0.132788402,0.236736582,157505.0,75963.0,22406.0,157505.0,40400.0,1612.0,207.0,31506636.23,5.11638e-05,6.57004e-06,0.511638243,0.657004443,178575.0,106037.0,7389.0,178575.0,30500.0,12.459477124183007
Sai Kung and Hang Hau -> Sham Shui Po East,21.606986899563317,19.528225813,229,1722.0,307.0,129680000.0,1.32788e-05,2.36737e-06,0.132788402,0.236736582,157505.0,75963.0,22406.0,157505.0,40400.0,1569.0,235.0,4642605.795,0.000337957,5.06181e-05,3.379567573,5.061812491,212957.0,126435.0,2477.0,212957.0,24100.0,11.620524017467249
Sai Kung and Hang Hau -> Sham Shui Po West,22.419354838709676,20.228252979174194,155,1722.0,307.0,129680000.0,1.32788e-05,2.36737e-06,0.132788402,0.236736582,157505.0,75963.0,22406.0,157505.0,40400.0,1507.0,179.0,4717394.205,0.000319456,3.79447e-05,3.194560248,3.794467713,218133.0,77638.0,1616.0,218133.0,24100.0,10.925806451612903
Sai Kung and Hang Hau -> Southern District Northwest,35.60240797121506,28.50328258038842,7226,1722.0,307.0,129680000.0,1.32788e-05,2.36737e-06,0.132788402,0.236736582,157505.0,75963.0,22406.0,157505.0,40400.0,1801.0,220.0,5182184.495,0.000347537,4.24531e-05,3.475368354,4.245313925,128849.0,67695.0,2855.0,128849.0,36000.0,25.24856075283698
Sai Kung and Hang Hau -> Tai Pak,10.8125,11.808882848114584,96,1722.0,307.0,129680000.0,1.32788e-05,2.36737e-06,0.132788402,0.236736582,157505.0,75963.0,22406.0,157505.0,40400.0,1821.0,178.0,3656419.948,0.000498028,4.86815e-05,4.98028133,4.868149789,173597.0,106141.0,1412.0,173597.0,33800.0,20.273958333333336
Sai Kung and Hang Hau -> Tai Po North,15.204724409448819,10.032945873125984,1143,1722.0,307.0,129680000.0,1.32788e-05,2.36737e-06,0.132788402,0.236736582,157505.0,75963.0,22406.0,157505.0,40400.0,1367.0,236.0,94726850.56,1.4431e-05,2.49137e-06,0.144309664,0.249137387,157446.0,125595.0,16400.0,157446.0,31700.0,18.34374453193351
Sai Kung and Hang Hau -> Tai Po South,21.36764705882353,29.576944179867645,68,1722.0,307.0,129680000.0,1.32788e-05,2.36737e-06,0.132788402,0.236736582,157505.0,75963.0,22406.0,157505.0,40400.0,1413.0,187.0,41403149.44,3.41278e-05,4.51656e-06,0.341278386,0.451656462,159024.0,32241.0,14539.0,159024.0,31700.0,13.0
Sai Kung and Hang Hau -> Tseung Kwan O North,9.835043409629044,5.659291138385162,1267,1722.0,307.0,129680000.0,1.32788e-05,2.36737e-06,0.132788402,0.236736582,157505.0,75963.0,22406.0,157505.0,40400.0,776.0,108.0,1580069.556,0.000491118,6.83514e-05,4.911176202,6.835142137,158568.0,98589.0,444.0,158568.0,40400.0,9.38823993685872
Sai Kung and Hang Hau -> Tseung Kwan O South,11.087008343265792,7.2520876771394525,839,1722.0,307.0,129680000.0,1.32788e-05,2.36737e-06,0.132788402,0.236736582,157505.0,75963.0,22406.0,157505.0,40400.0,517.0,59.0,3125142.442,0.000165432,1.88791e-05,1.654324594,1.887913946,172964.0,98736.0,735.0,172964.0,40400.0,11.882955899880812
Sai Kung and Hang Hau -> Tsing Yi,24.5,31.71420380904762,126,1722.0,307.0,129680000.0,1.32788e-05,2.36737e-06,0.132788402,0.236736582,157505.0,75963.0,22406.0,157505.0,40400.0,985.0,142.0,10455427.43,9.42094e-05,1.35815e-05,0.942094435,1.358146292,179581.0,84461.0,2054.0,179581.0,26000.0,14.7
Sai Kung and Hang Hau -> Tsuen Wan Northwest,28.9375,30.15150316446875,32,1722.0,307.0,129680000.0,1.32788e-05,2.36737e-06,0.132788402,0.236736582,157505.0,75963.0,22406.0,157505.0,40400.0,1403.0,103.0,44481122.31,3.15415e-05,2.31559e-06,0.315414703,0.231558906,156114.0,73570.0,4949.0,156114.0,34400.0,18.171875
Sai Kung and Hang Hau -> Tsuen Wan Southeast,23.67910447761194,27.52144971923134,134,1722.0,307.0,129680000.0,1.32788e-05,2.36737e-06,0.132788402,0.236736582,157505.0,75963.0,22406.0,157505.0,40400.0,991.0,128.0,17438877.69,5.68271e-05,7.33992e-06,0.568270515,0.733992189,163980.0,90229.0,4243.0,163980.0,34400.0,16.571641791044776
Sai Kung and Hang Hau -> Tuen Mun West,19.371859296482413,35.5811784111925,995,1722.0,307.0,129680000.0,1.32788e-05,2.36737e-06,0.132788402,0.236736582,157505.0,75963.0,22406.0,157505.0,40400.0,587.0,86.0,33729982.3,1.74029e-05,2.54966e-06,0.174029146,0.25496604,168009.0,83305.0,3482.0,168009.0,26500.0,27.510251256281407
Sai Kung and Hang Hau -> Wan Chai,16.35238095238095,14.89687050035238,105,1722.0,307.0,129680000.0,1.32788e-05,2.36737e-06,0.132788402,0.236736582,157505.0,75963.0,22406.0,157505.0,40400.0,3357.0,430.0,10560000.0,0.000317898,4.07197e-05,3.178977273,4.071969697,166695.0,92238.0,4550.0,166695.0,40500.0,20.514285714285716
Sai Kung and Hang Hau -> Wong Tai Sin East,16.139162561576356,10.824966609252462,812,1722.0,307.0,129680000.0,1.32788e-05,2.36737e-06,0.132788402,0.236736582,157505.0,75963.0,22406.0,157505.0,40400.0,1475.0,207.0,4613986.574,0.00031968,4.48636e-05,3.196801673,4.486358958,188218.0,127397.0,1185.0,188218.0,25100.0,11.672660098522169
Sai Kung and Hang Hau -> Wong Tai Sin West,19.92718446601942,14.625353230912621,206,1722.0,307.0,129680000.0,1.32788e-05,2.36737e-06,0.132788402,0.236736582,157505.0,75963.0,22406.0,157505.0,40400.0,896.0,223.0,4688620.344,0.000191101,4.7562e-05,1.911009922,4.75619657,218584.0,65217.0,844.0,218584.0,25100.0,12.9747572815534
Sai Kung and Hang Hau -> Yau Tsim Mong North,19.730593607305938,16.19879420962557,219,1722.0,307.0,129680000.0,1.32788e-05,2.36737e-06,0.132788402,0.236736582,157505.0,75963.0,22406.0,157505.0,40400.0,1629.0,178.0,2165712.207,0.000752178,8.21901e-05,7.52177503,8.21900525,168265.0,97426.0,3002.0,168265.0,30700.0,10.629223744292238
Sai Kung and Hang Hau -> Yau Tsim Mong South,17.561097256857856,17.692591250329176,401,1722.0,307.0,129680000.0,1.32788e-05,2.36737e-06,0.132788402,0.236736582,157505.0,75963.0,22406.0,157505.0,40400.0,3027.0,209.0,4824287.793,0.00062745,4.33225e-05,6.274501294,4.33224569,142382.0,65279.0,4418.0,142382.0,30700.0,11.947880299251871
Sha Tin East -> Central,14.83547557840617,20.566447064460156,389,1790.0,208.0,24843458.54,7.20512e-05,8.37243e-06,0.720511597,0.837242527,169545.0,70694.25,3266.0,169545.0,30500.0,3406.0,432.0,8299264.499,0.000410398,5.20528e-05,4.10397813,5.205280541,110720.0,55452.0,6706.0,110720.0,42600.0,25.073264781491
Sha Tin East -> Chai Wan,22.338983050847457,22.053758385401128,531,1790.0,208.0,24843458.54,7.20512e-05,8.37243e-06,0.720511597,0.837242527,169545.0,70694.25,3266.0,169545.0,30500.0,1483.0,185.0,9201905.88,0.000161162,2.01045e-05,1.611622657,2.010453078,168675.0,84793.0,1280.0,168675.0,33800.0,22.657627118644065
Sha Tin East -> Hong Wan,14.17605633802817,19.416854235137325,284,1790.0,208.0,24843458.54,7.20512e-05,8.37243e-06,0.720511597,0.837242527,169545.0,70694.25,3266.0,169545.0,30500.0,1508.0,147.0,5131674.172,0.000293861,2.86456e-05,2.938612136,2.864562228,187331.0,78902.0,1332.0,187331.0,33800.0,22.489084507042254
Sha Tin East -> Islands,10.89873417721519,35.623819582949366,79,1790.0,208.0,24843458.54,7.20512e-05,8.37243e-06,0.720511597,0.837242527,169545.0,70694.25,3266.0,169545.0,30500.0,4309.0,252.0,182280000.0,2.36395e-05,1.38249e-06,0.236394558,0.138248848,185282.0,93368.0,20858.0,185282.0,31500.0,24.691139240506327
Sha Tin East -> Kowloon City North,11.571428571428571,10.306670428965576,581,1790.0,208.0,24843458.54,7.20512e-05,8.37243e-06,0.720511597,0.837242527,169545.0,70694.25,3266.0,169545.0,30500.0,2184.0,369.0,6927610.313,0.00031526,5.32651e-05,3.15260227,5.326512077,200330.0,107366.0,3726.0,200330.0,30700.0,13.395697074010327
Sha Tin East -> Kowloon City South,14.225806451612904,11.67270781696774,248,1790.0,208.0,24843458.54,7.20512e-05,8.37243e-06,0.720511597,0.837242527,169545.0,70694.25,3266.0,169545.0,30500.0,1256.0,245.0,3082389.687,0.000407476,7.94838e-05,4.074760584,7.948378527,210304.0,96598.0,2009.0,210304.0,30700.0,14.403629032258063
Sha Tin East -> Kwai Chung East,8.198275862068966,10.943848131025863,232,1790.0,208.0,24843458.54,7.20512e-05,8.37243e-06,0.720511597,0.837242527,169545.0,70694.25,3266.0,169545.0,30500.0,1199.0,144.0,5774688.358,0.00020763,2.49364e-05,2.076302522,2.49364106,161785.0,62396.0,2259.0,161785.0,26000.0,10.35646551724138
Sha Tin East -> Kwai Chung West,12.5,14.863349439028571,70,1790.0,208.0,24843458.54,7.20512e-05,8.37243e-06,0.720511597,0.837242527,169545.0,70694.25,3266.0,169545.0,30500.0,1079.0,187.0,7109884.208,0.000151761,2.63014e-05,1.517605587,2.630141287,154432.0,86916.0,1358.0,154432.0,26000.0,10.321428571428571
Sha Tin East -> Kwun Tong Central,8.658163265306122,9.810193763081632,392,1790.0,208.0,24843458.54,7.20512e-05,8.37243e-06,0.720511597,0.837242527,169545.0,70694.25,3266.0,169545.0,30500.0,1827.0,225.0,3044793.15,0.000600041,7.38966e-05,6.000407614,7.389664549,170206.0,106392.0,1421.0,170206.0,24000.0,10.257142857142856
Sha Tin East -> Kwun Tong North,6.846153846153846,10.544103502153847,52,1790.0,208.0,24843458.54,7.20512e-05,8.37243e-06,0.720511597,0.837242527,169545.0,70694.25,3266.0,169545.0,30500.0,1022.0,168.0,2334159.008,0.000437845,7.19745e-05,4.378450639,7.197453105,164725.0,58119.0,434.0,164725.0,24000.0,9.465384615384615
Sha Tin East -> Kwun Tong Southeast,6.841269841269841,12.724496299031745,189,1790.0,208.0,24843458.54,7.20512e-05,8.37243e-06,0.720511597,0.837242527,169545.0,70694.25,3266.0,169545.0,30500.0,942.0,117.0,3181450.074,0.000296091,3.67757e-05,2.96091398,3.677568319,163357.0,92725.0,1534.0,163357.0,24000.0,18.167724867724868
Sha Tin East -> Kwun Tong West,6.306532663316583,9.112270794502512,199,1790.0,208.0,24843458.54,7.20512e-05,8.37243e-06,0.720511597,0.837242527,169545.0,70694.25,3266.0,169545.0,30500.0,1513.0,204.0,2719597.768,0.000556332,7.50111e-05,5.5633227,7.501109259,174878.0,55701.0,1073.0,174878.0,24000.0,9.968341708542713
Sha Tin East -> Sai Kung and Hang Hau,14.496503496503497,15.604939859951049,143,1790.0,208.0,24843458.54,7.20512e-05,8.37243e-06,0.720511597,0.837242527,169545.0,70694.25,3266.0,169545.0,30500.0,1722.0,307.0,129680000.0,1.32788e-05,2.36737e-06,0.132788402,0.236736582,157505.0,75963.0,22406.0,157505.0,40400.0,17.483216783216783
Sha Tin East -> Sha Tin East,6.549288617886178,5.274959097940549,1968,1790.0,208.0,24843458.54,7.20512e-05,8.37243e-06,0.720511597,0.837242527,169545.0,70694.25,3266.0,169545.0,30500.0,1790.0,208.0,24843458.54,7.20512e-05,8.37243e-06,0.720511597,0.837242527,169545.0,70694.25,3266.0,169545.0,30500.0,11.376626016260163
Sha Tin East -> Sha Tin North,8.778959149412422,6.39437528004197,1787,1790.0,208.0,24843458.54,7.20512e-05,8.37243e-06,0.720511597,0.837242527,169545.0,70694.25,3266.0,169545.0,30500.0,1053.0,129.0,2824329.844,0.000372832,4.56746e-05,3.728318072,4.567455188,172770.0,105017.0,1312.0,172770.0,30500.0,9.220537213206491
Sha Tin East -> Sha Tin South,9.615138592750533,5.799963546571428,938,1790.0,208.0,24843458.54,7.20512e-05,8.37243e-06,0.720511597,0.837242527,169545.0,70694.25,3266.0,169545.0,30500.0,1099.0,152.0,9545575.388,0.000115132,1.59236e-05,1.151318758,1.592360794,171916.0,58856.75,2705.0,171916.0,30500.0,15.620362473347548
Sha Tin East -> Sha Tin West,9.514344262295081,5.990723459482582,976,1790.0,208.0,24843458.54,7.20512e-05,8.37243e-06,0.720511597,0.837242527,169545.0,70694.25,3266.0,169545.0,30500.0,1612.0,207.0,31506636.23,5.11638e-05,6.57004e-06,0.511638243,0.657004443,178575.0,106037.0,7389.0,178575.0,30500.0,10.627254098360655
Sha Tin East -> Sham Shui Po East,14.44,12.02061174626222,225,1790.0,208.0,24843458.54,7.20512e-05,8.37243e-06,0.720511597,0.837242527,169545.0,70694.25,3266.0,169545.0,30500.0,1569.0,235.0,4642605.795,0.000337957,5.06181e-05,3.379567573,5.061812491,212957.0,126435.0,2477.0,212957.0,24100.0,9.328000000000001
Sha Tin East -> Sham Shui Po West,16.62295081967213,13.858894866775955,183,1790.0,208.0,24843458.54,7.20512e-05,8.37243e-06,0.720511597,0.837242527,169545.0,70694.25,3266.0,169545.0,30500.0,1507.0,179.0,4717394.205,0.000319456,3.79447e-05,3.194560248,3.794467713,218133.0,77638.0,1616.0,218133.0,24100.0,9.90655737704918
Sha Tin East -> Southern District Northwest,24.166666666666668,22.4377869825,54,1790.0,208.0,24843458.54,7.20512e-05,8.37243e-06,0.720511597,0.837242527,169545.0,70694.25,3266.0,169545.0,30500.0,1801.0,220.0,5182184.495,0.000347537,4.24531e-05,3.475368354,4.245313925,128849.0,67695.0,2855.0,128849.0,36000.0,24.26666666666667
Sha Tin East -> Southern District Southeast,18.41176470588235,19.81232216572549,51,1790.0,208.0,24843458.54,7.20512e-05,8.37243e-06,0.720511597,0.837242527,169545.0,70694.25,3266.0,169545.0,30500.0,2667.0,249.0,33657815.5,7.92387e-05,7.39798e-06,0.792386541,0.739798458,134429.0,68061.0,8608.0,134429.0,36000.0,24.470588235294116
Sha Tin East -> Tai Pak,8.743016759776536,17.83062074333892,537,1790.0,208.0,24843458.54,7.20512e-05,8.37243e-06,0.720511597,0.837242527,169545.0,70694.25,3266.0,169545.0,30500.0,1821.0,178.0,3656419.948,0.000498028,4.86815e-05,4.98028133,4.868149789,173597.0,106141.0,1412.0,173597.0,33800.0,23.478584729981378
Sha Tin East -> Tai Po North,12.701357466063348,10.640497193615385,221,1790.0,208.0,24843458.54,7.20512e-05,8.37243e-06,0.720511597,0.837242527,169545.0,70694.25,3266.0,169545.0,30500.0,1367.0,236.0,94726850.56,1.4431e-05,2.49137e-06,0.144309664,0.249137387,157446.0,125595.0,16400.0,157446.0,31700.0,15.275113122171947
Sha Tin East -> Tai Po South,15.925133689839573,11.31422688471123,187,1790.0,208.0,24843458.54,7.20512e-05,8.37243e-06,0.720511597,0.837242527,169545.0,70694.25,3266.0,169545.0,30500.0,1413.0,187.0,41403149.44,3.41278e-05,4.51656e-06,0.341278386,0.451656462,159024.0,32241.0,14539.0,159024.0,31700.0,12.359358288770052
Sha Tin East -> Tseung Kwan O North,6.790322580645161,13.875815961064516,62,1790.0,208.0,24843458.54,7.20512e-05,8.37243e-06,0.720511597,0.837242527,169545.0,70694.25,3266.0,169545.0,30500.0,776.0,108.0,1580069.556,0.000491118,6.83514e-05,4.911176202,6.835142137,158568.0,98589.0,444.0,158568.0,40400.0,10.625806451612902
Sha Tin East -> Tseung Kwan O South,9.160493827160494,16.99666205619753,81,1790.0,208.0,24843458.54,7.20512e-05,8.37243e-06,0.720511597,0.837242527,169545.0,70694.25,3266.0,169545.0,30500.0,517.0,59.0,3125142.442,0.000165432,1.88791e-05,1.654324594,1.887913946,172964.0,98736.0,735.0,172964.0,40400.0,9.809876543209876
Sha Tin East -> Tsing Yi,14.17741935483871,15.788362464258064,124,1790.0,208.0,24843458.54,7.20512e-05,8.37243e-06,0.720511597,0.837242527,169545.0,70694.25,3266.0,169545.0,30500.0,985.0,142.0,10455427.43,9.42094e-05,1.35815e-05,0.942094435,1.358146292,179581.0,84461.0,2054.0,179581.0,26000.0,10.464516129032258
Sha Tin East -> Tsuen Wan Northwest,11.714285714285714,26.415192783875,56,1790.0,208.0,24843458.54,7.20512e-05,8.37243e-06,0.720511597,0.837242527,169545.0,70694.25,3266.0,169545.0,30500.0,1403.0,103.0,44481122.31,3.15415e-05,2.31559e-06,0.315414703,0.231558906,156114.0,73570.0,4949.0,156114.0,34400.0,23.103571428571428
Sha Tin East -> Tsuen Wan Southeast,9.488,12.185476256988,250,1790.0,208.0,24843458.54,7.20512e-05,8.37243e-06,0.720511597,0.837242527,169545.0,70694.25,3266.0,169545.0,30500.0,991.0,128.0,17438877.69,5.68271e-05,7.33992e-06,0.568270515,0.733992189,163980.0,90229.0,4243.0,163980.0,34400.0,10.2856
Sha Tin East -> Tuen Mun East,6.5,26.337583791214286,14,1790.0,208.0,24843458.54,7.20512e-05,8.37243e-06,0.720511597,0.837242527,169545.0,70694.25,3266.0,169545.0,30500.0,1510.0,113.0,33427312.32,4.51726e-05,3.38047e-06,0.451726416,0.338046921,168080.0,59671.0,6093.0,168080.0,26500.0,20.8
Sha Tin East -> Wan Chai,13.254945054945056,19.315036986296704,455,1790.0,208.0,24843458.54,7.20512e-05,8.37243e-06,0.720511597,0.837242527,169545.0,70694.25,3266.0,169545.0,30500.0,3357.0,430.0,10560000.0,0.000317898,4.07197e-05,3.178977273,4.071969697,166695.0,92238.0,4550.0,166695.0,40500.0,25.156043956043955
Sha Tin East -> Wong Tai Sin East,7.742718446601942,9.291890681174758,206,1790.0,208.0,24843458.54,7.20512e-05,8.37243e-06,0.720511597,0.837242527,169545.0,70694.25,3266.0,169545.0,30500.0,1475.0,207.0,4613986.574,0.00031968,4.48636e-05,3.196801673,4.486358958,188218.0,127397.0,1185.0,188218.0,25100.0,7.943203883495145
Sha Tin East -> Wong Tai Sin West,9.734375,9.140687052125,64,1790.0,208.0,24843458.54,7.20512e-05,8.37243e-06,0.720511597,0.837242527,169545.0,70694.25,3266.0,169545.0,30500.0,896.0,223.0,4688620.344,0.000191101,4.7562e-05,1.911009922,4.75619657,218584.0,65217.0,844.0,218584.0,25100.0,7.6234375
Sha Tin East -> Wu Tip Shan,17.153225806451612,17.515649393137096,124,1790.0,208.0,24843458.54,7.20512e-05,8.37243e-06,0.720511597,0.837242527,169545.0,70694.25,3266.0,169545.0,30500.0,1448.0,161.0,21829748.23,6.63315e-05,7.37526e-06,0.663315025,0.737525684,150468.0,93658.0,15003.0,150468.0,25500.0,13.489516129032259
Sha Tin East -> Yau Tsim Mong North,9.932432432432432,11.635605940324325,74,1790.0,208.0,24843458.54,7.20512e-05,8.37243e-06,0.720511597,0.837242527,169545.0,70694.25,3266.0,169545.0,30500.0,1629.0,178.0,2165712.207,0.000752178,8.21901e-05,7.52177503,8.21900525,168265.0,97426.0,3002.0,168265.0,30700.0,9.55945945945946
Sha Tin East -> Yau Tsim Mong South,19.08969465648855,14.518814429167941,524,1790.0,208.0,24843458.54,7.20512e-05,8.37243e-06,0.720511597,0.837242527,169545.0,70694.25,3266.0,169545.0,30500.0,3027.0,209.0,4824287.793,0.00062745,4.33225e-05,6.274501294,4.33224569,142382.0,65279.0,4418.0,142382.0,30700.0,13.092175572519084
Sha Tin North -> Central,17.091346153846153,27.046906094423075,208,1053.0,129.0,2824329.844,0.000372832,4.56746e-05,3.728318072,4.567455188,172770.0,105017.0,1312.0,172770.0,30500.0,3406.0,432.0,8299264.499,0.000410398,5.20528e-05,4.10397813,5.205280541,110720.0,55452.0,6706.0,110720.0,42600.0,26.44951923076923
Sha Tin North -> Chai Wan,26.281524926686217,29.408386374697944,341,1053.0,129.0,2824329.844,0.000372832,4.56746e-05,3.728318072,4.567455188,172770.0,105017.0,1312.0,172770.0,30500.0,1483.0,185.0,9201905.88,0.000161162,2.01045e-05,1.611622657,2.010453078,168675.0,84793.0,1280.0,168675.0,33800.0,25.054838709677416
Sha Tin North -> Hong Wan,17.714285714285715,27.295915130165714,175,1053.0,129.0,2824329.844,0.000372832,4.56746e-05,3.728318072,4.567455188,172770.0,105017.0,1312.0,172770.0,30500.0,1508.0,147.0,5131674.172,0.000293861,2.86456e-05,2.938612136,2.864562228,187331.0,78902.0,1332.0,187331.0,33800.0,25.31142857142857
Sha Tin North -> Islands,15.0,30.5441942005,22,1053.0,129.0,2824329.844,0.000372832,4.56746e-05,3.728318072,4.567455188,172770.0,105017.0,1312.0,172770.0,30500.0,4309.0,252.0,182280000.0,2.36395e-05,1.38249e-06,0.236394558,0.138248848,185282.0,93368.0,20858.0,185282.0,31500.0,29.0
Sha Tin North -> Kowloon City North,13.491379310344827,14.904906639767242,232,1053.0,129.0,2824329.844,0.000372832,4.56746e-05,3.728318072,4.567455188,172770.0,105017.0,1312.0,172770.0,30500.0,2184.0,369.0,6927610.313,0.00031526,5.32651e-05,3.15260227,5.326512077,200330.0,107366.0,3726.0,200330.0,30700.0,11.645258620689654
Sha Tin North -> Kowloon City South,18.2,16.876647055107693,130,1053.0,129.0,2824329.844,0.000372832,4.56746e-05,3.728318072,4.567455188,172770.0,105017.0,1312.0,172770.0,30500.0,1256.0,245.0,3082389.687,0.000407476,7.94838e-05,4.074760584,7.948378527,210304.0,96598.0,2009.0,210304.0,30700.0,11.39076923076923
Sha Tin North -> Kwai Chung East,11.076086956521738,16.806408278902175,184,1053.0,129.0,2824329.844,0.000372832,4.56746e-05,3.728318072,4.567455188,172770.0,105017.0,1312.0,172770.0,30500.0,1199.0,144.0,5774688.358,0.00020763,2.49364e-05,2.076302522,2.49364106,161785.0,62396.0,2259.0,161785.0,26000.0,11.58695652173913
Sha Tin North -> Kwai Chung West,20.102564102564102,19.260090837358973,39,1053.0,129.0,2824329.844,0.000372832,4.56746e-05,3.728318072,4.567455188,172770.0,105017.0,1312.0,172770.0,30500.0,1079.0,187.0,7109884.208,0.000151761,2.63014e-05,1.517605587,2.630141287,154432.0,86916.0,1358.0,154432.0,26000.0,10.4
Sha Tin North -> Kwun Tong Central,12.657894736842104,15.759014323605264,152,1053.0,129.0,2824329.844,0.000372832,4.56746e-05,3.728318072,4.567455188,172770.0,105017.0,1312.0,172770.0,30500.0,1827.0,225.0,3044793.15,0.000600041,7.38966e-05,6.000407614,7.389664549,170206.0,106392.0,1421.0,170206.0,24000.0,10.51842105263158
Sha Tin North -> Kwun Tong North,8.5,18.372791274125,8,1053.0,129.0,2824329.844,0.000372832,4.56746e-05,3.728318072,4.567455188,172770.0,105017.0,1312.0,172770.0,30500.0,1022.0,168.0,2334159.008,0.000437845,7.19745e-05,4.378450639,7.197453105,164725.0,58119.0,434.0,164725.0,24000.0,9.2
Sha Tin North -> Kwun Tong Southeast,9.850746268656716,18.231694630402984,67,1053.0,129.0,2824329.844,0.000372832,4.56746e-05,3.728318072,4.567455188,172770.0,105017.0,1312.0,172770.0,30500.0,942.0,117.0,3181450.074,0.000296091,3.67757e-05,2.96091398,3.677568319,163357.0,92725.0,1534.0,163357.0,24000.0,25.308955223880595
Sha Tin North -> Kwun Tong West,9.31764705882353,14.1933308124,85,1053.0,129.0,2824329.844,0.000372832,4.56746e-05,3.728318072,4.567455188,172770.0,105017.0,1312.0,172770.0,30500.0,1513.0,204.0,2719597.768,0.000556332,7.50111e-05,5.5633227,7.501109259,174878.0,55701.0,1073.0,174878.0,24000.0,10.618823529411765
Sha Tin North -> Sai Kung and Hang Hau,15.564705882352941,14.010997896211764,85,1053.0,129.0,2824329.844,0.000372832,4.56746e-05,3.728318072,4.567455188,172770.0,105017.0,1312.0,172770.0,30500.0,1722.0,307.0,129680000.0,1.32788e-05,2.36737e-06,0.132788402,0.236736582,157505.0,75963.0,22406.0,157505.0,40400.0,12.497647058823528
Sha Tin North -> Sha Tin East,7.55664739884393,6.388480460010404,1730,1053.0,129.0,2824329.844,0.000372832,4.56746e-05,3.728318072,4.567455188,172770.0,105017.0,1312.0,172770.0,30500.0,1790.0,208.0,24843458.54,7.20512e-05,8.37243e-06,0.720511597,0.837242527,169545.0,70694.25,3266.0,169545.0,30500.0,15.632254335260114
Sha Tin North -> Sha Tin North,6.438047559449312,5.693937351445557,799,1053.0,129.0,2824329.844,0.000372832,4.56746e-05,3.728318072,4.567455188,172770.0,105017.0,1312.0,172770.0,30500.0,1053.0,129.0,2824329.844,0.000372832,4.56746e-05,3.728318072,4.567455188,172770.0,105017.0,1312.0,172770.0,30500.0,11.630037546933666
Sha Tin North -> Sha Tin South,15.947826086956521,10.338990658660869,345,1053.0,129.0,2824329.844,0.000372832,4.56746e-05,3.728318072,4.567455188,172770.0,105017.0,1312.0,172770.0,30500.0,1099.0,152.0,9545575.388,0.000115132,1.59236e-05,1.151318758,1.592360794,171916.0,58856.75,2705.0,171916.0,30500.0,14.650434782608695
Sha Tin North -> Sha Tin West,10.884328358208956,9.101438846402985,268,1053.0,129.0,2824329.844,0.000372832,4.56746e-05,3.728318072,4.567455188,172770.0,105017.0,1312.0,172770.0,30500.0,1612.0,207.0,31506636.23,5.11638e-05,6.57004e-06,0.511638243,0.657004443,178575.0,106037.0,7389.0,178575.0,30500.0,12.26231343283582
Sha Tin North -> Sham Shui Po East,18.75,16.838388492083332,72,1053.0,129.0,2824329.844,0.000372832,4.56746e-05,3.728318072,4.567455188,172770.0,105017.0,1312.0,172770.0,30500.0,1569.0,235.0,4642605.795,0.000337957,5.06181e-05,3.379567573,5.061812491,212957.0,126435.0,2477.0,212957.0,24100.0,10.475
Sha Tin North -> Sham Shui Po West,18.5,18.798551639555555,54,1053.0,129.0,2824329.844,0.000372832,4.56746e-05,3.728318072,4.567455188,172770.0,105017.0,1312.0,172770.0,30500.0,1507.0,179.0,4717394.205,0.000319456,3.79447e-05,3.194560248,3.794467713,218133.0,77638.0,1616.0,218133.0,24100.0,10.933333333333334
Sha Tin North -> Southern District Northwest,30.881008552049543,32.84542745794639,6782,1053.0,129.0,2824329.844,0.000372832,4.56746e-05,3.728318072,4.567455188,172770.0,105017.0,1312.0,172770.0,30500.0,1801.0,220.0,5182184.495,0.000347537,4.24531e-05,3.475368354,4.245313925,128849.0,67695.0,2855.0,128849.0,36000.0,31.339368917723387
Sha Tin North -> Tai Pak,13.105095541401274,24.47376752711465,314,1053.0,129.0,2824329.844,0.000372832,4.56746e-05,3.728318072,4.567455188,172770.0,105017.0,1312.0,172770.0,30500.0,1821.0,178.0,3656419.948,0.000498028,4.86815e-05,4.98028133,4.868149789,173597.0,106141.0,1412.0,173597.0,33800.0,25.877707006369427
Sha Tin North -> Tai Po North,9.20265780730897,6.942516903046512,301,1053.0,129.0,2824329.844,0.000372832,4.56746e-05,3.728318072,4.567455188,172770.0,105017.0,1312.0,172770.0,30500.0,1367.0,236.0,94726850.56,1.4431e-05,2.49137e-06,0.144309664,0.249137387,157446.0,125595.0,16400.0,157446.0,31700.0,8.822923588039867
Sha Tin North -> Tai Po South,11.604651162790697,10.269497684674418,43,1053.0,129.0,2824329.844,0.000372832,4.56746e-05,3.728318072,4.567455188,172770.0,105017.0,1312.0,172770.0,30500.0,1413.0,187.0,41403149.44,3.41278e-05,4.51656e-06,0.341278386,0.451656462,159024.0,32241.0,14539.0,159024.0,31700.0,9.113953488372092
Sha Tin North -> Tseung Kwan O North,13.357142857142858,23.025199577839285,56,1053.0,129.0,2824329.844,0.000372832,4.56746e-05,3.728318072,4.567455188,172770.0,105017.0,1312.0,172770.0,30500.0,776.0,108.0,1580069.556,0.000491118,6.83514e-05,4.911176202,6.835142137,158568.0,98589.0,444.0,158568.0,40400.0,9.2
Sha Tin North -> Tsuen Wan Northwest,16.333333333333332,22.634875873393938,33,1053.0,129.0,2824329.844,0.000372832,4.56746e-05,3.728318072,4.567455188,172770.0,105017.0,1312.0,172770.0,30500.0,1403.0,103.0,44481122.31,3.15415e-05,2.31559e-06,0.315414703,0.231558906,156114.0,73570.0,4949.0,156114.0,34400.0,28.033333333333335
Sha Tin North -> Tsuen Wan Southeast,12.180327868852459,15.310603393344262,61,1053.0,129.0,2824329.844,0.000372832,4.56746e-05,3.728318072,4.567455188,172770.0,105017.0,1312.0,172770.0,30500.0,991.0,128.0,17438877.69,5.68271e-05,7.33992e-06,0.568270515,0.733992189,163980.0,90229.0,4243.0,163980.0,34400.0,11.844262295081966
Sha Tin North -> Tuen Mun West,21.526315789473685,34.33507200331579,76,1053.0,129.0,2824329.844,0.000372832,4.56746e-05,3.728318072,4.567455188,172770.0,105017.0,1312.0,172770.0,30500.0,587.0,86.0,33729982.3,1.74029e-05,2.54966e-06,0.174029146,0.25496604,168009.0,83305.0,3482.0,168009.0,26500.0,23.957894736842103
Sha Tin North -> Wan Chai,17.112,26.076419707604,250,1053.0,129.0,2824329.844,0.000372832,4.56746e-05,3.728318072,4.567455188,172770.0,105017.0,1312.0,172770.0,30500.0,3357.0,430.0,10560000.0,0.000317898,4.07197e-05,3.178977273,4.071969697,166695.0,92238.0,4550.0,166695.0,40500.0,26.1052
Sha Tin North -> Wong Tai Sin East,12.181818181818182,14.610462576527274,55,1053.0,129.0,2824329.844,0.000372832,4.56746e-05,3.728318072,4.567455188,172770.0,105017.0,1312.0,172770.0,30500.0,1475.0,207.0,4613986.574,0.00031968,4.48636e-05,3.196801673,4.486358958,188218.0,127397.0,1185.0,188218.0,25100.0,9.247272727272728
Sha Tin North -> Wong Tai Sin West,9.0,12.822714681142857,7,1053.0,129.0,2824329.844,0.000372832,4.56746e-05,3.728318072,4.567455188,172770.0,105017.0,1312.0,172770.0,30500.0,896.0,223.0,4688620.344,0.000191101,4.7562e-05,1.911009922,4.75619657,218584.0,65217.0,844.0,218584.0,25100.0,9.0
Sha Tin North -> Yau Tsim Mong North,13.058823529411764,16.177691341529414,51,1053.0,129.0,2824329.844,0.000372832,4.56746e-05,3.728318072,4.567455188,172770.0,105017.0,1312.0,172770.0,30500.0,1629.0,178.0,2165712.207,0.000752178,8.21901e-05,7.52177503,8.21900525,168265.0,97426.0,3002.0,168265.0,30700.0,11.417647058823531
Sha Tin North -> Yau Tsim Mong South,24.640287769784173,19.578377633064747,278,1053.0,129.0,2824329.844,0.000372832,4.56746e-05,3.728318072,4.567455188,172770.0,105017.0,1312.0,172770.0,30500.0,3027.0,209.0,4824287.793,0.00062745,4.33225e-05,6.274501294,4.33224569,142382.0,65279.0,4418.0,142382.0,30700.0,14.708992805755395
Sha Tin South -> Central,8.3,14.748819118542857,140,1099.0,152.0,9545575.388,0.000115132,1.59236e-05,1.151318758,1.592360794,171916.0,58856.75,2705.0,171916.0,30500.0,3406.0,432.0,8299264.499,0.000410398,5.20528e-05,4.10397813,5.205280541,110720.0,55452.0,6706.0,110720.0,42600.0,22.285714285714285
Sha Tin South -> Chai Wan,29.5,25.802622988444444,36,1099.0,152.0,9545575.388,0.000115132,1.59236e-05,1.151318758,1.592360794,171916.0,58856.75,2705.0,171916.0,30500.0,1483.0,185.0,9201905.88,0.000161162,2.01045e-05,1.611622657,2.010453078,168675.0,84793.0,1280.0,168675.0,33800.0,24.4
Sha Tin South -> Hong Wan,16.770491803278688,23.86000281047541,61,1099.0,152.0,9545575.388,0.000115132,1.59236e-05,1.151318758,1.592360794,171916.0,58856.75,2705.0,171916.0,30500.0,1508.0,147.0,5131674.172,0.000293861,2.86456e-05,2.938612136,2.864562228,187331.0,78902.0,1332.0,187331.0,33800.0,21.45409836065574
Sha Tin South -> Islands,9.351485148514852,34.97249375829208,202,1099.0,152.0,9545575.388,0.000115132,1.59236e-05,1.151318758,1.592360794,171916.0,58856.75,2705.0,171916.0,30500.0,4309.0,252.0,182280000.0,2.36395e-05,1.38249e-06,0.236394558,0.138248848,185282.0,93368.0,20858.0,185282.0,31500.0,18.225742574257424
Sha Tin South -> Kowloon City North,8.055851063829786,6.817317312771277,376,1099.0,152.0,9545575.388,0.000115132,1.59236e-05,1.151318758,1.592360794,171916.0,58856.75,2705.0,171916.0,30500.0,2184.0,369.0,6927610.313,0.00031526,5.32651e-05,3.15260227,5.326512077,200330.0,107366.0,3726.0,200330.0,30700.0,12.519414893617022
Sha Tin South -> Kowloon City South,8.233333333333333,6.978252461249999,120,1099.0,152.0,9545575.388,0.000115132,1.59236e-05,1.151318758,1.592360794,171916.0,58856.75,2705.0,171916.0,30500.0,1256.0,245.0,3082389.687,0.000407476,7.94838e-05,4.074760584,7.948378527,210304.0,96598.0,2009.0,210304.0,30700.0,16.53666666666667
Sha Tin South -> Kwai Chung East,9.348432055749129,10.096832761853658,287,1099.0,152.0,9545575.388,0.000115132,1.59236e-05,1.151318758,1.592360794,171916.0,58856.75,2705.0,171916.0,30500.0,1199.0,144.0,5774688.358,0.00020763,2.49364e-05,2.076302522,2.49364106,161785.0,62396.0,2259.0,161785.0,26000.0,9.669337979094077
Sha Tin South -> Kwai Chung West,17.544,13.665743207199998,250,1099.0,152.0,9545575.388,0.000115132,1.59236e-05,1.151318758,1.592360794,171916.0,58856.75,2705.0,171916.0,30500.0,1079.0,187.0,7109884.208,0.000151761,2.63014e-05,1.517605587,2.630141287,154432.0,86916.0,1358.0,154432.0,26000.0,9.316
Sha Tin South -> Kwun Tong Central,11.959183673469388,11.388119203551021,196,1099.0,152.0,9545575.388,0.000115132,1.59236e-05,1.151318758,1.592360794,171916.0,58856.75,2705.0,171916.0,30500.0,1827.0,225.0,3044793.15,0.000600041,7.38966e-05,6.000407614,7.389664549,170206.0,106392.0,1421.0,170206.0,24000.0,8.236224489795918
Sha Tin South -> Kwun Tong North,14.9,16.5634046582,20,1099.0,152.0,9545575.388,0.000115132,1.59236e-05,1.151318758,1.592360794,171916.0,58856.75,2705.0,171916.0,30500.0,1022.0,168.0,2334159.008,0.000437845,7.19745e-05,4.378450639,7.197453105,164725.0,58119.0,434.0,164725.0,24000.0,9.05
Sha Tin South -> Kwun Tong Southeast,13.5,16.368273743,4,1099.0,152.0,9545575.388,0.000115132,1.59236e-05,1.151318758,1.592360794,171916.0,58856.75,2705.0,171916.0,30500.0,942.0,117.0,3181450.074,0.000296091,3.67757e-05,2.96091398,3.677568319,163357.0,92725.0,1534.0,163357.0,24000.0,24.4
Sha Tin South -> Kwun Tong West,8.578125,9.387024795398437,128,1099.0,152.0,9545575.388,0.000115132,1.59236e-05,1.151318758,1.592360794,171916.0,58856.75,2705.0,171916.0,30500.0,1513.0,204.0,2719597.768,0.000556332,7.50111e-05,5.5633227,7.501109259,174878.0,55701.0,1073.0,174878.0,24000.0,8.1265625
Sha Tin South -> Sai Kung and Hang Hau,16.5,26.063936708357144,14,1099.0,152.0,9545575.388,0.000115132,1.59236e-05,1.151318758,1.592360794,171916.0,58856.75,2705.0,171916.0,30500.0,1722.0,307.0,129680000.0,1.32788e-05,2.36737e-06,0.132788402,0.236736582,157505.0,75963.0,22406.0,157505.0,40400.0,13.1
Sha Tin South -> Sha Tin East,9.504918032786886,5.548763794667759,915,1099.0,152.0,9545575.388,0.000115132,1.59236e-05,1.151318758,1.592360794,171916.0,58856.75,2705.0,171916.0,30500.0,1790.0,208.0,24843458.54,7.20512e-05,8.37243e-06,0.720511597,0.837242527,169545.0,70694.25,3266.0,169545.0,30500.0,9.659890710382513
Sha Tin South -> Sha Tin North,16.040462427745666,10.644676104751445,346,1099.0,152.0,9545575.388,0.000115132,1.59236e-05,1.151318758,1.592360794,171916.0,58856.75,2705.0,171916.0,30500.0,1053.0,129.0,2824329.844,0.000372832,4.56746e-05,3.728318072,4.567455188,172770.0,105017.0,1312.0,172770.0,30500.0,10.76271676300578
Sha Tin South -> Sha Tin South,9.302455357142858,7.166317275702009,896,1099.0,152.0,9545575.388,0.000115132,1.59236e-05,1.151318758,1.592360794,171916.0,58856.75,2705.0,171916.0,30500.0,1099.0,152.0,9545575.388,0.000115132,1.59236e-05,1.151318758,1.592360794,171916.0,58856.75,2705.0,171916.0,30500.0,9.275
Sha Tin South -> Sha Tin West,8.604139715394567,7.299339096739974,773,1099.0,152.0,9545575.388,0.000115132,1.59236e-05,1.151318758,1.592360794,171916.0,58856.75,2705.0,171916.0,30500.0,1612.0,207.0,31506636.23,5.11638e-05,6.57004e-06,0.511638243,0.657004443,178575.0,106037.0,7389.0,178575.0,30500.0,8.320827943078914
Sha Tin South -> Sham Shui Po East,11.65846153846154,9.359497787175384,325,1099.0,152.0,9545575.388,0.000115132,1.59236e-05,1.151318758,1.592360794,171916.0,58856.75,2705.0,171916.0,30500.0,1569.0,235.0,4642605.795,0.000337957,5.06181e-05,3.379567573,5.061812491,212957.0,126435.0,2477.0,212957.0,24100.0,7.06
Sha Tin South -> Sham Shui Po West,11.693641618497109,10.648286964127168,173,1099.0,152.0,9545575.388,0.000115132,1.59236e-05,1.151318758,1.592360794,171916.0,58856.75,2705.0,171916.0,30500.0,1507.0,179.0,4717394.205,0.000319456,3.79447e-05,3.194560248,3.794467713,218133.0,77638.0,1616.0,218133.0,24100.0,8.122543352601156
Sha Tin South -> Southern District Northwest,20.166666666666668,19.473247900433336,90,1099.0,152.0,9545575.388,0.000115132,1.59236e-05,1.151318758,1.592360794,171916.0,58856.75,2705.0,171916.0,30500.0,1801.0,220.0,5182184.495,0.000347537,4.24531e-05,3.475368354,4.245313925,128849.0,67695.0,2855.0,128849.0,36000.0,24.266666666666666
Sha Tin South -> Southern District Southeast,14.411764705882353,16.847783083658825,85,1099.0,152.0,9545575.388,0.000115132,1.59236e-05,1.151318758,1.592360794,171916.0,58856.75,2705.0,171916.0,30500.0,2667.0,249.0,33657815.5,7.92387e-05,7.39798e-06,0.792386541,0.739798458,134429.0,68061.0,8608.0,134429.0,36000.0,24.470588235294116
Sha Tin South -> Tai Pak,10.4,21.425096560264,125,1099.0,152.0,9545575.388,0.000115132,1.59236e-05,1.151318758,1.592360794,171916.0,58856.75,2705.0,171916.0,30500.0,1821.0,178.0,3656419.948,0.000498028,4.86815e-05,4.98028133,4.868149789,173597.0,106141.0,1412.0,173597.0,33800.0,21.0456
Sha Tin South -> Tai Po North,23.75,15.299400640875001,80,1099.0,152.0,9545575.388,0.000115132,1.59236e-05,1.151318758,1.592360794,171916.0,58856.75,2705.0,171916.0,30500.0,1367.0,236.0,94726850.56,1.4431e-05,2.49137e-06,0.144309664,0.249137387,157446.0,125595.0,16400.0,157446.0,31700.0,9.0375
Sha Tin South -> Tai Po South,14.446043165467627,12.241889992122303,139,1099.0,152.0,9545575.388,0.000115132,1.59236e-05,1.151318758,1.592360794,171916.0,58856.75,2705.0,171916.0,30500.0,1413.0,187.0,41403149.44,3.41278e-05,4.51656e-06,0.341278386,0.451656462,159024.0,32241.0,14539.0,159024.0,31700.0,10.707913669064748
Sha Tin South -> Tseung Kwan O North,12.5,23.3160415035,2,1099.0,152.0,9545575.388,0.000115132,1.59236e-05,1.151318758,1.592360794,171916.0,58856.75,2705.0,171916.0,30500.0,776.0,108.0,1580069.556,0.000491118,6.83514e-05,4.911176202,6.835142137,158568.0,98589.0,444.0,158568.0,40400.0,13.1
Sha Tin South -> Tseung Kwan O South,11.0,21.9375552445,4,1099.0,152.0,9545575.388,0.000115132,1.59236e-05,1.151318758,1.592360794,171916.0,58856.75,2705.0,171916.0,30500.0,517.0,59.0,3125142.442,0.000165432,1.88791e-05,1.654324594,1.887913946,172964.0,98736.0,735.0,172964.0,40400.0,13.1
Sha Tin South -> Tsing Yi,7.640625,13.5467036254375,64,1099.0,152.0,9545575.388,0.000115132,1.59236e-05,1.151318758,1.592360794,171916.0,58856.75,2705.0,171916.0,30500.0,985.0,142.0,10455427.43,9.42094e-05,1.35815e-05,0.942094435,1.358146292,179581.0,84461.0,2054.0,179581.0,26000.0,11.775
Sha Tin South -> Tsuen Wan Northwest,5.782608695652174,26.555594002282607,46,1099.0,152.0,9545575.388,0.000115132,1.59236e-05,1.151318758,1.592360794,171916.0,58856.75,2705.0,171916.0,30500.0,1403.0,103.0,44481122.31,3.15415e-05,2.31559e-06,0.315414703,0.231558906,156114.0,73570.0,4949.0,156114.0,34400.0,20.719565217391306
Sha Tin South -> Tsuen Wan Southeast,8.6,10.709160845983332,60,1099.0,152.0,9545575.388,0.000115132,1.59236e-05,1.151318758,1.592360794,171916.0,58856.75,2705.0,171916.0,30500.0,991.0,128.0,17438877.69,5.68271e-05,7.33992e-06,0.568270515,0.733992189,163980.0,90229.0,4243.0,163980.0,34400.0,11.930000000000001
Sha Tin South -> Wan Chai,10.631944444444445,15.416167841923611,144,1099.0,152.0,9545575.388,0.000115132,1.59236e-05,1.151318758,1.592360794,171916.0,58856.75,2705.0,171916.0,30500.0,3357.0,430.0,10560000.0,0.000317898,4.07197e-05,3.178977273,4.071969697,166695.0,92238.0,4550.0,166695.0,40500.0,23.688888888888886
Sha Tin South -> Wong Tai Sin East,6.6453900709219855,6.881885338134752,141,1099.0,152.0,9545575.388,0.000115132,1.59236e-05,1.151318758,1.592360794,171916.0,58856.75,2705.0,171916.0,30500.0,1475.0,207.0,4613986.574,0.00031968,4.48636e-05,3.196801673,4.486358958,188218.0,127397.0,1185.0,188218.0,25100.0,8.197163120567376
Sha Tin South -> Wong Tai Sin West,5.923076923076923,6.08330027148077,52,1099.0,152.0,9545575.388,0.000115132,1.59236e-05,1.151318758,1.592360794,171916.0,58856.75,2705.0,171916.0,30500.0,896.0,223.0,4688620.344,0.000191101,4.7562e-05,1.911009922,4.75619657,218584.0,65217.0,844.0,218584.0,25100.0,7.949999999999999
Sha Tin South -> Wu Tip Shan,15.5,26.582625334350002,40,1099.0,152.0,9545575.388,0.000115132,1.59236e-05,1.151318758,1.592360794,171916.0,58856.75,2705.0,171916.0,30500.0,1448.0,161.0,21829748.23,6.63315e-05,7.37526e-06,0.663315025,0.737525684,150468.0,93658.0,15003.0,150468.0,25500.0,14.6
Sha Tin South -> Yau Tsim Mong North,14.058823529411764,11.493830921638654,238,1099.0,152.0,9545575.388,0.000115132,1.59236e-05,1.151318758,1.592360794,171916.0,58856.75,2705.0,171916.0,30500.0,1629.0,178.0,2165712.207,0.000752178,8.21901e-05,7.52177503,8.21900525,168265.0,97426.0,3002.0,168265.0,30700.0,7.486134453781513
Sha Tin South -> Yau Tsim Mong South,13.421800947867299,9.862872975109005,422,1099.0,152.0,9545575.388,0.000115132,1.59236e-05,1.151318758,1.592360794,171916.0,58856.75,2705.0,171916.0,30500.0,3027.0,209.0,4824287.793,0.00062745,4.33225e-05,6.274501294,4.33224569,142382.0,65279.0,4418.0,142382.0,30700.0,12.629620853080569
Sha Tin West -> Central,8.74390243902439,18.5564880292439,82,1612.0,207.0,31506636.23,5.11638e-05,6.57004e-06,0.511638243,0.657004443,178575.0,106037.0,7389.0,178575.0,30500.0,3406.0,432.0,8299264.499,0.000410398,5.20528e-05,4.10397813,5.205280541,110720.0,55452.0,6706.0,110720.0,42600.0,16.853658536585368
Sha Tin West -> Chai Wan,17.5,22.1461330593,50,1612.0,207.0,31506636.23,5.11638e-05,6.57004e-06,0.511638243,0.657004443,178575.0,106037.0,7389.0,178575.0,30500.0,1483.0,185.0,9201905.88,0.000161162,2.01045e-05,1.611622657,2.010453078,168675.0,84793.0,1280.0,168675.0,33800.0,27.8
Sha Tin West -> Hong Wan,15.328358208955224,23.78221751559701,67,1612.0,207.0,31506636.23,5.11638e-05,6.57004e-06,0.511638243,0.657004443,178575.0,106037.0,7389.0,178575.0,30500.0,1508.0,147.0,5131674.172,0.000293861,2.86456e-05,2.938612136,2.864562228,187331.0,78902.0,1332.0,187331.0,33800.0,23.09850746268657
Sha Tin West -> Islands,10.086124401913876,32.822270442387556,209,1612.0,207.0,31506636.23,5.11638e-05,6.57004e-06,0.511638243,0.657004443,178575.0,106037.0,7389.0,178575.0,30500.0,4309.0,252.0,182280000.0,2.36395e-05,1.38249e-06,0.236394558,0.138248848,185282.0,93368.0,20858.0,185282.0,31500.0,19.66172248803828
Sha Tin West -> Kowloon City North,11.700636942675159,9.91926553677707,157,1612.0,207.0,31506636.23,5.11638e-05,6.57004e-06,0.511638243,0.657004443,178575.0,106037.0,7389.0,178575.0,30500.0,2184.0,369.0,6927610.313,0.00031526,5.32651e-05,3.15260227,5.326512077,200330.0,107366.0,3726.0,200330.0,30700.0,10.721656050955414
Sha Tin West -> Kowloon City South,10.757575757575758,10.70014355251515,33,1612.0,207.0,31506636.23,5.11638e-05,6.57004e-06,0.511638243,0.657004443,178575.0,106037.0,7389.0,178575.0,30500.0,1256.0,245.0,3082389.687,0.000407476,7.94838e-05,4.074760584,7.948378527,210304.0,96598.0,2009.0,210304.0,30700.0,15.212121212121213
Sha Tin West -> Kwai Chung East,7.728862973760933,10.925845650577259,343,1612.0,207.0,31506636.23,5.11638e-05,6.57004e-06,0.511638243,0.657004443,178575.0,106037.0,7389.0,178575.0,30500.0,1199.0,144.0,5774688.358,0.00020763,2.49364e-05,2.076302522,2.49364106,161785.0,62396.0,2259.0,161785.0,26000.0,11.558892128279885
Sha Tin West -> Kwai Chung West,9.914529914529915,11.782391157034187,117,1612.0,207.0,31506636.23,5.11638e-05,6.57004e-06,0.511638243,0.657004443,178575.0,106037.0,7389.0,178575.0,30500.0,1079.0,187.0,7109884.208,0.000151761,2.63014e-05,1.517605587,2.630141287,154432.0,86916.0,1358.0,154432.0,26000.0,10.814529914529913
Sha Tin West -> Kwun Tong Central,11.734806629834255,13.808832191585635,181,1612.0,207.0,31506636.23,5.11638e-05,6.57004e-06,0.511638243,0.657004443,178575.0,106037.0,7389.0,178575.0,30500.0,1827.0,225.0,3044793.15,0.000600041,7.38966e-05,6.000407614,7.389664549,170206.0,106392.0,1421.0,170206.0,24000.0,10.132044198895029
Sha Tin West -> Kwun Tong North,10.036363636363637,14.674620809709092,55,1612.0,207.0,31506636.23,5.11638e-05,6.57004e-06,0.511638243,0.657004443,178575.0,106037.0,7389.0,178575.0,30500.0,1022.0,168.0,2334159.008,0.000437845,7.19745e-05,4.378450639,7.197453105,164725.0,58119.0,434.0,164725.0,24000.0,10.154545454545454
Sha Tin West -> Kwun Tong Southeast,14.909871244635193,18.620896042184548,233,1612.0,207.0,31506636.23,5.11638e-05,6.57004e-06,0.511638243,0.657004443,178575.0,106037.0,7389.0,178575.0,30500.0,942.0,117.0,3181450.074,0.000296091,3.67757e-05,2.96091398,3.677568319,163357.0,92725.0,1534.0,163357.0,24000.0,11.44978540772532
Sha Tin West -> Kwun Tong West,10.319327731092438,12.638151452756302,119,1612.0,207.0,31506636.23,5.11638e-05,6.57004e-06,0.511638243,0.657004443,178575.0,106037.0,7389.0,178575.0,30500.0,1513.0,204.0,2719597.768,0.000556332,7.50111e-05,5.5633227,7.501109259,174878.0,55701.0,1073.0,174878.0,24000.0,10.505042016806723
Sha Tin West -> Sai Kung and Hang Hau,13.507142857142858,22.165885235650002,140,1612.0,207.0,31506636.23,5.11638e-05,6.57004e-06,0.511638243,0.657004443,178575.0,106037.0,7389.0,178575.0,30500.0,1722.0,307.0,129680000.0,1.32788e-05,2.36737e-06,0.132788402,0.236736582,157505.0,75963.0,22406.0,157505.0,40400.0,14.463571428571429
Sha Tin West -> Sha Tin East,9.070725156669651,6.181625661461057,1117,1612.0,207.0,31506636.23,5.11638e-05,6.57004e-06,0.511638243,0.657004443,178575.0,106037.0,7389.0,178575.0,30500.0,1790.0,208.0,24843458.54,7.20512e-05,8.37243e-06,0.720511597,0.837242527,169545.0,70694.25,3266.0,169545.0,30500.0,9.66696508504924
Sha Tin West -> Sha Tin North,11.176943699731904,8.891037621340482,373,1612.0,207.0,31506636.23,5.11638e-05,6.57004e-06,0.511638243,0.657004443,178575.0,106037.0,7389.0,178575.0,30500.0,1053.0,129.0,2824329.844,0.000372832,4.56746e-05,3.728318072,4.567455188,172770.0,105017.0,1312.0,172770.0,30500.0,10.582573726541556
Sha Tin West -> Sha Tin South,8.362589928057554,5.867661025801438,695,1612.0,207.0,31506636.23,5.11638e-05,6.57004e-06,0.511638243,0.657004443,178575.0,106037.0,7389.0,178575.0,30500.0,1099.0,152.0,9545575.388,0.000115132,1.59236e-05,1.151318758,1.592360794,171916.0,58856.75,2705.0,171916.0,30500.0,9.258561151079137
Sha Tin West -> Sha Tin West,7.301391035548686,5.892585260935601,1941,1612.0,207.0,31506636.23,5.11638e-05,6.57004e-06,0.511638243,0.657004443,178575.0,106037.0,7389.0,178575.0,30500.0,1612.0,207.0,31506636.23,5.11638e-05,6.57004e-06,0.511638243,0.657004443,178575.0,106037.0,7389.0,178575.0,30500.0,9.652035033487891
Sha Tin West -> Sham Shui Po East,9.556363636363637,8.186597450632727,275,1612.0,207.0,31506636.23,5.11638e-05,6.57004e-06,0.511638243,0.657004443,178575.0,106037.0,7389.0,178575.0,30500.0,1569.0,235.0,4642605.795,0.000337957,5.06181e-05,3.379567573,5.061812491,212957.0,126435.0,2477.0,212957.0,24100.0,9.499272727272729
Sha Tin West -> Sham Shui Po West,10.076086956521738,9.813225268608695,276,1612.0,207.0,31506636.23,5.11638e-05,6.57004e-06,0.511638243,0.657004443,178575.0,106037.0,7389.0,178575.0,30500.0,1507.0,179.0,4717394.205,0.000319456,3.79447e-05,3.194560248,3.794467713,218133.0,77638.0,1616.0,218133.0,24100.0,10.669927536231885
Sha Tin West -> Southern District Northwest,27.0,23.36370948675,24,1612.0,207.0,31506636.23,5.11638e-05,6.57004e-06,0.511638243,0.657004443,178575.0,106037.0,7389.0,178575.0,30500.0,1801.0,220.0,5182184.495,0.000347537,4.24531e-05,3.475368354,4.245313925,128849.0,67695.0,2855.0,128849.0,36000.0,26.0
Sha Tin West -> Southern District Southeast,21.217391304347824,20.74633201073913,23,1612.0,207.0,31506636.23,5.11638e-05,6.57004e-06,0.511638243,0.657004443,178575.0,106037.0,7389.0,178575.0,30500.0,2667.0,249.0,33657815.5,7.92387e-05,7.39798e-06,0.792386541,0.739798458,134429.0,68061.0,8608.0,134429.0,36000.0,26.22608695652174
Sha Tin West -> Tai Pak,12.14406779661017,22.50581388976271,118,1612.0,207.0,31506636.23,5.11638e-05,6.57004e-06,0.511638243,0.657004443,178575.0,106037.0,7389.0,178575.0,30500.0,1821.0,178.0,3656419.948,0.000498028,4.86815e-05,4.98028133,4.868149789,173597.0,106141.0,1412.0,173597.0,33800.0,21.571186440677966
Sha Tin West -> Tai Po North,13.75067385444744,10.535497416719677,742,1612.0,207.0,31506636.23,5.11638e-05,6.57004e-06,0.511638243,0.657004443,178575.0,106037.0,7389.0,178575.0,30500.0,1367.0,236.0,94726850.56,1.4431e-05,2.49137e-06,0.144309664,0.249137387,157446.0,125595.0,16400.0,157446.0,31700.0,11.249191374663072
Sha Tin West -> Tai Po South,10.825226710634789,7.76238720894394,1213,1612.0,207.0,31506636.23,5.11638e-05,6.57004e-06,0.511638243,0.657004443,178575.0,106037.0,7389.0,178575.0,30500.0,1413.0,187.0,41403149.44,3.41278e-05,4.51656e-06,0.341278386,0.451656462,159024.0,32241.0,14539.0,159024.0,31700.0,11.09629018961253
Sha Tin West -> Tin Shui Wai South and Ping Ha,15.0,30.204488416,27,1612.0,207.0,31506636.23,5.11638e-05,6.57004e-06,0.511638243,0.657004443,178575.0,106037.0,7389.0,178575.0,30500.0,1309.0,215.0,47324621.53,2.766e-05,4.54309e-06,0.276600205,0.454308969,153669.0,88248.5,22348.0,153669.0,30100.0,18.5
Sha Tin West -> Tseung Kwan O North,9.843373493975903,21.847278959843372,83,1612.0,207.0,31506636.23,5.11638e-05,6.57004e-06,0.511638243,0.657004443,178575.0,106037.0,7389.0,178575.0,30500.0,776.0,108.0,1580069.556,0.000491118,6.83514e-05,4.911176202,6.835142137,158568.0,98589.0,444.0,158568.0,40400.0,11.509638554216869
Sha Tin West -> Tseung Kwan O South,9.307692307692308,20.993788925519233,52,1612.0,207.0,31506636.23,5.11638e-05,6.57004e-06,0.511638243,0.657004443,178575.0,106037.0,7389.0,178575.0,30500.0,517.0,59.0,3125142.442,0.000165432,1.88791e-05,1.654324594,1.887913946,172964.0,98736.0,735.0,172964.0,40400.0,12.465384615384616
Sha Tin West -> Tsing Yi,9.235294117647058,13.686288370735294,68,1612.0,207.0,31506636.23,5.11638e-05,6.57004e-06,0.511638243,0.657004443,178575.0,106037.0,7389.0,178575.0,30500.0,985.0,142.0,10455427.43,9.42094e-05,1.35815e-05,0.942094435,1.358146292,179581.0,84461.0,2054.0,179581.0,26000.0,11.75294117647059
Sha Tin West -> Tsuen Wan Northwest,13.782407407407407,18.977380681421298,216,1612.0,207.0,31506636.23,5.11638e-05,6.57004e-06,0.511638243,0.657004443,178575.0,106037.0,7389.0,178575.0,30500.0,1403.0,103.0,44481122.31,3.15415e-05,2.31559e-06,0.315414703,0.231558906,156114.0,73570.0,4949.0,156114.0,34400.0,16.276851851851852
Sha Tin West -> Tsuen Wan Southeast,7.567375886524823,11.737869973312057,141,1612.0,207.0,31506636.23,5.11638e-05,6.57004e-06,0.511638243,0.657004443,178575.0,106037.0,7389.0,178575.0,30500.0,991.0,128.0,17438877.69,5.68271e-05,7.33992e-06,0.568270515,0.733992189,163980.0,90229.0,4243.0,163980.0,34400.0,11.646099290780143
Sha Tin West -> Tuen Mun East,8.727272727272727,29.161144233474747,99,1612.0,207.0,31506636.23,5.11638e-05,6.57004e-06,0.511638243,0.657004443,178575.0,106037.0,7389.0,178575.0,30500.0,1510.0,113.0,33427312.32,4.51726e-05,3.38047e-06,0.451726416,0.338046921,168080.0,59671.0,6093.0,168080.0,26500.0,19.933333333333334
Sha Tin West -> Tuen Mun West,14.179082177161153,32.245344424623696,4685,1612.0,207.0,31506636.23,5.11638e-05,6.57004e-06,0.511638243,0.657004443,178575.0,106037.0,7389.0,178575.0,30500.0,587.0,86.0,33729982.3,1.74029e-05,2.54966e-06,0.174029146,0.25496604,168009.0,83305.0,3482.0,168009.0,26500.0,26.570800426894344
Sha Tin West -> Wan Chai,14.338983050847459,19.474289261305085,59,1612.0,207.0,31506636.23,5.11638e-05,6.57004e-06,0.511638243,0.657004443,178575.0,106037.0,7389.0,178575.0,30500.0,3357.0,430.0,10560000.0,0.000317898,4.07197e-05,3.178977273,4.071969697,166695.0,92238.0,4550.0,166695.0,40500.0,20.661016949152543
Sha Tin West -> Wong Tai Sin East,8.692913385826772,9.732930451472441,127,1612.0,207.0,31506636.23,5.11638e-05,6.57004e-06,0.511638243,0.657004443,178575.0,106037.0,7389.0,178575.0,30500.0,1475.0,207.0,4613986.574,0.00031968,4.48636e-05,3.196801673,4.486358958,188218.0,127397.0,1185.0,188218.0,25100.0,9.279527559055119
Sha Tin West -> Wong Tai Sin West,8.914285714285715,8.153378829514287,35,1612.0,207.0,31506636.23,5.11638e-05,6.57004e-06,0.511638243,0.657004443,178575.0,106037.0,7389.0,178575.0,30500.0,896.0,223.0,4688620.344,0.000191101,4.7562e-05,1.911009922,4.75619657,218584.0,65217.0,844.0,218584.0,25100.0,8.42
Sha Tin West -> Wu Tip Shan,18.08252427184466,16.15203261002427,206,1612.0,207.0,31506636.23,5.11638e-05,6.57004e-06,0.511638243,0.657004443,178575.0,106037.0,7389.0,178575.0,30500.0,1448.0,161.0,21829748.23,6.63315e-05,7.37526e-06,0.663315025,0.737525684,150468.0,93658.0,15003.0,150468.0,25500.0,13.87135922330097
Sha Tin West -> Yau Tsim Mong North,9.53448275862069,10.071145601287355,174,1612.0,207.0,31506636.23,5.11638e-05,6.57004e-06,0.511638243,0.657004443,178575.0,106037.0,7389.0,178575.0,30500.0,1629.0,178.0,2165712.207,0.000752178,8.21901e-05,7.52177503,8.21900525,168265.0,97426.0,3002.0,168265.0,30700.0,11.572413793103447
Sha Tin West -> Yau Tsim Mong South,12.263473053892216,11.807795362311378,334,1612.0,207.0,31506636.23,5.11638e-05,6.57004e-06,0.511638243,0.657004443,178575.0,106037.0,7389.0,178575.0,30500.0,3027.0,209.0,4824287.793,0.00062745,4.33225e-05,6.274501294,4.33224569,142382.0,65279.0,4418.0,142382.0,30700.0,11.70449101796407
Sha Tin West -> Yuen Long Rural East,15.3,23.006789805700002,10,1612.0,207.0,31506636.23,5.11638e-05,6.57004e-06,0.511638243,0.657004443,178575.0,106037.0,7389.0,178575.0,30500.0,1696.0,306.0,83591131.06,2.02892e-05,3.66068e-06,0.202892338,0.366067543,170741.0,90494.0,72943.0,170741.0,30100.0,16.580000000000002
Sha Tin West -> Yuen Long Town Centre,8.0,25.8151300546,15,1612.0,207.0,31506636.23,5.11638e-05,6.57004e-06,0.511638243,0.657004443,178575.0,106037.0,7389.0,178575.0,30500.0,825.0,110.0,5113531.676,0.000161337,2.15116e-05,1.613366362,2.15115515,160142.0,65596.0,7135.0,160142.0,30100.0,18.5
Sham Shui Po East -> Central,17.78443113772455,10.515626186562873,167,1569.0,235.0,4642605.795,0.000337957,5.06181e-05,3.379567573,5.061812491,212957.0,126435.0,2477.0,212957.0,24100.0,3406.0,432.0,8299264.499,0.000410398,5.20528e-05,4.10397813,5.205280541,110720.0,55452.0,6706.0,110720.0,42600.0,13.246706586826345
Sham Shui Po East -> Chai Wan,20.7,15.604778994278572,140,1569.0,235.0,4642605.795,0.000337957,5.06181e-05,3.379567573,5.061812491,212957.0,126435.0,2477.0,212957.0,24100.0,1483.0,185.0,9201905.88,0.000161162,2.01045e-05,1.611622657,2.010453078,168675.0,84793.0,1280.0,168675.0,33800.0,14.860000000000001
Sham Shui Po East -> Hong Wan,22.454545454545453,12.875493186090909,55,1569.0,235.0,4642605.795,0.000337957,5.06181e-05,3.379567573,5.061812491,212957.0,126435.0,2477.0,212957.0,24100.0,1508.0,147.0,5131674.172,0.000293861,2.86456e-05,2.938612136,2.864562228,187331.0,78902.0,1332.0,187331.0,33800.0,15.001818181818182
Sham Shui Po East -> Islands,13.846153846153847,31.59747196163545,598,1569.0,235.0,4642605.795,0.000337957,5.06181e-05,3.379567573,5.061812491,212957.0,126435.0,2477.0,212957.0,24100.0,4309.0,252.0,182280000.0,2.36395e-05,1.38249e-06,0.236394558,0.138248848,185282.0,93368.0,20858.0,185282.0,31500.0,19.227257525083612
Sham Shui Po East -> Kowloon City North,10.684838160136286,4.322936186872232,587,1569.0,235.0,4642605.795,0.000337957,5.06181e-05,3.379567573,5.061812491,212957.0,126435.0,2477.0,212957.0,24100.0,2184.0,369.0,6927610.313,0.00031526,5.32651e-05,3.15260227,5.326512077,200330.0,107366.0,3726.0,200330.0,30700.0,7.431516183986371
Sham Shui Po East -> Kowloon City South,12.881578947368421,4.8237096837993425,304,1569.0,235.0,4642605.795,0.000337957,5.06181e-05,3.379567573,5.061812491,212957.0,126435.0,2477.0,212957.0,24100.0,1256.0,245.0,3082389.687,0.000407476,7.94838e-05,4.074760584,7.948378527,210304.0,96598.0,2009.0,210304.0,30700.0,6.566118421052631
Sham Shui Po East -> Kwai Chung East,8.433862433862434,5.9918133316507936,189,1569.0,235.0,4642605.795,0.000337957,5.06181e-05,3.379567573,5.061812491,212957.0,126435.0,2477.0,212957.0,24100.0,1199.0,144.0,5774688.358,0.00020763,2.49364e-05,2.076302522,2.49364106,161785.0,62396.0,2259.0,161785.0,26000.0,8.482539682539683
Sham Shui Po East -> Kwai Chung West,9.956521739130435,7.437427022773291,322,1569.0,235.0,4642605.795,0.000337957,5.06181e-05,3.379567573,5.061812491,212957.0,126435.0,2477.0,212957.0,24100.0,1079.0,187.0,7109884.208,0.000151761,2.63014e-05,1.517605587,2.630141287,154432.0,86916.0,1358.0,154432.0,26000.0,10.569565217391304
Sham Shui Po East -> Kwun Tong Central,12.772222222222222,9.48943105389074,540,1569.0,235.0,4642605.795,0.000337957,5.06181e-05,3.379567573,5.061812491,212957.0,126435.0,2477.0,212957.0,24100.0,1827.0,225.0,3044793.15,0.000600041,7.38966e-05,6.000407614,7.389664549,170206.0,106392.0,1421.0,170206.0,24000.0,8.666666666666666
Sham Shui Po East -> Kwun Tong North,12.751968503937007,9.684748086173228,254,1569.0,235.0,4642605.795,0.000337957,5.06181e-05,3.379567573,5.061812491,212957.0,126435.0,2477.0,212957.0,24100.0,1022.0,168.0,2334159.008,0.000437845,7.19745e-05,4.378450639,7.197453105,164725.0,58119.0,434.0,164725.0,24000.0,10.38503937007874
Sham Shui Po East -> Kwun Tong Southeast,21.54517133956386,12.731567328461058,321,1569.0,235.0,4642605.795,0.000337957,5.06181e-05,3.379567573,5.061812491,212957.0,126435.0,2477.0,212957.0,24100.0,942.0,117.0,3181450.074,0.000296091,3.67757e-05,2.96091398,3.677568319,163357.0,92725.0,1534.0,163357.0,24000.0,8.598130841121495
Sham Shui Po East -> Kwun Tong West,10.383597883597883,7.434190042410052,378,1569.0,235.0,4642605.795,0.000337957,5.06181e-05,3.379567573,5.061812491,212957.0,126435.0,2477.0,212957.0,24100.0,1513.0,204.0,2719597.768,0.000556332,7.50111e-05,5.5633227,7.501109259,174878.0,55701.0,1073.0,174878.0,24000.0,8.31984126984127
Sham Shui Po East -> Sai Kung and Hang Hau,21.03680981595092,18.52501694358589,326,1569.0,235.0,4642605.795,0.000337957,5.06181e-05,3.379567573,5.061812491,212957.0,126435.0,2477.0,212957.0,24100.0,1722.0,307.0,129680000.0,1.32788e-05,2.36737e-06,0.132788402,0.236736582,157505.0,75963.0,22406.0,157505.0,40400.0,10.36441717791411
Sham Shui Po East -> Sha Tin East,13.229268292682926,11.487876913570732,205,1569.0,235.0,4642605.795,0.000337957,5.06181e-05,3.379567573,5.061812491,212957.0,126435.0,2477.0,212957.0,24100.0,1790.0,208.0,24843458.54,7.20512e-05,8.37243e-06,0.720511597,0.837242527,169545.0,70694.25,3266.0,169545.0,30500.0,10.18390243902439
Sham Shui Po East -> Sha Tin North,17.246153846153845,16.10051395603077,130,1569.0,235.0,4642605.795,0.000337957,5.06181e-05,3.379567573,5.061812491,212957.0,126435.0,2477.0,212957.0,24100.0,1053.0,129.0,2824329.844,0.000372832,4.56746e-05,3.728318072,4.567455188,172770.0,105017.0,1312.0,172770.0,30500.0,10.961538461538462
Sham Shui Po East -> Sha Tin South,9.546875,8.423428936832032,256,1569.0,235.0,4642605.795,0.000337957,5.06181e-05,3.379567573,5.061812491,212957.0,126435.0,2477.0,212957.0,24100.0,1099.0,152.0,9545575.388,0.000115132,1.59236e-05,1.151318758,1.592360794,171916.0,58856.75,2705.0,171916.0,30500.0,8.19140625
Sham Shui Po East -> Sha Tin West,9.817120622568094,8.680994247840468,257,1569.0,235.0,4642605.795,0.000337957,5.06181e-05,3.379567573,5.061812491,212957.0,126435.0,2477.0,212957.0,24100.0,1612.0,207.0,31506636.23,5.11638e-05,6.57004e-06,0.511638243,0.657004443,178575.0,106037.0,7389.0,178575.0,30500.0,10.014785992217897
Sham Shui Po East -> Sham Shui Po East,11.943181818181818,5.465609099602273,440,1569.0,235.0,4642605.795,0.000337957,5.06181e-05,3.379567573,5.061812491,212957.0,126435.0,2477.0,212957.0,24100.0,1569.0,235.0,4642605.795,0.000337957,5.06181e-05,3.379567573,5.061812491,212957.0,126435.0,2477.0,212957.0,24100.0,7.065454545454545
Sham Shui Po East -> Sham Shui Po West,8.240274599542333,3.7520605882585816,874,1569.0,235.0,4642605.795,0.000337957,5.06181e-05,3.379567573,5.061812491,212957.0,126435.0,2477.0,212957.0,24100.0,1507.0,179.0,4717394.205,0.000319456,3.79447e-05,3.194560248,3.794467713,218133.0,77638.0,1616.0,218133.0,24100.0,8.396910755148742
Sham Shui Po East -> Southern District Northwest,26.649122807017545,13.515500619122808,171,1569.0,235.0,4642605.795,0.000337957,5.06181e-05,3.379567573,5.061812491,212957.0,126435.0,2477.0,212957.0,24100.0,1801.0,220.0,5182184.495,0.000347537,4.24531e-05,3.475368354,4.245313925,128849.0,67695.0,2855.0,128849.0,36000.0,14.5
Sham Shui Po East -> Southern District Southeast,15.782608695652174,14.324580678355073,138,1569.0,235.0,4642605.795,0.000337957,5.06181e-05,3.379567573,5.061812491,212957.0,126435.0,2477.0,212957.0,24100.0,2667.0,249.0,33657815.5,7.92387e-05,7.39798e-06,0.792386541,0.739798458,134429.0,68061.0,8608.0,134429.0,36000.0,16.22173913043478
Sham Shui Po East -> Tai Pak,17.79259259259259,10.842128850911111,135,1569.0,235.0,4642605.795,0.000337957,5.06181e-05,3.379567573,5.061812491,212957.0,126435.0,2477.0,212957.0,24100.0,1821.0,178.0,3656419.948,0.000498028,4.86815e-05,4.98028133,4.868149789,173597.0,106141.0,1412.0,173597.0,33800.0,14.895555555555557
Sham Shui Po East -> Tai Po North,18.9,19.9912747949,20,1569.0,235.0,4642605.795,0.000337957,5.06181e-05,3.379567573,5.061812491,212957.0,126435.0,2477.0,212957.0,24100.0,1367.0,236.0,94726850.56,1.4431e-05,2.49137e-06,0.144309664,0.249137387,157446.0,125595.0,16400.0,157446.0,31700.0,13.16
Sham Shui Po East -> Tai Po South,24.403508771929825,17.607266231508774,57,1569.0,235.0,4642605.795,0.000337957,5.06181e-05,3.379567573,5.061812491,212957.0,126435.0,2477.0,212957.0,24100.0,1413.0,187.0,41403149.44,3.41278e-05,4.51656e-06,0.341278386,0.451656462,159024.0,32241.0,14539.0,159024.0,31700.0,11.615789473684211
Sham Shui Po East -> Tin Shui Wai South and Ping Ha,11.193277310924369,27.60680613308403,119,1569.0,235.0,4642605.795,0.000337957,5.06181e-05,3.379567573,5.061812491,212957.0,126435.0,2477.0,212957.0,24100.0,1309.0,215.0,47324621.53,2.766e-05,4.54309e-06,0.276600205,0.454308969,153669.0,88248.5,22348.0,153669.0,30100.0,18.692436974789917
Sham Shui Po East -> Tseung Kwan O North,20.25943396226415,18.446428662976416,212,1569.0,235.0,4642605.795,0.000337957,5.06181e-05,3.379567573,5.061812491,212957.0,126435.0,2477.0,212957.0,24100.0,776.0,108.0,1580069.556,0.000491118,6.83514e-05,4.911176202,6.835142137,158568.0,98589.0,444.0,158568.0,40400.0,12.586792452830188
Sham Shui Po East -> Tseung Kwan O South,21.612021857923498,18.812205986131147,183,1569.0,235.0,4642605.795,0.000337957,5.06181e-05,3.379567573,5.061812491,212957.0,126435.0,2477.0,212957.0,24100.0,517.0,59.0,3125142.442,0.000165432,1.88791e-05,1.654324594,1.887913946,172964.0,98736.0,735.0,172964.0,40400.0,8.958469945355192
Sham Shui Po East -> Tsing Yi,14.578947368421053,11.01021803733158,190,1569.0,235.0,4642605.795,0.000337957,5.06181e-05,3.379567573,5.061812491,212957.0,126435.0,2477.0,212957.0,24100.0,985.0,142.0,10455427.43,9.42094e-05,1.35815e-05,0.942094435,1.358146292,179581.0,84461.0,2054.0,179581.0,26000.0,11.348421052631577
Sham Shui Po East -> Tsuen Wan Northwest,10.655172413793103,14.63204212462931,232,1569.0,235.0,4642605.795,0.000337957,5.06181e-05,3.379567573,5.061812491,212957.0,126435.0,2477.0,212957.0,24100.0,1403.0,103.0,44481122.31,3.15415e-05,2.31559e-06,0.315414703,0.231558906,156114.0,73570.0,4949.0,156114.0,34400.0,13.901293103448275
Sham Shui Po East -> Tsuen Wan Southeast,11.321678321678322,8.552732886132867,143,1569.0,235.0,4642605.795,0.000337957,5.06181e-05,3.379567573,5.061812491,212957.0,126435.0,2477.0,212957.0,24100.0,991.0,128.0,17438877.69,5.68271e-05,7.33992e-06,0.568270515,0.733992189,163980.0,90229.0,4243.0,163980.0,34400.0,9.603496503496503
Sham Shui Po East -> Tuen Mun East,13.703252032520325,21.35256331536992,246,1569.0,235.0,4642605.795,0.000337957,5.06181e-05,3.379567573,5.061812491,212957.0,126435.0,2477.0,212957.0,24100.0,1510.0,113.0,33427312.32,4.51726e-05,3.38047e-06,0.451726416,0.338046921,168080.0,59671.0,6093.0,168080.0,26500.0,15.908130081300813
Sham Shui Po East -> Tuen Mun North,12.23,27.15376849927,100,1569.0,235.0,4642605.795,0.000337957,5.06181e-05,3.379567573,5.061812491,212957.0,126435.0,2477.0,212957.0,24100.0,780.0,109.0,18692705.38,4.17275e-05,5.83115e-06,0.417275073,0.583115166,170790.0,104074.0,10271.0,170790.0,26500.0,17.152
Sham Shui Po East -> Tuen Mun West,9.441176470588236,26.067092166941176,68,1569.0,235.0,4642605.795,0.000337957,5.06181e-05,3.379567573,5.061812491,212957.0,126435.0,2477.0,212957.0,24100.0,587.0,86.0,33729982.3,1.74029e-05,2.54966e-06,0.174029146,0.25496604,168009.0,83305.0,3482.0,168009.0,26500.0,16.08235294117647
Sham Shui Po East -> Wan Chai,14.719780219780219,9.713635442197802,182,1569.0,235.0,4642605.795,0.000337957,5.06181e-05,3.379567573,5.061812491,212957.0,126435.0,2477.0,212957.0,24100.0,3357.0,430.0,10560000.0,0.000317898,4.07197e-05,3.178977273,4.071969697,166695.0,92238.0,4550.0,166695.0,40500.0,13.464835164835165
Sham Shui Po East -> Western,20.58,11.20083558718,100,1569.0,235.0,4642605.795,0.000337957,5.06181e-05,3.379567573,5.061812491,212957.0,126435.0,2477.0,212957.0,24100.0,1187.0,165.0,4250735.501,0.000279246,3.88168e-05,2.792457916,3.881681181,125233.0,75343.0,2064.0,125233.0,42600.0,13.284
Sham Shui Po East -> Wong Tai Sin East,7.634108527131783,5.493355864561241,645,1569.0,235.0,4642605.795,0.000337957,5.06181e-05,3.379567573,5.061812491,212957.0,126435.0,2477.0,212957.0,24100.0,1475.0,207.0,4613986.574,0.00031968,4.48636e-05,3.196801673,4.486358958,188218.0,127397.0,1185.0,188218.0,25100.0,8.556589147286822
Sham Shui Po East -> Wong Tai Sin West,11.868055555555555,5.166851229261574,432,1569.0,235.0,4642605.795,0.000337957,5.06181e-05,3.379567573,5.061812491,212957.0,126435.0,2477.0,212957.0,24100.0,896.0,223.0,4688620.344,0.000191101,4.7562e-05,1.911009922,4.75619657,218584.0,65217.0,844.0,218584.0,25100.0,7.489814814814815
Sham Shui Po East -> Wu Tip Shan,11.965116279069768,33.944262658104655,86,1569.0,235.0,4642605.795,0.000337957,5.06181e-05,3.379567573,5.061812491,212957.0,126435.0,2477.0,212957.0,24100.0,1448.0,161.0,21829748.23,6.63315e-05,7.37526e-06,0.663315025,0.737525684,150468.0,93658.0,15003.0,150468.0,25500.0,17.0953488372093
Sham Shui Po East -> Yau Tsim Mong North,8.474393530997304,3.3437937884690028,371,1569.0,235.0,4642605.795,0.000337957,5.06181e-05,3.379567573,5.061812491,212957.0,126435.0,2477.0,212957.0,24100.0,1629.0,178.0,2165712.207,0.000752178,8.21901e-05,7.52177503,8.21900525,168265.0,97426.0,3002.0,168265.0,30700.0,8.575202156334232
Sham Shui Po East -> Yau Tsim Mong South,9.857763300760043,4.348904833605863,921,1569.0,235.0,4642605.795,0.000337957,5.06181e-05,3.379567573,5.061812491,212957.0,126435.0,2477.0,212957.0,24100.0,3027.0,209.0,4824287.793,0.00062745,4.33225e-05,6.274501294,4.33224569,142382.0,65279.0,4418.0,142382.0,30700.0,10.019109663409338
Sham Shui Po East -> Yuen Long Rural East,10.34375,21.367151643734374,64,1569.0,235.0,4642605.795,0.000337957,5.06181e-05,3.379567573,5.061812491,212957.0,126435.0,2477.0,212957.0,24100.0,1696.0,306.0,83591131.06,2.02892e-05,3.66068e-06,0.202892338,0.366067543,170741.0,90494.0,72943.0,170741.0,30100.0,17.9875
Sham Shui Po East -> Yuen Long Town Centre,8.06,22.857460917879997,50,1569.0,235.0,4642605.795,0.000337957,5.06181e-05,3.379567573,5.061812491,212957.0,126435.0,2477.0,212957.0,24100.0,825.0,110.0,5113531.676,0.000161337,2.15116e-05,1.613366362,2.15115515,160142.0,65596.0,7135.0,160142.0,30100.0,19.328
Sham Shui Po West -> Central,16.078534031413614,11.012912573361257,191,1507.0,179.0,4717394.205,0.000319456,3.79447e-05,3.194560248,3.794467713,218133.0,77638.0,1616.0,218133.0,24100.0,3406.0,432.0,8299264.499,0.000410398,5.20528e-05,4.10397813,5.205280541,110720.0,55452.0,6706.0,110720.0,42600.0,13.207329842931937
Sham Shui Po West -> Chai Wan,24.7,16.83910241342857,140,1507.0,179.0,4717394.205,0.000319456,3.79447e-05,3.194560248,3.794467713,218133.0,77638.0,1616.0,218133.0,24100.0,1483.0,185.0,9201905.88,0.000161162,2.01045e-05,1.611622657,2.010453078,168675.0,84793.0,1280.0,168675.0,33800.0,14.860000000000001
Sham Shui Po West -> Hong Wan,27.06024096385542,14.612833687228916,83,1507.0,179.0,4717394.205,0.000319456,3.79447e-05,3.194560248,3.794467713,218133.0,77638.0,1616.0,218133.0,24100.0,1508.0,147.0,5131674.172,0.000293861,2.86456e-05,2.938612136,2.864562228,187331.0,78902.0,1332.0,187331.0,33800.0,14.871084337349396
Sham Shui Po West -> Islands,11.721649484536082,31.49778408127835,388,1507.0,179.0,4717394.205,0.000319456,3.79447e-05,3.194560248,3.794467713,218133.0,77638.0,1616.0,218133.0,24100.0,4309.0,252.0,182280000.0,2.36395e-05,1.38249e-06,0.236394558,0.138248848,185282.0,93368.0,20858.0,185282.0,31500.0,19.413659793814432
Sham Shui Po West -> Kowloon City North,13.650205761316872,5.314662238002058,486,1507.0,179.0,4717394.205,0.000319456,3.79447e-05,3.194560248,3.794467713,218133.0,77638.0,1616.0,218133.0,24100.0,2184.0,369.0,6927610.313,0.00031526,5.32651e-05,3.15260227,5.326512077,200330.0,107366.0,3726.0,200330.0,30700.0,8.110699588477367
Sham Shui Po West -> Kowloon City South,13.72,5.636450125557142,350,1507.0,179.0,4717394.205,0.000319456,3.79447e-05,3.194560248,3.794467713,218133.0,77638.0,1616.0,218133.0,24100.0,1256.0,245.0,3082389.687,0.000407476,7.94838e-05,4.074760584,7.948378527,210304.0,96598.0,2009.0,210304.0,30700.0,7.080285714285714
Sham Shui Po West -> Kwai Chung East,8.422740524781341,4.887028745865889,343,1507.0,179.0,4717394.205,0.000319456,3.79447e-05,3.194560248,3.794467713,218133.0,77638.0,1616.0,218133.0,24100.0,1199.0,144.0,5774688.358,0.00020763,2.49364e-05,2.076302522,2.49364106,161785.0,62396.0,2259.0,161785.0,26000.0,7.558017492711371
Sham Shui Po West -> Kwai Chung West,10.465384615384615,5.633653745340385,520,1507.0,179.0,4717394.205,0.000319456,3.79447e-05,3.194560248,3.794467713,218133.0,77638.0,1616.0,218133.0,24100.0,1079.0,187.0,7109884.208,0.000151761,2.63014e-05,1.517605587,2.630141287,154432.0,86916.0,1358.0,154432.0,26000.0,9.013846153846153
Sham Shui Po West -> Kwun Tong Central,17.56737588652482,11.581137929560283,141,1507.0,179.0,4717394.205,0.000319456,3.79447e-05,3.194560248,3.794467713,218133.0,77638.0,1616.0,218133.0,24100.0,1827.0,225.0,3044793.15,0.000600041,7.38966e-05,6.000407614,7.389664549,170206.0,106392.0,1421.0,170206.0,24000.0,8.58936170212766
Sham Shui Po West -> Kwun Tong North,18.8,12.223584528066667,105,1507.0,179.0,4717394.205,0.000319456,3.79447e-05,3.194560248,3.794467713,218133.0,77638.0,1616.0,218133.0,24100.0,1022.0,168.0,2334159.008,0.000437845,7.19745e-05,4.378450639,7.197453105,164725.0,58119.0,434.0,164725.0,24000.0,9.694285714285714
Sham Shui Po West -> Kwun Tong Southeast,27.410526315789475,15.348121281210526,95,1507.0,179.0,4717394.205,0.000319456,3.79447e-05,3.194560248,3.794467713,218133.0,77638.0,1616.0,218133.0,24100.0,942.0,117.0,3181450.074,0.000296091,3.67757e-05,2.96091398,3.677568319,163357.0,92725.0,1534.0,163357.0,24000.0,8.205263157894738
Sham Shui Po West -> Kwun Tong West,17.96511627906977,9.307578725843022,172,1507.0,179.0,4717394.205,0.000319456,3.79447e-05,3.194560248,3.794467713,218133.0,77638.0,1616.0,218133.0,24100.0,1513.0,204.0,2719597.768,0.000556332,7.50111e-05,5.5633227,7.501109259,174878.0,55701.0,1073.0,174878.0,24000.0,7.506976744186047
Sham Shui Po West -> Sai Kung and Hang Hau,22.135531135531135,19.214695558809524,273,1507.0,179.0,4717394.205,0.000319456,3.79447e-05,3.194560248,3.794467713,218133.0,77638.0,1616.0,218133.0,24100.0,1722.0,307.0,129680000.0,1.32788e-05,2.36737e-06,0.132788402,0.236736582,157505.0,75963.0,22406.0,157505.0,40400.0,11.253846153846153
Sham Shui Po West -> Sha Tin East,17.572254335260116,13.365410979335259,173,1507.0,179.0,4717394.205,0.000319456,3.79447e-05,3.194560248,3.794467713,218133.0,77638.0,1616.0,218133.0,24100.0,1790.0,208.0,24843458.54,7.20512e-05,8.37243e-06,0.720511597,0.837242527,169545.0,70694.25,3266.0,169545.0,30500.0,10.632369942196531
Sham Shui Po West -> Sha Tin North,21.384615384615383,17.497276674901098,91,1507.0,179.0,4717394.205,0.000319456,3.79447e-05,3.194560248,3.794467713,218133.0,77638.0,1616.0,218133.0,24100.0,1053.0,129.0,2824329.844,0.000372832,4.56746e-05,3.728318072,4.567455188,172770.0,105017.0,1312.0,172770.0,30500.0,10.792307692307693
Sham Shui Po West -> Sha Tin South,15.548717948717949,10.80270072251282,195,1507.0,179.0,4717394.205,0.000319456,3.79447e-05,3.194560248,3.794467713,218133.0,77638.0,1616.0,218133.0,24100.0,1099.0,152.0,9545575.388,0.000115132,1.59236e-05,1.151318758,1.592360794,171916.0,58856.75,2705.0,171916.0,30500.0,8.569230769230769
Sham Shui Po West -> Sha Tin West,11.733118971061094,10.38152000349196,311,1507.0,179.0,4717394.205,0.000319456,3.79447e-05,3.194560248,3.794467713,218133.0,77638.0,1616.0,218133.0,24100.0,1612.0,207.0,31506636.23,5.11638e-05,6.57004e-06,0.511638243,0.657004443,178575.0,106037.0,7389.0,178575.0,30500.0,10.871704180064308
Sham Shui Po West -> Sham Shui Po East,10.493188010899182,3.9239337840990007,1101,1507.0,179.0,4717394.205,0.000319456,3.79447e-05,3.194560248,3.794467713,218133.0,77638.0,1616.0,218133.0,24100.0,1569.0,235.0,4642605.795,0.000337957,5.06181e-05,3.379567573,5.061812491,212957.0,126435.0,2477.0,212957.0,24100.0,7.425522252497729
Sham Shui Po West -> Sham Shui Po West,8.807069219440354,4.40525471304271,679,1507.0,179.0,4717394.205,0.000319456,3.79447e-05,3.194560248,3.794467713,218133.0,77638.0,1616.0,218133.0,24100.0,1507.0,179.0,4717394.205,0.000319456,3.79447e-05,3.194560248,3.794467713,218133.0,77638.0,1616.0,218133.0,24100.0,7.09720176730486
Sham Shui Po West -> Southern District Northwest,31.098360655737704,14.975058898327868,183,1507.0,179.0,4717394.205,0.000319456,3.79447e-05,3.194560248,3.794467713,218133.0,77638.0,1616.0,218133.0,24100.0,1801.0,220.0,5182184.495,0.000347537,4.24531e-05,3.475368354,4.245313925,128849.0,67695.0,2855.0,128849.0,36000.0,14.5
Sham Shui Po West -> Southern District Southeast,21.706586826347305,16.497740065742516,334,1507.0,179.0,4717394.205,0.000319456,3.79447e-05,3.194560248,3.794467713,218133.0,77638.0,1616.0,218133.0,24100.0,2667.0,249.0,33657815.5,7.92387e-05,7.39798e-06,0.792386541,0.739798458,134429.0,68061.0,8608.0,134429.0,36000.0,16.159880239520955
Sham Shui Po West -> Tai Pak,22.069620253164558,12.35663598635443,158,1507.0,179.0,4717394.205,0.000319456,3.79447e-05,3.194560248,3.794467713,218133.0,77638.0,1616.0,218133.0,24100.0,1821.0,178.0,3656419.948,0.000498028,4.86815e-05,4.98028133,4.868149789,173597.0,106141.0,1412.0,173597.0,33800.0,15.262658227848101
Sham Shui Po West -> Tai Po North,21.048780487804876,20.747147944951223,41,1507.0,179.0,4717394.205,0.000319456,3.79447e-05,3.194560248,3.794467713,218133.0,77638.0,1616.0,218133.0,24100.0,1367.0,236.0,94726850.56,1.4431e-05,2.49137e-06,0.144309664,0.249137387,157446.0,125595.0,16400.0,157446.0,31700.0,12.529268292682929
Sham Shui Po West -> Tai Po South,23.16260162601626,18.726571502105692,123,1507.0,179.0,4717394.205,0.000319456,3.79447e-05,3.194560248,3.794467713,218133.0,77638.0,1616.0,218133.0,24100.0,1413.0,187.0,41403149.44,3.41278e-05,4.51656e-06,0.341278386,0.451656462,159024.0,32241.0,14539.0,159024.0,31700.0,11.85609756097561
Sham Shui Po West -> Tin Shui Wai South and Ping Ha,15.44954128440367,27.322113846449543,109,1507.0,179.0,4717394.205,0.000319456,3.79447e-05,3.194560248,3.794467713,218133.0,77638.0,1616.0,218133.0,24100.0,1309.0,215.0,47324621.53,2.766e-05,4.54309e-06,0.276600205,0.454308969,153669.0,88248.5,22348.0,153669.0,30100.0,16.119266055045873
Sham Shui Po West -> Tseung Kwan O North,24.541666666666668,19.2947774772,120,1507.0,179.0,4717394.205,0.000319456,3.79447e-05,3.194560248,3.794467713,218133.0,77638.0,1616.0,218133.0,24100.0,776.0,108.0,1580069.556,0.000491118,6.83514e-05,4.911176202,6.835142137,158568.0,98589.0,444.0,158568.0,40400.0,12.15
Sham Shui Po West -> Tseung Kwan O South,22.577981651376145,18.988475994706423,109,1507.0,179.0,4717394.205,0.000319456,3.79447e-05,3.194560248,3.794467713,218133.0,77638.0,1616.0,218133.0,24100.0,517.0,59.0,3125142.442,0.000165432,1.88791e-05,1.654324594,1.887913946,172964.0,98736.0,735.0,172964.0,40400.0,7.840366972477065
Sham Shui Po West -> Tsing Yi,14.762589928057555,8.805344037165467,278,1507.0,179.0,4717394.205,0.000319456,3.79447e-05,3.194560248,3.794467713,218133.0,77638.0,1616.0,218133.0,24100.0,985.0,142.0,10455427.43,9.42094e-05,1.35815e-05,0.942094435,1.358146292,179581.0,84461.0,2054.0,179581.0,26000.0,10.366906474820144
Sham Shui Po West -> Tsuen Wan Northwest,13.177536231884059,11.866070081880435,276,1507.0,179.0,4717394.205,0.000319456,3.79447e-05,3.194560248,3.794467713,218133.0,77638.0,1616.0,218133.0,24100.0,1403.0,103.0,44481122.31,3.15415e-05,2.31559e-06,0.315414703,0.231558906,156114.0,73570.0,4949.0,156114.0,34400.0,12.228260869565217
Sham Shui Po West -> Tsuen Wan Southeast,15.034090909090908,7.838517650363637,264,1507.0,179.0,4717394.205,0.000319456,3.79447e-05,3.194560248,3.794467713,218133.0,77638.0,1616.0,218133.0,24100.0,991.0,128.0,17438877.69,5.68271e-05,7.33992e-06,0.568270515,0.733992189,163980.0,90229.0,4243.0,163980.0,34400.0,7.754924242424242
Sham Shui Po West -> Tuen Mun East,19.369747899159663,20.528333802735293,238,1507.0,179.0,4717394.205,0.000319456,3.79447e-05,3.194560248,3.794467713,218133.0,77638.0,1616.0,218133.0,24100.0,1510.0,113.0,33427312.32,4.51726e-05,3.38047e-06,0.451726416,0.338046921,168080.0,59671.0,6093.0,168080.0,26500.0,13.9390756302521
Sham Shui Po West -> Tuen Mun North,12.978260869565217,26.04341518016304,92,1507.0,179.0,4717394.205,0.000319456,3.79447e-05,3.194560248,3.794467713,218133.0,77638.0,1616.0,218133.0,24100.0,780.0,109.0,18692705.38,4.17275e-05,5.83115e-06,0.417275073,0.583115166,170790.0,104074.0,10271.0,170790.0,26500.0,15.658695652173913
Sham Shui Po West -> Tuen Mun West,14.58108108108108,26.70956338035135,74,1507.0,179.0,4717394.205,0.000319456,3.79447e-05,3.194560248,3.794467713,218133.0,77638.0,1616.0,218133.0,24100.0,587.0,86.0,33729982.3,1.74029e-05,2.54966e-06,0.174029146,0.25496604,168009.0,83305.0,3482.0,168009.0,26500.0,14.035135135135134
Sham Shui Po West -> Wan Chai,16.47027027027027,12.223701583167568,185,1507.0,179.0,4717394.205,0.000319456,3.79447e-05,3.194560248,3.794467713,218133.0,77638.0,1616.0,218133.0,24100.0,3357.0,430.0,10560000.0,0.000317898,4.07197e-05,3.178977273,4.071969697,166695.0,92238.0,4550.0,166695.0,40500.0,14.452432432432431
Sham Shui Po West -> Western,16.086330935251798,10.062396024158273,139,1507.0,179.0,4717394.205,0.000319456,3.79447e-05,3.194560248,3.794467713,218133.0,77638.0,1616.0,218133.0,24100.0,1187.0,165.0,4250735.501,0.000279246,3.88168e-05,2.792457916,3.881681181,125233.0,75343.0,2064.0,125233.0,42600.0,13.452517985611511
Sham Shui Po West -> Wong Tai Sin East,14.025641025641026,7.281824347534188,234,1507.0,179.0,4717394.205,0.000319456,3.79447e-05,3.194560248,3.794467713,218133.0,77638.0,1616.0,218133.0,24100.0,1475.0,207.0,4613986.574,0.00031968,4.48636e-05,3.196801673,4.486358958,188218.0,127397.0,1185.0,188218.0,25100.0,7.612820512820513
Sham Shui Po West -> Wong Tai Sin West,16.39097744360902,7.275426790781955,266,1507.0,179.0,4717394.205,0.000319456,3.79447e-05,3.194560248,3.794467713,218133.0,77638.0,1616.0,218133.0,24100.0,896.0,223.0,4688620.344,0.000191101,4.7562e-05,1.911009922,4.75619657,218584.0,65217.0,844.0,218584.0,25100.0,7.6421052631578945
Sham Shui Po West -> Wu Tip Shan,9.65,29.5533103643375,80,1507.0,179.0,4717394.205,0.000319456,3.79447e-05,3.194560248,3.794467713,218133.0,77638.0,1616.0,218133.0,24100.0,1448.0,161.0,21829748.23,6.63315e-05,7.37526e-06,0.663315025,0.737525684,150468.0,93658.0,15003.0,150468.0,25500.0,17.02
Sham Shui Po West -> Yau Tsim Mong North,8.381679389312977,3.718837536069466,1310,1507.0,179.0,4717394.205,0.000319456,3.79447e-05,3.194560248,3.794467713,218133.0,77638.0,1616.0,218133.0,24100.0,1629.0,178.0,2165712.207,0.000752178,8.21901e-05,7.52177503,8.21900525,168265.0,97426.0,3002.0,168265.0,30700.0,9.334351145038168
Sham Shui Po West -> Yau Tsim Mong South,11.75538329026701,5.448396458549526,1161,1507.0,179.0,4717394.205,0.000319456,3.79447e-05,3.194560248,3.794467713,218133.0,77638.0,1616.0,218133.0,24100.0,3027.0,209.0,4824287.793,0.00062745,4.33225e-05,6.274501294,4.33224569,142382.0,65279.0,4418.0,142382.0,30700.0,10.591645133505597
Sham Shui Po West -> Yuen Long Rural East,9.640625,21.094404847921876,64,1507.0,179.0,4717394.205,0.000319456,3.79447e-05,3.194560248,3.794467713,218133.0,77638.0,1616.0,218133.0,24100.0,1696.0,306.0,83591131.06,2.02892e-05,3.66068e-06,0.202892338,0.366067543,170741.0,90494.0,72943.0,170741.0,30100.0,16.4328125
Sham Shui Po West -> Yuen Long Town Centre,11.166666666666666,22.524296493800005,30,1507.0,179.0,4717394.205,0.000319456,3.79447e-05,3.194560248,3.794467713,218133.0,77638.0,1616.0,218133.0,24100.0,825.0,110.0,5113531.676,0.000161337,2.15116e-05,1.613366362,2.15115515,160142.0,65596.0,7135.0,160142.0,30100.0,15.979999999999999
Southern District Northwest -> Central,16.742640874684607,5.7926622919826185,3567,1801.0,220.0,5182184.495,0.000347537,4.24531e-05,3.475368354,4.245313925,128849.0,67695.0,2855.0,128849.0,36000.0,3406.0,432.0,8299264.499,0.000410398,5.20528e-05,4.10397813,5.205280541,110720.0,55452.0,6706.0,110720.0,42600.0,8.664115503223998
Southern District Northwest -> Chai Wan,31.226621475889694,18.608082063352608,64910,1801.0,220.0,5182184.495,0.000347537,4.24531e-05,3.475368354,4.245313925,128849.0,67695.0,2855.0,128849.0,36000.0,1483.0,185.0,9201905.88,0.000161162,2.01045e-05,1.611622657,2.010453078,168675.0,84793.0,1280.0,168675.0,33800.0,18.319508550300416
Southern District Northwest -> Hong Wan,22.36036036036036,13.969570572306306,111,1801.0,220.0,5182184.495,0.000347537,4.24531e-05,3.475368354,4.245313925,128849.0,67695.0,2855.0,128849.0,36000.0,1508.0,147.0,5131674.172,0.000293861,2.86456e-05,2.938612136,2.864562228,187331.0,78902.0,1332.0,187331.0,33800.0,10.953153153153153
Southern District Northwest -> Islands,23.850040257648953,30.790956149524362,4968,1801.0,220.0,5182184.495,0.000347537,4.24531e-05,3.475368354,4.245313925,128849.0,67695.0,2855.0,128849.0,36000.0,4309.0,252.0,182280000.0,2.36395e-05,1.38249e-06,0.236394558,0.138248848,185282.0,93368.0,20858.0,185282.0,31500.0,28.78027375201288
Southern District Northwest -> Kowloon City North,18.241935483870968,15.823871348870968,124,1801.0,220.0,5182184.495,0.000347537,4.24531e-05,3.475368354,4.245313925,128849.0,67695.0,2855.0,128849.0,36000.0,2184.0,369.0,6927610.313,0.00031526,5.32651e-05,3.15260227,5.326512077,200330.0,107366.0,3726.0,200330.0,30700.0,20.787096774193547
Southern District Northwest -> Kowloon City South,14.917525773195877,14.290457343103093,97,1801.0,220.0,5182184.495,0.000347537,4.24531e-05,3.475368354,4.245313925,128849.0,67695.0,2855.0,128849.0,36000.0,1256.0,245.0,3082389.687,0.000407476,7.94838e-05,4.074760584,7.948378527,210304.0,96598.0,2009.0,210304.0,30700.0,20.536082474226806
Southern District Northwest -> Kwai Chung East,30.9623006833713,19.943905488955306,17560,1801.0,220.0,5182184.495,0.000347537,4.24531e-05,3.475368354,4.245313925,128849.0,67695.0,2855.0,128849.0,36000.0,1199.0,144.0,5774688.358,0.00020763,2.49364e-05,2.076302522,2.49364106,161785.0,62396.0,2259.0,161785.0,26000.0,24.540415717539865
Southern District Northwest -> Kwai Chung West,31.828674545325878,18.729509140064973,14131,1801.0,220.0,5182184.495,0.000347537,4.24531e-05,3.475368354,4.245313925,128849.0,67695.0,2855.0,128849.0,36000.0,1079.0,187.0,7109884.208,0.000151761,2.63014e-05,1.517605587,2.630141287,154432.0,86916.0,1358.0,154432.0,26000.0,24.826410020522257
Southern District Northwest -> Kwun Tong Central,26.56886446886447,20.046845651437955,21840,1801.0,220.0,5182184.495,0.000347537,4.24531e-05,3.475368354,4.245313925,128849.0,67695.0,2855.0,128849.0,36000.0,1827.0,225.0,3044793.15,0.000600041,7.38966e-05,6.000407614,7.389664549,170206.0,106392.0,1421.0,170206.0,24000.0,23.433402014652014
Southern District Northwest -> Kwun Tong North,30.163106958117805,20.493047865684044,11986,1801.0,220.0,5182184.495,0.000347537,4.24531e-05,3.475368354,4.245313925,128849.0,67695.0,2855.0,128849.0,36000.0,1022.0,168.0,2334159.008,0.000437845,7.19745e-05,4.378450639,7.197453105,164725.0,58119.0,434.0,164725.0,24000.0,23.450058401468382
Southern District Northwest -> Kwun Tong Southeast,24.90539424797028,18.632006197009197,14534,1801.0,220.0,5182184.495,0.000347537,4.24531e-05,3.475368354,4.245313925,128849.0,67695.0,2855.0,128849.0,36000.0,942.0,117.0,3181450.074,0.000296091,3.67757e-05,2.96091398,3.677568319,163357.0,92725.0,1534.0,163357.0,24000.0,25.05844227329022
Southern District Northwest -> Kwun Tong West,24.5,19.18804346925,64,1801.0,220.0,5182184.495,0.000347537,4.24531e-05,3.475368354,4.245313925,128849.0,67695.0,2855.0,128849.0,36000.0,1513.0,204.0,2719597.768,0.000556332,7.50111e-05,5.5633227,7.501109259,174878.0,55701.0,1073.0,174878.0,24000.0,14.7
Southern District Northwest -> Sai Kung and Hang Hau,30.149075081610444,26.455829862566105,6433,1801.0,220.0,5182184.495,0.000347537,4.24531e-05,3.475368354,4.245313925,128849.0,67695.0,2855.0,128849.0,36000.0,1722.0,307.0,129680000.0,1.32788e-05,2.36737e-06,0.132788402,0.236736582,157505.0,75963.0,22406.0,157505.0,40400.0,25.696393595523084
Southern District Northwest -> Sha Tin East,29.819395448571626,25.25035837114499,14457,1801.0,220.0,5182184.495,0.000347537,4.24531e-05,3.475368354,4.245313925,128849.0,67695.0,2855.0,128849.0,36000.0,1790.0,208.0,24843458.54,7.20512e-05,8.37243e-06,0.720511597,0.837242527,169545.0,70694.25,3266.0,169545.0,30500.0,29.158912637476657
Southern District Northwest -> Sha Tin North,29.89077302762519,29.91272053495489,12561,1801.0,220.0,5182184.495,0.000347537,4.24531e-05,3.475368354,4.245313925,128849.0,67695.0,2855.0,128849.0,36000.0,1053.0,129.0,2824329.844,0.000372832,4.56746e-05,3.728318072,4.567455188,172770.0,105017.0,1312.0,172770.0,30500.0,31.052169413263275
Southern District Northwest -> Sha Tin South,27.605263157894736,23.20590060839474,152,1801.0,220.0,5182184.495,0.000347537,4.24531e-05,3.475368354,4.245313925,128849.0,67695.0,2855.0,128849.0,36000.0,1099.0,152.0,9545575.388,0.000115132,1.59236e-05,1.151318758,1.592360794,171916.0,58856.75,2705.0,171916.0,30500.0,24.63157894736842
Southern District Northwest -> Sha Tin West,27.790697674418606,23.67399514244186,43,1801.0,220.0,5182184.495,0.000347537,4.24531e-05,3.475368354,4.245313925,128849.0,67695.0,2855.0,128849.0,36000.0,1612.0,207.0,31506636.23,5.11638e-05,6.57004e-06,0.511638243,0.657004443,178575.0,106037.0,7389.0,178575.0,30500.0,22.493023255813956
Southern District Northwest -> Sham Shui Po East,24.801047120418847,13.250319880376964,191,1801.0,220.0,5182184.495,0.000347537,4.24531e-05,3.475368354,4.245313925,128849.0,67695.0,2855.0,128849.0,36000.0,1569.0,235.0,4642605.795,0.000337957,5.06181e-05,3.379567573,5.061812491,212957.0,126435.0,2477.0,212957.0,24100.0,14.449738219895288
Southern District Northwest -> Sham Shui Po West,27.67149758454106,14.619788702352658,207,1801.0,220.0,5182184.495,0.000347537,4.24531e-05,3.475368354,4.245313925,128849.0,67695.0,2855.0,128849.0,36000.0,1507.0,179.0,4717394.205,0.000319456,3.79447e-05,3.194560248,3.794467713,218133.0,77638.0,1616.0,218133.0,24100.0,14.439130434782609
Southern District Northwest -> Southern District Northwest,12.912691269126913,5.465752157070657,4444,1801.0,220.0,5182184.495,0.000347537,4.24531e-05,3.475368354,4.245313925,128849.0,67695.0,2855.0,128849.0,36000.0,1801.0,220.0,5182184.495,0.000347537,4.24531e-05,3.475368354,4.245313925,128849.0,67695.0,2855.0,128849.0,36000.0,8.03373087308731
Southern District Northwest -> Southern District Southeast,13.868108108108109,6.8909368359629735,3700,1801.0,220.0,5182184.495,0.000347537,4.24531e-05,3.475368354,4.245313925,128849.0,67695.0,2855.0,128849.0,36000.0,2667.0,249.0,33657815.5,7.92387e-05,7.39798e-06,0.792386541,0.739798458,134429.0,68061.0,8608.0,134429.0,36000.0,7.760189189189189
Southern District Northwest -> Tai Pak,18.940528634361232,11.610967222784142,454,1801.0,220.0,5182184.495,0.000347537,4.24531e-05,3.475368354,4.245313925,128849.0,67695.0,2855.0,128849.0,36000.0,1821.0,178.0,3656419.948,0.000498028,4.86815e-05,4.98028133,4.868149789,173597.0,106141.0,1412.0,173597.0,33800.0,10.66035242290749
Southern District Northwest -> Tai Po North,28.28613569321534,35.49706196607227,4068,1801.0,220.0,5182184.495,0.000347537,4.24531e-05,3.475368354,4.245313925,128849.0,67695.0,2855.0,128849.0,36000.0,1367.0,236.0,94726850.56,1.4431e-05,2.49137e-06,0.144309664,0.249137387,157446.0,125595.0,16400.0,157446.0,31700.0,33.02846607669616
Southern District Northwest -> Tai Po South,28.241545893719806,32.02024120906,4554,1801.0,220.0,5182184.495,0.000347537,4.24531e-05,3.475368354,4.245313925,128849.0,67695.0,2855.0,128849.0,36000.0,1413.0,187.0,41403149.44,3.41278e-05,4.51656e-06,0.341278386,0.451656462,159024.0,32241.0,14539.0,159024.0,31700.0,31.07689942907334
Southern District Northwest -> Tin Shui Wai South and Ping Ha,21.5875,31.316024971620426,8880,1801.0,220.0,5182184.495,0.000347537,4.24531e-05,3.475368354,4.245313925,128849.0,67695.0,2855.0,128849.0,36000.0,1309.0,215.0,47324621.53,2.766e-05,4.54309e-06,0.276600205,0.454308969,153669.0,88248.5,22348.0,153669.0,30100.0,33.426182432432434
Southern District Northwest -> Tseung Kwan O North,28.954789756560228,24.786658258390265,3163,1801.0,220.0,5182184.495,0.000347537,4.24531e-05,3.475368354,4.245313925,128849.0,67695.0,2855.0,128849.0,36000.0,776.0,108.0,1580069.556,0.000491118,6.83514e-05,4.911176202,6.835142137,158568.0,98589.0,444.0,158568.0,40400.0,25.673948782801137
Southern District Northwest -> Tseung Kwan O South,27.233777395788568,26.63772811912109,2327,1801.0,220.0,5182184.495,0.000347537,4.24531e-05,3.475368354,4.245313925,128849.0,67695.0,2855.0,128849.0,36000.0,517.0,59.0,3125142.442,0.000165432,1.88791e-05,1.654324594,1.887913946,172964.0,98736.0,735.0,172964.0,40400.0,23.716802750322305
Southern District Northwest -> Tsing Yi,29.63012958963283,21.83521038500018,11112,1801.0,220.0,5182184.495,0.000347537,4.24531e-05,3.475368354,4.245313925,128849.0,67695.0,2855.0,128849.0,36000.0,985.0,142.0,10455427.43,9.42094e-05,1.35815e-05,0.942094435,1.358146292,179581.0,84461.0,2054.0,179581.0,26000.0,25.172426205903527
Southern District Northwest -> Tsuen Wan Northwest,27.515301643045277,20.300427006906954,15946,1801.0,220.0,5182184.495,0.000347537,4.24531e-05,3.475368354,4.245313925,128849.0,67695.0,2855.0,128849.0,36000.0,1403.0,103.0,44481122.31,3.15415e-05,2.31559e-06,0.315414703,0.231558906,156114.0,73570.0,4949.0,156114.0,34400.0,27.93654835068356
Southern District Northwest -> Tsuen Wan Southeast,29.67540215191222,19.06958703582167,9387,1801.0,220.0,5182184.495,0.000347537,4.24531e-05,3.475368354,4.245313925,128849.0,67695.0,2855.0,128849.0,36000.0,991.0,128.0,17438877.69,5.68271e-05,7.33992e-06,0.568270515,0.733992189,163980.0,90229.0,4243.0,163980.0,34400.0,25.139341642697346
Southern District Northwest -> Tuen Mun East,27.722181405289874,25.31919690774112,29944,1801.0,220.0,5182184.495,0.000347537,4.24531e-05,3.475368354,4.245313925,128849.0,67695.0,2855.0,128849.0,36000.0,1510.0,113.0,33427312.32,4.51726e-05,3.38047e-06,0.451726416,0.338046921,168080.0,59671.0,6093.0,168080.0,26500.0,31.684571199572538
Southern District Northwest -> Tuen Mun North,24.909414508408002,25.83755127026505,8147,1801.0,220.0,5182184.495,0.000347537,4.24531e-05,3.475368354,4.245313925,128849.0,67695.0,2855.0,128849.0,36000.0,780.0,109.0,18692705.38,4.17275e-05,5.83115e-06,0.417275073,0.583115166,170790.0,104074.0,10271.0,170790.0,26500.0,31.7991776113907
Southern District Northwest -> Tuen Mun West,25.72284789644013,32.65974324429709,7725,1801.0,220.0,5182184.495,0.000347537,4.24531e-05,3.475368354,4.245313925,128849.0,67695.0,2855.0,128849.0,36000.0,587.0,86.0,33729982.3,1.74029e-05,2.54966e-06,0.174029146,0.25496604,168009.0,83305.0,3482.0,168009.0,26500.0,32.04059546925566
Southern District Northwest -> Wan Chai,17.96653992395437,8.611394174921672,1315,1801.0,220.0,5182184.495,0.000347537,4.24531e-05,3.475368354,4.245313925,128849.0,67695.0,2855.0,128849.0,36000.0,3357.0,430.0,10560000.0,0.000317898,4.07197e-05,3.178977273,4.071969697,166695.0,92238.0,4550.0,166695.0,40500.0,11.203650190114068
Southern District Northwest -> Western,13.672608125819135,4.959546882290432,3815,1801.0,220.0,5182184.495,0.000347537,4.24531e-05,3.475368354,4.245313925,128849.0,67695.0,2855.0,128849.0,36000.0,1187.0,165.0,4250735.501,0.000279246,3.88168e-05,2.792457916,3.881681181,125233.0,75343.0,2064.0,125233.0,42600.0,8.883879423328965
Southern District Northwest -> Wong Tai Sin East,20.0,16.435909835,8,1801.0,220.0,5182184.495,0.000347537,4.24531e-05,3.475368354,4.245313925,128849.0,67695.0,2855.0,128849.0,36000.0,1475.0,207.0,4613986.574,0.00031968,4.48636e-05,3.196801673,4.486358958,188218.0,127397.0,1185.0,188218.0,25100.0,14.7
Southern District Northwest -> Wong Tai Sin West,18.5,15.501987972,16,1801.0,220.0,5182184.495,0.000347537,4.24531e-05,3.475368354,4.245313925,128849.0,67695.0,2855.0,128849.0,36000.0,896.0,223.0,4688620.344,0.000191101,4.7562e-05,1.911009922,4.75619657,218584.0,65217.0,844.0,218584.0,25100.0,14.7
Southern District Northwest -> Wu Tip Shan,22.76865671641791,37.18496462839521,1474,1801.0,220.0,5182184.495,0.000347537,4.24531e-05,3.475368354,4.245313925,128849.0,67695.0,2855.0,128849.0,36000.0,1448.0,161.0,21829748.23,6.63315e-05,7.37526e-06,0.663315025,0.737525684,150468.0,93658.0,15003.0,150468.0,25500.0,34.20115332428765
Southern District Northwest -> Yau Tsim Mong North,21.47138047138047,11.930229659434344,297,1801.0,220.0,5182184.495,0.000347537,4.24531e-05,3.475368354,4.245313925,128849.0,67695.0,2855.0,128849.0,36000.0,1629.0,178.0,2165712.207,0.000752178,8.21901e-05,7.52177503,8.21900525,168265.0,97426.0,3002.0,168265.0,30700.0,14.53905723905724
Southern District Northwest -> Yau Tsim Mong South,17.765913757700204,10.179873518770021,974,1801.0,220.0,5182184.495,0.000347537,4.24531e-05,3.475368354,4.245313925,128849.0,67695.0,2855.0,128849.0,36000.0,3027.0,209.0,4824287.793,0.00062745,4.33225e-05,6.274501294,4.33224569,142382.0,65279.0,4418.0,142382.0,30700.0,14.501129363449692
Southern District Northwest -> Yuen Long Rural East,22.715259030723743,27.149830641290393,7779,1801.0,220.0,5182184.495,0.000347537,4.24531e-05,3.475368354,4.245313925,128849.0,67695.0,2855.0,128849.0,36000.0,1696.0,306.0,83591131.06,2.02892e-05,3.66068e-06,0.202892338,0.366067543,170741.0,90494.0,72943.0,170741.0,30100.0,33.44837382697005
Southern District Northwest -> Yuen Long Town Centre,22.85925925925926,30.289863292550102,2295,1801.0,220.0,5182184.495,0.000347537,4.24531e-05,3.475368354,4.245313925,128849.0,67695.0,2855.0,128849.0,36000.0,825.0,110.0,5113531.676,0.000161337,2.15116e-05,1.613366362,2.15115515,160142.0,65596.0,7135.0,160142.0,30100.0,33.87320261437908
Southern District Southeast -> Central,21.897110998479473,10.101160580078561,1973,2667.0,249.0,33657815.5,7.92387e-05,7.39798e-06,0.792386541,0.739798458,134429.0,68061.0,8608.0,134429.0,36000.0,3406.0,432.0,8299264.499,0.000410398,5.20528e-05,4.10397813,5.205280541,110720.0,55452.0,6706.0,110720.0,42600.0,8.922807906741005
Southern District Southeast -> Chai Wan,12.028169014084508,8.247366740051643,426,2667.0,249.0,33657815.5,7.92387e-05,7.39798e-06,0.792386541,0.739798458,134429.0,68061.0,8608.0,134429.0,36000.0,1483.0,185.0,9201905.88,0.000161162,2.01045e-05,1.611622657,2.010453078,168675.0,84793.0,1280.0,168675.0,33800.0,7.439436619718309
Southern District Southeast -> Hong Wan,20.35170603674541,11.358760953941383,1143,2667.0,249.0,33657815.5,7.92387e-05,7.39798e-06,0.792386541,0.739798458,134429.0,68061.0,8608.0,134429.0,36000.0,1508.0,147.0,5131674.172,0.000293861,2.86456e-05,2.938612136,2.864562228,187331.0,78902.0,1332.0,187331.0,33800.0,7.118635170603674
Southern District Southeast -> Kowloon City North,11.746376811594203,12.170344398804348,138,2667.0,249.0,33657815.5,7.92387e-05,7.39798e-06,0.792386541,0.739798458,134429.0,68061.0,8608.0,134429.0,36000.0,2184.0,369.0,6927610.313,0.00031526,5.32651e-05,3.15260227,5.326512077,200330.0,107366.0,3726.0,200330.0,30700.0,19.16086956521739
Southern District Southeast -> Kowloon City South,9.283783783783784,10.60519639918919,74,2667.0,249.0,33657815.5,7.92387e-05,7.39798e-06,0.792386541,0.739798458,134429.0,68061.0,8608.0,134429.0,36000.0,1256.0,245.0,3082389.687,0.000407476,7.94838e-05,4.074760584,7.948378527,210304.0,96598.0,2009.0,210304.0,30700.0,20.93918918918919
Southern District Southeast -> Kwun Tong Central,16.5,17.389913390833332,150,2667.0,249.0,33657815.5,7.92387e-05,7.39798e-06,0.792386541,0.739798458,134429.0,68061.0,8608.0,134429.0,36000.0,1827.0,225.0,3044793.15,0.000600041,7.38966e-05,6.000407614,7.389664549,170206.0,106392.0,1421.0,170206.0,24000.0,14.7
Southern District Southeast -> Kwun Tong North,29.066615933969445,20.54516325524273,34166,2667.0,249.0,33657815.5,7.92387e-05,7.39798e-06,0.792386541,0.739798458,134429.0,68061.0,8608.0,134429.0,36000.0,1022.0,168.0,2334159.008,0.000437845,7.19745e-05,4.378450639,7.197453105,164725.0,58119.0,434.0,164725.0,24000.0,21.856084996780424
Southern District Southeast -> Kwun Tong Southeast,13.0,15.337518874383333,60,2667.0,249.0,33657815.5,7.92387e-05,7.39798e-06,0.792386541,0.739798458,134429.0,68061.0,8608.0,134429.0,36000.0,942.0,117.0,3181450.074,0.000296091,3.67757e-05,2.96091398,3.677568319,163357.0,92725.0,1534.0,163357.0,24000.0,14.7
Southern District Southeast -> Kwun Tong West,19.536585365853657,17.64209969230488,164,2667.0,249.0,33657815.5,7.92387e-05,7.39798e-06,0.792386541,0.739798458,134429.0,68061.0,8608.0,134429.0,36000.0,1513.0,204.0,2719597.768,0.000556332,7.50111e-05,5.5633227,7.501109259,174878.0,55701.0,1073.0,174878.0,24000.0,14.699999999999998
Southern District Southeast -> Sha Tin South,21.966666666666665,19.597053466958336,120,2667.0,249.0,33657815.5,7.92387e-05,7.39798e-06,0.792386541,0.739798458,134429.0,68061.0,8608.0,134429.0,36000.0,1099.0,152.0,9545575.388,0.000115132,1.59236e-05,1.151318758,1.592360794,171916.0,58856.75,2705.0,171916.0,30500.0,24.959999999999997
Southern District Southeast -> Sha Tin West,22.272727272727273,19.908060658969696,33,2667.0,249.0,33657815.5,7.92387e-05,7.39798e-06,0.792386541,0.739798458,134429.0,68061.0,8608.0,134429.0,36000.0,1612.0,207.0,31506636.23,5.11638e-05,6.57004e-06,0.511638243,0.657004443,178575.0,106037.0,7389.0,178575.0,30500.0,22.69090909090909
Southern District Southeast -> Sham Shui Po East,14.661764705882353,14.049621407137256,204,2667.0,249.0,33657815.5,7.92387e-05,7.39798e-06,0.792386541,0.739798458,134429.0,68061.0,8608.0,134429.0,36000.0,1569.0,235.0,4642605.795,0.000337957,5.06181e-05,3.379567573,5.061812491,212957.0,126435.0,2477.0,212957.0,24100.0,16.185294117647057
Southern District Southeast -> Sham Shui Po West,18.911392405063292,15.788676819083545,395,2667.0,249.0,33657815.5,7.92387e-05,7.39798e-06,0.792386541,0.739798458,134429.0,68061.0,8608.0,134429.0,36000.0,1507.0,179.0,4717394.205,0.000319456,3.79447e-05,3.194560248,3.794467713,218133.0,77638.0,1616.0,218133.0,24100.0,16.246835443037973
Southern District Southeast -> Southern District Northwest,14.128290766208252,6.466214113631042,5090,2667.0,249.0,33657815.5,7.92387e-05,7.39798e-06,0.792386541,0.739798458,134429.0,68061.0,8608.0,134429.0,36000.0,1801.0,220.0,5182184.495,0.000347537,4.24531e-05,3.475368354,4.245313925,128849.0,67695.0,2855.0,128849.0,36000.0,8.517151277013753
Southern District Southeast -> Southern District Southeast,11.725584182144997,5.419541049594468,10014,2667.0,249.0,33657815.5,7.92387e-05,7.39798e-06,0.792386541,0.739798458,134429.0,68061.0,8608.0,134429.0,36000.0,2667.0,249.0,33657815.5,7.92387e-05,7.39798e-06,0.792386541,0.739798458,134429.0,68061.0,8608.0,134429.0,36000.0,8.475164769322948
Southern District Southeast -> Tai Pak,19.50624399615754,10.21222200021902,1041,2667.0,249.0,33657815.5,7.92387e-05,7.39798e-06,0.792386541,0.739798458,134429.0,68061.0,8608.0,134429.0,36000.0,1821.0,178.0,3656419.948,0.000498028,4.86815e-05,4.98028133,4.868149789,173597.0,106141.0,1412.0,173597.0,33800.0,9.262151777137367
Southern District Southeast -> Tai Po North,27.238504295098533,35.59218981700872,7916,2667.0,249.0,33657815.5,7.92387e-05,7.39798e-06,0.792386541,0.739798458,134429.0,68061.0,8608.0,134429.0,36000.0,1367.0,236.0,94726850.56,1.4431e-05,2.49137e-06,0.144309664,0.249137387,157446.0,125595.0,16400.0,157446.0,31700.0,33.20512885295604
Southern District Southeast -> Tuen Mun West,32.681021532298445,35.329930211124186,3994,2667.0,249.0,33657815.5,7.92387e-05,7.39798e-06,0.792386541,0.739798458,134429.0,68061.0,8608.0,134429.0,36000.0,587.0,86.0,33729982.3,1.74029e-05,2.54966e-06,0.174029146,0.25496604,168009.0,83305.0,3482.0,168009.0,26500.0,32.91652478718077
Southern District Southeast -> Wan Chai,15.203438989020094,7.41234225620261,4827,2667.0,249.0,33657815.5,7.92387e-05,7.39798e-06,0.792386541,0.739798458,134429.0,68061.0,8608.0,134429.0,36000.0,3357.0,430.0,10560000.0,0.000317898,4.07197e-05,3.178977273,4.071969697,166695.0,92238.0,4550.0,166695.0,40500.0,8.681126993992129
Southern District Southeast -> Western,24.16288492706645,10.313758456636142,1234,2667.0,249.0,33657815.5,7.92387e-05,7.39798e-06,0.792386541,0.739798458,134429.0,68061.0,8608.0,134429.0,36000.0,1187.0,165.0,4250735.501,0.000279246,3.88168e-05,2.792457916,3.881681181,125233.0,75343.0,2064.0,125233.0,42600.0,12.765883306320909
Southern District Southeast -> Wong Tai Sin East,21.71186440677966,20.698448229432202,118,2667.0,249.0,33657815.5,7.92387e-05,7.39798e-06,0.792386541,0.739798458,134429.0,68061.0,8608.0,134429.0,36000.0,1475.0,207.0,4613986.574,0.00031968,4.48636e-05,3.196801673,4.486358958,188218.0,127397.0,1185.0,188218.0,25100.0,14.7
Southern District Southeast -> Wong Tai Sin West,18.75,17.665833574875002,56,2667.0,249.0,33657815.5,7.92387e-05,7.39798e-06,0.792386541,0.739798458,134429.0,68061.0,8608.0,134429.0,36000.0,896.0,223.0,4688620.344,0.000191101,4.7562e-05,1.911009922,4.75619657,218584.0,65217.0,844.0,218584.0,25100.0,14.7
Southern District Southeast -> Yau Tsim Mong North,12.438502673796792,13.16035803728877,187,2667.0,249.0,33657815.5,7.92387e-05,7.39798e-06,0.792386541,0.739798458,134429.0,68061.0,8608.0,134429.0,36000.0,1629.0,178.0,2165712.207,0.000752178,8.21901e-05,7.52177503,8.21900525,168265.0,97426.0,3002.0,168265.0,30700.0,16.833689839572195
Southern District Southeast -> Yau Tsim Mong South,29.67515364354697,17.043283816299386,1139,2667.0,249.0,33657815.5,7.92387e-05,7.39798e-06,0.792386541,0.739798458,134429.0,68061.0,8608.0,134429.0,36000.0,3027.0,209.0,4824287.793,0.00062745,4.33225e-05,6.274501294,4.33224569,142382.0,65279.0,4418.0,142382.0,30700.0,16.96382791922739
Tai Pak -> Central,14.265254237288136,6.268196450199152,1180,1821.0,178.0,3656419.948,0.000498028,4.86815e-05,4.98028133,4.868149789,173597.0,106141.0,1412.0,173597.0,33800.0,3406.0,432.0,8299264.499,0.000410398,5.20528e-05,4.10397813,5.205280541,110720.0,55452.0,6706.0,110720.0,42600.0,9.52177966101695
Tai Pak -> Chai Wan,17.69103214890017,6.634133094892047,2955,1821.0,178.0,3656419.948,0.000498028,4.86815e-05,4.98028133,4.868149789,173597.0,106141.0,1412.0,173597.0,33800.0,1483.0,185.0,9201905.88,0.000161162,2.01045e-05,1.611622657,2.010453078,168675.0,84793.0,1280.0,168675.0,33800.0,6.821252115059221
Tai Pak -> Hong Wan,14.27875932469572,5.764893284018453,2547,1821.0,178.0,3656419.948,0.000498028,4.86815e-05,4.98028133,4.868149789,173597.0,106141.0,1412.0,173597.0,33800.0,1508.0,147.0,5131674.172,0.000293861,2.86456e-05,2.938612136,2.864562228,187331.0,78902.0,1332.0,187331.0,33800.0,6.742952493129171
Tai Pak -> Kowloon City North,14.420600858369099,9.84735644604721,233,1821.0,178.0,3656419.948,0.000498028,4.86815e-05,4.98028133,4.868149789,173597.0,106141.0,1412.0,173597.0,33800.0,2184.0,369.0,6927610.313,0.00031526,5.32651e-05,3.15260227,5.326512077,200330.0,107366.0,3726.0,200330.0,30700.0,12.400858369098712
Tai Pak -> Kowloon City South,8.74,8.05288146502,50,1821.0,178.0,3656419.948,0.000498028,4.86815e-05,4.98028133,4.868149789,173597.0,106141.0,1412.0,173597.0,33800.0,1256.0,245.0,3082389.687,0.000407476,7.94838e-05,4.074760584,7.948378527,210304.0,96598.0,2009.0,210304.0,30700.0,12.427999999999999
Tai Pak -> Kwun Tong Central,5.851851851851852,6.706621950787037,108,1821.0,178.0,3656419.948,0.000498028,4.86815e-05,4.98028133,4.868149789,173597.0,106141.0,1412.0,173597.0,33800.0,1827.0,225.0,3044793.15,0.000600041,7.38966e-05,6.000407614,7.389664549,170206.0,106392.0,1421.0,170206.0,24000.0,14.42314814814815
Tai Pak -> Kwun Tong North,11.371794871794872,8.864633008769232,156,1821.0,178.0,3656419.948,0.000498028,4.86815e-05,4.98028133,4.868149789,173597.0,106141.0,1412.0,173597.0,33800.0,1022.0,168.0,2334159.008,0.000437845,7.19745e-05,4.378450639,7.197453105,164725.0,58119.0,434.0,164725.0,24000.0,13.220512820512822
Tai Pak -> Kwun Tong Southeast,5.931707317073171,7.228401928853659,205,1821.0,178.0,3656419.948,0.000498028,4.86815e-05,4.98028133,4.868149789,173597.0,106141.0,1412.0,173597.0,33800.0,942.0,117.0,3181450.074,0.000296091,3.67757e-05,2.96091398,3.677568319,163357.0,92725.0,1534.0,163357.0,24000.0,17.123414634146343
Tai Pak -> Kwun Tong West,10.523255813953488,9.043382686465115,86,1821.0,178.0,3656419.948,0.000498028,4.86815e-05,4.98028133,4.868149789,173597.0,106141.0,1412.0,173597.0,33800.0,1513.0,204.0,2719597.768,0.000556332,7.50111e-05,5.5633227,7.501109259,174878.0,55701.0,1073.0,174878.0,24000.0,13.61860465116279
Tai Pak -> Sai Kung and Hang Hau,10.456140350877194,11.173361947701755,57,1821.0,178.0,3656419.948,0.000498028,4.86815e-05,4.98028133,4.868149789,173597.0,106141.0,1412.0,173597.0,33800.0,1722.0,307.0,129680000.0,1.32788e-05,2.36737e-06,0.132788402,0.236736582,157505.0,75963.0,22406.0,157505.0,40400.0,23.133333333333336
Tai Pak -> Sha Tin East,7.398989898989899,17.84039076948485,198,1821.0,178.0,3656419.948,0.000498028,4.86815e-05,4.98028133,4.868149789,173597.0,106141.0,1412.0,173597.0,33800.0,1790.0,208.0,24843458.54,7.20512e-05,8.37243e-06,0.720511597,0.837242527,169545.0,70694.25,3266.0,169545.0,30500.0,26.161616161616163
Tai Pak -> Sha Tin North,13.23076923076923,22.816237802583334,156,1821.0,178.0,3656419.948,0.000498028,4.86815e-05,4.98028133,4.868149789,173597.0,106141.0,1412.0,173597.0,33800.0,1053.0,129.0,2824329.844,0.000372832,4.56746e-05,3.728318072,4.567455188,172770.0,105017.0,1312.0,172770.0,30500.0,26.556410256410256
Tai Pak -> Sha Tin South,11.705882352941176,23.071724414323533,68,1821.0,178.0,3656419.948,0.000498028,4.86815e-05,4.98028133,4.868149789,173597.0,106141.0,1412.0,173597.0,33800.0,1099.0,152.0,9545575.388,0.000115132,1.59236e-05,1.151318758,1.592360794,171916.0,58856.75,2705.0,171916.0,30500.0,20.78235294117647
Tai Pak -> Sha Tin West,13.457627118644067,24.57834360922034,59,1821.0,178.0,3656419.948,0.000498028,4.86815e-05,4.98028133,4.868149789,173597.0,106141.0,1412.0,173597.0,33800.0,1612.0,207.0,31506636.23,5.11638e-05,6.57004e-06,0.511638243,0.657004443,178575.0,106037.0,7389.0,178575.0,30500.0,21.698305084745762
Tai Pak -> Sham Shui Po East,14.24,10.142200111973334,75,1821.0,178.0,3656419.948,0.000498028,4.86815e-05,4.98028133,4.868149789,173597.0,106141.0,1412.0,173597.0,33800.0,1569.0,235.0,4642605.795,0.000337957,5.06181e-05,3.379567573,5.061812491,212957.0,126435.0,2477.0,212957.0,24100.0,14.071999999999997
Tai Pak -> Sham Shui Po West,18.757575757575758,11.967560167969696,99,1821.0,178.0,3656419.948,0.000498028,4.86815e-05,4.98028133,4.868149789,173597.0,106141.0,1412.0,173597.0,33800.0,1507.0,179.0,4717394.205,0.000319456,3.79447e-05,3.194560248,3.794467713,218133.0,77638.0,1616.0,218133.0,24100.0,14.951515151515151
Tai Pak -> Southern District Northwest,21.18274111675127,11.047665695357022,591,1821.0,178.0,3656419.948,0.000498028,4.86815e-05,4.98028133,4.868149789,173597.0,106141.0,1412.0,173597.0,33800.0,1801.0,220.0,5182184.495,0.000347537,4.24531e-05,3.475368354,4.245313925,128849.0,67695.0,2855.0,128849.0,36000.0,10.42368866328257
Tai Pak -> Southern District Southeast,18.773689052437902,9.728836400438823,1087,1821.0,178.0,3656419.948,0.000498028,4.86815e-05,4.98028133,4.868149789,173597.0,106141.0,1412.0,173597.0,33800.0,2667.0,249.0,33657815.5,7.92387e-05,7.39798e-06,0.792386541,0.739798458,134429.0,68061.0,8608.0,134429.0,36000.0,10.476540938362465
Tai Pak -> Tai Pak,14.242271293375394,5.147836431266247,1585,1821.0,178.0,3656419.948,0.000498028,4.86815e-05,4.98028133,4.868149789,173597.0,106141.0,1412.0,173597.0,33800.0,1821.0,178.0,3656419.948,0.000498028,4.86815e-05,4.98028133,4.868149789,173597.0,106141.0,1412.0,173597.0,33800.0,7.558107255520505
Tai Pak -> Tai Po North,13.93006993006993,29.70038502795105,143,1821.0,178.0,3656419.948,0.000498028,4.86815e-05,4.98028133,4.868149789,173597.0,106141.0,1412.0,173597.0,33800.0,1367.0,236.0,94726850.56,1.4431e-05,2.49137e-06,0.144309664,0.249137387,157446.0,125595.0,16400.0,157446.0,31700.0,27.169230769230772
Tai Pak -> Tai Po South,10.384615384615385,26.77558605728205,78,1821.0,178.0,3656419.948,0.000498028,4.86815e-05,4.98028133,4.868149789,173597.0,106141.0,1412.0,173597.0,33800.0,1413.0,187.0,41403149.44,3.41278e-05,4.51656e-06,0.341278386,0.451656462,159024.0,32241.0,14539.0,159024.0,31700.0,27.415384615384617
Tai Pak -> Tin Shui Wai South and Ping Ha,7.0,34.5965469452,15,1821.0,178.0,3656419.948,0.000498028,4.86815e-05,4.98028133,4.868149789,173597.0,106141.0,1412.0,173597.0,33800.0,1309.0,215.0,47324621.53,2.766e-05,4.54309e-06,0.276600205,0.454308969,153669.0,88248.5,22348.0,153669.0,30100.0,28.2
Tai Pak -> Tseung Kwan O North,13.833333333333334,11.954534355333335,48,1821.0,178.0,3656419.948,0.000498028,4.86815e-05,4.98028133,4.868149789,173597.0,106141.0,1412.0,173597.0,33800.0,776.0,108.0,1580069.556,0.000491118,6.83514e-05,4.911176202,6.835142137,158568.0,98589.0,444.0,158568.0,40400.0,23.34166666666667
Tai Pak -> Tseung Kwan O South,16.214285714285715,14.914704151285715,28,1821.0,178.0,3656419.948,0.000498028,4.86815e-05,4.98028133,4.868149789,173597.0,106141.0,1412.0,173597.0,33800.0,517.0,59.0,3125142.442,0.000165432,1.88791e-05,1.654324594,1.887913946,172964.0,98736.0,735.0,172964.0,40400.0,21.87142857142857
Tai Pak -> Tsing Yi,11.0,21.919289029784313,51,1821.0,178.0,3656419.948,0.000498028,4.86815e-05,4.98028133,4.868149789,173597.0,106141.0,1412.0,173597.0,33800.0,985.0,142.0,10455427.43,9.42094e-05,1.35815e-05,0.942094435,1.358146292,179581.0,84461.0,2054.0,179581.0,26000.0,24.4
Tai Pak -> Tsuen Wan Northwest,11.807692307692308,26.787763626153847,104,1821.0,178.0,3656419.948,0.000498028,4.86815e-05,4.98028133,4.868149789,173597.0,106141.0,1412.0,173597.0,33800.0,1403.0,103.0,44481122.31,3.15415e-05,2.31559e-06,0.315414703,0.231558906,156114.0,73570.0,4949.0,156114.0,34400.0,26.987500000000004
Tai Pak -> Tsuen Wan Southeast,5.5,19.6859739748,20,1821.0,178.0,3656419.948,0.000498028,4.86815e-05,4.98028133,4.868149789,173597.0,106141.0,1412.0,173597.0,33800.0,991.0,128.0,17438877.69,5.68271e-05,7.33992e-06,0.568270515,0.733992189,163980.0,90229.0,4243.0,163980.0,34400.0,20.8
Tai Pak -> Tuen Mun East,18.684782608695652,32.93434456831522,184,1821.0,178.0,3656419.948,0.000498028,4.86815e-05,4.98028133,4.868149789,173597.0,106141.0,1412.0,173597.0,33800.0,1510.0,113.0,33427312.32,4.51726e-05,3.38047e-06,0.451726416,0.338046921,168080.0,59671.0,6093.0,168080.0,26500.0,27.26086956521739
Tai Pak -> Tuen Mun North,10.083333333333334,38.540059991,12,1821.0,178.0,3656419.948,0.000498028,4.86815e-05,4.98028133,4.868149789,173597.0,106141.0,1412.0,173597.0,33800.0,780.0,109.0,18692705.38,4.17275e-05,5.83115e-06,0.417275073,0.583115166,170790.0,104074.0,10271.0,170790.0,26500.0,27.099999999999998
Tai Pak -> Tuen Mun West,9.666666666666666,38.46494550893333,15,1821.0,178.0,3656419.948,0.000498028,4.86815e-05,4.98028133,4.868149789,173597.0,106141.0,1412.0,173597.0,33800.0,587.0,86.0,33729982.3,1.74029e-05,2.54966e-06,0.174029146,0.25496604,168009.0,83305.0,3482.0,168009.0,26500.0,27.18
Tai Pak -> Wan Chai,12.865974516281264,4.495223597225106,2119,1821.0,178.0,3656419.948,0.000498028,4.86815e-05,4.98028133,4.868149789,173597.0,106141.0,1412.0,173597.0,33800.0,3357.0,430.0,10560000.0,0.000317898,4.07197e-05,3.178977273,4.071969697,166695.0,92238.0,4550.0,166695.0,40500.0,8.358518168947617
Tai Pak -> Western,17.932721712538225,8.40082828307951,327,1821.0,178.0,3656419.948,0.000498028,4.86815e-05,4.98028133,4.868149789,173597.0,106141.0,1412.0,173597.0,33800.0,1187.0,165.0,4250735.501,0.000279246,3.88168e-05,2.792457916,3.881681181,125233.0,75343.0,2064.0,125233.0,42600.0,7.896024464831804
Tai Pak -> Wong Tai Sin East,16.265060240963855,11.7878417546747,83,1821.0,178.0,3656419.948,0.000498028,4.86815e-05,4.98028133,4.868149789,173597.0,106141.0,1412.0,173597.0,33800.0,1475.0,207.0,4613986.574,0.00031968,4.48636e-05,3.196801673,4.486358958,188218.0,127397.0,1185.0,188218.0,25100.0,12.461445783132529
Tai Pak -> Wong Tai Sin West,20.08910891089109,12.242830222049506,101,1821.0,178.0,3656419.948,0.000498028,4.86815e-05,4.98028133,4.868149789,173597.0,106141.0,1412.0,173597.0,33800.0,896.0,223.0,4688620.344,0.000191101,4.7562e-05,1.911009922,4.75619657,218584.0,65217.0,844.0,218584.0,25100.0,12.384158415841584
Tai Pak -> Wu Tip Shan,10.575757575757576,36.14700656098485,66,1821.0,178.0,3656419.948,0.000498028,4.86815e-05,4.98028133,4.868149789,173597.0,106141.0,1412.0,173597.0,33800.0,1448.0,161.0,21829748.23,6.63315e-05,7.37526e-06,0.663315025,0.737525684,150468.0,93658.0,15003.0,150468.0,25500.0,27.790909090909093
Tai Pak -> Yau Tsim Mong North,11.84375,8.890109586953125,64,1821.0,178.0,3656419.948,0.000498028,4.86815e-05,4.98028133,4.868149789,173597.0,106141.0,1412.0,173597.0,33800.0,1629.0,178.0,2165712.207,0.000752178,8.21901e-05,7.52177503,8.21900525,168265.0,97426.0,3002.0,168265.0,30700.0,14.35
Tai Pak -> Yau Tsim Mong South,7.290983606557377,8.503706234639344,244,1821.0,178.0,3656419.948,0.000498028,4.86815e-05,4.98028133,4.868149789,173597.0,106141.0,1412.0,173597.0,33800.0,3027.0,209.0,4824287.793,0.00062745,4.33225e-05,6.274501294,4.33224569,142382.0,65279.0,4418.0,142382.0,30700.0,15.885655737704917
Tai Pak -> Yuen Long Rural East,12.327731092436975,32.31968309322689,119,1821.0,178.0,3656419.948,0.000498028,4.86815e-05,4.98028133,4.868149789,173597.0,106141.0,1412.0,173597.0,33800.0,1696.0,306.0,83591131.06,2.02892e-05,3.66068e-06,0.202892338,0.366067543,170741.0,90494.0,72943.0,170741.0,30100.0,27.605042016806724
Tai Pak -> Yuen Long Town Centre,8.0,31.8851551295,16,1821.0,178.0,3656419.948,0.000498028,4.86815e-05,4.98028133,4.868149789,173597.0,106141.0,1412.0,173597.0,33800.0,825.0,110.0,5113531.676,0.000161337,2.15116e-05,1.613366362,2.15115515,160142.0,65596.0,7135.0,160142.0,30100.0,27.0
Tai Po North -> Central,9.564705882352941,31.076604886682354,85,1367.0,236.0,94726850.56,1.4431e-05,2.49137e-06,0.144309664,0.249137387,157446.0,125595.0,16400.0,157446.0,31700.0,3406.0,432.0,8299264.499,0.000410398,5.20528e-05,4.10397813,5.205280541,110720.0,55452.0,6706.0,110720.0,42600.0,27.391764705882355
Tai Po North -> Chai Wan,27.559322033898304,34.057464069728816,59,1367.0,236.0,94726850.56,1.4431e-05,2.49137e-06,0.144309664,0.249137387,157446.0,125595.0,16400.0,157446.0,31700.0,1483.0,185.0,9201905.88,0.000161162,2.01045e-05,1.611622657,2.010453078,168675.0,84793.0,1280.0,168675.0,33800.0,27.723728813559323
Tai Po North -> Hong Wan,13.05,30.07194874975,100,1367.0,236.0,94726850.56,1.4431e-05,2.49137e-06,0.144309664,0.249137387,157446.0,125595.0,16400.0,157446.0,31700.0,1508.0,147.0,5131674.172,0.000293861,2.86456e-05,2.938612136,2.864562228,187331.0,78902.0,1332.0,187331.0,33800.0,27.425
Tai Po North -> Islands,7.933333333333334,30.221362135866666,15,1367.0,236.0,94726850.56,1.4431e-05,2.49137e-06,0.144309664,0.249137387,157446.0,125595.0,16400.0,157446.0,31700.0,4309.0,252.0,182280000.0,2.36395e-05,1.38249e-06,0.236394558,0.138248848,185282.0,93368.0,20858.0,185282.0,31500.0,30.12
Tai Po North -> Kowloon City North,11.371069182389936,20.321649576522013,159,1367.0,236.0,94726850.56,1.4431e-05,2.49137e-06,0.144309664,0.249137387,157446.0,125595.0,16400.0,157446.0,31700.0,2184.0,369.0,6927610.313,0.00031526,5.32651e-05,3.15260227,5.326512077,200330.0,107366.0,3726.0,200330.0,30700.0,13.155345911949684
Tai Po North -> Kowloon City South,14.313432835820896,21.540277832328357,67,1367.0,236.0,94726850.56,1.4431e-05,2.49137e-06,0.144309664,0.249137387,157446.0,125595.0,16400.0,157446.0,31700.0,1256.0,245.0,3082389.687,0.000407476,7.94838e-05,4.074760584,7.948378527,210304.0,96598.0,2009.0,210304.0,30700.0,13.4044776119403
Tai Po North -> Kwai Chung East,15.55813953488372,23.40680400397093,344,1367.0,236.0,94726850.56,1.4431e-05,2.49137e-06,0.144309664,0.249137387,157446.0,125595.0,16400.0,157446.0,31700.0,1199.0,144.0,5774688.358,0.00020763,2.49364e-05,2.076302522,2.49364106,161785.0,62396.0,2259.0,161785.0,26000.0,16.198837209302326
Tai Po North -> Kwai Chung West,19.861386138613863,25.943243736237626,101,1367.0,236.0,94726850.56,1.4431e-05,2.49137e-06,0.144309664,0.249137387,157446.0,125595.0,16400.0,157446.0,31700.0,1079.0,187.0,7109884.208,0.000151761,2.63014e-05,1.517605587,2.630141287,154432.0,86916.0,1358.0,154432.0,26000.0,14.567326732673267
Tai Po North -> Kwun Tong Central,14.5546875,23.127975390796877,256,1367.0,236.0,94726850.56,1.4431e-05,2.49137e-06,0.144309664,0.249137387,157446.0,125595.0,16400.0,157446.0,31700.0,1827.0,225.0,3044793.15,0.000600041,7.38966e-05,6.000407614,7.389664549,170206.0,106392.0,1421.0,170206.0,24000.0,14.734765625
Tai Po North -> Kwun Tong North,25.069668843818036,27.959633813663995,8727,1367.0,236.0,94726850.56,1.4431e-05,2.49137e-06,0.144309664,0.249137387,157446.0,125595.0,16400.0,157446.0,31700.0,1022.0,168.0,2334159.008,0.000437845,7.19745e-05,4.378450639,7.197453105,164725.0,58119.0,434.0,164725.0,24000.0,23.4352813108743
Tai Po North -> Kwun Tong Southeast,13.074074074074074,26.04893411312963,54,1367.0,236.0,94726850.56,1.4431e-05,2.49137e-06,0.144309664,0.249137387,157446.0,125595.0,16400.0,157446.0,31700.0,942.0,117.0,3181450.074,0.000296091,3.67757e-05,2.96091398,3.677568319,163357.0,92725.0,1534.0,163357.0,24000.0,18.88888888888889
Tai Po North -> Kwun Tong West,13.978021978021978,21.257340641670332,182,1367.0,236.0,94726850.56,1.4431e-05,2.49137e-06,0.144309664,0.249137387,157446.0,125595.0,16400.0,157446.0,31700.0,1513.0,204.0,2719597.768,0.000556332,7.50111e-05,5.5633227,7.501109259,174878.0,55701.0,1073.0,174878.0,24000.0,15.36098901098901
Tai Po North -> Sai Kung and Hang Hau,14.165476190476191,8.808317868038095,840,1367.0,236.0,94726850.56,1.4431e-05,2.49137e-06,0.144309664,0.249137387,157446.0,125595.0,16400.0,157446.0,31700.0,1722.0,307.0,129680000.0,1.32788e-05,2.36737e-06,0.132788402,0.236736582,157505.0,75963.0,22406.0,157505.0,40400.0,19.938928571428573
Tai Po North -> Sha Tin East,10.319148936170214,13.465858314331307,329,1367.0,236.0,94726850.56,1.4431e-05,2.49137e-06,0.144309664,0.249137387,157446.0,125595.0,16400.0,157446.0,31700.0,1790.0,208.0,24843458.54,7.20512e-05,8.37243e-06,0.720511597,0.837242527,169545.0,70694.25,3266.0,169545.0,30500.0,15.004255319148937
Tai Po North -> Sha Tin North,9.345132743362832,7.701623309651918,339,1367.0,236.0,94726850.56,1.4431e-05,2.49137e-06,0.144309664,0.249137387,157446.0,125595.0,16400.0,157446.0,31700.0,1053.0,129.0,2824329.844,0.000372832,4.56746e-05,3.728318072,4.567455188,172770.0,105017.0,1312.0,172770.0,30500.0,10.918584070796461
Tai Po North -> Sha Tin South,20.428571428571427,16.203048183916664,84,1367.0,236.0,94726850.56,1.4431e-05,2.49137e-06,0.144309664,0.249137387,157446.0,125595.0,16400.0,157446.0,31700.0,1099.0,152.0,9545575.388,0.000115132,1.59236e-05,1.151318758,1.592360794,171916.0,58856.75,2705.0,171916.0,30500.0,10.607142857142858
Tai Po North -> Sha Tin West,14.424753867791843,11.615591258659633,711,1367.0,236.0,94726850.56,1.4431e-05,2.49137e-06,0.144309664,0.249137387,157446.0,125595.0,16400.0,157446.0,31700.0,1612.0,207.0,31506636.23,5.11638e-05,6.57004e-06,0.511638243,0.657004443,178575.0,106037.0,7389.0,178575.0,30500.0,13.038537271448662
Tai Po North -> Sham Shui Po East,16.423076923076923,22.69078998273077,26,1367.0,236.0,94726850.56,1.4431e-05,2.49137e-06,0.144309664,0.249137387,157446.0,125595.0,16400.0,157446.0,31700.0,1569.0,235.0,4642605.795,0.000337957,5.06181e-05,3.379567573,5.061812491,212957.0,126435.0,2477.0,212957.0,24100.0,14.46923076923077
Tai Po North -> Sham Shui Po West,16.92982456140351,22.828349876403507,57,1367.0,236.0,94726850.56,1.4431e-05,2.49137e-06,0.144309664,0.249137387,157446.0,125595.0,16400.0,157446.0,31700.0,1507.0,179.0,4717394.205,0.000319456,3.79447e-05,3.194560248,3.794467713,218133.0,77638.0,1616.0,218133.0,24100.0,13.5
Tai Po North -> Southern District Northwest,30.32608695652174,36.1872611135059,3220,1367.0,236.0,94726850.56,1.4431e-05,2.49137e-06,0.144309664,0.249137387,157446.0,125595.0,16400.0,157446.0,31700.0,1801.0,220.0,5182184.495,0.000347537,4.24531e-05,3.475368354,4.245313925,128849.0,67695.0,2855.0,128849.0,36000.0,31.79813664596273
Tai Po North -> Southern District Southeast,24.82766514061478,36.630594106164814,6116,1367.0,236.0,94726850.56,1.4431e-05,2.49137e-06,0.144309664,0.249137387,157446.0,125595.0,16400.0,157446.0,31700.0,2667.0,249.0,33657815.5,7.92387e-05,7.39798e-06,0.792386541,0.739798458,134429.0,68061.0,8608.0,134429.0,36000.0,33.88291366906475
Tai Po North -> Tai Pak,15.361702127659575,30.697956103773052,141,1367.0,236.0,94726850.56,1.4431e-05,2.49137e-06,0.144309664,0.249137387,157446.0,125595.0,16400.0,157446.0,31700.0,1821.0,178.0,3656419.948,0.000498028,4.86815e-05,4.98028133,4.868149789,173597.0,106141.0,1412.0,173597.0,33800.0,27.397163120567377
Tai Po North -> Tai Po North,10.885329619312905,5.283515670129063,4308,1367.0,236.0,94726850.56,1.4431e-05,2.49137e-06,0.144309664,0.249137387,157446.0,125595.0,16400.0,157446.0,31700.0,1367.0,236.0,94726850.56,1.4431e-05,2.49137e-06,0.144309664,0.249137387,157446.0,125595.0,16400.0,157446.0,31700.0,9.601810584958217
Tai Po North -> Tai Po South,11.205882352941176,6.530354688604916,2278,1367.0,236.0,94726850.56,1.4431e-05,2.49137e-06,0.144309664,0.249137387,157446.0,125595.0,16400.0,157446.0,31700.0,1413.0,187.0,41403149.44,3.41278e-05,4.51656e-06,0.341278386,0.451656462,159024.0,32241.0,14539.0,159024.0,31700.0,10.441703248463565
Tai Po North -> Tin Shui Wai South and Ping Ha,13.0,27.47409197303226,124,1367.0,236.0,94726850.56,1.4431e-05,2.49137e-06,0.144309664,0.249137387,157446.0,125595.0,16400.0,157446.0,31700.0,1309.0,215.0,47324621.53,2.766e-05,4.54309e-06,0.276600205,0.454308969,153669.0,88248.5,22348.0,153669.0,30100.0,17.583870967741937
Tai Po North -> Tseung Kwan O North,27.0,34.91868441616666,96,1367.0,236.0,94726850.56,1.4431e-05,2.49137e-06,0.144309664,0.249137387,157446.0,125595.0,16400.0,157446.0,31700.0,776.0,108.0,1580069.556,0.000491118,6.83514e-05,4.911176202,6.835142137,158568.0,98589.0,444.0,158568.0,40400.0,10.3
Tai Po North -> Tseung Kwan O South,22.0,32.10436271691667,24,1367.0,236.0,94726850.56,1.4431e-05,2.49137e-06,0.144309664,0.249137387,157446.0,125595.0,16400.0,157446.0,31700.0,517.0,59.0,3125142.442,0.000165432,1.88791e-05,1.654324594,1.887913946,172964.0,98736.0,735.0,172964.0,40400.0,10.3
Tai Po North -> Tsing Yi,22.24455526155099,28.448523751313964,9826,1367.0,236.0,94726850.56,1.4431e-05,2.49137e-06,0.144309664,0.249137387,157446.0,125595.0,16400.0,157446.0,31700.0,985.0,142.0,10455427.43,9.42094e-05,1.35815e-05,0.942094435,1.358146292,179581.0,84461.0,2054.0,179581.0,26000.0,22.956950946468552
Tai Po North -> Tsuen Wan Northwest,9.657142857142857,26.23817438937143,35,1367.0,236.0,94726850.56,1.4431e-05,2.49137e-06,0.144309664,0.249137387,157446.0,125595.0,16400.0,157446.0,31700.0,1403.0,103.0,44481122.31,3.15415e-05,2.31559e-06,0.315414703,0.231558906,156114.0,73570.0,4949.0,156114.0,34400.0,24.062857142857144
Tai Po North -> Tsuen Wan Southeast,15.922077922077921,24.34765791866883,154,1367.0,236.0,94726850.56,1.4431e-05,2.49137e-06,0.144309664,0.249137387,157446.0,125595.0,16400.0,157446.0,31700.0,991.0,128.0,17438877.69,5.68271e-05,7.33992e-06,0.568270515,0.733992189,163980.0,90229.0,4243.0,163980.0,34400.0,17.959740259740258
Tai Po North -> Tuen Mun East,19.24137931034483,35.83938604093103,29,1367.0,236.0,94726850.56,1.4431e-05,2.49137e-06,0.144309664,0.249137387,157446.0,125595.0,16400.0,157446.0,31700.0,1510.0,113.0,33427312.32,4.51726e-05,3.38047e-06,0.451726416,0.338046921,168080.0,59671.0,6093.0,168080.0,26500.0,20.8
Tai Po North -> Tuen Mun North,27.2183908045977,33.86556298330826,957,1367.0,236.0,94726850.56,1.4431e-05,2.49137e-06,0.144309664,0.249137387,157446.0,125595.0,16400.0,157446.0,31700.0,780.0,109.0,18692705.38,4.17275e-05,5.83115e-06,0.417275073,0.583115166,170790.0,104074.0,10271.0,170790.0,26500.0,27.35287356321839
Tai Po North -> Tuen Mun West,22.34426229508197,34.770800721184855,366,1367.0,236.0,94726850.56,1.4431e-05,2.49137e-06,0.144309664,0.249137387,157446.0,125595.0,16400.0,157446.0,31700.0,587.0,86.0,33729982.3,1.74029e-05,2.54966e-06,0.174029146,0.25496604,168009.0,83305.0,3482.0,168009.0,26500.0,29.808196721311475
Tai Po North -> Wan Chai,9.936507936507937,30.41926985952381,63,1367.0,236.0,94726850.56,1.4431e-05,2.49137e-06,0.144309664,0.249137387,157446.0,125595.0,16400.0,157446.0,31700.0,3357.0,430.0,10560000.0,0.000317898,4.07197e-05,3.178977273,4.071969697,166695.0,92238.0,4550.0,166695.0,40500.0,27.442857142857143
Tai Po North -> Western,24.78615457562826,32.94814821594663,2109,1367.0,236.0,94726850.56,1.4431e-05,2.49137e-06,0.144309664,0.249137387,157446.0,125595.0,16400.0,157446.0,31700.0,1187.0,165.0,4250735.501,0.000279246,3.88168e-05,2.792457916,3.881681181,125233.0,75343.0,2064.0,125233.0,42600.0,29.76714082503556
Tai Po North -> Wong Tai Sin East,18.556962025316455,21.287806717924052,79,1367.0,236.0,94726850.56,1.4431e-05,2.49137e-06,0.144309664,0.249137387,157446.0,125595.0,16400.0,157446.0,31700.0,1475.0,207.0,4613986.574,0.00031968,4.48636e-05,3.196801673,4.486358958,188218.0,127397.0,1185.0,188218.0,25100.0,16.172151898734175
Tai Po North -> Wong Tai Sin West,11.705882352941176,20.078968035,17,1367.0,236.0,94726850.56,1.4431e-05,2.49137e-06,0.144309664,0.249137387,157446.0,125595.0,16400.0,157446.0,31700.0,896.0,223.0,4688620.344,0.000191101,4.7562e-05,1.911009922,4.75619657,218584.0,65217.0,844.0,218584.0,25100.0,11.570588235294117
Tai Po North -> Wu Tip Shan,16.884375,10.000364100546875,320,1367.0,236.0,94726850.56,1.4431e-05,2.49137e-06,0.144309664,0.249137387,157446.0,125595.0,16400.0,157446.0,31700.0,1448.0,161.0,21829748.23,6.63315e-05,7.37526e-06,0.663315025,0.737525684,150468.0,93658.0,15003.0,150468.0,25500.0,11.418125
Tai Po North -> Yau Tsim Mong North,11.61320754716981,23.899978806754717,106,1367.0,236.0,94726850.56,1.4431e-05,2.49137e-06,0.144309664,0.249137387,157446.0,125595.0,16400.0,157446.0,31700.0,1629.0,178.0,2165712.207,0.000752178,8.21901e-05,7.52177503,8.21900525,168265.0,97426.0,3002.0,168265.0,30700.0,13.049056603773586
Tai Po North -> Yau Tsim Mong South,17.600790513833992,25.158826100454544,253,1367.0,236.0,94726850.56,1.4431e-05,2.49137e-06,0.144309664,0.249137387,157446.0,125595.0,16400.0,157446.0,31700.0,3027.0,209.0,4824287.793,0.00062745,4.33225e-05,6.274501294,4.33224569,142382.0,65279.0,4418.0,142382.0,30700.0,15.050988142292491
Tai Po North -> Yuen Long Rural East,31.901639344262296,12.961529401081968,61,1367.0,236.0,94726850.56,1.4431e-05,2.49137e-06,0.144309664,0.249137387,157446.0,125595.0,16400.0,157446.0,31700.0,1696.0,306.0,83591131.06,2.02892e-05,3.66068e-06,0.202892338,0.366067543,170741.0,90494.0,72943.0,170741.0,30100.0,9.624590163934426
Tai Po North -> Yuen Long Town Centre,23.071428571428573,21.538321626357142,14,1367.0,236.0,94726850.56,1.4431e-05,2.49137e-06,0.144309664,0.249137387,157446.0,125595.0,16400.0,157446.0,31700.0,825.0,110.0,5113531.676,0.000161337,2.15116e-05,1.613366362,2.15115515,160142.0,65596.0,7135.0,160142.0,30100.0,14.914285714285713
Tai Po South -> Central,9.080645161290322,26.971515741999998,124,1413.0,187.0,41403149.44,3.41278e-05,4.51656e-06,0.341278386,0.451656462,159024.0,32241.0,14539.0,159024.0,31700.0,3406.0,432.0,8299264.499,0.000410398,5.20528e-05,4.10397813,5.205280541,110720.0,55452.0,6706.0,110720.0,42600.0,24.948387096774194
Tai Po South -> Chai Wan,24.642857142857142,29.663796664328572,70,1413.0,187.0,41403149.44,3.41278e-05,4.51656e-06,0.341278386,0.451656462,159024.0,32241.0,14539.0,159024.0,31700.0,1483.0,185.0,9201905.88,0.000161162,2.01045e-05,1.611622657,2.010453078,168675.0,84793.0,1280.0,168675.0,33800.0,27.8
Tai Po South -> Hong Wan,13.727272727272727,25.38273129472727,55,1413.0,187.0,41403149.44,3.41278e-05,4.51656e-06,0.341278386,0.451656462,159024.0,32241.0,14539.0,159024.0,31700.0,1508.0,147.0,5131674.172,0.000293861,2.86456e-05,2.938612136,2.864562228,187331.0,78902.0,1332.0,187331.0,33800.0,27.618181818181817
Tai Po South -> Islands,6.6,29.748834279133334,30,1413.0,187.0,41403149.44,3.41278e-05,4.51656e-06,0.341278386,0.451656462,159024.0,32241.0,14539.0,159024.0,31700.0,4309.0,252.0,182280000.0,2.36395e-05,1.38249e-06,0.236394558,0.138248848,185282.0,93368.0,20858.0,185282.0,31500.0,23.58
Tai Po South -> Kowloon City North,9.261146496815286,17.901840883312104,157,1413.0,187.0,41403149.44,3.41278e-05,4.51656e-06,0.341278386,0.451656462,159024.0,32241.0,14539.0,159024.0,31700.0,2184.0,369.0,6927610.313,0.00031526,5.32651e-05,3.15260227,5.326512077,200330.0,107366.0,3726.0,200330.0,30700.0,13.994267515923566
Tai Po South -> Kowloon City South,11.64179104477612,18.988247709955225,67,1413.0,187.0,41403149.44,3.41278e-05,4.51656e-06,0.341278386,0.451656462,159024.0,32241.0,14539.0,159024.0,31700.0,1256.0,245.0,3082389.687,0.000407476,7.94838e-05,4.074760584,7.948378527,210304.0,96598.0,2009.0,210304.0,30700.0,14.452238805970149
Tai Po South -> Kwai Chung East,10.123655913978494,19.21475248689785,186,1413.0,187.0,41403149.44,3.41278e-05,4.51656e-06,0.341278386,0.451656462,159024.0,32241.0,14539.0,159024.0,31700.0,1199.0,144.0,5774688.358,0.00020763,2.49364e-05,2.076302522,2.49364106,161785.0,62396.0,2259.0,161785.0,26000.0,12.87741935483871
Tai Po South -> Kwai Chung West,14.128712871287128,21.591102444445543,101,1413.0,187.0,41403149.44,3.41278e-05,4.51656e-06,0.341278386,0.451656462,159024.0,32241.0,14539.0,159024.0,31700.0,1079.0,187.0,7109884.208,0.000151761,2.63014e-05,1.517605587,2.630141287,154432.0,86916.0,1358.0,154432.0,26000.0,12.325742574257427
Tai Po South -> Kwun Tong Central,16.131004366812228,20.642310602209605,229,1413.0,187.0,41403149.44,3.41278e-05,4.51656e-06,0.341278386,0.451656462,159024.0,32241.0,14539.0,159024.0,31700.0,1827.0,225.0,3044793.15,0.000600041,7.38966e-05,6.000407614,7.389664549,170206.0,106392.0,1421.0,170206.0,24000.0,13.018777292576418
Tai Po South -> Kwun Tong Southeast,10.454545454545455,17.866578109545454,33,1413.0,187.0,41403149.44,3.41278e-05,4.51656e-06,0.341278386,0.451656462,159024.0,32241.0,14539.0,159024.0,31700.0,942.0,117.0,3181450.074,0.000296091,3.67757e-05,2.96091398,3.677568319,163357.0,92725.0,1534.0,163357.0,24000.0,16.990909090909092
Tai Po South -> Kwun Tong West,18.32,19.602101253462223,225,1413.0,187.0,41403149.44,3.41278e-05,4.51656e-06,0.341278386,0.451656462,159024.0,32241.0,14539.0,159024.0,31700.0,1513.0,204.0,2719597.768,0.000556332,7.50111e-05,5.5633227,7.501109259,174878.0,55701.0,1073.0,174878.0,24000.0,12.68311111111111
Tai Po South -> Sai Kung and Hang Hau,18.642857142857142,21.041353700214284,28,1413.0,187.0,41403149.44,3.41278e-05,4.51656e-06,0.341278386,0.451656462,159024.0,32241.0,14539.0,159024.0,31700.0,1722.0,307.0,129680000.0,1.32788e-05,2.36737e-06,0.132788402,0.236736582,157505.0,75963.0,22406.0,157505.0,40400.0,21.157142857142862
Tai Po South -> Sha Tin East,12.905263157894737,13.411722552347369,190,1413.0,187.0,41403149.44,3.41278e-05,4.51656e-06,0.341278386,0.451656462,159024.0,32241.0,14539.0,159024.0,31700.0,1790.0,208.0,24843458.54,7.20512e-05,8.37243e-06,0.720511597,0.837242527,169545.0,70694.25,3266.0,169545.0,30500.0,11.835789473684212
Tai Po South -> Sha Tin North,12.21951219512195,9.197405899646341,82,1413.0,187.0,41403149.44,3.41278e-05,4.51656e-06,0.341278386,0.451656462,159024.0,32241.0,14539.0,159024.0,31700.0,1053.0,129.0,2824329.844,0.000372832,4.56746e-05,3.728318072,4.567455188,172770.0,105017.0,1312.0,172770.0,30500.0,9.165853658536586
Tai Po South -> Sha Tin South,14.532374100719425,12.28154959179856,139,1413.0,187.0,41403149.44,3.41278e-05,4.51656e-06,0.341278386,0.451656462,159024.0,32241.0,14539.0,159024.0,31700.0,1099.0,152.0,9545575.388,0.000115132,1.59236e-05,1.151318758,1.592360794,171916.0,58856.75,2705.0,171916.0,30500.0,11.379136690647483
Tai Po South -> Sha Tin West,12.050340136054421,8.808401661744899,1470,1413.0,187.0,41403149.44,3.41278e-05,4.51656e-06,0.341278386,0.451656462,159024.0,32241.0,14539.0,159024.0,31700.0,1612.0,207.0,31506636.23,5.11638e-05,6.57004e-06,0.511638243,0.657004443,178575.0,106037.0,7389.0,178575.0,30500.0,11.367687074829933
Tai Po South -> Sham Shui Po East,21.605263157894736,18.36100375861842,76,1413.0,187.0,41403149.44,3.41278e-05,4.51656e-06,0.341278386,0.451656462,159024.0,32241.0,14539.0,159024.0,31700.0,1569.0,235.0,4642605.795,0.000337957,5.06181e-05,3.379567573,5.061812491,212957.0,126435.0,2477.0,212957.0,24100.0,12.026315789473685
Tai Po South -> Sham Shui Po West,20.614814814814814,19.301474040437036,135,1413.0,187.0,41403149.44,3.41278e-05,4.51656e-06,0.341278386,0.451656462,159024.0,32241.0,14539.0,159024.0,31700.0,1507.0,179.0,4717394.205,0.000319456,3.79447e-05,3.194560248,3.794467713,218133.0,77638.0,1616.0,218133.0,24100.0,12.077777777777778
Tai Po South -> Tai Pak,13.149253731343284,24.92686151832836,67,1413.0,187.0,41403149.44,3.41278e-05,4.51656e-06,0.341278386,0.451656462,159024.0,32241.0,14539.0,159024.0,31700.0,1821.0,178.0,3656419.948,0.000498028,4.86815e-05,4.98028133,4.868149789,173597.0,106141.0,1412.0,173597.0,33800.0,27.56119402985075
Tai Po South -> Tai Po North,11.859633827375763,6.614370766552311,2294,1413.0,187.0,41403149.44,3.41278e-05,4.51656e-06,0.341278386,0.451656462,159024.0,32241.0,14539.0,159024.0,31700.0,1367.0,236.0,94726850.56,1.4431e-05,2.49137e-06,0.144309664,0.249137387,157446.0,125595.0,16400.0,157446.0,31700.0,8.928727114210986
Tai Po South -> Tai Po South,9.096146921137919,5.50662794032265,2777,1413.0,187.0,41403149.44,3.41278e-05,4.51656e-06,0.341278386,0.451656462,159024.0,32241.0,14539.0,159024.0,31700.0,1413.0,187.0,41403149.44,3.41278e-05,4.51656e-06,0.341278386,0.451656462,159024.0,32241.0,14539.0,159024.0,31700.0,9.52030968671228
Tai Po South -> Tin Shui Wai South and Ping Ha,12.264367816091953,26.21986233056322,87,1413.0,187.0,41403149.44,3.41278e-05,4.51656e-06,0.341278386,0.451656462,159024.0,32241.0,14539.0,159024.0,31700.0,1309.0,215.0,47324621.53,2.766e-05,4.54309e-06,0.276600205,0.454308969,153669.0,88248.5,22348.0,153669.0,30100.0,18.294252873563217
Tai Po South -> Tseung Kwan O North,17.0,27.76689648775,64,1413.0,187.0,41403149.44,3.41278e-05,4.51656e-06,0.341278386,0.451656462,159024.0,32241.0,14539.0,159024.0,31700.0,776.0,108.0,1580069.556,0.000491118,6.83514e-05,4.911176202,6.835142137,158568.0,98589.0,444.0,158568.0,40400.0,10.05
Tai Po South -> Tseung Kwan O South,12.0,24.9525747885,16,1413.0,187.0,41403149.44,3.41278e-05,4.51656e-06,0.341278386,0.451656462,159024.0,32241.0,14539.0,159024.0,31700.0,517.0,59.0,3125142.442,0.000165432,1.88791e-05,1.654324594,1.887913946,172964.0,98736.0,735.0,172964.0,40400.0,10.05
Tai Po South -> Tsuen Wan Northwest,11.5625,26.93204804128125,32,1413.0,187.0,41403149.44,3.41278e-05,4.51656e-06,0.341278386,0.451656462,159024.0,32241.0,14539.0,159024.0,31700.0,1403.0,103.0,44481122.31,3.15415e-05,2.31559e-06,0.315414703,0.231558906,156114.0,73570.0,4949.0,156114.0,34400.0,19.48125
Tai Po South -> Tsuen Wan Southeast,12.646341463414634,21.231542602,82,1413.0,187.0,41403149.44,3.41278e-05,4.51656e-06,0.341278386,0.451656462,159024.0,32241.0,14539.0,159024.0,31700.0,991.0,128.0,17438877.69,5.68271e-05,7.33992e-06,0.568270515,0.733992189,163980.0,90229.0,4243.0,163980.0,34400.0,12.202439024390245
Tai Po South -> Tuen Mun East,14.0,33.72640589214286,49,1413.0,187.0,41403149.44,3.41278e-05,4.51656e-06,0.341278386,0.451656462,159024.0,32241.0,14539.0,159024.0,31700.0,1510.0,113.0,33427312.32,4.51726e-05,3.38047e-06,0.451726416,0.338046921,168080.0,59671.0,6093.0,168080.0,26500.0,20.8
Tai Po South -> Wan Chai,9.20754716981132,25.619361376849056,53,1413.0,187.0,41403149.44,3.41278e-05,4.51656e-06,0.341278386,0.451656462,159024.0,32241.0,14539.0,159024.0,31700.0,3357.0,430.0,10560000.0,0.000317898,4.07197e-05,3.178977273,4.071969697,166695.0,92238.0,4550.0,166695.0,40500.0,25.88490566037736
Tai Po South -> Wong Tai Sin East,19.007751937984494,17.92940926972093,129,1413.0,187.0,41403149.44,3.41278e-05,4.51656e-06,0.341278386,0.451656462,159024.0,32241.0,14539.0,159024.0,31700.0,1475.0,207.0,4613986.574,0.00031968,4.48636e-05,3.196801673,4.486358958,188218.0,127397.0,1185.0,188218.0,25100.0,12.335658914728683
Tai Po South -> Wong Tai Sin West,13.84375,15.86475700140625,32,1413.0,187.0,41403149.44,3.41278e-05,4.51656e-06,0.341278386,0.451656462,159024.0,32241.0,14539.0,159024.0,31700.0,896.0,223.0,4688620.344,0.000191101,4.7562e-05,1.911009922,4.75619657,218584.0,65217.0,844.0,218584.0,25100.0,11.76875
Tai Po South -> Wu Tip Shan,12.074766355140186,7.290086272521028,856,1413.0,187.0,41403149.44,3.41278e-05,4.51656e-06,0.341278386,0.451656462,159024.0,32241.0,14539.0,159024.0,31700.0,1448.0,161.0,21829748.23,6.63315e-05,7.37526e-06,0.663315025,0.737525684,150468.0,93658.0,15003.0,150468.0,25500.0,9.857827102803737
Tai Po South -> Yau Tsim Mong North,13.313953488372093,19.302318072069767,86,1413.0,187.0,41403149.44,3.41278e-05,4.51656e-06,0.341278386,0.451656462,159024.0,32241.0,14539.0,159024.0,31700.0,1629.0,178.0,2165712.207,0.000752178,8.21901e-05,7.52177503,8.21900525,168265.0,97426.0,3002.0,168265.0,30700.0,12.534883720930232
Tai Po South -> Yau Tsim Mong South,17.146825396825395,21.623954720738094,252,1413.0,187.0,41403149.44,3.41278e-05,4.51656e-06,0.341278386,0.451656462,159024.0,32241.0,14539.0,159024.0,31700.0,3027.0,209.0,4824287.793,0.00062745,4.33225e-05,6.274501294,4.33224569,142382.0,65279.0,4418.0,142382.0,30700.0,15.817063492063493
Tai Po South -> Yuen Long Rural East,25.65837479270315,9.859244732414593,603,1413.0,187.0,41403149.44,3.41278e-05,4.51656e-06,0.341278386,0.451656462,159024.0,32241.0,14539.0,159024.0,31700.0,1696.0,306.0,83591131.06,2.02892e-05,3.66068e-06,0.202892338,0.366067543,170741.0,90494.0,72943.0,170741.0,30100.0,9.627363184079602
Tai Po South -> Yuen Long Town Centre,34.23684210526316,17.625217616026315,76,1413.0,187.0,41403149.44,3.41278e-05,4.51656e-06,0.341278386,0.451656462,159024.0,32241.0,14539.0,159024.0,31700.0,825.0,110.0,5113531.676,0.000161337,2.15116e-05,1.613366362,2.15115515,160142.0,65596.0,7135.0,160142.0,30100.0,11.557894736842105
Tin Shui Wai South and Ping Ha -> Central,9.168539325842696,35.59315355236236,356,1309.0,215.0,47324621.53,2.766e-05,4.54309e-06,0.276600205,0.454308969,153669.0,88248.5,22348.0,153669.0,30100.0,3406.0,432.0,8299264.499,0.000410398,5.20528e-05,4.10397813,5.205280541,110720.0,55452.0,6706.0,110720.0,42600.0,26.06629213483146
Tin Shui Wai South and Ping Ha -> Hong Wan,5.0,39.36573039,1,1309.0,215.0,47324621.53,2.766e-05,4.54309e-06,0.276600205,0.454308969,153669.0,88248.5,22348.0,153669.0,30100.0,1508.0,147.0,5131674.172,0.000293861,2.86456e-05,2.938612136,2.864562228,187331.0,78902.0,1332.0,187331.0,33800.0,28.2
Tin Shui Wai South and Ping Ha -> Islands,13.431592039800995,28.742215788159207,804,1309.0,215.0,47324621.53,2.766e-05,4.54309e-06,0.276600205,0.454308969,153669.0,88248.5,22348.0,153669.0,30100.0,4309.0,252.0,182280000.0,2.36395e-05,1.38249e-06,0.236394558,0.138248848,185282.0,93368.0,20858.0,185282.0,31500.0,18.928855721393035
Tin Shui Wai South and Ping Ha -> Kowloon City South,14.363636363636363,35.71759842559091,44,1309.0,215.0,47324621.53,2.766e-05,4.54309e-06,0.276600205,0.454308969,153669.0,88248.5,22348.0,153669.0,30100.0,1256.0,245.0,3082389.687,0.000407476,7.94838e-05,4.074760584,7.948378527,210304.0,96598.0,2009.0,210304.0,30700.0,6.527272727272727
Tin Shui Wai South and Ping Ha -> Kwai Chung East,15.239043824701195,25.84586604708765,251,1309.0,215.0,47324621.53,2.766e-05,4.54309e-06,0.276600205,0.454308969,153669.0,88248.5,22348.0,153669.0,30100.0,1199.0,144.0,5774688.358,0.00020763,2.49364e-05,2.076302522,2.49364106,161785.0,62396.0,2259.0,161785.0,26000.0,9.41553784860558
Tin Shui Wai South and Ping Ha -> Kwai Chung West,19.5,27.60109841958537,82,1309.0,215.0,47324621.53,2.766e-05,4.54309e-06,0.276600205,0.454308969,153669.0,88248.5,22348.0,153669.0,30100.0,1079.0,187.0,7109884.208,0.000151761,2.63014e-05,1.517605587,2.630141287,154432.0,86916.0,1358.0,154432.0,26000.0,8.947560975609756
Tin Shui Wai South and Ping Ha -> Kwun Tong Central,16.6123595505618,37.42607689543821,178,1309.0,215.0,47324621.53,2.766e-05,4.54309e-06,0.276600205,0.454308969,153669.0,88248.5,22348.0,153669.0,30100.0,1827.0,225.0,3044793.15,0.000600041,7.38966e-05,6.000407614,7.389664549,170206.0,106392.0,1421.0,170206.0,24000.0,16.530898876404493
Tin Shui Wai South and Ping Ha -> Kwun Tong North,19.56131458469588,35.67096332364921,6116,1309.0,215.0,47324621.53,2.766e-05,4.54309e-06,0.276600205,0.454308969,153669.0,88248.5,22348.0,153669.0,30100.0,1022.0,168.0,2334159.008,0.000437845,7.19745e-05,4.378450639,7.197453105,164725.0,58119.0,434.0,164725.0,24000.0,23.008567691301504
Tin Shui Wai South and Ping Ha -> Kwun Tong West,14.034246575342467,36.210831370767124,146,1309.0,215.0,47324621.53,2.766e-05,4.54309e-06,0.276600205,0.454308969,153669.0,88248.5,22348.0,153669.0,30100.0,1513.0,204.0,2719597.768,0.000556332,7.50111e-05,5.5633227,7.501109259,174878.0,55701.0,1073.0,174878.0,24000.0,16.267808219178082
Tin Shui Wai South and Ping Ha -> Sha Tin West,16.093333333333334,32.775627398906664,150,1309.0,215.0,47324621.53,2.766e-05,4.54309e-06,0.276600205,0.454308969,153669.0,88248.5,22348.0,153669.0,30100.0,1612.0,207.0,31506636.23,5.11638e-05,6.57004e-06,0.511638243,0.657004443,178575.0,106037.0,7389.0,178575.0,30500.0,10.385333333333334
Tin Shui Wai South and Ping Ha -> Sham Shui Po East,10.943037974683545,27.61154668720253,158,1309.0,215.0,47324621.53,2.766e-05,4.54309e-06,0.276600205,0.454308969,153669.0,88248.5,22348.0,153669.0,30100.0,1569.0,235.0,4642605.795,0.000337957,5.06181e-05,3.379567573,5.061812491,212957.0,126435.0,2477.0,212957.0,24100.0,10.820253164556961
Tin Shui Wai South and Ping Ha -> Sham Shui Po West,12.652542372881356,27.565060829466102,118,1309.0,215.0,47324621.53,2.766e-05,4.54309e-06,0.276600205,0.454308969,153669.0,88248.5,22348.0,153669.0,30100.0,1507.0,179.0,4717394.205,0.000319456,3.79447e-05,3.194560248,3.794467713,218133.0,77638.0,1616.0,218133.0,24100.0,8.335593220338984
Tin Shui Wai South and Ping Ha -> Southern District Northwest,28.155582672361195,37.52685567518554,1639,1309.0,215.0,47324621.53,2.766e-05,4.54309e-06,0.276600205,0.454308969,153669.0,88248.5,22348.0,153669.0,30100.0,1801.0,220.0,5182184.495,0.000347537,4.24531e-05,3.475368354,4.245313925,128849.0,67695.0,2855.0,128849.0,36000.0,26.55759609517999
Tin Shui Wai South and Ping Ha -> Tai Pak,5.589285714285714,33.21820036167857,56,1309.0,215.0,47324621.53,2.766e-05,4.54309e-06,0.276600205,0.454308969,153669.0,88248.5,22348.0,153669.0,30100.0,1821.0,178.0,3656419.948,0.000498028,4.86815e-05,4.98028133,4.868149789,173597.0,106141.0,1412.0,173597.0,33800.0,28.135714285714283
Tin Shui Wai South and Ping Ha -> Tai Po North,19.56298200514139,33.35326898256555,389,1309.0,215.0,47324621.53,2.766e-05,4.54309e-06,0.276600205,0.454308969,153669.0,88248.5,22348.0,153669.0,30100.0,1367.0,236.0,94726850.56,1.4431e-05,2.49137e-06,0.144309664,0.249137387,157446.0,125595.0,16400.0,157446.0,31700.0,17.30822622107969
Tin Shui Wai South and Ping Ha -> Tai Po South,13.304733727810651,26.16557954056509,338,1309.0,215.0,47324621.53,2.766e-05,4.54309e-06,0.276600205,0.454308969,153669.0,88248.5,22348.0,153669.0,30100.0,1413.0,187.0,41403149.44,3.41278e-05,4.51656e-06,0.341278386,0.451656462,159024.0,32241.0,14539.0,159024.0,31700.0,17.536390532544377
Tin Shui Wai South and Ping Ha -> Tin Shui Wai South and Ping Ha,7.646946564885496,5.106682854893448,3144,1309.0,215.0,47324621.53,2.766e-05,4.54309e-06,0.276600205,0.454308969,153669.0,88248.5,22348.0,153669.0,30100.0,1309.0,215.0,47324621.53,2.766e-05,4.54309e-06,0.276600205,0.454308969,153669.0,88248.5,22348.0,153669.0,30100.0,12.079834605597965
Tin Shui Wai South and Ping Ha -> Tsing Yi,24.4,30.779759786800003,5,1309.0,215.0,47324621.53,2.766e-05,4.54309e-06,0.276600205,0.454308969,153669.0,88248.5,22348.0,153669.0,30100.0,985.0,142.0,10455427.43,9.42094e-05,1.35815e-05,0.942094435,1.358146292,179581.0,84461.0,2054.0,179581.0,26000.0,7.2
Tin Shui Wai South and Ping Ha -> Tsuen Wan Northwest,35.64244741873805,21.940889227313576,523,1309.0,215.0,47324621.53,2.766e-05,4.54309e-06,0.276600205,0.454308969,153669.0,88248.5,22348.0,153669.0,30100.0,1403.0,103.0,44481122.31,3.15415e-05,2.31559e-06,0.315414703,0.231558906,156114.0,73570.0,4949.0,156114.0,34400.0,10.194455066921606
Tin Shui Wai South and Ping Ha -> Tsuen Wan Southeast,18.337078651685392,24.299843651106745,178,1309.0,215.0,47324621.53,2.766e-05,4.54309e-06,0.276600205,0.454308969,153669.0,88248.5,22348.0,153669.0,30100.0,991.0,128.0,17438877.69,5.68271e-05,7.33992e-06,0.568270515,0.733992189,163980.0,90229.0,4243.0,163980.0,34400.0,10.565730337078652
Tin Shui Wai South and Ping Ha -> Tuen Mun East,19.5,10.859519181511041,634,1309.0,215.0,47324621.53,2.766e-05,4.54309e-06,0.276600205,0.454308969,153669.0,88248.5,22348.0,153669.0,30100.0,1510.0,113.0,33427312.32,4.51726e-05,3.38047e-06,0.451726416,0.338046921,168080.0,59671.0,6093.0,168080.0,26500.0,14.433280757097792
Tin Shui Wai South and Ping Ha -> Tuen Mun North,13.432432432432432,6.402166404724816,407,1309.0,215.0,47324621.53,2.766e-05,4.54309e-06,0.276600205,0.454308969,153669.0,88248.5,22348.0,153669.0,30100.0,780.0,109.0,18692705.38,4.17275e-05,5.83115e-06,0.417275073,0.583115166,170790.0,104074.0,10271.0,170790.0,26500.0,15.09017199017199
Tin Shui Wai South and Ping Ha -> Tuen Mun West,9.539130434782608,13.684478437513043,115,1309.0,215.0,47324621.53,2.766e-05,4.54309e-06,0.276600205,0.454308969,153669.0,88248.5,22348.0,153669.0,30100.0,587.0,86.0,33729982.3,1.74029e-05,2.54966e-06,0.174029146,0.25496604,168009.0,83305.0,3482.0,168009.0,26500.0,20.714782608695653
Tin Shui Wai South and Ping Ha -> Wan Chai,11.05982905982906,37.35112783338034,234,1309.0,215.0,47324621.53,2.766e-05,4.54309e-06,0.276600205,0.454308969,153669.0,88248.5,22348.0,153669.0,30100.0,3357.0,430.0,10560000.0,0.000317898,4.07197e-05,3.178977273,4.071969697,166695.0,92238.0,4550.0,166695.0,40500.0,27.065384615384616
Tin Shui Wai South and Ping Ha -> Wong Tai Sin East,11.810679611650485,33.12382646763592,206,1309.0,215.0,47324621.53,2.766e-05,4.54309e-06,0.276600205,0.454308969,153669.0,88248.5,22348.0,153669.0,30100.0,1475.0,207.0,4613986.574,0.00031968,4.48636e-05,3.196801673,4.486358958,188218.0,127397.0,1185.0,188218.0,25100.0,15.319417475728157
Tin Shui Wai South and Ping Ha -> Wong Tai Sin West,8.970588235294118,31.50009815408824,34,1309.0,215.0,47324621.53,2.766e-05,4.54309e-06,0.276600205,0.454308969,153669.0,88248.5,22348.0,153669.0,30100.0,896.0,223.0,4688620.344,0.000191101,4.7562e-05,1.911009922,4.75619657,218584.0,65217.0,844.0,218584.0,25100.0,14.33529411764706
Tin Shui Wai South and Ping Ha -> Wu Tip Shan,17.5,21.323724921944446,18,1309.0,215.0,47324621.53,2.766e-05,4.54309e-06,0.276600205,0.454308969,153669.0,88248.5,22348.0,153669.0,30100.0,1448.0,161.0,21829748.23,6.63315e-05,7.37526e-06,0.663315025,0.737525684,150468.0,93658.0,15003.0,150468.0,25500.0,10.5
Tin Shui Wai South and Ping Ha -> Yau Tsim Mong North,17.355828220858896,30.02483299392638,163,1309.0,215.0,47324621.53,2.766e-05,4.54309e-06,0.276600205,0.454308969,153669.0,88248.5,22348.0,153669.0,30100.0,1629.0,178.0,2165712.207,0.000752178,8.21901e-05,7.52177503,8.21900525,168265.0,97426.0,3002.0,168265.0,30700.0,7.720245398773005
Tin Shui Wai South and Ping Ha -> Yau Tsim Mong South,11.20053475935829,30.428066166010694,374,1309.0,215.0,47324621.53,2.766e-05,4.54309e-06,0.276600205,0.454308969,153669.0,88248.5,22348.0,153669.0,30100.0,3027.0,209.0,4824287.793,0.00062745,4.33225e-05,6.274501294,4.33224569,142382.0,65279.0,4418.0,142382.0,30700.0,13.708021390374332
Tin Shui Wai South and Ping Ha -> Yuen Long Rural East,8.376586741889986,11.353439478667138,709,1309.0,215.0,47324621.53,2.766e-05,4.54309e-06,0.276600205,0.454308969,153669.0,88248.5,22348.0,153669.0,30100.0,1696.0,306.0,83591131.06,2.02892e-05,3.66068e-06,0.202892338,0.366067543,170741.0,90494.0,72943.0,170741.0,30100.0,13.479548660084626
Tin Shui Wai South and Ping Ha -> Yuen Long Town Centre,10.583732057416269,5.818727845866029,1045,1309.0,215.0,47324621.53,2.766e-05,4.54309e-06,0.276600205,0.454308969,153669.0,88248.5,22348.0,153669.0,30100.0,825.0,110.0,5113531.676,0.000161337,2.15116e-05,1.613366362,2.15115515,160142.0,65596.0,7135.0,160142.0,30100.0,10.056555023923446
Tseung Kwan O North -> Central,22.520408163265305,17.97921548060204,98,776.0,108.0,1580069.556,0.000491118,6.83514e-05,4.911176202,6.835142137,158568.0,98589.0,444.0,158568.0,40400.0,3406.0,432.0,8299264.499,0.000410398,5.20528e-05,4.10397813,5.205280541,110720.0,55452.0,6706.0,110720.0,42600.0,23.03469387755102
Tseung Kwan O North -> Chai Wan,20.0,14.178675818232323,99,776.0,108.0,1580069.556,0.000491118,6.83514e-05,4.911176202,6.835142137,158568.0,98589.0,444.0,158568.0,40400.0,1483.0,185.0,9201905.88,0.000161162,2.01045e-05,1.611622657,2.010453078,168675.0,84793.0,1280.0,168675.0,33800.0,17.8
Tseung Kwan O North -> Hong Wan,13.0,11.880430746254547,55,776.0,108.0,1580069.556,0.000491118,6.83514e-05,4.911176202,6.835142137,158568.0,98589.0,444.0,158568.0,40400.0,1508.0,147.0,5131674.172,0.000293861,2.86456e-05,2.938612136,2.864562228,187331.0,78902.0,1332.0,187331.0,33800.0,17.8
Tseung Kwan O North -> Islands,9.5,35.99747534783334,6,776.0,108.0,1580069.556,0.000491118,6.83514e-05,4.911176202,6.835142137,158568.0,98589.0,444.0,158568.0,40400.0,4309.0,252.0,182280000.0,2.36395e-05,1.38249e-06,0.236394558,0.138248848,185282.0,93368.0,20858.0,185282.0,31500.0,28.5
Tseung Kwan O North -> Kowloon City North,12.891304347826088,12.17019920984058,276,776.0,108.0,1580069.556,0.000491118,6.83514e-05,4.911176202,6.835142137,158568.0,98589.0,444.0,158568.0,40400.0,2184.0,369.0,6927610.313,0.00031526,5.32651e-05,3.15260227,5.326512077,200330.0,107366.0,3726.0,200330.0,30700.0,8.410869565217391
Tseung Kwan O North -> Kowloon City South,12.637931034482758,13.337103336867814,174,776.0,108.0,1580069.556,0.000491118,6.83514e-05,4.911176202,6.835142137,158568.0,98589.0,444.0,158568.0,40400.0,1256.0,245.0,3082389.687,0.000407476,7.94838e-05,4.074760584,7.948378527,210304.0,96598.0,2009.0,210304.0,30700.0,7.001149425287356
Tseung Kwan O North -> Kwai Chung East,23.666666666666668,23.390122143095237,21,776.0,108.0,1580069.556,0.000491118,6.83514e-05,4.911176202,6.835142137,158568.0,98589.0,444.0,158568.0,40400.0,1199.0,144.0,5774688.358,0.00020763,2.49364e-05,2.076302522,2.49364106,161785.0,62396.0,2259.0,161785.0,26000.0,10.866666666666665
Tseung Kwan O North -> Kwai Chung West,24.916666666666668,24.096015712261902,84,776.0,108.0,1580069.556,0.000491118,6.83514e-05,4.911176202,6.835142137,158568.0,98589.0,444.0,158568.0,40400.0,1079.0,187.0,7109884.208,0.000151761,2.63014e-05,1.517605587,2.630141287,154432.0,86916.0,1358.0,154432.0,26000.0,10.866666666666665
Tseung Kwan O North -> Kwun Tong Central,11.901492537313432,8.465417742122389,335,776.0,108.0,1580069.556,0.000491118,6.83514e-05,4.911176202,6.835142137,158568.0,98589.0,444.0,158568.0,40400.0,1827.0,225.0,3044793.15,0.000600041,7.38966e-05,6.000407614,7.389664549,170206.0,106392.0,1421.0,170206.0,24000.0,10.744179104477613
Tseung Kwan O North -> Kwun Tong North,9.56262425447316,7.061843642596421,503,776.0,108.0,1580069.556,0.000491118,6.83514e-05,4.911176202,6.835142137,158568.0,98589.0,444.0,158568.0,40400.0,1022.0,168.0,2334159.008,0.000437845,7.19745e-05,4.378450639,7.197453105,164725.0,58119.0,434.0,164725.0,24000.0,11.495228628230617
Tseung Kwan O North -> Kwun Tong Southeast,8.657894736842104,7.884714006085526,152,776.0,108.0,1580069.556,0.000491118,6.83514e-05,4.911176202,6.835142137,158568.0,98589.0,444.0,158568.0,40400.0,942.0,117.0,3181450.074,0.000296091,3.67757e-05,2.96091398,3.677568319,163357.0,92725.0,1534.0,163357.0,24000.0,17.60855263157895
Tseung Kwan O North -> Kwun Tong West,15.313084112149532,10.275380188238318,214,776.0,108.0,1580069.556,0.000491118,6.83514e-05,4.911176202,6.835142137,158568.0,98589.0,444.0,158568.0,40400.0,1513.0,204.0,2719597.768,0.000556332,7.50111e-05,5.5633227,7.501109259,174878.0,55701.0,1073.0,174878.0,24000.0,11.078504672897196
Tseung Kwan O North -> Sai Kung and Hang Hau,10.746812386156648,6.372745013523679,1098,776.0,108.0,1580069.556,0.000491118,6.83514e-05,4.911176202,6.835142137,158568.0,98589.0,444.0,158568.0,40400.0,1722.0,307.0,129680000.0,1.32788e-05,2.36737e-06,0.132788402,0.236736582,157505.0,75963.0,22406.0,157505.0,40400.0,9.146812386156649
Tseung Kwan O North -> Sha Tin East,6.326923076923077,15.72404783126923,52,776.0,108.0,1580069.556,0.000491118,6.83514e-05,4.911176202,6.835142137,158568.0,98589.0,444.0,158568.0,40400.0,1790.0,208.0,24843458.54,7.20512e-05,8.37243e-06,0.720511597,0.837242527,169545.0,70694.25,3266.0,169545.0,30500.0,10.463461538461539
Tseung Kwan O North -> Sha Tin North,11.9,22.144132222425,40,776.0,108.0,1580069.556,0.000491118,6.83514e-05,4.911176202,6.835142137,158568.0,98589.0,444.0,158568.0,40400.0,1053.0,129.0,2824329.844,0.000372832,4.56746e-05,3.728318072,4.567455188,172770.0,105017.0,1312.0,172770.0,30500.0,9.2
Tseung Kwan O North -> Sha Tin South,6.352941176470588,16.668644887411766,17,776.0,108.0,1580069.556,0.000491118,6.83514e-05,4.911176202,6.835142137,158568.0,98589.0,444.0,158568.0,40400.0,1099.0,152.0,9545575.388,0.000115132,1.59236e-05,1.151318758,1.592360794,171916.0,58856.75,2705.0,171916.0,30500.0,13.1
Tseung Kwan O North -> Sha Tin West,9.977272727272727,20.059904228602274,88,776.0,108.0,1580069.556,0.000491118,6.83514e-05,4.911176202,6.835142137,158568.0,98589.0,444.0,158568.0,40400.0,1612.0,207.0,31506636.23,5.11638e-05,6.57004e-06,0.511638243,0.657004443,178575.0,106037.0,7389.0,178575.0,30500.0,12.622727272727273
Tseung Kwan O North -> Sham Shui Po East,19.456989247311828,18.83527726147312,186,776.0,108.0,1580069.556,0.000491118,6.83514e-05,4.911176202,6.835142137,158568.0,98589.0,444.0,158568.0,40400.0,1569.0,235.0,4642605.795,0.000337957,5.06181e-05,3.379567573,5.061812491,212957.0,126435.0,2477.0,212957.0,24100.0,12.823118279569892
Tseung Kwan O North -> Sham Shui Po West,21.747899159663866,18.214446986445378,119,776.0,108.0,1580069.556,0.000491118,6.83514e-05,4.911176202,6.835142137,158568.0,98589.0,444.0,158568.0,40400.0,1507.0,179.0,4717394.205,0.000319456,3.79447e-05,3.194560248,3.794467713,218133.0,77638.0,1616.0,218133.0,24100.0,9.421848739495799
Tseung Kwan O North -> Southern District Northwest,29.028440588093517,25.265074570061316,4149,776.0,108.0,1580069.556,0.000491118,6.83514e-05,4.911176202,6.835142137,158568.0,98589.0,444.0,158568.0,40400.0,1801.0,220.0,5182184.495,0.000347537,4.24531e-05,3.475368354,4.245313925,128849.0,67695.0,2855.0,128849.0,36000.0,26.012774162448782
Tseung Kwan O North -> Tai Pak,12.989247311827956,12.857575781580646,93,776.0,108.0,1580069.556,0.000491118,6.83514e-05,4.911176202,6.835142137,158568.0,98589.0,444.0,158568.0,40400.0,1821.0,178.0,3656419.948,0.000498028,4.86815e-05,4.98028133,4.868149789,173597.0,106141.0,1412.0,173597.0,33800.0,22.39677419354839
Tseung Kwan O North -> Tai Po North,26.88888888888889,34.26248883588889,27,776.0,108.0,1580069.556,0.000491118,6.83514e-05,4.911176202,6.835142137,158568.0,98589.0,444.0,158568.0,40400.0,1367.0,236.0,94726850.56,1.4431e-05,2.49137e-06,0.144309664,0.249137387,157446.0,125595.0,16400.0,157446.0,31700.0,10.3
Tseung Kwan O North -> Tai Po South,18.625,29.443614732166665,24,776.0,108.0,1580069.556,0.000491118,6.83514e-05,4.911176202,6.835142137,158568.0,98589.0,444.0,158568.0,40400.0,1413.0,187.0,41403149.44,3.41278e-05,4.51656e-06,0.341278386,0.451656462,159024.0,32241.0,14539.0,159024.0,31700.0,10.3
Tseung Kwan O North -> Tseung Kwan O North,7.687022900763359,4.6934661055152676,524,776.0,108.0,1580069.556,0.000491118,6.83514e-05,4.911176202,6.835142137,158568.0,98589.0,444.0,158568.0,40400.0,776.0,108.0,1580069.556,0.000491118,6.83514e-05,4.911176202,6.835142137,158568.0,98589.0,444.0,158568.0,40400.0,9.006106870229008
Tseung Kwan O North -> Tseung Kwan O South,6.905405405405405,4.049278165432432,222,776.0,108.0,1580069.556,0.000491118,6.83514e-05,4.911176202,6.835142137,158568.0,98589.0,444.0,158568.0,40400.0,517.0,59.0,3125142.442,0.000165432,1.88791e-05,1.654324594,1.887913946,172964.0,98736.0,735.0,172964.0,40400.0,14.456306306306308
Tseung Kwan O North -> Tsing Yi,19.0,27.745561130083335,72,776.0,108.0,1580069.556,0.000491118,6.83514e-05,4.911176202,6.835142137,158568.0,98589.0,444.0,158568.0,40400.0,985.0,142.0,10455427.43,9.42094e-05,1.35815e-05,0.942094435,1.358146292,179581.0,84461.0,2054.0,179581.0,26000.0,14.699999999999998
Tseung Kwan O North -> Tsuen Wan Northwest,30.5,28.773585870375,8,776.0,108.0,1580069.556,0.000491118,6.83514e-05,4.911176202,6.835142137,158568.0,98589.0,444.0,158568.0,40400.0,1403.0,103.0,44481122.31,3.15415e-05,2.31559e-06,0.315414703,0.231558906,156114.0,73570.0,4949.0,156114.0,34400.0,21.9375
Tseung Kwan O North -> Tsuen Wan Southeast,28.166666666666668,26.27613325792857,42,776.0,108.0,1580069.556,0.000491118,6.83514e-05,4.911176202,6.835142137,158568.0,98589.0,444.0,158568.0,40400.0,991.0,128.0,17438877.69,5.68271e-05,7.33992e-06,0.568270515,0.733992189,163980.0,90229.0,4243.0,163980.0,34400.0,10.866666666666665
Tseung Kwan O North -> Tuen Mun West,19.46969696969697,32.12208459344817,198,776.0,108.0,1580069.556,0.000491118,6.83514e-05,4.911176202,6.835142137,158568.0,98589.0,444.0,158568.0,40400.0,587.0,86.0,33729982.3,1.74029e-05,2.54966e-06,0.174029146,0.25496604,168009.0,83305.0,3482.0,168009.0,26500.0,27.235858585858583
Tseung Kwan O North -> Wan Chai,16.801470588235293,15.008621960588235,136,776.0,108.0,1580069.556,0.000491118,6.83514e-05,4.911176202,6.835142137,158568.0,98589.0,444.0,158568.0,40400.0,3357.0,430.0,10560000.0,0.000317898,4.07197e-05,3.178977273,4.071969697,166695.0,92238.0,4550.0,166695.0,40500.0,21.572058823529414
Tseung Kwan O North -> Wong Tai Sin East,17.333333333333332,13.474423649652483,141,776.0,108.0,1580069.556,0.000491118,6.83514e-05,4.911176202,6.835142137,158568.0,98589.0,444.0,158568.0,40400.0,1475.0,207.0,4613986.574,0.00031968,4.48636e-05,3.196801673,4.486358958,188218.0,127397.0,1185.0,188218.0,25100.0,17.78014184397163
Tseung Kwan O North -> Wong Tai Sin West,19.766666666666666,15.126343804216667,60,776.0,108.0,1580069.556,0.000491118,6.83514e-05,4.911176202,6.835142137,158568.0,98589.0,444.0,158568.0,40400.0,896.0,223.0,4688620.344,0.000191101,4.7562e-05,1.911009922,4.75619657,218584.0,65217.0,844.0,218584.0,25100.0,18.825
Tseung Kwan O North -> Yau Tsim Mong North,20.989247311827956,15.996023565747313,186,776.0,108.0,1580069.556,0.000491118,6.83514e-05,4.911176202,6.835142137,158568.0,98589.0,444.0,158568.0,40400.0,1629.0,178.0,2165712.207,0.000752178,8.21901e-05,7.52177503,8.21900525,168265.0,97426.0,3002.0,168265.0,30700.0,9.544086021505377
Tseung Kwan O North -> Yau Tsim Mong South,11.57919621749409,14.400811440096927,423,776.0,108.0,1580069.556,0.000491118,6.83514e-05,4.911176202,6.835142137,158568.0,98589.0,444.0,158568.0,40400.0,3027.0,209.0,4824287.793,0.00062745,4.33225e-05,6.274501294,4.33224569,142382.0,65279.0,4418.0,142382.0,30700.0,7.09645390070922
Tseung Kwan O South -> Central,34.0,22.967778955916668,24,517.0,59.0,3125142.442,0.000165432,1.88791e-05,1.654324594,1.887913946,172964.0,98736.0,735.0,172964.0,40400.0,3406.0,432.0,8299264.499,0.000410398,5.20528e-05,4.10397813,5.205280541,110720.0,55452.0,6706.0,110720.0,42600.0,27.3
Tseung Kwan O South -> Chai Wan,25.7,18.95134128117778,90,517.0,59.0,3125142.442,0.000165432,1.88791e-05,1.654324594,1.887913946,172964.0,98736.0,735.0,172964.0,40400.0,1483.0,185.0,9201905.88,0.000161162,2.01045e-05,1.611622657,2.010453078,168675.0,84793.0,1280.0,168675.0,33800.0,17.8
Tseung Kwan O South -> Hong Wan,18.7,16.6530962092,50,517.0,59.0,3125142.442,0.000165432,1.88791e-05,1.654324594,1.887913946,172964.0,98736.0,735.0,172964.0,40400.0,1508.0,147.0,5131674.172,0.000293861,2.86456e-05,2.938612136,2.864562228,187331.0,78902.0,1332.0,187331.0,33800.0,17.8
Tseung Kwan O South -> Islands,9.0,38.944693802,1,517.0,59.0,3125142.442,0.000165432,1.88791e-05,1.654324594,1.887913946,172964.0,98736.0,735.0,172964.0,40400.0,4309.0,252.0,182280000.0,2.36395e-05,1.38249e-06,0.236394558,0.138248848,185282.0,93368.0,20858.0,185282.0,31500.0,24.8
Tseung Kwan O South -> Kowloon City North,12.242524916943522,13.486955000385382,301,517.0,59.0,3125142.442,0.000165432,1.88791e-05,1.654324594,1.887913946,172964.0,98736.0,735.0,172964.0,40400.0,2184.0,369.0,6927610.313,0.00031526,5.32651e-05,3.15260227,5.326512077,200330.0,107366.0,3726.0,200330.0,30700.0,10.575415282392028
Tseung Kwan O South -> Kowloon City South,15.173553719008265,15.1568636807438,121,517.0,59.0,3125142.442,0.000165432,1.88791e-05,1.654324594,1.887913946,172964.0,98736.0,735.0,172964.0,40400.0,1256.0,245.0,3082389.687,0.000407476,7.94838e-05,4.074760584,7.948378527,210304.0,96598.0,2009.0,210304.0,30700.0,10.522314049586777
Tseung Kwan O South -> Kwai Chung East,22.65,25.07270440145,20,517.0,59.0,3125142.442,0.000165432,1.88791e-05,1.654324594,1.887913946,172964.0,98736.0,735.0,172964.0,40400.0,1199.0,144.0,5774688.358,0.00020763,2.49364e-05,2.076302522,2.49364106,161785.0,62396.0,2259.0,161785.0,26000.0,11.305
Tseung Kwan O South -> Kwai Chung West,23.9,25.917192407150004,80,517.0,59.0,3125142.442,0.000165432,1.88791e-05,1.654324594,1.887913946,172964.0,98736.0,735.0,172964.0,40400.0,1079.0,187.0,7109884.208,0.000151761,2.63014e-05,1.517605587,2.630141287,154432.0,86916.0,1358.0,154432.0,26000.0,11.305
Tseung Kwan O South -> Kwun Tong Central,11.334975369458128,9.421933488581281,203,517.0,59.0,3125142.442,0.000165432,1.88791e-05,1.654324594,1.887913946,172964.0,98736.0,735.0,172964.0,40400.0,1827.0,225.0,3044793.15,0.000600041,7.38966e-05,6.000407614,7.389664549,170206.0,106392.0,1421.0,170206.0,24000.0,15.252709359605912
Tseung Kwan O South -> Kwun Tong North,12.047619047619047,9.579891215772893,273,517.0,59.0,3125142.442,0.000165432,1.88791e-05,1.654324594,1.887913946,172964.0,98736.0,735.0,172964.0,40400.0,1022.0,168.0,2334159.008,0.000437845,7.19745e-05,4.378450639,7.197453105,164725.0,58119.0,434.0,164725.0,24000.0,13.700366300366301
Tseung Kwan O South -> Kwun Tong Southeast,12.298507462686567,9.42663660374627,67,517.0,59.0,3125142.442,0.000165432,1.88791e-05,1.654324594,1.887913946,172964.0,98736.0,735.0,172964.0,40400.0,942.0,117.0,3181450.074,0.000296091,3.67757e-05,2.96091398,3.677568319,163357.0,92725.0,1534.0,163357.0,24000.0,16.37014925373134
Tseung Kwan O South -> Kwun Tong West,13.59322033898305,11.627464897209038,177,517.0,59.0,3125142.442,0.000165432,1.88791e-05,1.654324594,1.887913946,172964.0,98736.0,735.0,172964.0,40400.0,1513.0,204.0,2719597.768,0.000556332,7.50111e-05,5.5633227,7.501109259,174878.0,55701.0,1073.0,174878.0,24000.0,13.883050847457628
Tseung Kwan O South -> Sai Kung and Hang Hau,11.319949811794228,7.5093999271530745,797,517.0,59.0,3125142.442,0.000165432,1.88791e-05,1.654324594,1.887913946,172964.0,98736.0,735.0,172964.0,40400.0,1722.0,307.0,129680000.0,1.32788e-05,2.36737e-06,0.132788402,0.236736582,157505.0,75963.0,22406.0,157505.0,40400.0,8.86624843161857
Tseung Kwan O South -> Sha Tin East,9.709677419354838,18.50376316912903,62,517.0,59.0,3125142.442,0.000165432,1.88791e-05,1.654324594,1.887913946,172964.0,98736.0,735.0,172964.0,40400.0,1790.0,208.0,24843458.54,7.20512e-05,8.37243e-06,0.720511597,0.837242527,169545.0,70694.25,3266.0,169545.0,30500.0,9.648387096774192
Tseung Kwan O South -> Sha Tin South,8.75,19.60171486925,8,517.0,59.0,3125142.442,0.000165432,1.88791e-05,1.654324594,1.887913946,172964.0,98736.0,735.0,172964.0,40400.0,1099.0,152.0,9545575.388,0.000115132,1.59236e-05,1.151318758,1.592360794,171916.0,58856.75,2705.0,171916.0,30500.0,13.1
Tseung Kwan O South -> Sha Tin West,9.783333333333333,20.65138631103333,60,517.0,59.0,3125142.442,0.000165432,1.88791e-05,1.654324594,1.887913946,172964.0,98736.0,735.0,172964.0,40400.0,1612.0,207.0,31506636.23,5.11638e-05,6.57004e-06,0.511638243,0.657004443,178575.0,106037.0,7389.0,178575.0,30500.0,12.166666666666666
Tseung Kwan O South -> Sham Shui Po East,19.474285714285713,19.38827760144,175,517.0,59.0,3125142.442,0.000165432,1.88791e-05,1.654324594,1.887913946,172964.0,98736.0,735.0,172964.0,40400.0,1569.0,235.0,4642605.795,0.000337957,5.06181e-05,3.379567573,5.061812491,212957.0,126435.0,2477.0,212957.0,24100.0,13.32342857142857
Tseung Kwan O South -> Sham Shui Po West,20.347368421052632,18.704413689705262,95,517.0,59.0,3125142.442,0.000165432,1.88791e-05,1.654324594,1.887913946,172964.0,98736.0,735.0,172964.0,40400.0,1507.0,179.0,4717394.205,0.000319456,3.79447e-05,3.194560248,3.794467713,218133.0,77638.0,1616.0,218133.0,24100.0,9.389473684210527
Tseung Kwan O South -> Southern District Northwest,31.251986754966886,28.35115620588689,3020,517.0,59.0,3125142.442,0.000165432,1.88791e-05,1.654324594,1.887913946,172964.0,98736.0,735.0,172964.0,40400.0,1801.0,220.0,5182184.495,0.000347537,4.24531e-05,3.475368354,4.245313925,128849.0,67695.0,2855.0,128849.0,36000.0,23.816423841059606
Tseung Kwan O South -> Tai Pak,15.75,16.244727424589286,56,517.0,59.0,3125142.442,0.000165432,1.88791e-05,1.654324594,1.887913946,172964.0,98736.0,735.0,172964.0,40400.0,1821.0,178.0,3656419.948,0.000498028,4.86815e-05,4.98028133,4.868149789,173597.0,106141.0,1412.0,173597.0,33800.0,21.192857142857143
Tseung Kwan O South -> Tai Po North,22.63888888888889,30.303894766222225,36,517.0,59.0,3125142.442,0.000165432,1.88791e-05,1.654324594,1.887913946,172964.0,98736.0,735.0,172964.0,40400.0,1367.0,236.0,94726850.56,1.4431e-05,2.49137e-06,0.144309664,0.249137387,157446.0,125595.0,16400.0,157446.0,31700.0,10.3
Tseung Kwan O South -> Tai Po South,14.375,25.4850206625,32,517.0,59.0,3125142.442,0.000165432,1.88791e-05,1.654324594,1.887913946,172964.0,98736.0,735.0,172964.0,40400.0,1413.0,187.0,41403149.44,3.41278e-05,4.51656e-06,0.341278386,0.451656462,159024.0,32241.0,14539.0,159024.0,31700.0,10.3
Tseung Kwan O South -> Tseung Kwan O North,7.493112947658402,4.390410099024794,363,517.0,59.0,3125142.442,0.000165432,1.88791e-05,1.654324594,1.887913946,172964.0,98736.0,735.0,172964.0,40400.0,776.0,108.0,1580069.556,0.000491118,6.83514e-05,4.911176202,6.835142137,158568.0,98589.0,444.0,158568.0,40400.0,12.08732782369146
Tseung Kwan O South -> Tseung Kwan O South,12.900414937759336,10.809727436327801,241,517.0,59.0,3125142.442,0.000165432,1.88791e-05,1.654324594,1.887913946,172964.0,98736.0,735.0,172964.0,40400.0,517.0,59.0,3125142.442,0.000165432,1.88791e-05,1.654324594,1.887913946,172964.0,98736.0,735.0,172964.0,40400.0,12.828215767634857
Tseung Kwan O South -> Tsuen Wan Northwest,30.153846153846153,31.21345471907692,13,517.0,59.0,3125142.442,0.000165432,1.88791e-05,1.654324594,1.887913946,172964.0,98736.0,735.0,172964.0,40400.0,1403.0,103.0,44481122.31,3.15415e-05,2.31559e-06,0.315414703,0.231558906,156114.0,73570.0,4949.0,156114.0,34400.0,14.276923076923076
Tseung Kwan O South -> Tsuen Wan Southeast,27.15,28.052455818149998,40,517.0,59.0,3125142.442,0.000165432,1.88791e-05,1.654324594,1.887913946,172964.0,98736.0,735.0,172964.0,40400.0,991.0,128.0,17438877.69,5.68271e-05,7.33992e-06,0.568270515,0.733992189,163980.0,90229.0,4243.0,163980.0,34400.0,11.305
Tseung Kwan O South -> Tuen Mun West,17.364522417153996,35.53923599799805,513,517.0,59.0,3125142.442,0.000165432,1.88791e-05,1.654324594,1.887913946,172964.0,98736.0,735.0,172964.0,40400.0,587.0,86.0,33729982.3,1.74029e-05,2.54966e-06,0.174029146,0.25496604,168009.0,83305.0,3482.0,168009.0,26500.0,27.69044834307992
Tseung Kwan O South -> Wan Chai,28.0,20.392366897749998,24,517.0,59.0,3125142.442,0.000165432,1.88791e-05,1.654324594,1.887913946,172964.0,98736.0,735.0,172964.0,40400.0,3357.0,430.0,10560000.0,0.000317898,4.07197e-05,3.178977273,4.071969697,166695.0,92238.0,4550.0,166695.0,40500.0,27.3
Tseung Kwan O South -> Wong Tai Sin East,15.95,13.826162710557142,140,517.0,59.0,3125142.442,0.000165432,1.88791e-05,1.654324594,1.887913946,172964.0,98736.0,735.0,172964.0,40400.0,1475.0,207.0,4613986.574,0.00031968,4.48636e-05,3.196801673,4.486358958,188218.0,127397.0,1185.0,188218.0,25100.0,20.162142857142857
Tseung Kwan O South -> Wong Tai Sin West,22.55128205128205,16.877211748833336,78,517.0,59.0,3125142.442,0.000165432,1.88791e-05,1.654324594,1.887913946,172964.0,98736.0,735.0,172964.0,40400.0,896.0,223.0,4688620.344,0.000191101,4.7562e-05,1.911009922,4.75619657,218584.0,65217.0,844.0,218584.0,25100.0,20.856410256410257
Tseung Kwan O South -> Yau Tsim Mong North,18.87272727272727,16.484969340945455,110,517.0,59.0,3125142.442,0.000165432,1.88791e-05,1.654324594,1.887913946,172964.0,98736.0,735.0,172964.0,40400.0,1629.0,178.0,2165712.207,0.000752178,8.21901e-05,7.52177503,8.21900525,168265.0,97426.0,3002.0,168265.0,30700.0,11.120000000000001
Tseung Kwan O South -> Yau Tsim Mong South,13.54632587859425,16.01099535211821,313,517.0,59.0,3125142.442,0.000165432,1.88791e-05,1.654324594,1.887913946,172964.0,98736.0,735.0,172964.0,40400.0,3027.0,209.0,4824287.793,0.00062745,4.33225e-05,6.274501294,4.33224569,142382.0,65279.0,4418.0,142382.0,30700.0,13.417891373801918
Tsing Yi -> Central,9.395061728395062,15.390319175053499,243,985.0,142.0,10455427.43,9.42094e-05,1.35815e-05,0.942094435,1.358146292,179581.0,84461.0,2054.0,179581.0,26000.0,3406.0,432.0,8299264.499,0.000410398,5.20528e-05,4.10397813,5.205280541,110720.0,55452.0,6706.0,110720.0,42600.0,20.8
Tsing Yi -> Hong Wan,11.5,22.422410356088236,34,985.0,142.0,10455427.43,9.42094e-05,1.35815e-05,0.942094435,1.358146292,179581.0,84461.0,2054.0,179581.0,26000.0,1508.0,147.0,5131674.172,0.000293861,2.86456e-05,2.938612136,2.864562228,187331.0,78902.0,1332.0,187331.0,33800.0,24.4
Tsing Yi -> Islands,10.155440414507773,24.044992518423143,579,985.0,142.0,10455427.43,9.42094e-05,1.35815e-05,0.942094435,1.358146292,179581.0,84461.0,2054.0,179581.0,26000.0,4309.0,252.0,182280000.0,2.36395e-05,1.38249e-06,0.236394558,0.138248848,185282.0,93368.0,20858.0,185282.0,31500.0,15.908290155440413
Tsing Yi -> Kowloon City North,27.571428571428573,14.998591278142857,63,985.0,142.0,10455427.43,9.42094e-05,1.35815e-05,0.942094435,1.358146292,179581.0,84461.0,2054.0,179581.0,26000.0,2184.0,369.0,6927610.313,0.00031526,5.32651e-05,3.15260227,5.326512077,200330.0,107366.0,3726.0,200330.0,30700.0,9.771428571428572
Tsing Yi -> Kowloon City South,15.938775510204081,14.978115068312928,147,985.0,142.0,10455427.43,9.42094e-05,1.35815e-05,0.942094435,1.358146292,179581.0,84461.0,2054.0,179581.0,26000.0,1256.0,245.0,3082389.687,0.000407476,7.94838e-05,4.074760584,7.948378527,210304.0,96598.0,2009.0,210304.0,30700.0,10.659183673469387
Tsing Yi -> Kwai Chung East,9.509473684210526,6.089958581134737,475,985.0,142.0,10455427.43,9.42094e-05,1.35815e-05,0.942094435,1.358146292,179581.0,84461.0,2054.0,179581.0,26000.0,1199.0,144.0,5774688.358,0.00020763,2.49364e-05,2.076302522,2.49364106,161785.0,62396.0,2259.0,161785.0,26000.0,7.930947368421053
Tsing Yi -> Kwai Chung West,9.780663780663781,5.542978803233766,693,985.0,142.0,10455427.43,9.42094e-05,1.35815e-05,0.942094435,1.358146292,179581.0,84461.0,2054.0,179581.0,26000.0,1079.0,187.0,7109884.208,0.000151761,2.63014e-05,1.517605587,2.630141287,154432.0,86916.0,1358.0,154432.0,26000.0,9.040115440115441
Tsing Yi -> Kwun Tong Central,19.23076923076923,19.49744279205128,195,985.0,142.0,10455427.43,9.42094e-05,1.35815e-05,0.942094435,1.358146292,179581.0,84461.0,2054.0,179581.0,26000.0,1827.0,225.0,3044793.15,0.000600041,7.38966e-05,6.000407614,7.389664549,170206.0,106392.0,1421.0,170206.0,24000.0,12.446153846153846
Tsing Yi -> Kwun Tong North,29.272727272727273,21.29991910990909,33,985.0,142.0,10455427.43,9.42094e-05,1.35815e-05,0.942094435,1.358146292,179581.0,84461.0,2054.0,179581.0,26000.0,1022.0,168.0,2334159.008,0.000437845,7.19745e-05,4.378450639,7.197453105,164725.0,58119.0,434.0,164725.0,24000.0,11.754545454545454
Tsing Yi -> Kwun Tong Southeast,22.31578947368421,20.03062930773684,19,985.0,142.0,10455427.43,9.42094e-05,1.35815e-05,0.942094435,1.358146292,179581.0,84461.0,2054.0,179581.0,26000.0,942.0,117.0,3181450.074,0.000296091,3.67757e-05,2.96091398,3.677568319,163357.0,92725.0,1534.0,163357.0,24000.0,12.1
Tsing Yi -> Kwun Tong West,15.652542372881356,17.45352039664407,118,985.0,142.0,10455427.43,9.42094e-05,1.35815e-05,0.942094435,1.358146292,179581.0,84461.0,2054.0,179581.0,26000.0,1513.0,204.0,2719597.768,0.000556332,7.50111e-05,5.5633227,7.501109259,174878.0,55701.0,1073.0,174878.0,24000.0,12.509322033898304
Tsing Yi -> Sai Kung and Hang Hau,23.375,30.2498754583,120,985.0,142.0,10455427.43,9.42094e-05,1.35815e-05,0.942094435,1.358146292,179581.0,84461.0,2054.0,179581.0,26000.0,1722.0,307.0,129680000.0,1.32788e-05,2.36737e-06,0.132788402,0.236736582,157505.0,75963.0,22406.0,157505.0,40400.0,14.7
Tsing Yi -> Sha Tin East,14.82258064516129,17.011985519435484,62,985.0,142.0,10455427.43,9.42094e-05,1.35815e-05,0.942094435,1.358146292,179581.0,84461.0,2054.0,179581.0,26000.0,1790.0,208.0,24843458.54,7.20512e-05,8.37243e-06,0.720511597,0.837242527,169545.0,70694.25,3266.0,169545.0,30500.0,10.451612903225806
Tsing Yi -> Sha Tin South,6.1,11.649122634274999,40,985.0,142.0,10455427.43,9.42094e-05,1.35815e-05,0.942094435,1.358146292,179581.0,84461.0,2054.0,179581.0,26000.0,1099.0,152.0,9545575.388,0.000115132,1.59236e-05,1.151318758,1.592360794,171916.0,58856.75,2705.0,171916.0,30500.0,10.72
Tsing Yi -> Sha Tin West,7.989130434782608,12.164967835206522,92,985.0,142.0,10455427.43,9.42094e-05,1.35815e-05,0.942094435,1.358146292,179581.0,84461.0,2054.0,179581.0,26000.0,1612.0,207.0,31506636.23,5.11638e-05,6.57004e-06,0.511638243,0.657004443,178575.0,106037.0,7389.0,178575.0,30500.0,10.643478260869566
Tsing Yi -> Sham Shui Po East,16.71232876712329,11.670716567041097,219,985.0,142.0,10455427.43,9.42094e-05,1.35815e-05,0.942094435,1.358146292,179581.0,84461.0,2054.0,179581.0,26000.0,1569.0,235.0,4642605.795,0.000337957,5.06181e-05,3.379567573,5.061812491,212957.0,126435.0,2477.0,212957.0,24100.0,9.91324200913242
Tsing Yi -> Sham Shui Po West,17.041152263374485,9.570376658736626,243,985.0,142.0,10455427.43,9.42094e-05,1.35815e-05,0.942094435,1.358146292,179581.0,84461.0,2054.0,179581.0,26000.0,1507.0,179.0,4717394.205,0.000319456,3.79447e-05,3.194560248,3.794467713,218133.0,77638.0,1616.0,218133.0,24100.0,9.648559670781893
Tsing Yi -> Southern District Northwest,29.242816572001338,23.00681794001809,11972,985.0,142.0,10455427.43,9.42094e-05,1.35815e-05,0.942094435,1.358146292,179581.0,84461.0,2054.0,179581.0,26000.0,1801.0,220.0,5182184.495,0.000347537,4.24531e-05,3.475368354,4.245313925,128849.0,67695.0,2855.0,128849.0,36000.0,28.959021049114597
Tsing Yi -> Tai Pak,9.5,21.409049011588234,34,985.0,142.0,10455427.43,9.42094e-05,1.35815e-05,0.942094435,1.358146292,179581.0,84461.0,2054.0,179581.0,26000.0,1821.0,178.0,3656419.948,0.000498028,4.86815e-05,4.98028133,4.868149789,173597.0,106141.0,1412.0,173597.0,33800.0,24.4
Tsing Yi -> Tai Po North,22.02876280535855,28.075467776855415,5076,985.0,142.0,10455427.43,9.42094e-05,1.35815e-05,0.942094435,1.358146292,179581.0,84461.0,2054.0,179581.0,26000.0,1367.0,236.0,94726850.56,1.4431e-05,2.49137e-06,0.144309664,0.249137387,157446.0,125595.0,16400.0,157446.0,31700.0,23.984889676910953
Tsing Yi -> Tin Shui Wai South and Ping Ha,21.333333333333332,28.83157595616667,12,985.0,142.0,10455427.43,9.42094e-05,1.35815e-05,0.942094435,1.358146292,179581.0,84461.0,2054.0,179581.0,26000.0,1309.0,215.0,47324621.53,2.766e-05,4.54309e-06,0.276600205,0.454308969,153669.0,88248.5,22348.0,153669.0,30100.0,12.6
Tsing Yi -> Tseung Kwan O North,19.0,27.4370709403,30,985.0,142.0,10455427.43,9.42094e-05,1.35815e-05,0.942094435,1.358146292,179581.0,84461.0,2054.0,179581.0,26000.0,776.0,108.0,1580069.556,0.000491118,6.83514e-05,4.911176202,6.835142137,158568.0,98589.0,444.0,158568.0,40400.0,14.7
Tsing Yi -> Tsing Yi,7.446662507797879,4.897304870308796,1603,985.0,142.0,10455427.43,9.42094e-05,1.35815e-05,0.942094435,1.358146292,179581.0,84461.0,2054.0,179581.0,26000.0,985.0,142.0,10455427.43,9.42094e-05,1.35815e-05,0.942094435,1.358146292,179581.0,84461.0,2054.0,179581.0,26000.0,10.755458515283843
Tsing Yi -> Tsuen Wan Northwest,6.905940594059406,11.826302303534654,202,985.0,142.0,10455427.43,9.42094e-05,1.35815e-05,0.942094435,1.358146292,179581.0,84461.0,2054.0,179581.0,26000.0,1403.0,103.0,44481122.31,3.15415e-05,2.31559e-06,0.315414703,0.231558906,156114.0,73570.0,4949.0,156114.0,34400.0,12.814356435643564
Tsing Yi -> Tsuen Wan Southeast,6.641129032258065,5.110791681096774,248,985.0,142.0,10455427.43,9.42094e-05,1.35815e-05,0.942094435,1.358146292,179581.0,84461.0,2054.0,179581.0,26000.0,991.0,128.0,17438877.69,5.68271e-05,7.33992e-06,0.568270515,0.733992189,163980.0,90229.0,4243.0,163980.0,34400.0,8.061693548387096
Tsing Yi -> Tuen Mun East,7.5,19.6039332983,10,985.0,142.0,10455427.43,9.42094e-05,1.35815e-05,0.942094435,1.358146292,179581.0,84461.0,2054.0,179581.0,26000.0,1510.0,113.0,33427312.32,4.51726e-05,3.38047e-06,0.451726416,0.338046921,168080.0,59671.0,6093.0,168080.0,26500.0,12.6
Tsing Yi -> Tuen Mun North,13.0,24.113165577,12,985.0,142.0,10455427.43,9.42094e-05,1.35815e-05,0.942094435,1.358146292,179581.0,84461.0,2054.0,179581.0,26000.0,780.0,109.0,18692705.38,4.17275e-05,5.83115e-06,0.417275073,0.583115166,170790.0,104074.0,10271.0,170790.0,26500.0,12.6
Tsing Yi -> Tuen Mun West,14.955734406438632,27.809949610812254,1491,985.0,142.0,10455427.43,9.42094e-05,1.35815e-05,0.942094435,1.358146292,179581.0,84461.0,2054.0,179581.0,26000.0,587.0,86.0,33729982.3,1.74029e-05,2.54966e-06,0.174029146,0.25496604,168009.0,83305.0,3482.0,168009.0,26500.0,20.879543930248158
Tsing Yi -> Wan Chai,14.617647058823529,18.136439254215684,306,985.0,142.0,10455427.43,9.42094e-05,1.35815e-05,0.942094435,1.358146292,179581.0,84461.0,2054.0,179581.0,26000.0,3357.0,430.0,10560000.0,0.000317898,4.07197e-05,3.178977273,4.071969697,166695.0,92238.0,4550.0,166695.0,40500.0,20.8
Tsing Yi -> Wong Tai Sin East,15.026315789473685,14.137930377789473,152,985.0,142.0,10455427.43,9.42094e-05,1.35815e-05,0.942094435,1.358146292,179581.0,84461.0,2054.0,179581.0,26000.0,1475.0,207.0,4613986.574,0.00031968,4.48636e-05,3.196801673,4.486358958,188218.0,127397.0,1185.0,188218.0,25100.0,11.55328947368421
Tsing Yi -> Wong Tai Sin West,17.6,13.069107827549999,40,985.0,142.0,10455427.43,9.42094e-05,1.35815e-05,0.942094435,1.358146292,179581.0,84461.0,2054.0,179581.0,26000.0,896.0,223.0,4688620.344,0.000191101,4.7562e-05,1.911009922,4.75619657,218584.0,65217.0,844.0,218584.0,25100.0,11.0125
Tsing Yi -> Wu Tip Shan,11.5,29.669707384846156,52,985.0,142.0,10455427.43,9.42094e-05,1.35815e-05,0.942094435,1.358146292,179581.0,84461.0,2054.0,179581.0,26000.0,1448.0,161.0,21829748.23,6.63315e-05,7.37526e-06,0.663315025,0.737525684,150468.0,93658.0,15003.0,150468.0,25500.0,17.1
Tsing Yi -> Yau Tsim Mong North,15.661354581673306,12.612658635227092,251,985.0,142.0,10455427.43,9.42094e-05,1.35815e-05,0.942094435,1.358146292,179581.0,84461.0,2054.0,179581.0,26000.0,1629.0,178.0,2165712.207,0.000752178,8.21901e-05,7.52177503,8.21900525,168265.0,97426.0,3002.0,168265.0,30700.0,9.414342629482071
Tsing Yi -> Yau Tsim Mong South,24.066350710900473,15.054146184459718,422,985.0,142.0,10455427.43,9.42094e-05,1.35815e-05,0.942094435,1.358146292,179581.0,84461.0,2054.0,179581.0,26000.0,3027.0,209.0,4824287.793,0.00062745,4.33225e-05,6.274501294,4.33224569,142382.0,65279.0,4418.0,142382.0,30700.0,12.203791469194313
Tsing Yi -> Yuen Long Rural East,7.380952380952381,13.543346704761905,42,985.0,142.0,10455427.43,9.42094e-05,1.35815e-05,0.942094435,1.358146292,179581.0,84461.0,2054.0,179581.0,26000.0,1696.0,306.0,83591131.06,2.02892e-05,3.66068e-06,0.202892338,0.366067543,170741.0,90494.0,72943.0,170741.0,30100.0,13.276190476190477
Tsing Yi -> Yuen Long Town Centre,14.676470588235293,17.374415475558823,34,985.0,142.0,10455427.43,9.42094e-05,1.35815e-05,0.942094435,1.358146292,179581.0,84461.0,2054.0,179581.0,26000.0,825.0,110.0,5113531.676,0.000161337,2.15116e-05,1.613366362,2.15115515,160142.0,65596.0,7135.0,160142.0,30100.0,12.51764705882353
Tsuen Wan Northwest -> Central,7.936802973977695,20.050412869527882,269,1403.0,103.0,44481122.31,3.15415e-05,2.31559e-06,0.315414703,0.231558906,156114.0,73570.0,4949.0,156114.0,34400.0,3406.0,432.0,8299264.499,0.000410398,5.20528e-05,4.10397813,5.205280541,110720.0,55452.0,6706.0,110720.0,42600.0,25.913382899628253
Tsuen Wan Northwest -> Chai Wan,23.15909090909091,22.97516198077273,44,1403.0,103.0,44481122.31,3.15415e-05,2.31559e-06,0.315414703,0.231558906,156114.0,73570.0,4949.0,156114.0,34400.0,1483.0,185.0,9201905.88,0.000161162,2.01045e-05,1.611622657,2.010453078,168675.0,84793.0,1280.0,168675.0,33800.0,35.6
Tsuen Wan Northwest -> Hong Wan,13.7,22.673794127233336,30,1403.0,103.0,44481122.31,3.15415e-05,2.31559e-06,0.315414703,0.231558906,156114.0,73570.0,4949.0,156114.0,34400.0,1508.0,147.0,5131674.172,0.000293861,2.86456e-05,2.938612136,2.864562228,187331.0,78902.0,1332.0,187331.0,33800.0,31.63
Tsuen Wan Northwest -> Islands,8.396892655367232,17.24936379511582,708,1403.0,103.0,44481122.31,3.15415e-05,2.31559e-06,0.315414703,0.231558906,156114.0,73570.0,4949.0,156114.0,34400.0,4309.0,252.0,182280000.0,2.36395e-05,1.38249e-06,0.236394558,0.138248848,185282.0,93368.0,20858.0,185282.0,31500.0,15.701977401129943
Tsuen Wan Northwest -> Kowloon City North,12.763157894736842,16.361196840157895,38,1403.0,103.0,44481122.31,3.15415e-05,2.31559e-06,0.315414703,0.231558906,156114.0,73570.0,4949.0,156114.0,34400.0,2184.0,369.0,6927610.313,0.00031526,5.32651e-05,3.15260227,5.326512077,200330.0,107366.0,3726.0,200330.0,30700.0,21.542105263157897
Tsuen Wan Northwest -> Kowloon City South,14.616438356164384,17.098963486397263,73,1403.0,103.0,44481122.31,3.15415e-05,2.31559e-06,0.315414703,0.231558906,156114.0,73570.0,4949.0,156114.0,34400.0,1256.0,245.0,3082389.687,0.000407476,7.94838e-05,4.074760584,7.948378527,210304.0,96598.0,2009.0,210304.0,30700.0,15.863013698630137
Tsuen Wan Northwest -> Kwai Chung East,9.903225806451612,6.211877397618596,527,1403.0,103.0,44481122.31,3.15415e-05,2.31559e-06,0.315414703,0.231558906,156114.0,73570.0,4949.0,156114.0,34400.0,1199.0,144.0,5774688.358,0.00020763,2.49364e-05,2.076302522,2.49364106,161785.0,62396.0,2259.0,161785.0,26000.0,10.3280834914611
Tsuen Wan Northwest -> Kwai Chung West,13.9581589958159,7.268498535803348,239,1403.0,103.0,44481122.31,3.15415e-05,2.31559e-06,0.315414703,0.231558906,156114.0,73570.0,4949.0,156114.0,34400.0,1079.0,187.0,7109884.208,0.000151761,2.63014e-05,1.517605587,2.630141287,154432.0,86916.0,1358.0,154432.0,26000.0,10.065271966527197
Tsuen Wan Northwest -> Kwun Tong Central,21.04225352112676,21.632757516390846,284,1403.0,103.0,44481122.31,3.15415e-05,2.31559e-06,0.315414703,0.231558906,156114.0,73570.0,4949.0,156114.0,34400.0,1827.0,225.0,3044793.15,0.000600041,7.38966e-05,6.000407614,7.389664549,170206.0,106392.0,1421.0,170206.0,24000.0,13.02007042253521
Tsuen Wan Northwest -> Kwun Tong North,15.70873786407767,17.316966985553396,103,1403.0,103.0,44481122.31,3.15415e-05,2.31559e-06,0.315414703,0.231558906,156114.0,73570.0,4949.0,156114.0,34400.0,1022.0,168.0,2334159.008,0.000437845,7.19745e-05,4.378450639,7.197453105,164725.0,58119.0,434.0,164725.0,24000.0,20.5504854368932
Tsuen Wan Northwest -> Kwun Tong Southeast,23.140350877192983,21.073053341385965,57,1403.0,103.0,44481122.31,3.15415e-05,2.31559e-06,0.315414703,0.231558906,156114.0,73570.0,4949.0,156114.0,34400.0,942.0,117.0,3181450.074,0.000296091,3.67757e-05,2.96091398,3.677568319,163357.0,92725.0,1534.0,163357.0,24000.0,20.349122807017544
Tsuen Wan Northwest -> Kwun Tong West,16.26356589147287,18.273109516434108,129,1403.0,103.0,44481122.31,3.15415e-05,2.31559e-06,0.315414703,0.231558906,156114.0,73570.0,4949.0,156114.0,34400.0,1513.0,204.0,2719597.768,0.000556332,7.50111e-05,5.5633227,7.501109259,174878.0,55701.0,1073.0,174878.0,24000.0,14.924806201550387
Tsuen Wan Northwest -> Sai Kung and Hang Hau,26.026490066225165,27.180635558827817,151,1403.0,103.0,44481122.31,3.15415e-05,2.31559e-06,0.315414703,0.231558906,156114.0,73570.0,4949.0,156114.0,34400.0,1722.0,307.0,129680000.0,1.32788e-05,2.36737e-06,0.132788402,0.236736582,157505.0,75963.0,22406.0,157505.0,40400.0,18.941059602649005
Tsuen Wan Northwest -> Sha Tin East,11.842857142857143,18.0483569854,70,1403.0,103.0,44481122.31,3.15415e-05,2.31559e-06,0.315414703,0.231558906,156114.0,73570.0,4949.0,156114.0,34400.0,1790.0,208.0,24843458.54,7.20512e-05,8.37243e-06,0.720511597,0.837242527,169545.0,70694.25,3266.0,169545.0,30500.0,20.61714285714286
Tsuen Wan Northwest -> Sha Tin North,14.942857142857143,25.282350077914288,35,1403.0,103.0,44481122.31,3.15415e-05,2.31559e-06,0.315414703,0.231558906,156114.0,73570.0,4949.0,156114.0,34400.0,1053.0,129.0,2824329.844,0.000372832,4.56746e-05,3.728318072,4.567455188,172770.0,105017.0,1312.0,172770.0,30500.0,23.39428571428571
Tsuen Wan Northwest -> Sha Tin South,5.96,11.94017401526,50,1403.0,103.0,44481122.31,3.15415e-05,2.31559e-06,0.315414703,0.231558906,156114.0,73570.0,4949.0,156114.0,34400.0,1099.0,152.0,9545575.388,0.000115132,1.59236e-05,1.151318758,1.592360794,171916.0,58856.75,2705.0,171916.0,30500.0,19.96
Tsuen Wan Northwest -> Sha Tin West,12.43778801843318,14.158078548396313,217,1403.0,103.0,44481122.31,3.15415e-05,2.31559e-06,0.315414703,0.231558906,156114.0,73570.0,4949.0,156114.0,34400.0,1612.0,207.0,31506636.23,5.11638e-05,6.57004e-06,0.511638243,0.657004443,178575.0,106037.0,7389.0,178575.0,30500.0,16.01751152073733
Tsuen Wan Northwest -> Sham Shui Po East,10.627737226277372,14.443006625007298,274,1403.0,103.0,44481122.31,3.15415e-05,2.31559e-06,0.315414703,0.231558906,156114.0,73570.0,4949.0,156114.0,34400.0,1569.0,235.0,4642605.795,0.000337957,5.06181e-05,3.379567573,5.061812491,212957.0,126435.0,2477.0,212957.0,24100.0,13.724452554744525
Tsuen Wan Northwest -> Sham Shui Po West,8.290816326530612,12.49705356014796,196,1403.0,103.0,44481122.31,3.15415e-05,2.31559e-06,0.315414703,0.231558906,156114.0,73570.0,4949.0,156114.0,34400.0,1507.0,179.0,4717394.205,0.000319456,3.79447e-05,3.194560248,3.794467713,218133.0,77638.0,1616.0,218133.0,24100.0,12.441326530612244
Tsuen Wan Northwest -> Southern District Northwest,28.33096590909091,26.43684932273276,10560,1403.0,103.0,44481122.31,3.15415e-05,2.31559e-06,0.315414703,0.231558906,156114.0,73570.0,4949.0,156114.0,34400.0,1801.0,220.0,5182184.495,0.000347537,4.24531e-05,3.475368354,4.245313925,128849.0,67695.0,2855.0,128849.0,36000.0,28.760833333333334
Tsuen Wan Northwest -> Southern District Southeast,23.0,15.599070888222222,9,1403.0,103.0,44481122.31,3.15415e-05,2.31559e-06,0.315414703,0.231558906,156114.0,73570.0,4949.0,156114.0,34400.0,2667.0,249.0,33657815.5,7.92387e-05,7.39798e-06,0.792386541,0.739798458,134429.0,68061.0,8608.0,134429.0,36000.0,35.6
Tsuen Wan Northwest -> Tai Pak,10.125,23.887746090303573,112,1403.0,103.0,44481122.31,3.15415e-05,2.31559e-06,0.315414703,0.231558906,156114.0,73570.0,4949.0,156114.0,34400.0,1821.0,178.0,3656419.948,0.000498028,4.86815e-05,4.98028133,4.868149789,173597.0,106141.0,1412.0,173597.0,33800.0,28.67232142857143
Tsuen Wan Northwest -> Tai Po North,12.333333333333334,23.58203303998485,66,1403.0,103.0,44481122.31,3.15415e-05,2.31559e-06,0.315414703,0.231558906,156114.0,73570.0,4949.0,156114.0,34400.0,1367.0,236.0,94726850.56,1.4431e-05,2.49137e-06,0.144309664,0.249137387,157446.0,125595.0,16400.0,157446.0,31700.0,23.96060606060606
Tsuen Wan Northwest -> Tai Po South,9.052631578947368,19.562500396105264,38,1403.0,103.0,44481122.31,3.15415e-05,2.31559e-06,0.315414703,0.231558906,156114.0,73570.0,4949.0,156114.0,34400.0,1413.0,187.0,41403149.44,3.41278e-05,4.51656e-06,0.341278386,0.451656462,159024.0,32241.0,14539.0,159024.0,31700.0,22.102631578947367
Tsuen Wan Northwest -> Tin Shui Wai South and Ping Ha,40.50952380952381,20.26047706142143,420,1403.0,103.0,44481122.31,3.15415e-05,2.31559e-06,0.315414703,0.231558906,156114.0,73570.0,4949.0,156114.0,34400.0,1309.0,215.0,47324621.53,2.766e-05,4.54309e-06,0.276600205,0.454308969,153669.0,88248.5,22348.0,153669.0,30100.0,7.997619047619048
Tsuen Wan Northwest -> Tseung Kwan O North,25.86842105263158,25.313821055657897,76,1403.0,103.0,44481122.31,3.15415e-05,2.31559e-06,0.315414703,0.231558906,156114.0,73570.0,4949.0,156114.0,34400.0,776.0,108.0,1580069.556,0.000491118,6.83514e-05,4.911176202,6.835142137,158568.0,98589.0,444.0,158568.0,40400.0,18.92105263157895
Tsuen Wan Northwest -> Tseung Kwan O South,27.75409836065574,26.61584860680328,61,1403.0,103.0,44481122.31,3.15415e-05,2.31559e-06,0.315414703,0.231558906,156114.0,73570.0,4949.0,156114.0,34400.0,517.0,59.0,3125142.442,0.000165432,1.88791e-05,1.654324594,1.887913946,172964.0,98736.0,735.0,172964.0,40400.0,19.70983606557377
Tsuen Wan Northwest -> Tsing Yi,8.49537037037037,8.121373244499999,216,1403.0,103.0,44481122.31,3.15415e-05,2.31559e-06,0.315414703,0.231558906,156114.0,73570.0,4949.0,156114.0,34400.0,985.0,142.0,10455427.43,9.42094e-05,1.35815e-05,0.942094435,1.358146292,179581.0,84461.0,2054.0,179581.0,26000.0,10.936574074074075
Tsuen Wan Northwest -> Tsuen Wan Northwest,9.921641791044776,6.109791051947295,2144,1403.0,103.0,44481122.31,3.15415e-05,2.31559e-06,0.315414703,0.231558906,156114.0,73570.0,4949.0,156114.0,34400.0,1403.0,103.0,44481122.31,3.15415e-05,2.31559e-06,0.315414703,0.231558906,156114.0,73570.0,4949.0,156114.0,34400.0,10.913432835820895
Tsuen Wan Northwest -> Tsuen Wan Southeast,8.263620386643234,5.549158107940245,569,1403.0,103.0,44481122.31,3.15415e-05,2.31559e-06,0.315414703,0.231558906,156114.0,73570.0,4949.0,156114.0,34400.0,991.0,128.0,17438877.69,5.68271e-05,7.33992e-06,0.568270515,0.733992189,163980.0,90229.0,4243.0,163980.0,34400.0,11.225834797891038
Tsuen Wan Northwest -> Tuen Mun East,18.491298527443107,9.509516450220438,2241,1403.0,103.0,44481122.31,3.15415e-05,2.31559e-06,0.315414703,0.231558906,156114.0,73570.0,4949.0,156114.0,34400.0,1510.0,113.0,33427312.32,4.51726e-05,3.38047e-06,0.451726416,0.338046921,168080.0,59671.0,6093.0,168080.0,26500.0,9.640160642570281
Tsuen Wan Northwest -> Tuen Mun North,32.256410256410255,16.959253423621796,312,1403.0,103.0,44481122.31,3.15415e-05,2.31559e-06,0.315414703,0.231558906,156114.0,73570.0,4949.0,156114.0,34400.0,780.0,109.0,18692705.38,4.17275e-05,5.83115e-06,0.417275073,0.583115166,170790.0,104074.0,10271.0,170790.0,26500.0,7.578846153846153
Tsuen Wan Northwest -> Tuen Mun West,10.168539325842696,16.815468219561797,89,1403.0,103.0,44481122.31,3.15415e-05,2.31559e-06,0.315414703,0.231558906,156114.0,73570.0,4949.0,156114.0,34400.0,587.0,86.0,33729982.3,1.74029e-05,2.54966e-06,0.174029146,0.25496604,168009.0,83305.0,3482.0,168009.0,26500.0,11.958426966292134
Tsuen Wan Northwest -> Wan Chai,12.524444444444445,22.35465025795556,225,1403.0,103.0,44481122.31,3.15415e-05,2.31559e-06,0.315414703,0.231558906,156114.0,73570.0,4949.0,156114.0,34400.0,3357.0,430.0,10560000.0,0.000317898,4.07197e-05,3.178977273,4.071969697,166695.0,92238.0,4550.0,166695.0,40500.0,28.070666666666668
Tsuen Wan Northwest -> Western,2.5,5.35509838075,4,1403.0,103.0,44481122.31,3.15415e-05,2.31559e-06,0.315414703,0.231558906,156114.0,73570.0,4949.0,156114.0,34400.0,1187.0,165.0,4250735.501,0.000279246,3.88168e-05,2.792457916,3.881681181,125233.0,75343.0,2064.0,125233.0,42600.0,35.6
Tsuen Wan Northwest -> Wong Tai Sin East,12.986784140969164,15.718892865480175,227,1403.0,103.0,44481122.31,3.15415e-05,2.31559e-06,0.315414703,0.231558906,156114.0,73570.0,4949.0,156114.0,34400.0,1475.0,207.0,4613986.574,0.00031968,4.48636e-05,3.196801673,4.486358958,188218.0,127397.0,1185.0,188218.0,25100.0,15.933920704845814
Tsuen Wan Northwest -> Wong Tai Sin West,14.03921568627451,15.812453202921569,51,1403.0,103.0,44481122.31,3.15415e-05,2.31559e-06,0.315414703,0.231558906,156114.0,73570.0,4949.0,156114.0,34400.0,896.0,223.0,4688620.344,0.000191101,4.7562e-05,1.911009922,4.75619657,218584.0,65217.0,844.0,218584.0,25100.0,18.42549019607843
Tsuen Wan Northwest -> Wu Tip Shan,9.115384615384615,32.8546422925,26,1403.0,103.0,44481122.31,3.15415e-05,2.31559e-06,0.315414703,0.231558906,156114.0,73570.0,4949.0,156114.0,34400.0,1448.0,161.0,21829748.23,6.63315e-05,7.37526e-06,0.663315025,0.737525684,150468.0,93658.0,15003.0,150468.0,25500.0,32.4
Tsuen Wan Northwest -> Yau Tsim Mong North,11.756,16.473008944224,250,1403.0,103.0,44481122.31,3.15415e-05,2.31559e-06,0.315414703,0.231558906,156114.0,73570.0,4949.0,156114.0,34400.0,1629.0,178.0,2165712.207,0.000752178,8.21901e-05,7.52177503,8.21900525,168265.0,97426.0,3002.0,168265.0,30700.0,13.2932
Tsuen Wan Northwest -> Yau Tsim Mong South,10.503759398496241,16.30727382593233,399,1403.0,103.0,44481122.31,3.15415e-05,2.31559e-06,0.315414703,0.231558906,156114.0,73570.0,4949.0,156114.0,34400.0,3027.0,209.0,4824287.793,0.00062745,4.33225e-05,6.274501294,4.33224569,142382.0,65279.0,4418.0,142382.0,30700.0,16.169423558897243
Tsuen Wan Northwest -> Yuen Long Rural East,9.606217616580311,11.977995276595856,193,1403.0,103.0,44481122.31,3.15415e-05,2.31559e-06,0.315414703,0.231558906,156114.0,73570.0,4949.0,156114.0,34400.0,1696.0,306.0,83591131.06,2.02892e-05,3.66068e-06,0.202892338,0.366067543,170741.0,90494.0,72943.0,170741.0,30100.0,11.832124352331606
Tsuen Wan Northwest -> Yuen Long Town Centre,42.68867924528302,22.20625202711321,106,1403.0,103.0,44481122.31,3.15415e-05,2.31559e-06,0.315414703,0.231558906,156114.0,73570.0,4949.0,156114.0,34400.0,825.0,110.0,5113531.676,0.000161337,2.15116e-05,1.613366362,2.15115515,160142.0,65596.0,7135.0,160142.0,30100.0,8.549056603773586
Tsuen Wan Southeast -> Central,10.283950617283951,14.882450023765431,162,991.0,128.0,17438877.69,5.68271e-05,7.33992e-06,0.568270515,0.733992189,163980.0,90229.0,4243.0,163980.0,34400.0,3406.0,432.0,8299264.499,0.000410398,5.20528e-05,4.10397813,5.205280541,110720.0,55452.0,6706.0,110720.0,42600.0,22.019753086419755
Tsuen Wan Southeast -> Hong Wan,11.0,19.051732299333334,9,991.0,128.0,17438877.69,5.68271e-05,7.33992e-06,0.568270515,0.733992189,163980.0,90229.0,4243.0,163980.0,34400.0,1508.0,147.0,5131674.172,0.000293861,2.86456e-05,2.938612136,2.864562228,187331.0,78902.0,1332.0,187331.0,33800.0,20.8
Tsuen Wan Southeast -> Islands,11.886524822695035,28.58372862165603,282,991.0,128.0,17438877.69,5.68271e-05,7.33992e-06,0.568270515,0.733992189,163980.0,90229.0,4243.0,163980.0,34400.0,4309.0,252.0,182280000.0,2.36395e-05,1.38249e-06,0.236394558,0.138248848,185282.0,93368.0,20858.0,185282.0,31500.0,19.043617021276596
Tsuen Wan Southeast -> Kowloon City South,15.333333333333334,10.610111687444444,9,991.0,128.0,17438877.69,5.68271e-05,7.33992e-06,0.568270515,0.733992189,163980.0,90229.0,4243.0,163980.0,34400.0,1256.0,245.0,3082389.687,0.000407476,7.94838e-05,4.074760584,7.948378527,210304.0,96598.0,2009.0,210304.0,30700.0,10.466666666666665
Tsuen Wan Southeast -> Kwai Chung East,9.373839009287925,6.176371552801084,1292,991.0,128.0,17438877.69,5.68271e-05,7.33992e-06,0.568270515,0.733992189,163980.0,90229.0,4243.0,163980.0,34400.0,1199.0,144.0,5774688.358,0.00020763,2.49364e-05,2.076302522,2.49364106,161785.0,62396.0,2259.0,161785.0,26000.0,9.529256965944274
Tsuen Wan Southeast -> Kwai Chung West,13.485294117647058,5.619485048726102,544,991.0,128.0,17438877.69,5.68271e-05,7.33992e-06,0.568270515,0.733992189,163980.0,90229.0,4243.0,163980.0,34400.0,1079.0,187.0,7109884.208,0.000151761,2.63014e-05,1.517605587,2.630141287,154432.0,86916.0,1358.0,154432.0,26000.0,7.652205882352941
Tsuen Wan Southeast -> Kwun Tong Central,16.854054054054053,17.377967210735136,185,991.0,128.0,17438877.69,5.68271e-05,7.33992e-06,0.568270515,0.733992189,163980.0,90229.0,4243.0,163980.0,34400.0,1827.0,225.0,3044793.15,0.000600041,7.38966e-05,6.000407614,7.389664549,170206.0,106392.0,1421.0,170206.0,24000.0,10.516216216216216
Tsuen Wan Southeast -> Kwun Tong North,14.84,19.137324560546666,75,991.0,128.0,17438877.69,5.68271e-05,7.33992e-06,0.568270515,0.733992189,163980.0,90229.0,4243.0,163980.0,34400.0,1022.0,168.0,2334159.008,0.000437845,7.19745e-05,4.378450639,7.197453105,164725.0,58119.0,434.0,164725.0,24000.0,15.304
Tsuen Wan Southeast -> Kwun Tong Southeast,15.72,18.358494264599997,25,991.0,128.0,17438877.69,5.68271e-05,7.33992e-06,0.568270515,0.733992189,163980.0,90229.0,4243.0,163980.0,34400.0,942.0,117.0,3181450.074,0.000296091,3.67757e-05,2.96091398,3.677568319,163357.0,92725.0,1534.0,163357.0,24000.0,11.02
Tsuen Wan Southeast -> Kwun Tong West,12.81578947368421,14.964493875618421,76,991.0,128.0,17438877.69,5.68271e-05,7.33992e-06,0.568270515,0.733992189,163980.0,90229.0,4243.0,163980.0,34400.0,1513.0,204.0,2719597.768,0.000556332,7.50111e-05,5.5633227,7.501109259,174878.0,55701.0,1073.0,174878.0,24000.0,10.496052631578948
Tsuen Wan Southeast -> Sai Kung and Hang Hau,23.712820512820514,26.548088079702566,195,991.0,128.0,17438877.69,5.68271e-05,7.33992e-06,0.568270515,0.733992189,163980.0,90229.0,4243.0,163980.0,34400.0,1722.0,307.0,129680000.0,1.32788e-05,2.36737e-06,0.132788402,0.236736582,157505.0,75963.0,22406.0,157505.0,40400.0,16.786153846153848
Tsuen Wan Southeast -> Sha Tin East,9.935483870967742,12.638313545688172,186,991.0,128.0,17438877.69,5.68271e-05,7.33992e-06,0.568270515,0.733992189,163980.0,90229.0,4243.0,163980.0,34400.0,1790.0,208.0,24843458.54,7.20512e-05,8.37243e-06,0.720511597,0.837242527,169545.0,70694.25,3266.0,169545.0,30500.0,9.779032258064516
Tsuen Wan Southeast -> Sha Tin North,12.65137614678899,16.557395551963303,109,991.0,128.0,17438877.69,5.68271e-05,7.33992e-06,0.568270515,0.733992189,163980.0,90229.0,4243.0,163980.0,34400.0,1053.0,129.0,2824329.844,0.000372832,4.56746e-05,3.728318072,4.567455188,172770.0,105017.0,1312.0,172770.0,30500.0,12.210091743119268
Tsuen Wan Southeast -> Sha Tin South,8.445945945945946,9.310321658337838,74,991.0,128.0,17438877.69,5.68271e-05,7.33992e-06,0.568270515,0.733992189,163980.0,90229.0,4243.0,163980.0,34400.0,1099.0,152.0,9545575.388,0.000115132,1.59236e-05,1.151318758,1.592360794,171916.0,58856.75,2705.0,171916.0,30500.0,10.856756756756758
Tsuen Wan Southeast -> Sha Tin West,7.335968379446641,11.326797325517786,253,991.0,128.0,17438877.69,5.68271e-05,7.33992e-06,0.568270515,0.733992189,163980.0,90229.0,4243.0,163980.0,34400.0,1612.0,207.0,31506636.23,5.11638e-05,6.57004e-06,0.511638243,0.657004443,178575.0,106037.0,7389.0,178575.0,30500.0,10.54782608695652
Tsuen Wan Southeast -> Sham Shui Po East,9.300653594771243,9.538668264039215,153,991.0,128.0,17438877.69,5.68271e-05,7.33992e-06,0.568270515,0.733992189,163980.0,90229.0,4243.0,163980.0,34400.0,1569.0,235.0,4642605.795,0.000337957,5.06181e-05,3.379567573,5.061812491,212957.0,126435.0,2477.0,212957.0,24100.0,10.454901960784314
Tsuen Wan Southeast -> Sham Shui Po West,12.284671532846716,8.288269733072992,137,991.0,128.0,17438877.69,5.68271e-05,7.33992e-06,0.568270515,0.733992189,163980.0,90229.0,4243.0,163980.0,34400.0,1507.0,179.0,4717394.205,0.000319456,3.79447e-05,3.194560248,3.794467713,218133.0,77638.0,1616.0,218133.0,24100.0,10.254744525547446
Tsuen Wan Southeast -> Tai Pak,6.0,17.060852128333334,21,991.0,128.0,17438877.69,5.68271e-05,7.33992e-06,0.568270515,0.733992189,163980.0,90229.0,4243.0,163980.0,34400.0,1821.0,178.0,3656419.948,0.000498028,4.86815e-05,4.98028133,4.868149789,173597.0,106141.0,1412.0,173597.0,33800.0,20.8
Tsuen Wan Southeast -> Tai Po North,16.042857142857144,23.790864944985717,350,991.0,128.0,17438877.69,5.68271e-05,7.33992e-06,0.568270515,0.733992189,163980.0,90229.0,4243.0,163980.0,34400.0,1367.0,236.0,94726850.56,1.4431e-05,2.49137e-06,0.144309664,0.249137387,157446.0,125595.0,16400.0,157446.0,31700.0,17.125714285714285
Tsuen Wan Southeast -> Tai Po South,11.36111111111111,19.102272992805553,108,991.0,128.0,17438877.69,5.68271e-05,7.33992e-06,0.568270515,0.733992189,163980.0,90229.0,4243.0,163980.0,34400.0,1413.0,187.0,41403149.44,3.41278e-05,4.51656e-06,0.341278386,0.451656462,159024.0,32241.0,14539.0,159024.0,31700.0,11.5
Tsuen Wan Southeast -> Tin Shui Wai South and Ping Ha,22.575342465753426,24.260102928739727,73,991.0,128.0,17438877.69,5.68271e-05,7.33992e-06,0.568270515,0.733992189,163980.0,90229.0,4243.0,163980.0,34400.0,1309.0,215.0,47324621.53,2.766e-05,4.54309e-06,0.276600205,0.454308969,153669.0,88248.5,22348.0,153669.0,30100.0,11.357534246575343
Tsuen Wan Southeast -> Tseung Kwan O North,25.08695652173913,24.144305737753623,69,991.0,128.0,17438877.69,5.68271e-05,7.33992e-06,0.568270515,0.733992189,163980.0,90229.0,4243.0,163980.0,34400.0,776.0,108.0,1580069.556,0.000491118,6.83514e-05,4.911176202,6.835142137,158568.0,98589.0,444.0,158568.0,40400.0,14.421739130434784
Tsuen Wan Southeast -> Tseung Kwan O South,29.72222222222222,26.509687851666666,54,991.0,128.0,17438877.69,5.68271e-05,7.33992e-06,0.568270515,0.733992189,163980.0,90229.0,4243.0,163980.0,34400.0,517.0,59.0,3125142.442,0.000165432,1.88791e-05,1.654324594,1.887913946,172964.0,98736.0,735.0,172964.0,40400.0,15.56111111111111
Tsuen Wan Southeast -> Tsing Yi,6.764705882352941,5.732354631610294,272,991.0,128.0,17438877.69,5.68271e-05,7.33992e-06,0.568270515,0.733992189,163980.0,90229.0,4243.0,163980.0,34400.0,985.0,142.0,10455427.43,9.42094e-05,1.35815e-05,0.942094435,1.358146292,179581.0,84461.0,2054.0,179581.0,26000.0,8.472426470588236
Tsuen Wan Southeast -> Tsuen Wan Northwest,9.967661691542288,7.840291810932836,402,991.0,128.0,17438877.69,5.68271e-05,7.33992e-06,0.568270515,0.733992189,163980.0,90229.0,4243.0,163980.0,34400.0,1403.0,103.0,44481122.31,3.15415e-05,2.31559e-06,0.315414703,0.231558906,156114.0,73570.0,4949.0,156114.0,34400.0,10.071144278606965
Tsuen Wan Southeast -> Tsuen Wan Southeast,8.181229773462784,4.5804504587605175,618,991.0,128.0,17438877.69,5.68271e-05,7.33992e-06,0.568270515,0.733992189,163980.0,90229.0,4243.0,163980.0,34400.0,991.0,128.0,17438877.69,5.68271e-05,7.33992e-06,0.568270515,0.733992189,163980.0,90229.0,4243.0,163980.0,34400.0,9.60598705501618
Tsuen Wan Southeast -> Tuen Mun East,18.502645502645503,16.550736089121692,189,991.0,128.0,17438877.69,5.68271e-05,7.33992e-06,0.568270515,0.733992189,163980.0,90229.0,4243.0,163980.0,34400.0,1510.0,113.0,33427312.32,4.51726e-05,3.38047e-06,0.451726416,0.338046921,168080.0,59671.0,6093.0,168080.0,26500.0,10.516931216931217
Tsuen Wan Southeast -> Tuen Mun North,19.03846153846154,22.223157675923076,52,991.0,128.0,17438877.69,5.68271e-05,7.33992e-06,0.568270515,0.733992189,163980.0,90229.0,4243.0,163980.0,34400.0,780.0,109.0,18692705.38,4.17275e-05,5.83115e-06,0.417275073,0.583115166,170790.0,104074.0,10271.0,170790.0,26500.0,10.478846153846153
Tsuen Wan Southeast -> Tuen Mun West,14.25925925925926,23.505570061444445,27,991.0,128.0,17438877.69,5.68271e-05,7.33992e-06,0.568270515,0.733992189,163980.0,90229.0,4243.0,163980.0,34400.0,587.0,86.0,33729982.3,1.74029e-05,2.54966e-06,0.174029146,0.25496604,168009.0,83305.0,3482.0,168009.0,26500.0,11.218518518518518
Tsuen Wan Southeast -> Wan Chai,18.625,20.10048148948611,216,991.0,128.0,17438877.69,5.68271e-05,7.33992e-06,0.568270515,0.733992189,163980.0,90229.0,4243.0,163980.0,34400.0,3357.0,430.0,10560000.0,0.000317898,4.07197e-05,3.178977273,4.071969697,166695.0,92238.0,4550.0,166695.0,40500.0,21.860185185185188
Tsuen Wan Southeast -> Wong Tai Sin East,11.44848484848485,13.35630942221212,165,991.0,128.0,17438877.69,5.68271e-05,7.33992e-06,0.568270515,0.733992189,163980.0,90229.0,4243.0,163980.0,34400.0,1475.0,207.0,4613986.574,0.00031968,4.48636e-05,3.196801673,4.486358958,188218.0,127397.0,1185.0,188218.0,25100.0,11.55151515151515
Tsuen Wan Southeast -> Wong Tai Sin West,10.363636363636363,11.935834797454545,11,991.0,128.0,17438877.69,5.68271e-05,7.33992e-06,0.568270515,0.733992189,163980.0,90229.0,4243.0,163980.0,34400.0,896.0,223.0,4688620.344,0.000191101,4.7562e-05,1.911009922,4.75619657,218584.0,65217.0,844.0,218584.0,25100.0,10.072727272727272
Tsuen Wan Southeast -> Wu Tip Shan,11.473684210526315,29.017113467578948,171,991.0,128.0,17438877.69,5.68271e-05,7.33992e-06,0.568270515,0.733992189,163980.0,90229.0,4243.0,163980.0,34400.0,1448.0,161.0,21829748.23,6.63315e-05,7.37526e-06,0.663315025,0.737525684,150468.0,93658.0,15003.0,150468.0,25500.0,14.7
Tsuen Wan Southeast -> Yau Tsim Mong North,15.532608695652174,9.399260896445652,92,991.0,128.0,17438877.69,5.68271e-05,7.33992e-06,0.568270515,0.733992189,163980.0,90229.0,4243.0,163980.0,34400.0,1629.0,178.0,2165712.207,0.000752178,8.21901e-05,7.52177503,8.21900525,168265.0,97426.0,3002.0,168265.0,30700.0,8.53695652173913
Tsuen Wan Southeast -> Yau Tsim Mong South,10.446428571428571,10.110876839794642,112,991.0,128.0,17438877.69,5.68271e-05,7.33992e-06,0.568270515,0.733992189,163980.0,90229.0,4243.0,163980.0,34400.0,3027.0,209.0,4824287.793,0.00062745,4.33225e-05,6.274501294,4.33224569,142382.0,65279.0,4418.0,142382.0,30700.0,13.76875
Tsuen Wan Southeast -> Yuen Long Rural East,9.35135135135135,13.369775295756758,37,991.0,128.0,17438877.69,5.68271e-05,7.33992e-06,0.568270515,0.733992189,163980.0,90229.0,4243.0,163980.0,34400.0,1696.0,306.0,83591131.06,2.02892e-05,3.66068e-06,0.202892338,0.366067543,170741.0,90494.0,72943.0,170741.0,30100.0,11.597297297297297
Tsuen Wan Southeast -> Yuen Long Town Centre,28.928571428571427,25.187332813857147,14,991.0,128.0,17438877.69,5.68271e-05,7.33992e-06,0.568270515,0.733992189,163980.0,90229.0,4243.0,163980.0,34400.0,825.0,110.0,5113531.676,0.000161337,2.15116e-05,1.613366362,2.15115515,160142.0,65596.0,7135.0,160142.0,30100.0,11.728571428571428
Tuen Mun East -> Central,11.883292383292384,27.692918924416464,814,1510.0,113.0,33427312.32,4.51726e-05,3.38047e-06,0.451726416,0.338046921,168080.0,59671.0,6093.0,168080.0,26500.0,3406.0,432.0,8299264.499,0.000410398,5.20528e-05,4.10397813,5.205280541,110720.0,55452.0,6706.0,110720.0,42600.0,26.983906633906635
Tuen Mun East -> Hong Wan,16.275862068965516,33.88646073189655,29,1510.0,113.0,33427312.32,4.51726e-05,3.38047e-06,0.451726416,0.338046921,168080.0,59671.0,6093.0,168080.0,26500.0,1508.0,147.0,5131674.172,0.000293861,2.86456e-05,2.938612136,2.864562228,187331.0,78902.0,1332.0,187331.0,33800.0,27.3
Tuen Mun East -> Islands,11.777251184834123,20.20613317422986,422,1510.0,113.0,33427312.32,4.51726e-05,3.38047e-06,0.451726416,0.338046921,168080.0,59671.0,6093.0,168080.0,26500.0,4309.0,252.0,182280000.0,2.36395e-05,1.38249e-06,0.236394558,0.138248848,185282.0,93368.0,20858.0,185282.0,31500.0,17.879620853080567
Tuen Mun East -> Kowloon City North,15.5,29.726512566,30,1510.0,113.0,33427312.32,4.51726e-05,3.38047e-06,0.451726416,0.338046921,168080.0,59671.0,6093.0,168080.0,26500.0,2184.0,369.0,6927610.313,0.00031526,5.32651e-05,3.15260227,5.326512077,200330.0,107366.0,3726.0,200330.0,30700.0,10.45
Tuen Mun East -> Kowloon City South,18.5,30.758331725999998,6,1510.0,113.0,33427312.32,4.51726e-05,3.38047e-06,0.451726416,0.338046921,168080.0,59671.0,6093.0,168080.0,26500.0,1256.0,245.0,3082389.687,0.000407476,7.94838e-05,4.074760584,7.948378527,210304.0,96598.0,2009.0,210304.0,30700.0,10.450000000000001
Tuen Mun East -> Kwai Chung East,14.03370786516854,18.587213932651686,267,1510.0,113.0,33427312.32,4.51726e-05,3.38047e-06,0.451726416,0.338046921,168080.0,59671.0,6093.0,168080.0,26500.0,1199.0,144.0,5774688.358,0.00020763,2.49364e-05,2.076302522,2.49364106,161785.0,62396.0,2259.0,161785.0,26000.0,9.107865168539327
Tuen Mun East -> Kwai Chung West,8.137931034482758,20.484306505931038,29,1510.0,113.0,33427312.32,4.51726e-05,3.38047e-06,0.451726416,0.338046921,168080.0,59671.0,6093.0,168080.0,26500.0,1079.0,187.0,7109884.208,0.000151761,2.63014e-05,1.517605587,2.630141287,154432.0,86916.0,1358.0,154432.0,26000.0,14.668965517241379
Tuen Mun East -> Kwun Tong Central,13.923357664233576,30.53415151189781,274,1510.0,113.0,33427312.32,4.51726e-05,3.38047e-06,0.451726416,0.338046921,168080.0,59671.0,6093.0,168080.0,26500.0,1827.0,225.0,3044793.15,0.000600041,7.38966e-05,6.000407614,7.389664549,170206.0,106392.0,1421.0,170206.0,24000.0,19.080291970802918
Tuen Mun East -> Kwun Tong North,20.581290722928948,31.027715554950166,19338,1510.0,113.0,33427312.32,4.51726e-05,3.38047e-06,0.451726416,0.338046921,168080.0,59671.0,6093.0,168080.0,26500.0,1022.0,168.0,2334159.008,0.000437845,7.19745e-05,4.378450639,7.197453105,164725.0,58119.0,434.0,164725.0,24000.0,25.602699348433138
Tuen Mun East -> Kwun Tong Southeast,18.235294117647058,33.45423535939216,51,1510.0,113.0,33427312.32,4.51726e-05,3.38047e-06,0.451726416,0.338046921,168080.0,59671.0,6093.0,168080.0,26500.0,942.0,117.0,3181450.074,0.000296091,3.67757e-05,2.96091398,3.677568319,163357.0,92725.0,1534.0,163357.0,24000.0,18.8
Tuen Mun East -> Kwun Tong West,10.411764705882353,27.575351979171568,204,1510.0,113.0,33427312.32,4.51726e-05,3.38047e-06,0.451726416,0.338046921,168080.0,59671.0,6093.0,168080.0,26500.0,1513.0,204.0,2719597.768,0.000556332,7.50111e-05,5.5633227,7.501109259,174878.0,55701.0,1073.0,174878.0,24000.0,19.08235294117647
Tuen Mun East -> Sha Tin East,5.0,27.618929556500003,12,1510.0,113.0,33427312.32,4.51726e-05,3.38047e-06,0.451726416,0.338046921,168080.0,59671.0,6093.0,168080.0,26500.0,1790.0,208.0,24843458.54,7.20512e-05,8.37243e-06,0.720511597,0.837242527,169545.0,70694.25,3266.0,169545.0,30500.0,20.8
Tuen Mun East -> Sha Tin West,7.516129032258065,28.68795042303226,93,1510.0,113.0,33427312.32,4.51726e-05,3.38047e-06,0.451726416,0.338046921,168080.0,59671.0,6093.0,168080.0,26500.0,1612.0,207.0,31506636.23,5.11638e-05,6.57004e-06,0.511638243,0.657004443,178575.0,106037.0,7389.0,178575.0,30500.0,19.919354838709676
Tuen Mun East -> Sham Shui Po East,11.962025316455696,20.522135639946203,316,1510.0,113.0,33427312.32,4.51726e-05,3.38047e-06,0.451726416,0.338046921,168080.0,59671.0,6093.0,168080.0,26500.0,1569.0,235.0,4642605.795,0.000337957,5.06181e-05,3.379567573,5.061812491,212957.0,126435.0,2477.0,212957.0,24100.0,14.05126582278481
Tuen Mun East -> Sham Shui Po West,13.2073732718894,20.912125491769586,217,1510.0,113.0,33427312.32,4.51726e-05,3.38047e-06,0.451726416,0.338046921,168080.0,59671.0,6093.0,168080.0,26500.0,1507.0,179.0,4717394.205,0.000319456,3.79447e-05,3.194560248,3.794467713,218133.0,77638.0,1616.0,218133.0,24100.0,11.639631336405529
Tuen Mun East -> Southern District Northwest,31.070591724751594,33.98712949495446,13486,1510.0,113.0,33427312.32,4.51726e-05,3.38047e-06,0.451726416,0.338046921,168080.0,59671.0,6093.0,168080.0,26500.0,1801.0,220.0,5182184.495,0.000347537,4.24531e-05,3.475368354,4.245313925,128849.0,67695.0,2855.0,128849.0,36000.0,30.302046566810027
Tuen Mun East -> Tai Pak,14.660194174757281,32.8761965252233,206,1510.0,113.0,33427312.32,4.51726e-05,3.38047e-06,0.451726416,0.338046921,168080.0,59671.0,6093.0,168080.0,26500.0,1821.0,178.0,3656419.948,0.000498028,4.86815e-05,4.98028133,4.868149789,173597.0,106141.0,1412.0,173597.0,33800.0,27.249029126213593
Tuen Mun East -> Tai Po North,16.896551724137932,27.624607807862073,29,1510.0,113.0,33427312.32,4.51726e-05,3.38047e-06,0.451726416,0.338046921,168080.0,59671.0,6093.0,168080.0,26500.0,1367.0,236.0,94726850.56,1.4431e-05,2.49137e-06,0.144309664,0.249137387,157446.0,125595.0,16400.0,157446.0,31700.0,20.8
Tuen Mun East -> Tai Po South,11.25,30.608068209375006,40,1510.0,113.0,33427312.32,4.51726e-05,3.38047e-06,0.451726416,0.338046921,168080.0,59671.0,6093.0,168080.0,26500.0,1413.0,187.0,41403149.44,3.41278e-05,4.51656e-06,0.341278386,0.451656462,159024.0,32241.0,14539.0,159024.0,31700.0,20.8
Tuen Mun East -> Tin Shui Wai South and Ping Ha,19.926174496644297,11.17350181516443,596,1510.0,113.0,33427312.32,4.51726e-05,3.38047e-06,0.451726416,0.338046921,168080.0,59671.0,6093.0,168080.0,26500.0,1309.0,215.0,47324621.53,2.766e-05,4.54309e-06,0.276600205,0.454308969,153669.0,88248.5,22348.0,153669.0,30100.0,7.773993288590605
Tuen Mun East -> Tsing Yi,8.0,17.2352126844,5,1510.0,113.0,33427312.32,4.51726e-05,3.38047e-06,0.451726416,0.338046921,168080.0,59671.0,6093.0,168080.0,26500.0,985.0,142.0,10455427.43,9.42094e-05,1.35815e-05,0.942094435,1.358146292,179581.0,84461.0,2054.0,179581.0,26000.0,8.940000000000001
Tuen Mun East -> Tsuen Wan Northwest,14.2526790750141,9.69334026696503,1773,1510.0,113.0,33427312.32,4.51726e-05,3.38047e-06,0.451726416,0.338046921,168080.0,59671.0,6093.0,168080.0,26500.0,1403.0,103.0,44481122.31,3.15415e-05,2.31559e-06,0.315414703,0.231558906,156114.0,73570.0,4949.0,156114.0,34400.0,15.992611393119008
Tuen Mun East -> Tsuen Wan Southeast,11.887931034482758,16.291097251211205,232,1510.0,113.0,33427312.32,4.51726e-05,3.38047e-06,0.451726416,0.338046921,168080.0,59671.0,6093.0,168080.0,26500.0,991.0,128.0,17438877.69,5.68271e-05,7.33992e-06,0.568270515,0.733992189,163980.0,90229.0,4243.0,163980.0,34400.0,8.83060344827586
Tuen Mun East -> Tuen Mun East,8.804347826086957,5.720590059418363,4324,1510.0,113.0,33427312.32,4.51726e-05,3.38047e-06,0.451726416,0.338046921,168080.0,59671.0,6093.0,168080.0,26500.0,1510.0,113.0,33427312.32,4.51726e-05,3.38047e-06,0.451726416,0.338046921,168080.0,59671.0,6093.0,168080.0,26500.0,12.118200740055503
Tuen Mun East -> Tuen Mun North,9.718778908418132,6.908686697966698,1081,1510.0,113.0,33427312.32,4.51726e-05,3.38047e-06,0.451726416,0.338046921,168080.0,59671.0,6093.0,168080.0,26500.0,780.0,109.0,18692705.38,4.17275e-05,5.83115e-06,0.417275073,0.583115166,170790.0,104074.0,10271.0,170790.0,26500.0,8.207123034227568
Tuen Mun East -> Tuen Mun West,11.597701149425287,7.955460707427751,1218,1510.0,113.0,33427312.32,4.51726e-05,3.38047e-06,0.451726416,0.338046921,168080.0,59671.0,6093.0,168080.0,26500.0,587.0,86.0,33729982.3,1.74029e-05,2.54966e-06,0.174029146,0.25496604,168009.0,83305.0,3482.0,168009.0,26500.0,12.127175697865352
Tuen Mun East -> Wan Chai,16.609569377990432,30.64839100407943,1045,1510.0,113.0,33427312.32,4.51726e-05,3.38047e-06,0.451726416,0.338046921,168080.0,59671.0,6093.0,168080.0,26500.0,3357.0,430.0,10560000.0,0.000317898,4.07197e-05,3.178977273,4.071969697,166695.0,92238.0,4550.0,166695.0,40500.0,26.77224880382775
Tuen Mun East -> Wong Tai Sin East,7.847583643122676,25.78733519951301,269,1510.0,113.0,33427312.32,4.51726e-05,3.38047e-06,0.451726416,0.338046921,168080.0,59671.0,6093.0,168080.0,26500.0,1475.0,207.0,4613986.574,0.00031968,4.48636e-05,3.196801673,4.486358958,188218.0,127397.0,1185.0,188218.0,25100.0,17.695910780669145
Tuen Mun East -> Wong Tai Sin West,8.214285714285714,24.773163533285715,14,1510.0,113.0,33427312.32,4.51726e-05,3.38047e-06,0.451726416,0.338046921,168080.0,59671.0,6093.0,168080.0,26500.0,896.0,223.0,4688620.344,0.000191101,4.7562e-05,1.911009922,4.75619657,218584.0,65217.0,844.0,218584.0,25100.0,11.728571428571428
Tuen Mun East -> Wu Tip Shan,17.845794392523363,29.11388121278972,214,1510.0,113.0,33427312.32,4.51726e-05,3.38047e-06,0.451726416,0.338046921,168080.0,59671.0,6093.0,168080.0,26500.0,1448.0,161.0,21829748.23,6.63315e-05,7.37526e-06,0.663315025,0.737525684,150468.0,93658.0,15003.0,150468.0,25500.0,16.482242990654203
Tuen Mun East -> Yau Tsim Mong North,19.38888888888889,22.560029545405555,360,1510.0,113.0,33427312.32,4.51726e-05,3.38047e-06,0.451726416,0.338046921,168080.0,59671.0,6093.0,168080.0,26500.0,1629.0,178.0,2165712.207,0.000752178,8.21901e-05,7.52177503,8.21900525,168265.0,97426.0,3002.0,168265.0,30700.0,13.511111111111111
Tuen Mun East -> Yau Tsim Mong South,13.497936726272352,23.885803970337,727,1510.0,113.0,33427312.32,4.51726e-05,3.38047e-06,0.451726416,0.338046921,168080.0,59671.0,6093.0,168080.0,26500.0,3027.0,209.0,4824287.793,0.00062745,4.33225e-05,6.274501294,4.33224569,142382.0,65279.0,4418.0,142382.0,30700.0,18.907427785419532
Tuen Mun East -> Yuen Long Rural East,12.465909090909092,9.477409180136364,88,1510.0,113.0,33427312.32,4.51726e-05,3.38047e-06,0.451726416,0.338046921,168080.0,59671.0,6093.0,168080.0,26500.0,1696.0,306.0,83591131.06,2.02892e-05,3.66068e-06,0.202892338,0.366067543,170741.0,90494.0,72943.0,170741.0,30100.0,8.892045454545455
Tuen Mun East -> Yuen Long Town Centre,23.02097902097902,13.523654859265733,143,1510.0,113.0,33427312.32,4.51726e-05,3.38047e-06,0.451726416,0.338046921,168080.0,59671.0,6093.0,168080.0,26500.0,825.0,110.0,5113531.676,0.000161337,2.15116e-05,1.613366362,2.15115515,160142.0,65596.0,7135.0,160142.0,30100.0,8.101398601398602
Tuen Mun North -> Central,11.911877394636015,35.28255043008429,261,780.0,109.0,18692705.38,4.17275e-05,5.83115e-06,0.417275073,0.583115166,170790.0,104074.0,10271.0,170790.0,26500.0,3406.0,432.0,8299264.499,0.000410398,5.20528e-05,4.10397813,5.205280541,110720.0,55452.0,6706.0,110720.0,42600.0,22.862835249042146
Tuen Mun North -> Islands,18.11320754716981,22.75199672738208,424,780.0,109.0,18692705.38,4.17275e-05,5.83115e-06,0.417275073,0.583115166,170790.0,104074.0,10271.0,170790.0,26500.0,4309.0,252.0,182280000.0,2.36395e-05,1.38249e-06,0.236394558,0.138248848,185282.0,93368.0,20858.0,185282.0,31500.0,16.53632075471698
Tuen Mun North -> Kwai Chung East,16.123595505617978,24.645778922224718,89,780.0,109.0,18692705.38,4.17275e-05,5.83115e-06,0.417275073,0.583115166,170790.0,104074.0,10271.0,170790.0,26500.0,1199.0,144.0,5774688.358,0.00020763,2.49364e-05,2.076302522,2.49364106,161785.0,62396.0,2259.0,161785.0,26000.0,8.046067415730338
Tuen Mun North -> Kwai Chung West,13.432432432432432,27.695781319432434,37,780.0,109.0,18692705.38,4.17275e-05,5.83115e-06,0.417275073,0.583115166,170790.0,104074.0,10271.0,170790.0,26500.0,1079.0,187.0,7109884.208,0.000151761,2.63014e-05,1.517605587,2.630141287,154432.0,86916.0,1358.0,154432.0,26000.0,16.048648648648648
Tuen Mun North -> Kwun Tong Central,18.5414364640884,37.548842526690606,181,780.0,109.0,18692705.38,4.17275e-05,5.83115e-06,0.417275073,0.583115166,170790.0,104074.0,10271.0,170790.0,26500.0,1827.0,225.0,3044793.15,0.000600041,7.38966e-05,6.000407614,7.389664549,170206.0,106392.0,1421.0,170206.0,24000.0,17.427624309392264
Tuen Mun North -> Kwun Tong North,20.182641404290887,35.721342579249665,7178,780.0,109.0,18692705.38,4.17275e-05,5.83115e-06,0.417275073,0.583115166,170790.0,104074.0,10271.0,170790.0,26500.0,1022.0,168.0,2334159.008,0.000437845,7.19745e-05,4.378450639,7.197453105,164725.0,58119.0,434.0,164725.0,24000.0,24.437712454722764
Tuen Mun North -> Kwun Tong Southeast,24.0,39.18189433575,4,780.0,109.0,18692705.38,4.17275e-05,5.83115e-06,0.417275073,0.583115166,170790.0,104074.0,10271.0,170790.0,26500.0,942.0,117.0,3181450.074,0.000296091,3.67757e-05,2.96091398,3.677568319,163357.0,92725.0,1534.0,163357.0,24000.0,18.8
Tuen Mun North -> Kwun Tong West,15.25531914893617,35.34749191321277,141,780.0,109.0,18692705.38,4.17275e-05,5.83115e-06,0.417275073,0.583115166,170790.0,104074.0,10271.0,170790.0,26500.0,1513.0,204.0,2719597.768,0.000556332,7.50111e-05,5.5633227,7.501109259,174878.0,55701.0,1073.0,174878.0,24000.0,17.644680851063832
Tuen Mun North -> Sham Shui Po East,9.904761904761905,25.62248755588095,126,780.0,109.0,18692705.38,4.17275e-05,5.83115e-06,0.417275073,0.583115166,170790.0,104074.0,10271.0,170790.0,26500.0,1569.0,235.0,4642605.795,0.000337957,5.06181e-05,3.379567573,5.061812491,212957.0,126435.0,2477.0,212957.0,24100.0,13.212698412698412
Tuen Mun North -> Sham Shui Po West,10.047058823529412,27.610787201364705,85,780.0,109.0,18692705.38,4.17275e-05,5.83115e-06,0.417275073,0.583115166,170790.0,104074.0,10271.0,170790.0,26500.0,1507.0,179.0,4717394.205,0.000319456,3.79447e-05,3.194560248,3.794467713,218133.0,77638.0,1616.0,218133.0,24100.0,9.150588235294117
Tuen Mun North -> Southern District Northwest,26.371517027863778,39.09105632473066,323,780.0,109.0,18692705.38,4.17275e-05,5.83115e-06,0.417275073,0.583115166,170790.0,104074.0,10271.0,170790.0,26500.0,1801.0,220.0,5182184.495,0.000347537,4.24531e-05,3.475368354,4.245313925,128849.0,67695.0,2855.0,128849.0,36000.0,23.588854489164085
Tuen Mun North -> Tai Pak,8.952380952380953,37.63365333228572,21,780.0,109.0,18692705.38,4.17275e-05,5.83115e-06,0.417275073,0.583115166,170790.0,104074.0,10271.0,170790.0,26500.0,1821.0,178.0,3656419.948,0.000498028,4.86815e-05,4.98028133,4.868149789,173597.0,106141.0,1412.0,173597.0,33800.0,27.142857142857142
Tuen Mun North -> Tai Po North,23.745681381957773,30.06084583409981,1042,780.0,109.0,18692705.38,4.17275e-05,5.83115e-06,0.417275073,0.583115166,170790.0,104074.0,10271.0,170790.0,26500.0,1367.0,236.0,94726850.56,1.4431e-05,2.49137e-06,0.144309664,0.249137387,157446.0,125595.0,16400.0,157446.0,31700.0,26.532341650671786
Tuen Mun North -> Tin Shui Wai South and Ping Ha,12.18235294117647,5.97094859207353,340,780.0,109.0,18692705.38,4.17275e-05,5.83115e-06,0.417275073,0.583115166,170790.0,104074.0,10271.0,170790.0,26500.0,1309.0,215.0,47324621.53,2.766e-05,4.54309e-06,0.276600205,0.454308969,153669.0,88248.5,22348.0,153669.0,30100.0,8.703823529411766
Tuen Mun North -> Tsing Yi,14.0,25.98618350242857,7,780.0,109.0,18692705.38,4.17275e-05,5.83115e-06,0.417275073,0.583115166,170790.0,104074.0,10271.0,170790.0,26500.0,985.0,142.0,10455427.43,9.42094e-05,1.35815e-05,0.942094435,1.358146292,179581.0,84461.0,2054.0,179581.0,26000.0,5.7
Tuen Mun North -> Tsuen Wan Northwest,26.666666666666668,18.87213195988889,324,780.0,109.0,18692705.38,4.17275e-05,5.83115e-06,0.417275073,0.583115166,170790.0,104074.0,10271.0,170790.0,26500.0,1403.0,103.0,44481122.31,3.15415e-05,2.31559e-06,0.315414703,0.231558906,156114.0,73570.0,4949.0,156114.0,34400.0,8.733333333333333
Tuen Mun North -> Tsuen Wan Southeast,15.739495798319327,22.954391167386554,119,780.0,109.0,18692705.38,4.17275e-05,5.83115e-06,0.417275073,0.583115166,170790.0,104074.0,10271.0,170790.0,26500.0,991.0,128.0,17438877.69,5.68271e-05,7.33992e-06,0.568270515,0.733992189,163980.0,90229.0,4243.0,163980.0,34400.0,8.02436974789916
Tuen Mun North -> Tuen Mun East,8.593280282935455,8.444432602310345,1131,780.0,109.0,18692705.38,4.17275e-05,5.83115e-06,0.417275073,0.583115166,170790.0,104074.0,10271.0,170790.0,26500.0,1510.0,113.0,33427312.32,4.51726e-05,3.38047e-06,0.451726416,0.338046921,168080.0,59671.0,6093.0,168080.0,26500.0,15.99398762157383
Tuen Mun North -> Tuen Mun North,7.97489539748954,4.242942597263598,717,780.0,109.0,18692705.38,4.17275e-05,5.83115e-06,0.417275073,0.583115166,170790.0,104074.0,10271.0,170790.0,26500.0,780.0,109.0,18692705.38,4.17275e-05,5.83115e-06,0.417275073,0.583115166,170790.0,104074.0,10271.0,170790.0,26500.0,12.068898186889818
Tuen Mun North -> Tuen Mun West,11.38993710691824,6.377557931675052,954,780.0,109.0,18692705.38,4.17275e-05,5.83115e-06,0.417275073,0.583115166,170790.0,104074.0,10271.0,170790.0,26500.0,587.0,86.0,33729982.3,1.74029e-05,2.54966e-06,0.174029146,0.25496604,168009.0,83305.0,3482.0,168009.0,26500.0,15.796540880503144
Tuen Mun North -> Wan Chai,16.66115702479339,37.58514465966529,242,780.0,109.0,18692705.38,4.17275e-05,5.83115e-06,0.417275073,0.583115166,170790.0,104074.0,10271.0,170790.0,26500.0,3357.0,430.0,10560000.0,0.000317898,4.07197e-05,3.178977273,4.071969697,166695.0,92238.0,4550.0,166695.0,40500.0,21.18719008264463
Tuen Mun North -> Wong Tai Sin East,12.331521739130435,32.41015777890761,184,780.0,109.0,18692705.38,4.17275e-05,5.83115e-06,0.417275073,0.583115166,170790.0,104074.0,10271.0,170790.0,26500.0,1475.0,207.0,4613986.574,0.00031968,4.48636e-05,3.196801673,4.486358958,188218.0,127397.0,1185.0,188218.0,25100.0,17.007065217391304
Tuen Mun North -> Wong Tai Sin West,8.0,31.418436283000002,7,780.0,109.0,18692705.38,4.17275e-05,5.83115e-06,0.417275073,0.583115166,170790.0,104074.0,10271.0,170790.0,26500.0,896.0,223.0,4688620.344,0.000191101,4.7562e-05,1.911009922,4.75619657,218584.0,65217.0,844.0,218584.0,25100.0,19.4
Tuen Mun North -> Wu Tip Shan,10.233333333333333,25.264863841233332,60,780.0,109.0,18692705.38,4.17275e-05,5.83115e-06,0.417275073,0.583115166,170790.0,104074.0,10271.0,170790.0,26500.0,1448.0,161.0,21829748.23,6.63315e-05,7.37526e-06,0.663315025,0.737525684,150468.0,93658.0,15003.0,150468.0,25500.0,15.75
Tuen Mun North -> Yau Tsim Mong North,11.82716049382716,31.381300452469137,81,780.0,109.0,18692705.38,4.17275e-05,5.83115e-06,0.417275073,0.583115166,170790.0,104074.0,10271.0,170790.0,26500.0,1629.0,178.0,2165712.207,0.000752178,8.21901e-05,7.52177503,8.21900525,168265.0,97426.0,3002.0,168265.0,30700.0,15.08148148148148
Tuen Mun North -> Yau Tsim Mong South,12.771428571428572,31.8492790303551,245,780.0,109.0,18692705.38,4.17275e-05,5.83115e-06,0.417275073,0.583115166,170790.0,104074.0,10271.0,170790.0,26500.0,3027.0,209.0,4824287.793,0.00062745,4.33225e-05,6.274501294,4.33224569,142382.0,65279.0,4418.0,142382.0,30700.0,18.3265306122449
Tuen Mun North -> Yuen Long Rural East,8.483443708609272,4.282791920748345,151,780.0,109.0,18692705.38,4.17275e-05,5.83115e-06,0.417275073,0.583115166,170790.0,104074.0,10271.0,170790.0,26500.0,1696.0,306.0,83591131.06,2.02892e-05,3.66068e-06,0.202892338,0.366067543,170741.0,90494.0,72943.0,170741.0,30100.0,6.945695364238411
Tuen Mun North -> Yuen Long Town Centre,14.823529411764707,7.188487491014706,68,780.0,109.0,18692705.38,4.17275e-05,5.83115e-06,0.417275073,0.583115166,170790.0,104074.0,10271.0,170790.0,26500.0,825.0,110.0,5113531.676,0.000161337,2.15116e-05,1.613366362,2.15115515,160142.0,65596.0,7135.0,160142.0,30100.0,7.68235294117647
Tuen Mun West -> Central,12.692307692307692,33.75393618992949,312,587.0,86.0,33729982.3,1.74029e-05,2.54966e-06,0.174029146,0.25496604,168009.0,83305.0,3482.0,168009.0,26500.0,3406.0,432.0,8299264.499,0.000410398,5.20528e-05,4.10397813,5.205280541,110720.0,55452.0,6706.0,110720.0,42600.0,26.02948717948718
Tuen Mun West -> Chai Wan,27.38679245283019,37.81474209385849,318,587.0,86.0,33729982.3,1.74029e-05,2.54966e-06,0.174029146,0.25496604,168009.0,83305.0,3482.0,168009.0,26500.0,1483.0,185.0,9201905.88,0.000161162,2.01045e-05,1.611622657,2.010453078,168675.0,84793.0,1280.0,168675.0,33800.0,32.02987421383648
Tuen Mun West -> Islands,7.475499092558984,16.229858205090746,551,587.0,86.0,33729982.3,1.74029e-05,2.54966e-06,0.174029146,0.25496604,168009.0,83305.0,3482.0,168009.0,26500.0,4309.0,252.0,182280000.0,2.36395e-05,1.38249e-06,0.236394558,0.138248848,185282.0,93368.0,20858.0,185282.0,31500.0,15.184754990925589
Tuen Mun West -> Kowloon City North,18.677248677248677,32.70370836797792,3780,587.0,86.0,33729982.3,1.74029e-05,2.54966e-06,0.174029146,0.25496604,168009.0,83305.0,3482.0,168009.0,26500.0,2184.0,369.0,6927610.313,0.00031526,5.32651e-05,3.15260227,5.326512077,200330.0,107366.0,3726.0,200330.0,30700.0,21.371719576719578
Tuen Mun West -> Kowloon City South,18.340234791889007,30.484272494484667,4685,587.0,86.0,33729982.3,1.74029e-05,2.54966e-06,0.174029146,0.25496604,168009.0,83305.0,3482.0,168009.0,26500.0,1256.0,245.0,3082389.687,0.000407476,7.94838e-05,4.074760584,7.948378527,210304.0,96598.0,2009.0,210304.0,30700.0,16.78495197438634
Tuen Mun West -> Kwai Chung East,17.88888888888889,25.16847133838889,54,587.0,86.0,33729982.3,1.74029e-05,2.54966e-06,0.174029146,0.25496604,168009.0,83305.0,3482.0,168009.0,26500.0,1199.0,144.0,5774688.358,0.00020763,2.49364e-05,2.076302522,2.49364106,161785.0,62396.0,2259.0,161785.0,26000.0,11.011111111111111
Tuen Mun West -> Kwai Chung West,15.538501560874089,23.766657260014224,3844,587.0,86.0,33729982.3,1.74029e-05,2.54966e-06,0.174029146,0.25496604,168009.0,83305.0,3482.0,168009.0,26500.0,1079.0,187.0,7109884.208,0.000151761,2.63014e-05,1.517605587,2.630141287,154432.0,86916.0,1358.0,154432.0,26000.0,18.026768990634757
Tuen Mun West -> Kwun Tong Central,14.873493975903614,36.32980109457229,166,587.0,86.0,33729982.3,1.74029e-05,2.54966e-06,0.174029146,0.25496604,168009.0,83305.0,3482.0,168009.0,26500.0,1827.0,225.0,3044793.15,0.000600041,7.38966e-05,6.000407614,7.389664549,170206.0,106392.0,1421.0,170206.0,24000.0,18.016867469879518
Tuen Mun West -> Kwun Tong North,19.461994809047088,36.14826130257439,5394,587.0,86.0,33729982.3,1.74029e-05,2.54966e-06,0.174029146,0.25496604,168009.0,83305.0,3482.0,168009.0,26500.0,1022.0,168.0,2334159.008,0.000437845,7.19745e-05,4.378450639,7.197453105,164725.0,58119.0,434.0,164725.0,24000.0,23.828197997775305
Tuen Mun West -> Kwun Tong Southeast,21.107142857142858,38.51213001042857,28,587.0,86.0,33729982.3,1.74029e-05,2.54966e-06,0.174029146,0.25496604,168009.0,83305.0,3482.0,168009.0,26500.0,942.0,117.0,3181450.074,0.000296091,3.67757e-05,2.96091398,3.677568319,163357.0,92725.0,1534.0,163357.0,24000.0,18.8
Tuen Mun West -> Kwun Tong West,11.2,32.03248258871667,120,587.0,86.0,33729982.3,1.74029e-05,2.54966e-06,0.174029146,0.25496604,168009.0,83305.0,3482.0,168009.0,26500.0,1513.0,204.0,2719597.768,0.000556332,7.50111e-05,5.5633227,7.501109259,174878.0,55701.0,1073.0,174878.0,24000.0,18.33
Tuen Mun West -> Sai Kung and Hang Hau,20.536939846588616,36.18033577261875,2477,587.0,86.0,33729982.3,1.74029e-05,2.54966e-06,0.174029146,0.25496604,168009.0,83305.0,3482.0,168009.0,26500.0,1722.0,307.0,129680000.0,1.32788e-05,2.36737e-06,0.132788402,0.236736582,157505.0,75963.0,22406.0,157505.0,40400.0,25.171053693984657
Tuen Mun West -> Sha Tin East,17.0294280955025,34.18484579487396,1801,587.0,86.0,33729982.3,1.74029e-05,2.54966e-06,0.174029146,0.25496604,168009.0,83305.0,3482.0,168009.0,26500.0,1790.0,208.0,24843458.54,7.20512e-05,8.37243e-06,0.720511597,0.837242527,169545.0,70694.25,3266.0,169545.0,30500.0,22.745863409217105
Tuen Mun West -> Sha Tin North,25.043478260869566,35.61756141506522,92,587.0,86.0,33729982.3,1.74029e-05,2.54966e-06,0.174029146,0.25496604,168009.0,83305.0,3482.0,168009.0,26500.0,1053.0,129.0,2824329.844,0.000372832,4.56746e-05,3.728318072,4.567455188,172770.0,105017.0,1312.0,172770.0,30500.0,23.4304347826087
Tuen Mun West -> Sha Tin South,13.944281524926685,33.072374010148096,1364,587.0,86.0,33729982.3,1.74029e-05,2.54966e-06,0.174029146,0.25496604,168009.0,83305.0,3482.0,168009.0,26500.0,1099.0,152.0,9545575.388,0.000115132,1.59236e-05,1.151318758,1.592360794,171916.0,58856.75,2705.0,171916.0,30500.0,22.639442815249268
Tuen Mun West -> Sha Tin West,11.093457943925234,30.160967057377785,2782,587.0,86.0,33729982.3,1.74029e-05,2.54966e-06,0.174029146,0.25496604,168009.0,83305.0,3482.0,168009.0,26500.0,1612.0,207.0,31506636.23,5.11638e-05,6.57004e-06,0.511638243,0.657004443,178575.0,106037.0,7389.0,178575.0,30500.0,24.946657081236523
Tuen Mun West -> Sham Shui Po East,8.642857142857142,26.652502691479594,98,587.0,86.0,33729982.3,1.74029e-05,2.54966e-06,0.174029146,0.25496604,168009.0,83305.0,3482.0,168009.0,26500.0,1569.0,235.0,4642605.795,0.000337957,5.06181e-05,3.379567573,5.061812491,212957.0,126435.0,2477.0,212957.0,24100.0,11.58673469387755
Tuen Mun West -> Sham Shui Po West,8.734939759036145,25.1418307836747,83,587.0,86.0,33729982.3,1.74029e-05,2.54966e-06,0.174029146,0.25496604,168009.0,83305.0,3482.0,168009.0,26500.0,1507.0,179.0,4717394.205,0.000319456,3.79447e-05,3.194560248,3.794467713,218133.0,77638.0,1616.0,218133.0,24100.0,8.497590361445782
Tuen Mun West -> Southern District Northwest,24.67873303167421,38.292002608287554,221,587.0,86.0,33729982.3,1.74029e-05,2.54966e-06,0.174029146,0.25496604,168009.0,83305.0,3482.0,168009.0,26500.0,1801.0,220.0,5182184.495,0.000347537,4.24531e-05,3.475368354,4.245313925,128849.0,67695.0,2855.0,128849.0,36000.0,31.257918552036198
Tuen Mun West -> Southern District Southeast,19.220985691573926,37.39752142531797,629,587.0,86.0,33729982.3,1.74029e-05,2.54966e-06,0.174029146,0.25496604,168009.0,83305.0,3482.0,168009.0,26500.0,2667.0,249.0,33657815.5,7.92387e-05,7.39798e-06,0.792386541,0.739798458,134429.0,68061.0,8608.0,134429.0,36000.0,28.700953895071546
Tuen Mun West -> Tai Pak,10.076923076923077,37.209606013615385,13,587.0,86.0,33729982.3,1.74029e-05,2.54966e-06,0.174029146,0.25496604,168009.0,83305.0,3482.0,168009.0,26500.0,1821.0,178.0,3656419.948,0.000498028,4.86815e-05,4.98028133,4.868149789,173597.0,106141.0,1412.0,173597.0,33800.0,27.23076923076923
Tuen Mun West -> Tai Po North,20.58365758754864,31.1012918020454,771,587.0,86.0,33729982.3,1.74029e-05,2.54966e-06,0.174029146,0.25496604,168009.0,83305.0,3482.0,168009.0,26500.0,1367.0,236.0,94726850.56,1.4431e-05,2.49137e-06,0.144309664,0.249137387,157446.0,125595.0,16400.0,157446.0,31700.0,28.566407263294423
Tuen Mun West -> Tai Po South,19.82530689329556,31.18698963331917,1059,587.0,86.0,33729982.3,1.74029e-05,2.54966e-06,0.174029146,0.25496604,168009.0,83305.0,3482.0,168009.0,26500.0,1413.0,187.0,41403149.44,3.41278e-05,4.51656e-06,0.341278386,0.451656462,159024.0,32241.0,14539.0,159024.0,31700.0,27.02417374881964
Tuen Mun West -> Tin Shui Wai South and Ping Ha,10.348314606741573,16.452499246011236,89,587.0,86.0,33729982.3,1.74029e-05,2.54966e-06,0.174029146,0.25496604,168009.0,83305.0,3482.0,168009.0,26500.0,1309.0,215.0,47324621.53,2.766e-05,4.54309e-06,0.276600205,0.454308969,153669.0,88248.5,22348.0,153669.0,30100.0,21.42247191011236
Tuen Mun West -> Tseung Kwan O North,25.432515337423315,35.616800104240106,652,587.0,86.0,33729982.3,1.74029e-05,2.54966e-06,0.174029146,0.25496604,168009.0,83305.0,3482.0,168009.0,26500.0,776.0,108.0,1580069.556,0.000491118,6.83514e-05,4.911176202,6.835142137,158568.0,98589.0,444.0,158568.0,40400.0,25.784202453987728
Tuen Mun West -> Tseung Kwan O South,23.81615598885794,34.783507868479106,359,587.0,86.0,33729982.3,1.74029e-05,2.54966e-06,0.174029146,0.25496604,168009.0,83305.0,3482.0,168009.0,26500.0,517.0,59.0,3125142.442,0.000165432,1.88791e-05,1.654324594,1.887913946,172964.0,98736.0,735.0,172964.0,40400.0,24.058495821727018
Tuen Mun West -> Tsing Yi,15.978781656399725,27.14169146994456,1461,587.0,86.0,33729982.3,1.74029e-05,2.54966e-06,0.174029146,0.25496604,168009.0,83305.0,3482.0,168009.0,26500.0,985.0,142.0,10455427.43,9.42094e-05,1.35815e-05,0.942094435,1.358146292,179581.0,84461.0,2054.0,179581.0,26000.0,17.86091718001369
Tuen Mun West -> Tsuen Wan Northwest,8.62295081967213,20.156024111836064,122,587.0,86.0,33729982.3,1.74029e-05,2.54966e-06,0.174029146,0.25496604,168009.0,83305.0,3482.0,168009.0,26500.0,1403.0,103.0,44481122.31,3.15415e-05,2.31559e-06,0.315414703,0.231558906,156114.0,73570.0,4949.0,156114.0,34400.0,9.28688524590164
Tuen Mun West -> Tsuen Wan Southeast,14.423728813559322,23.432742710101696,59,587.0,86.0,33729982.3,1.74029e-05,2.54966e-06,0.174029146,0.25496604,168009.0,83305.0,3482.0,168009.0,26500.0,991.0,128.0,17438877.69,5.68271e-05,7.33992e-06,0.568270515,0.733992189,163980.0,90229.0,4243.0,163980.0,34400.0,10.566101694915254
Tuen Mun West -> Tuen Mun East,10.47921967769296,8.479713630457168,1179,587.0,86.0,33729982.3,1.74029e-05,2.54966e-06,0.174029146,0.25496604,168009.0,83305.0,3482.0,168009.0,26500.0,1510.0,113.0,33427312.32,4.51726e-05,3.38047e-06,0.451726416,0.338046921,168080.0,59671.0,6093.0,168080.0,26500.0,17.066921119592877
Tuen Mun West -> Tuen Mun North,10.776416539050537,5.454814914540582,653,587.0,86.0,33729982.3,1.74029e-05,2.54966e-06,0.174029146,0.25496604,168009.0,83305.0,3482.0,168009.0,26500.0,780.0,109.0,18692705.38,4.17275e-05,5.83115e-06,0.417275073,0.583115166,170790.0,104074.0,10271.0,170790.0,26500.0,9.381470137825422
Tuen Mun West -> Tuen Mun West,5.54140127388535,6.376121967940552,471,587.0,86.0,33729982.3,1.74029e-05,2.54966e-06,0.174029146,0.25496604,168009.0,83305.0,3482.0,168009.0,26500.0,587.0,86.0,33729982.3,1.74029e-05,2.54966e-06,0.174029146,0.25496604,168009.0,83305.0,3482.0,168009.0,26500.0,13.922505307855626
Tuen Mun West -> Wan Chai,18.91223404255319,36.81398833639362,376,587.0,86.0,33729982.3,1.74029e-05,2.54966e-06,0.174029146,0.25496604,168009.0,83305.0,3482.0,168009.0,26500.0,3357.0,430.0,10560000.0,0.000317898,4.07197e-05,3.178977273,4.071969697,166695.0,92238.0,4550.0,166695.0,40500.0,25.88962765957447
Tuen Mun West -> Western,15.60890410958904,32.07713918502974,1460,587.0,86.0,33729982.3,1.74029e-05,2.54966e-06,0.174029146,0.25496604,168009.0,83305.0,3482.0,168009.0,26500.0,1187.0,165.0,4250735.501,0.000279246,3.88168e-05,2.792457916,3.881681181,125233.0,75343.0,2064.0,125233.0,42600.0,31.789931506849317
Tuen Mun West -> Wong Tai Sin East,10.409090909090908,31.354235723027276,110,587.0,86.0,33729982.3,1.74029e-05,2.54966e-06,0.174029146,0.25496604,168009.0,83305.0,3482.0,168009.0,26500.0,1475.0,207.0,4613986.574,0.00031968,4.48636e-05,3.196801673,4.486358958,188218.0,127397.0,1185.0,188218.0,25100.0,16.30909090909091
Tuen Mun West -> Wong Tai Sin West,15.211935730680949,31.948243281724004,3921,587.0,86.0,33729982.3,1.74029e-05,2.54966e-06,0.174029146,0.25496604,168009.0,83305.0,3482.0,168009.0,26500.0,896.0,223.0,4688620.344,0.000191101,4.7562e-05,1.911009922,4.75619657,218584.0,65217.0,844.0,218584.0,25100.0,21.743407294057636
Tuen Mun West -> Wu Tip Shan,10.0,28.832025973428575,7,587.0,86.0,33729982.3,1.74029e-05,2.54966e-06,0.174029146,0.25496604,168009.0,83305.0,3482.0,168009.0,26500.0,1448.0,161.0,21829748.23,6.63315e-05,7.37526e-06,0.663315025,0.737525684,150468.0,93658.0,15003.0,150468.0,25500.0,14.8
Tuen Mun West -> Yau Tsim Mong North,10.95945945945946,26.34614303662162,74,587.0,86.0,33729982.3,1.74029e-05,2.54966e-06,0.174029146,0.25496604,168009.0,83305.0,3482.0,168009.0,26500.0,1629.0,178.0,2165712.207,0.000752178,8.21901e-05,7.52177503,8.21900525,168265.0,97426.0,3002.0,168265.0,30700.0,10.029729729729729
Tuen Mun West -> Yau Tsim Mong South,9.378378378378379,27.876892882621622,148,587.0,86.0,33729982.3,1.74029e-05,2.54966e-06,0.174029146,0.25496604,168009.0,83305.0,3482.0,168009.0,26500.0,3027.0,209.0,4824287.793,0.00062745,4.33225e-05,6.274501294,4.33224569,142382.0,65279.0,4418.0,142382.0,30700.0,18.71689189189189
Tuen Mun West -> Yuen Long Rural East,16.851063829787233,10.28225207869149,94,587.0,86.0,33729982.3,1.74029e-05,2.54966e-06,0.174029146,0.25496604,168009.0,83305.0,3482.0,168009.0,26500.0,1696.0,306.0,83591131.06,2.02892e-05,3.66068e-06,0.202892338,0.366067543,170741.0,90494.0,72943.0,170741.0,30100.0,11.253191489361702
Tuen Mun West -> Yuen Long Town Centre,8.75,15.176502080555556,36,587.0,86.0,33729982.3,1.74029e-05,2.54966e-06,0.174029146,0.25496604,168009.0,83305.0,3482.0,168009.0,26500.0,825.0,110.0,5113531.676,0.000161337,2.15116e-05,1.613366362,2.15115515,160142.0,65596.0,7135.0,160142.0,30100.0,21.633333333333336
Wan Chai -> Central,11.99892055267703,5.200625273953152,4632,3357.0,430.0,10560000.0,0.000317898,4.07197e-05,3.178977273,4.071969697,166695.0,92238.0,4550.0,166695.0,40500.0,3406.0,432.0,8299264.499,0.000410398,5.20528e-05,4.10397813,5.205280541,110720.0,55452.0,6706.0,110720.0,42600.0,10.251381692573403
Wan Chai -> Chai Wan,21.323076923076922,9.834664531967611,1235,3357.0,430.0,10560000.0,0.000317898,4.07197e-05,3.178977273,4.071969697,166695.0,92238.0,4550.0,166695.0,40500.0,1483.0,185.0,9201905.88,0.000161162,2.01045e-05,1.611622657,2.010453078,168675.0,84793.0,1280.0,168675.0,33800.0,7.7730364372469625
Wan Chai -> Hong Wan,18.400342172797263,8.021742424348162,1169,3357.0,430.0,10560000.0,0.000317898,4.07197e-05,3.178977273,4.071969697,166695.0,92238.0,4550.0,166695.0,40500.0,1508.0,147.0,5131674.172,0.000293861,2.86456e-05,2.938612136,2.864562228,187331.0,78902.0,1332.0,187331.0,33800.0,7.375106928999145
Wan Chai -> Islands,15.170854271356784,36.91241768422613,199,3357.0,430.0,10560000.0,0.000317898,4.07197e-05,3.178977273,4.071969697,166695.0,92238.0,4550.0,166695.0,40500.0,4309.0,252.0,182280000.0,2.36395e-05,1.38249e-06,0.236394558,0.138248848,185282.0,93368.0,20858.0,185282.0,31500.0,24.417587939698496
Wan Chai -> Kowloon City North,9.465208747514911,7.5411149633777335,503,3357.0,430.0,10560000.0,0.000317898,4.07197e-05,3.178977273,4.071969697,166695.0,92238.0,4550.0,166695.0,40500.0,2184.0,369.0,6927610.313,0.00031526,5.32651e-05,3.15260227,5.326512077,200330.0,107366.0,3726.0,200330.0,30700.0,15.863817097415508
Wan Chai -> Kowloon City South,6.640287769784172,6.349300574435252,278,3357.0,430.0,10560000.0,0.000317898,4.07197e-05,3.178977273,4.071969697,166695.0,92238.0,4550.0,166695.0,40500.0,1256.0,245.0,3082389.687,0.000407476,7.94838e-05,4.074760584,7.948378527,210304.0,96598.0,2009.0,210304.0,30700.0,16.527338129496403
Wan Chai -> Kwai Chung East,16.937106918238992,17.3418014238239,159,3357.0,430.0,10560000.0,0.000317898,4.07197e-05,3.178977273,4.071969697,166695.0,92238.0,4550.0,166695.0,40500.0,1199.0,144.0,5774688.358,0.00020763,2.49364e-05,2.076302522,2.49364106,161785.0,62396.0,2259.0,161785.0,26000.0,21.548427672955977
Wan Chai -> Kwai Chung West,15.915966386554622,16.511068294168066,119,3357.0,430.0,10560000.0,0.000317898,4.07197e-05,3.178977273,4.071969697,166695.0,92238.0,4550.0,166695.0,40500.0,1079.0,187.0,7109884.208,0.000151761,2.63014e-05,1.517605587,2.630141287,154432.0,86916.0,1358.0,154432.0,26000.0,26.30252100840336
Wan Chai -> Kwun Tong Central,10.98473282442748,10.059880606919847,262,3357.0,430.0,10560000.0,0.000317898,4.07197e-05,3.178977273,4.071969697,166695.0,92238.0,4550.0,166695.0,40500.0,1827.0,225.0,3044793.15,0.000600041,7.38966e-05,6.000407614,7.389664549,170206.0,106392.0,1421.0,170206.0,24000.0,14.294656488549618
Wan Chai -> Kwun Tong North,16.21875,12.104422054523438,256,3357.0,430.0,10560000.0,0.000317898,4.07197e-05,3.178977273,4.071969697,166695.0,92238.0,4550.0,166695.0,40500.0,1022.0,168.0,2334159.008,0.000437845,7.19745e-05,4.378450639,7.197453105,164725.0,58119.0,434.0,164725.0,24000.0,13.84375
Wan Chai -> Kwun Tong Southeast,9.861283643892339,9.656824324271222,483,3357.0,430.0,10560000.0,0.000317898,4.07197e-05,3.178977273,4.071969697,166695.0,92238.0,4550.0,166695.0,40500.0,942.0,117.0,3181450.074,0.000296091,3.67757e-05,2.96091398,3.677568319,163357.0,92725.0,1534.0,163357.0,24000.0,16.1416149068323
Wan Chai -> Kwun Tong West,15.73056994818653,11.510292484295338,193,3357.0,430.0,10560000.0,0.000317898,4.07197e-05,3.178977273,4.071969697,166695.0,92238.0,4550.0,166695.0,40500.0,1513.0,204.0,2719597.768,0.000556332,7.50111e-05,5.5633227,7.501109259,174878.0,55701.0,1073.0,174878.0,24000.0,13.843523316062175
Wan Chai -> Sai Kung and Hang Hau,14.752136752136753,14.446339823529915,117,3357.0,430.0,10560000.0,0.000317898,4.07197e-05,3.178977273,4.071969697,166695.0,92238.0,4550.0,166695.0,40500.0,1722.0,307.0,129680000.0,1.32788e-05,2.36737e-06,0.132788402,0.236736582,157505.0,75963.0,22406.0,157505.0,40400.0,22.996581196581197
Wan Chai -> Sha Tin East,14.581168831168831,18.799870063756494,308,3357.0,430.0,10560000.0,0.000317898,4.07197e-05,3.178977273,4.071969697,166695.0,92238.0,4550.0,166695.0,40500.0,1790.0,208.0,24843458.54,7.20512e-05,8.37243e-06,0.720511597,0.837242527,169545.0,70694.25,3266.0,169545.0,30500.0,27.48896103896104
Wan Chai -> Sha Tin North,14.5,25.09684427506746,252,3357.0,430.0,10560000.0,0.000317898,4.07197e-05,3.178977273,4.071969697,166695.0,92238.0,4550.0,166695.0,40500.0,1053.0,129.0,2824329.844,0.000372832,4.56746e-05,3.728318072,4.567455188,172770.0,105017.0,1312.0,172770.0,30500.0,26.333333333333332
Wan Chai -> Sha Tin South,14.817204301075268,14.074156556053763,279,3357.0,430.0,10560000.0,0.000317898,4.07197e-05,3.178977273,4.071969697,166695.0,92238.0,4550.0,166695.0,40500.0,1099.0,152.0,9545575.388,0.000115132,1.59236e-05,1.151318758,1.592360794,171916.0,58856.75,2705.0,171916.0,30500.0,24.281003584229392
Wan Chai -> Sha Tin West,14.648148148148149,18.654144494694442,108,3357.0,430.0,10560000.0,0.000317898,4.07197e-05,3.178977273,4.071969697,166695.0,92238.0,4550.0,166695.0,40500.0,1612.0,207.0,31506636.23,5.11638e-05,6.57004e-06,0.511638243,0.657004443,178575.0,106037.0,7389.0,178575.0,30500.0,20.487037037037037
Wan Chai -> Sham Shui Po East,13.614814814814816,9.030497103333332,135,3357.0,430.0,10560000.0,0.000317898,4.07197e-05,3.178977273,4.071969697,166695.0,92238.0,4550.0,166695.0,40500.0,1569.0,235.0,4642605.795,0.000337957,5.06181e-05,3.379567573,5.061812491,212957.0,126435.0,2477.0,212957.0,24100.0,13.314074074074073
Wan Chai -> Sham Shui Po West,16.56756756756757,11.494165635414415,222,3357.0,430.0,10560000.0,0.000317898,4.07197e-05,3.178977273,4.071969697,166695.0,92238.0,4550.0,166695.0,40500.0,1507.0,179.0,4717394.205,0.000319456,3.79447e-05,3.194560248,3.794467713,218133.0,77638.0,1616.0,218133.0,24100.0,15.642342342342342
Wan Chai -> Southern District Northwest,16.08314606741573,7.912468383750562,890,3357.0,430.0,10560000.0,0.000317898,4.07197e-05,3.178977273,4.071969697,166695.0,92238.0,4550.0,166695.0,40500.0,1801.0,220.0,5182184.495,0.000347537,4.24531e-05,3.475368354,4.245313925,128849.0,67695.0,2855.0,128849.0,36000.0,8.478988764044944
Wan Chai -> Southern District Southeast,14.460530735639907,7.778943538557608,2977,3357.0,430.0,10560000.0,0.000317898,4.07197e-05,3.178977273,4.071969697,166695.0,92238.0,4550.0,166695.0,40500.0,2667.0,249.0,33657815.5,7.92387e-05,7.39798e-06,0.792386541,0.739798458,134429.0,68061.0,8608.0,134429.0,36000.0,8.67201881088344
Wan Chai -> Tai Pak,13.310897435897436,4.667063703605769,2184,3357.0,430.0,10560000.0,0.000317898,4.07197e-05,3.178977273,4.071969697,166695.0,92238.0,4550.0,166695.0,40500.0,1821.0,178.0,3656419.948,0.000498028,4.86815e-05,4.98028133,4.868149789,173597.0,106141.0,1412.0,173597.0,33800.0,8.284752747252748
Wan Chai -> Tai Po North,15.38888888888889,31.42669599927778,18,3357.0,430.0,10560000.0,0.000317898,4.07197e-05,3.178977273,4.071969697,166695.0,92238.0,4550.0,166695.0,40500.0,1367.0,236.0,94726850.56,1.4431e-05,2.49137e-06,0.144309664,0.249137387,157446.0,125595.0,16400.0,157446.0,31700.0,27.3
Wan Chai -> Tai Po South,12.89655172413793,27.117720146344826,29,3357.0,430.0,10560000.0,0.000317898,4.07197e-05,3.178977273,4.071969697,166695.0,92238.0,4550.0,166695.0,40500.0,1413.0,187.0,41403149.44,3.41278e-05,4.51656e-06,0.341278386,0.451656462,159024.0,32241.0,14539.0,159024.0,31700.0,23.658620689655173
Wan Chai -> Tin Shui Wai South and Ping Ha,11.508620689655173,36.33769992100862,116,3357.0,430.0,10560000.0,0.000317898,4.07197e-05,3.178977273,4.071969697,166695.0,92238.0,4550.0,166695.0,40500.0,1309.0,215.0,47324621.53,2.766e-05,4.54309e-06,0.276600205,0.454308969,153669.0,88248.5,22348.0,153669.0,30100.0,27.3
Wan Chai -> Tseung Kwan O North,18.571428571428573,15.504107030214286,112,3357.0,430.0,10560000.0,0.000317898,4.07197e-05,3.178977273,4.071969697,166695.0,92238.0,4550.0,166695.0,40500.0,776.0,108.0,1580069.556,0.000491118,6.83514e-05,4.911176202,6.835142137,158568.0,98589.0,444.0,158568.0,40400.0,22.55
Wan Chai -> Tseung Kwan O South,30.5,20.67714358225,24,3357.0,430.0,10560000.0,0.000317898,4.07197e-05,3.178977273,4.071969697,166695.0,92238.0,4550.0,166695.0,40500.0,517.0,59.0,3125142.442,0.000165432,1.88791e-05,1.654324594,1.887913946,172964.0,98736.0,735.0,172964.0,40400.0,27.3
Wan Chai -> Tsing Yi,16.5,18.944491148133928,112,3357.0,430.0,10560000.0,0.000317898,4.07197e-05,3.178977273,4.071969697,166695.0,92238.0,4550.0,166695.0,40500.0,985.0,142.0,10455427.43,9.42094e-05,1.35815e-05,0.942094435,1.358146292,179581.0,84461.0,2054.0,179581.0,26000.0,20.8
Wan Chai -> Tsuen Wan Northwest,14.61304347826087,23.34208694164348,230,3357.0,430.0,10560000.0,0.000317898,4.07197e-05,3.178977273,4.071969697,166695.0,92238.0,4550.0,166695.0,40500.0,1403.0,103.0,44481122.31,3.15415e-05,2.31559e-06,0.315414703,0.231558906,156114.0,73570.0,4949.0,156114.0,34400.0,27.717826086956524
Wan Chai -> Tsuen Wan Southeast,20.804195804195803,19.335628755405594,143,3357.0,430.0,10560000.0,0.000317898,4.07197e-05,3.178977273,4.071969697,166695.0,92238.0,4550.0,166695.0,40500.0,991.0,128.0,17438877.69,5.68271e-05,7.33992e-06,0.568270515,0.733992189,163980.0,90229.0,4243.0,163980.0,34400.0,21.721678321678322
Wan Chai -> Tuen Mun East,20.826038159371492,32.1652465995477,891,3357.0,430.0,10560000.0,0.000317898,4.07197e-05,3.178977273,4.071969697,166695.0,92238.0,4550.0,166695.0,40500.0,1510.0,113.0,33427312.32,4.51726e-05,3.38047e-06,0.451726416,0.338046921,168080.0,59671.0,6093.0,168080.0,26500.0,27.728395061728396
Wan Chai -> Tuen Mun North,16.229166666666668,37.4875326093125,144,3357.0,430.0,10560000.0,0.000317898,4.07197e-05,3.178977273,4.071969697,166695.0,92238.0,4550.0,166695.0,40500.0,780.0,109.0,18692705.38,4.17275e-05,5.83115e-06,0.417275073,0.583115166,170790.0,104074.0,10271.0,170790.0,26500.0,25.645833333333332
Wan Chai -> Tuen Mun West,20.171945701357465,36.96237221862896,221,3357.0,430.0,10560000.0,0.000317898,4.07197e-05,3.178977273,4.071969697,166695.0,92238.0,4550.0,166695.0,40500.0,587.0,86.0,33729982.3,1.74029e-05,2.54966e-06,0.174029146,0.25496604,168009.0,83305.0,3482.0,168009.0,26500.0,26.538914027149325
Wan Chai -> Wan Chai,13.385936222403926,5.0732780630529435,4892,3357.0,430.0,10560000.0,0.000317898,4.07197e-05,3.178977273,4.071969697,166695.0,92238.0,4550.0,166695.0,40500.0,3357.0,430.0,10560000.0,0.000317898,4.07197e-05,3.178977273,4.071969697,166695.0,92238.0,4550.0,166695.0,40500.0,7.8880621422731
Wan Chai -> Western,15.164364640883978,5.677336331723757,724,3357.0,430.0,10560000.0,0.000317898,4.07197e-05,3.178977273,4.071969697,166695.0,92238.0,4550.0,166695.0,40500.0,1187.0,165.0,4250735.501,0.000279246,3.88168e-05,2.792457916,3.881681181,125233.0,75343.0,2064.0,125233.0,42600.0,6.360220994475139
Wan Chai -> Wong Tai Sin East,15.993506493506494,10.257825629948051,154,3357.0,430.0,10560000.0,0.000317898,4.07197e-05,3.178977273,4.071969697,166695.0,92238.0,4550.0,166695.0,40500.0,1475.0,207.0,4613986.574,0.00031968,4.48636e-05,3.196801673,4.486358958,188218.0,127397.0,1185.0,188218.0,25100.0,13.057142857142857
Wan Chai -> Wong Tai Sin West,15.341968911917098,9.772916190673575,193,3357.0,430.0,10560000.0,0.000317898,4.07197e-05,3.178977273,4.071969697,166695.0,92238.0,4550.0,166695.0,40500.0,896.0,223.0,4688620.344,0.000191101,4.7562e-05,1.911009922,4.75619657,218584.0,65217.0,844.0,218584.0,25100.0,12.52538860103627
Wan Chai -> Wu Tip Shan,10.0,35.999228339436506,126,3357.0,430.0,10560000.0,0.000317898,4.07197e-05,3.178977273,4.071969697,166695.0,92238.0,4550.0,166695.0,40500.0,1448.0,161.0,21829748.23,6.63315e-05,7.37526e-06,0.663315025,0.737525684,150468.0,93658.0,15003.0,150468.0,25500.0,27.89047619047619
Wan Chai -> Yau Tsim Mong North,11.527131782945736,8.310217381248062,129,3357.0,430.0,10560000.0,0.000317898,4.07197e-05,3.178977273,4.071969697,166695.0,92238.0,4550.0,166695.0,40500.0,1629.0,178.0,2165712.207,0.000752178,8.21901e-05,7.52177503,8.21900525,168265.0,97426.0,3002.0,168265.0,30700.0,13.344186046511627
Wan Chai -> Yau Tsim Mong South,7.222958057395143,9.678508200401767,453,3357.0,430.0,10560000.0,0.000317898,4.07197e-05,3.178977273,4.071969697,166695.0,92238.0,4550.0,166695.0,40500.0,3027.0,209.0,4824287.793,0.00062745,4.33225e-05,6.274501294,4.33224569,142382.0,65279.0,4418.0,142382.0,30700.0,20.45739514348786
Wan Chai -> Yuen Long Rural East,10.0,24.82472841492157,51,3357.0,430.0,10560000.0,0.000317898,4.07197e-05,3.178977273,4.071969697,166695.0,92238.0,4550.0,166695.0,40500.0,1696.0,306.0,83591131.06,2.02892e-05,3.66068e-06,0.202892338,0.366067543,170741.0,90494.0,72943.0,170741.0,30100.0,27.03529411764706
Wan Chai -> Yuen Long Town Centre,12.5,31.441961813857144,28,3357.0,430.0,10560000.0,0.000317898,4.07197e-05,3.178977273,4.071969697,166695.0,92238.0,4550.0,166695.0,40500.0,825.0,110.0,5113531.676,0.000161337,2.15116e-05,1.613366362,2.15115515,160142.0,65596.0,7135.0,160142.0,30100.0,27.0
Western -> Central,12.994939271255062,4.392477595468623,1976,1187.0,165.0,4250735.501,0.000279246,3.88168e-05,2.792457916,3.881681181,125233.0,75343.0,2064.0,125233.0,42600.0,3406.0,432.0,8299264.499,0.000410398,5.20528e-05,4.10397813,5.205280541,110720.0,55452.0,6706.0,110720.0,42600.0,7.615637651821863
Western -> Chai Wan,29.70769230769231,14.057191874292307,260,1187.0,165.0,4250735.501,0.000279246,3.88168e-05,2.792457916,3.881681181,125233.0,75343.0,2064.0,125233.0,42600.0,1483.0,185.0,9201905.88,0.000161162,2.01045e-05,1.611622657,2.010453078,168675.0,84793.0,1280.0,168675.0,33800.0,10.083076923076923
Western -> Hong Wan,23.58385093167702,10.968862339130435,161,1187.0,165.0,4250735.501,0.000279246,3.88168e-05,2.792457916,3.881681181,125233.0,75343.0,2064.0,125233.0,42600.0,1508.0,147.0,5131674.172,0.000293861,2.86456e-05,2.938612136,2.864562228,187331.0,78902.0,1332.0,187331.0,33800.0,9.999378881987578
Western -> Kowloon City North,22.00877192982456,12.681763014447368,114,1187.0,165.0,4250735.501,0.000279246,3.88168e-05,2.792457916,3.881681181,125233.0,75343.0,2064.0,125233.0,42600.0,2184.0,369.0,6927610.313,0.00031526,5.32651e-05,3.15260227,5.326512077,200330.0,107366.0,3726.0,200330.0,30700.0,12.9
Western -> Kowloon City South,17.475,11.0968901517875,80,1187.0,165.0,4250735.501,0.000279246,3.88168e-05,2.792457916,3.881681181,125233.0,75343.0,2064.0,125233.0,42600.0,1256.0,245.0,3082389.687,0.000407476,7.94838e-05,4.074760584,7.948378527,210304.0,96598.0,2009.0,210304.0,30700.0,13.06875
Western -> Kwun Tong Central,21.0,16.14978662222222,54,1187.0,165.0,4250735.501,0.000279246,3.88168e-05,2.792457916,3.881681181,125233.0,75343.0,2064.0,125233.0,42600.0,1827.0,225.0,3044793.15,0.000600041,7.38966e-05,6.000407614,7.389664549,170206.0,106392.0,1421.0,170206.0,24000.0,13.65
Western -> Kwun Tong West,15.375,13.26403015275,72,1187.0,165.0,4250735.501,0.000279246,3.88168e-05,2.792457916,3.881681181,125233.0,75343.0,2064.0,125233.0,42600.0,1513.0,204.0,2719597.768,0.000556332,7.50111e-05,5.5633227,7.501109259,174878.0,55701.0,1073.0,174878.0,24000.0,13.8375
Western -> Sham Shui Po East,18.496688741721854,11.31739294686755,151,1187.0,165.0,4250735.501,0.000279246,3.88168e-05,2.792457916,3.881681181,125233.0,75343.0,2064.0,125233.0,42600.0,1569.0,235.0,4642605.795,0.000337957,5.06181e-05,3.379567573,5.061812491,212957.0,126435.0,2477.0,212957.0,24100.0,12.811920529801323
Western -> Sham Shui Po West,15.5,10.643653717335443,158,1187.0,165.0,4250735.501,0.000279246,3.88168e-05,2.792457916,3.881681181,125233.0,75343.0,2064.0,125233.0,42600.0,1507.0,179.0,4717394.205,0.000319456,3.79447e-05,3.194560248,3.794467713,218133.0,77638.0,1616.0,218133.0,24100.0,12.644936708860758
Western -> Southern District Northwest,15.615821678321678,6.229306086685752,2288,1187.0,165.0,4250735.501,0.000279246,3.88168e-05,2.792457916,3.881681181,125233.0,75343.0,2064.0,125233.0,42600.0,1801.0,220.0,5182184.495,0.000347537,4.24531e-05,3.475368354,4.245313925,128849.0,67695.0,2855.0,128849.0,36000.0,10.210052447552448
Western -> Southern District Southeast,26.470588235294116,12.729385110182074,714,1187.0,165.0,4250735.501,0.000279246,3.88168e-05,2.792457916,3.881681181,125233.0,75343.0,2064.0,125233.0,42600.0,2667.0,249.0,33657815.5,7.92387e-05,7.39798e-06,0.792386541,0.739798458,134429.0,68061.0,8608.0,134429.0,36000.0,13.148039215686275
Western -> Tai Pak,18.995475113122172,8.868937210339366,442,1187.0,165.0,4250735.501,0.000279246,3.88168e-05,2.792457916,3.881681181,125233.0,75343.0,2064.0,125233.0,42600.0,1821.0,178.0,3656419.948,0.000498028,4.86815e-05,4.98028133,4.868149789,173597.0,106141.0,1412.0,173597.0,33800.0,8.204524886877829
Western -> Tsuen Wan Northwest,5.0,14.221920439,4,1187.0,165.0,4250735.501,0.000279246,3.88168e-05,2.792457916,3.881681181,125233.0,75343.0,2064.0,125233.0,42600.0,1403.0,103.0,44481122.31,3.15415e-05,2.31559e-06,0.315414703,0.231558906,156114.0,73570.0,4949.0,156114.0,34400.0,20.8
Western -> Tsuen Wan Southeast,3.0,12.8222561015,4,1187.0,165.0,4250735.501,0.000279246,3.88168e-05,2.792457916,3.881681181,125233.0,75343.0,2064.0,125233.0,42600.0,991.0,128.0,17438877.69,5.68271e-05,7.33992e-06,0.568270515,0.733992189,163980.0,90229.0,4243.0,163980.0,34400.0,20.8
Western -> Wan Chai,16.198127925117003,5.78871017574025,1282,1187.0,165.0,4250735.501,0.000279246,3.88168e-05,2.792457916,3.881681181,125233.0,75343.0,2064.0,125233.0,42600.0,3357.0,430.0,10560000.0,0.000317898,4.07197e-05,3.178977273,4.071969697,166695.0,92238.0,4550.0,166695.0,40500.0,7.591731669266771
Western -> Western,17.163898916967508,5.680207327437545,1385,1187.0,165.0,4250735.501,0.000279246,3.88168e-05,2.792457916,3.881681181,125233.0,75343.0,2064.0,125233.0,42600.0,1187.0,165.0,4250735.501,0.000279246,3.88168e-05,2.792457916,3.881681181,125233.0,75343.0,2064.0,125233.0,42600.0,8.14173285198556
Western -> Wong Tai Sin East,30.176470588235293,15.686273912490194,51,1187.0,165.0,4250735.501,0.000279246,3.88168e-05,2.792457916,3.881681181,125233.0,75343.0,2064.0,125233.0,42600.0,1475.0,207.0,4613986.574,0.00031968,4.48636e-05,3.196801673,4.486358958,188218.0,127397.0,1185.0,188218.0,25100.0,12.9
Western -> Wong Tai Sin West,28.73913043478261,15.32412597263768,69,1187.0,165.0,4250735.501,0.000279246,3.88168e-05,2.792457916,3.881681181,125233.0,75343.0,2064.0,125233.0,42600.0,896.0,223.0,4688620.344,0.000191101,4.7562e-05,1.911009922,4.75619657,218584.0,65217.0,844.0,218584.0,25100.0,12.9
Western -> Yau Tsim Mong North,11.780104712041885,8.494637895654451,191,1187.0,165.0,4250735.501,0.000279246,3.88168e-05,2.792457916,3.881681181,125233.0,75343.0,2064.0,125233.0,42600.0,1629.0,178.0,2165712.207,0.000752178,8.21901e-05,7.52177503,8.21900525,168265.0,97426.0,3002.0,168265.0,30700.0,12.73717277486911
Western -> Yau Tsim Mong South,8.829646017699115,6.775005622495576,452,1187.0,165.0,4250735.501,0.000279246,3.88168e-05,2.792457916,3.881681181,125233.0,75343.0,2064.0,125233.0,42600.0,3027.0,209.0,4824287.793,0.00062745,4.33225e-05,6.274501294,4.33224569,142382.0,65279.0,4418.0,142382.0,30700.0,12.665929203539823
Wong Tai Sin East -> Central,19.575757575757574,13.814902246303031,99,1475.0,207.0,4613986.574,0.00031968,4.48636e-05,3.196801673,4.486358958,188218.0,127397.0,1185.0,188218.0,25100.0,3406.0,432.0,8299264.499,0.000410398,5.20528e-05,4.10397813,5.205280541,110720.0,55452.0,6706.0,110720.0,42600.0,13.927272727272728
Wong Tai Sin East -> Chai Wan,37.205882352941174,18.275584790745096,102,1475.0,207.0,4613986.574,0.00031968,4.48636e-05,3.196801673,4.486358958,188218.0,127397.0,1185.0,188218.0,25100.0,1483.0,185.0,9201905.88,0.000161162,2.01045e-05,1.611622657,2.010453078,168675.0,84793.0,1280.0,168675.0,33800.0,12.9
Wong Tai Sin East -> Hong Wan,22.490909090909092,14.453721384954546,110,1475.0,207.0,4613986.574,0.00031968,4.48636e-05,3.196801673,4.486358958,188218.0,127397.0,1185.0,188218.0,25100.0,1508.0,147.0,5131674.172,0.000293861,2.86456e-05,2.938612136,2.864562228,187331.0,78902.0,1332.0,187331.0,33800.0,13.172727272727272
Wong Tai Sin East -> Islands,12.679841897233201,35.28137449730435,253,1475.0,207.0,4613986.574,0.00031968,4.48636e-05,3.196801673,4.486358958,188218.0,127397.0,1185.0,188218.0,25100.0,4309.0,252.0,182280000.0,2.36395e-05,1.38249e-06,0.236394558,0.138248848,185282.0,93368.0,20858.0,185282.0,31500.0,20.266403162055337
Wong Tai Sin East -> Kowloon City North,9.258620689655173,4.2712080764827585,638,1475.0,207.0,4613986.574,0.00031968,4.48636e-05,3.196801673,4.486358958,188218.0,127397.0,1185.0,188218.0,25100.0,2184.0,369.0,6927610.313,0.00031526,5.32651e-05,3.15260227,5.326512077,200330.0,107366.0,3726.0,200330.0,30700.0,9.052664576802508
Wong Tai Sin East -> Kowloon City South,11.941919191919192,5.068323311888888,396,1475.0,207.0,4613986.574,0.00031968,4.48636e-05,3.196801673,4.486358958,188218.0,127397.0,1185.0,188218.0,25100.0,1256.0,245.0,3082389.687,0.000407476,7.94838e-05,4.074760584,7.948378527,210304.0,96598.0,2009.0,210304.0,30700.0,9.432070707070707
Wong Tai Sin East -> Kwai Chung East,8.972972972972974,9.823960288144143,111,1475.0,207.0,4613986.574,0.00031968,4.48636e-05,3.196801673,4.486358958,188218.0,127397.0,1185.0,188218.0,25100.0,1199.0,144.0,5774688.358,0.00020763,2.49364e-05,2.076302522,2.49364106,161785.0,62396.0,2259.0,161785.0,26000.0,10.535135135135135
Wong Tai Sin East -> Kwai Chung West,11.687074829931973,12.054300126068027,147,1475.0,207.0,4613986.574,0.00031968,4.48636e-05,3.196801673,4.486358958,188218.0,127397.0,1185.0,188218.0,25100.0,1079.0,187.0,7109884.208,0.000151761,2.63014e-05,1.517605587,2.630141287,154432.0,86916.0,1358.0,154432.0,26000.0,11.108163265306121
Wong Tai Sin East -> Kwun Tong Central,8.007482993197279,5.003524306757823,1470,1475.0,207.0,4613986.574,0.00031968,4.48636e-05,3.196801673,4.486358958,188218.0,127397.0,1185.0,188218.0,25100.0,1827.0,225.0,3044793.15,0.000600041,7.38966e-05,6.000407614,7.389664549,170206.0,106392.0,1421.0,170206.0,24000.0,8.150884353741498
Wong Tai Sin East -> Kwun Tong North,8.722589167767504,5.280936718752972,757,1475.0,207.0,4613986.574,0.00031968,4.48636e-05,3.196801673,4.486358958,188218.0,127397.0,1185.0,188218.0,25100.0,1022.0,168.0,2334159.008,0.000437845,7.19745e-05,4.378450639,7.197453105,164725.0,58119.0,434.0,164725.0,24000.0,8.758256274768824
Wong Tai Sin East -> Kwun Tong Southeast,15.4,8.089230582573984,615,1475.0,207.0,4613986.574,0.00031968,4.48636e-05,3.196801673,4.486358958,188218.0,127397.0,1185.0,188218.0,25100.0,942.0,117.0,3181450.074,0.000296091,3.67757e-05,2.96091398,3.677568319,163357.0,92725.0,1534.0,163357.0,24000.0,8.12439024390244
Wong Tai Sin East -> Kwun Tong West,5.63681592039801,3.763474869135987,603,1475.0,207.0,4613986.574,0.00031968,4.48636e-05,3.196801673,4.486358958,188218.0,127397.0,1185.0,188218.0,25100.0,1513.0,204.0,2719597.768,0.000556332,7.50111e-05,5.5633227,7.501109259,174878.0,55701.0,1073.0,174878.0,24000.0,8.168822553897181
Wong Tai Sin East -> Sai Kung and Hang Hau,16.38488576449912,12.126826034389278,1138,1475.0,207.0,4613986.574,0.00031968,4.48636e-05,3.196801673,4.486358958,188218.0,127397.0,1185.0,188218.0,25100.0,1722.0,307.0,129680000.0,1.32788e-05,2.36737e-06,0.132788402,0.236736582,157505.0,75963.0,22406.0,157505.0,40400.0,11.689806678383128
Wong Tai Sin East -> Sha Tin East,6.291891891891892,8.615906134054054,185,1475.0,207.0,4613986.574,0.00031968,4.48636e-05,3.196801673,4.486358958,188218.0,127397.0,1185.0,188218.0,25100.0,1790.0,208.0,24843458.54,7.20512e-05,8.37243e-06,0.720511597,0.837242527,169545.0,70694.25,3266.0,169545.0,30500.0,8.737837837837837
Wong Tai Sin East -> Sha Tin North,10.040816326530612,11.095061615857144,49,1475.0,207.0,4613986.574,0.00031968,4.48636e-05,3.196801673,4.486358958,188218.0,127397.0,1185.0,188218.0,25100.0,1053.0,129.0,2824329.844,0.000372832,4.56746e-05,3.728318072,4.567455188,172770.0,105017.0,1312.0,172770.0,30500.0,9.277551020408163
Wong Tai Sin East -> Sha Tin South,6.555555555555555,7.093990157922223,90,1475.0,207.0,4613986.574,0.00031968,4.48636e-05,3.196801673,4.486358958,188218.0,127397.0,1185.0,188218.0,25100.0,1099.0,152.0,9545575.388,0.000115132,1.59236e-05,1.151318758,1.592360794,171916.0,58856.75,2705.0,171916.0,30500.0,8.746666666666668
Wong Tai Sin East -> Sha Tin West,9.1,9.228202526466665,90,1475.0,207.0,4613986.574,0.00031968,4.48636e-05,3.196801673,4.486358958,188218.0,127397.0,1185.0,188218.0,25100.0,1612.0,207.0,31506636.23,5.11638e-05,6.57004e-06,0.511638243,0.657004443,178575.0,106037.0,7389.0,178575.0,30500.0,10.37
Wong Tai Sin East -> Sham Shui Po East,7.102766798418973,5.981083839114625,506,1475.0,207.0,4613986.574,0.00031968,4.48636e-05,3.196801673,4.486358958,188218.0,127397.0,1185.0,188218.0,25100.0,1569.0,235.0,4642605.795,0.000337957,5.06181e-05,3.379567573,5.061812491,212957.0,126435.0,2477.0,212957.0,24100.0,12.04802371541502
Wong Tai Sin East -> Sham Shui Po West,14.535433070866143,7.294963650874016,127,1475.0,207.0,4613986.574,0.00031968,4.48636e-05,3.196801673,4.486358958,188218.0,127397.0,1185.0,188218.0,25100.0,1507.0,179.0,4717394.205,0.000319456,3.79447e-05,3.194560248,3.794467713,218133.0,77638.0,1616.0,218133.0,24100.0,7.7937007874015745
Wong Tai Sin East -> Southern District Southeast,25.0,21.104207201937502,64,1475.0,207.0,4613986.574,0.00031968,4.48636e-05,3.196801673,4.486358958,188218.0,127397.0,1185.0,188218.0,25100.0,2667.0,249.0,33657815.5,7.92387e-05,7.39798e-06,0.792386541,0.739798458,134429.0,68061.0,8608.0,134429.0,36000.0,14.7
Wong Tai Sin East -> Tai Pak,16.964788732394368,12.299068905267607,142,1475.0,207.0,4613986.574,0.00031968,4.48636e-05,3.196801673,4.486358958,188218.0,127397.0,1185.0,188218.0,25100.0,1821.0,178.0,3656419.948,0.000498028,4.86815e-05,4.98028133,4.868149789,173597.0,106141.0,1412.0,173597.0,33800.0,13.364788732394366
Wong Tai Sin East -> Tai Po North,23.93069306930693,20.78208139757426,101,1475.0,207.0,4613986.574,0.00031968,4.48636e-05,3.196801673,4.486358958,188218.0,127397.0,1185.0,188218.0,25100.0,1367.0,236.0,94726850.56,1.4431e-05,2.49137e-06,0.144309664,0.249137387,157446.0,125595.0,16400.0,157446.0,31700.0,17.01287128712871
Wong Tai Sin East -> Tai Po South,14.5625,16.498647698409723,144,1475.0,207.0,4613986.574,0.00031968,4.48636e-05,3.196801673,4.486358958,188218.0,127397.0,1185.0,188218.0,25100.0,1413.0,187.0,41403149.44,3.41278e-05,4.51656e-06,0.341278386,0.451656462,159024.0,32241.0,14539.0,159024.0,31700.0,12.316666666666666
Wong Tai Sin East -> Tin Shui Wai South and Ping Ha,11.961538461538462,32.674838651185894,156,1475.0,207.0,4613986.574,0.00031968,4.48636e-05,3.196801673,4.486358958,188218.0,127397.0,1185.0,188218.0,25100.0,1309.0,215.0,47324621.53,2.766e-05,4.54309e-06,0.276600205,0.454308969,153669.0,88248.5,22348.0,153669.0,30100.0,20.8
Wong Tai Sin East -> Tseung Kwan O North,17.36416184971098,13.740997360537573,346,1475.0,207.0,4613986.574,0.00031968,4.48636e-05,3.196801673,4.486358958,188218.0,127397.0,1185.0,188218.0,25100.0,776.0,108.0,1580069.556,0.000491118,6.83514e-05,4.911176202,6.835142137,158568.0,98589.0,444.0,158568.0,40400.0,10.934682080924857
Wong Tai Sin East -> Tseung Kwan O South,16.147727272727273,13.982201254333333,264,1475.0,207.0,4613986.574,0.00031968,4.48636e-05,3.196801673,4.486358958,188218.0,127397.0,1185.0,188218.0,25100.0,517.0,59.0,3125142.442,0.000165432,1.88791e-05,1.654324594,1.887913946,172964.0,98736.0,735.0,172964.0,40400.0,10.300757575757576
Wong Tai Sin East -> Tsing Yi,15.0,15.248679896166665,96,1475.0,207.0,4613986.574,0.00031968,4.48636e-05,3.196801673,4.486358958,188218.0,127397.0,1185.0,188218.0,25100.0,985.0,142.0,10455427.43,9.42094e-05,1.35815e-05,0.942094435,1.358146292,179581.0,84461.0,2054.0,179581.0,26000.0,11.549999999999999
Wong Tai Sin East -> Tsuen Wan Northwest,11.860759493670885,21.590805362253164,79,1475.0,207.0,4613986.574,0.00031968,4.48636e-05,3.196801673,4.486358958,188218.0,127397.0,1185.0,188218.0,25100.0,1403.0,103.0,44481122.31,3.15415e-05,2.31559e-06,0.315414703,0.231558906,156114.0,73570.0,4949.0,156114.0,34400.0,16.674683544303797
Wong Tai Sin East -> Tsuen Wan Southeast,13.877777777777778,13.200411201033333,90,1475.0,207.0,4613986.574,0.00031968,4.48636e-05,3.196801673,4.486358958,188218.0,127397.0,1185.0,188218.0,25100.0,991.0,128.0,17438877.69,5.68271e-05,7.33992e-06,0.568270515,0.733992189,163980.0,90229.0,4243.0,163980.0,34400.0,10.942222222222222
Wong Tai Sin East -> Tuen Mun East,10.103139013452914,27.519216648910316,223,1475.0,207.0,4613986.574,0.00031968,4.48636e-05,3.196801673,4.486358958,188218.0,127397.0,1185.0,188218.0,25100.0,1510.0,113.0,33427312.32,4.51726e-05,3.38047e-06,0.451726416,0.338046921,168080.0,59671.0,6093.0,168080.0,26500.0,18.416143497757847
Wong Tai Sin East -> Tuen Mun North,13.554545454545455,32.85615633801818,110,1475.0,207.0,4613986.574,0.00031968,4.48636e-05,3.196801673,4.486358958,188218.0,127397.0,1185.0,188218.0,25100.0,780.0,109.0,18692705.38,4.17275e-05,5.83115e-06,0.417275073,0.583115166,170790.0,104074.0,10271.0,170790.0,26500.0,18.970909090909092
Wong Tai Sin East -> Tuen Mun West,9.323076923076924,29.798255958753845,65,1475.0,207.0,4613986.574,0.00031968,4.48636e-05,3.196801673,4.486358958,188218.0,127397.0,1185.0,188218.0,25100.0,587.0,86.0,33729982.3,1.74029e-05,2.54966e-06,0.174029146,0.25496604,168009.0,83305.0,3482.0,168009.0,26500.0,19.323076923076922
Wong Tai Sin East -> Wan Chai,14.438775510204081,10.727396800806122,98,1475.0,207.0,4613986.574,0.00031968,4.48636e-05,3.196801673,4.486358958,188218.0,127397.0,1185.0,188218.0,25100.0,3357.0,430.0,10560000.0,0.000317898,4.07197e-05,3.178977273,4.071969697,166695.0,92238.0,4550.0,166695.0,40500.0,13.879591836734694
Wong Tai Sin East -> Western,32.5,15.759056895047618,42,1475.0,207.0,4613986.574,0.00031968,4.48636e-05,3.196801673,4.486358958,188218.0,127397.0,1185.0,188218.0,25100.0,1187.0,165.0,4250735.501,0.000279246,3.88168e-05,2.792457916,3.881681181,125233.0,75343.0,2064.0,125233.0,42600.0,12.900000000000002
Wong Tai Sin East -> Wong Tai Sin East,10.722955145118734,5.409241174738786,379,1475.0,207.0,4613986.574,0.00031968,4.48636e-05,3.196801673,4.486358958,188218.0,127397.0,1185.0,188218.0,25100.0,1475.0,207.0,4613986.574,0.00031968,4.48636e-05,3.196801673,4.486358958,188218.0,127397.0,1185.0,188218.0,25100.0,7.694986807387863
Wong Tai Sin East -> Wong Tai Sin West,8.9164265129683,3.6875237666743517,347,1475.0,207.0,4613986.574,0.00031968,4.48636e-05,3.196801673,4.486358958,188218.0,127397.0,1185.0,188218.0,25100.0,896.0,223.0,4688620.344,0.000191101,4.7562e-05,1.911009922,4.75619657,218584.0,65217.0,844.0,218584.0,25100.0,8.820749279538905
Wong Tai Sin East -> Wu Tip Shan,6.515151515151516,22.187254757333335,33,1475.0,207.0,4613986.574,0.00031968,4.48636e-05,3.196801673,4.486358958,188218.0,127397.0,1185.0,188218.0,25100.0,1448.0,161.0,21829748.23,6.63315e-05,7.37526e-06,0.663315025,0.737525684,150468.0,93658.0,15003.0,150468.0,25500.0,18.336363636363636
Wong Tai Sin East -> Yau Tsim Mong North,13.774358974358975,6.509109049702564,195,1475.0,207.0,4613986.574,0.00031968,4.48636e-05,3.196801673,4.486358958,188218.0,127397.0,1185.0,188218.0,25100.0,1629.0,178.0,2165712.207,0.000752178,8.21901e-05,7.52177503,8.21900525,168265.0,97426.0,3002.0,168265.0,30700.0,9.452820512820512
Wong Tai Sin East -> Yau Tsim Mong South,15.068181818181818,7.268452164429752,484,1475.0,207.0,4613986.574,0.00031968,4.48636e-05,3.196801673,4.486358958,188218.0,127397.0,1185.0,188218.0,25100.0,3027.0,209.0,4824287.793,0.00062745,4.33225e-05,6.274501294,4.33224569,142382.0,65279.0,4418.0,142382.0,30700.0,8.409504132231406
Wong Tai Sin East -> Yuen Long Rural East,7.672413793103448,23.242649114,58,1475.0,207.0,4613986.574,0.00031968,4.48636e-05,3.196801673,4.486358958,188218.0,127397.0,1185.0,188218.0,25100.0,1696.0,306.0,83591131.06,2.02892e-05,3.66068e-06,0.202892338,0.366067543,170741.0,90494.0,72943.0,170741.0,30100.0,20.524137931034485
Wong Tai Sin East -> Yuen Long Town Centre,10.52,29.374934788173334,75,1475.0,207.0,4613986.574,0.00031968,4.48636e-05,3.196801673,4.486358958,188218.0,127397.0,1185.0,188218.0,25100.0,825.0,110.0,5113531.676,0.000161337,2.15116e-05,1.613366362,2.15115515,160142.0,65596.0,7135.0,160142.0,30100.0,20.8
Wong Tai Sin West -> Central,22.134453781512605,14.648353390731092,119,896.0,223.0,4688620.344,0.000191101,4.7562e-05,1.911009922,4.75619657,218584.0,65217.0,844.0,218584.0,25100.0,3406.0,432.0,8299264.499,0.000410398,5.20528e-05,4.10397813,5.205280541,110720.0,55452.0,6706.0,110720.0,42600.0,13.5
Wong Tai Sin West -> Chai Wan,34.111111111111114,15.826215040518516,27,896.0,223.0,4688620.344,0.000191101,4.7562e-05,1.911009922,4.75619657,218584.0,65217.0,844.0,218584.0,25100.0,1483.0,185.0,9201905.88,0.000161162,2.01045e-05,1.611622657,2.010453078,168675.0,84793.0,1280.0,168675.0,33800.0,12.9
Wong Tai Sin West -> Hong Wan,17.28205128205128,13.313729031769231,39,896.0,223.0,4688620.344,0.000191101,4.7562e-05,1.911009922,4.75619657,218584.0,65217.0,844.0,218584.0,25100.0,1508.0,147.0,5131674.172,0.000293861,2.86456e-05,2.938612136,2.864562228,187331.0,78902.0,1332.0,187331.0,33800.0,13.66923076923077
Wong Tai Sin West -> Islands,12.4625,34.542518892543754,160,896.0,223.0,4688620.344,0.000191101,4.7562e-05,1.911009922,4.75619657,218584.0,65217.0,844.0,218584.0,25100.0,4309.0,252.0,182280000.0,2.36395e-05,1.38249e-06,0.236394558,0.138248848,185282.0,93368.0,20858.0,185282.0,31500.0,21.113125000000004
Wong Tai Sin West -> Kowloon City North,10.622613803230543,4.228145476795888,681,896.0,223.0,4688620.344,0.000191101,4.7562e-05,1.911009922,4.75619657,218584.0,65217.0,844.0,218584.0,25100.0,2184.0,369.0,6927610.313,0.00031526,5.32651e-05,3.15260227,5.326512077,200330.0,107366.0,3726.0,200330.0,30700.0,8.700440528634362
Wong Tai Sin West -> Kowloon City South,14.484107579462103,5.20870511104401,409,896.0,223.0,4688620.344,0.000191101,4.7562e-05,1.911009922,4.75619657,218584.0,65217.0,844.0,218584.0,25100.0,1256.0,245.0,3082389.687,0.000407476,7.94838e-05,4.074760584,7.948378527,210304.0,96598.0,2009.0,210304.0,30700.0,9.364058679706602
Wong Tai Sin West -> Kwai Chung East,6.760869565217392,8.303657659847827,46,896.0,223.0,4688620.344,0.000191101,4.7562e-05,1.911009922,4.75619657,218584.0,65217.0,844.0,218584.0,25100.0,1199.0,144.0,5774688.358,0.00020763,2.49364e-05,2.076302522,2.49364106,161785.0,62396.0,2259.0,161785.0,26000.0,10.419565217391305
Wong Tai Sin West -> Kwai Chung West,11.066666666666666,10.789211033066668,45,896.0,223.0,4688620.344,0.000191101,4.7562e-05,1.911009922,4.75619657,218584.0,65217.0,844.0,218584.0,25100.0,1079.0,187.0,7109884.208,0.000151761,2.63014e-05,1.517605587,2.630141287,154432.0,86916.0,1358.0,154432.0,26000.0,11.14
Wong Tai Sin West -> Kwun Tong Central,10.12569316081331,5.91831728474122,541,896.0,223.0,4688620.344,0.000191101,4.7562e-05,1.911009922,4.75619657,218584.0,65217.0,844.0,218584.0,25100.0,1827.0,225.0,3044793.15,0.000600041,7.38966e-05,6.000407614,7.389664549,170206.0,106392.0,1421.0,170206.0,24000.0,8.514232902033271
Wong Tai Sin West -> Kwun Tong North,11.403508771929825,6.2845838785204675,342,896.0,223.0,4688620.344,0.000191101,4.7562e-05,1.911009922,4.75619657,218584.0,65217.0,844.0,218584.0,25100.0,1022.0,168.0,2334159.008,0.000437845,7.19745e-05,4.378450639,7.197453105,164725.0,58119.0,434.0,164725.0,24000.0,8.87017543859649
Wong Tai Sin West -> Kwun Tong Southeast,17.858638743455497,8.931021397821988,191,896.0,223.0,4688620.344,0.000191101,4.7562e-05,1.911009922,4.75619657,218584.0,65217.0,844.0,218584.0,25100.0,942.0,117.0,3181450.074,0.000296091,3.67757e-05,2.96091398,3.677568319,163357.0,92725.0,1534.0,163357.0,24000.0,9.06282722513089
Wong Tai Sin West -> Kwun Tong West,7.0024390243902435,4.074154713697561,410,896.0,223.0,4688620.344,0.000191101,4.7562e-05,1.911009922,4.75619657,218584.0,65217.0,844.0,218584.0,25100.0,1513.0,204.0,2719597.768,0.000556332,7.50111e-05,5.5633227,7.501109259,174878.0,55701.0,1073.0,174878.0,24000.0,7.94829268292683
Wong Tai Sin West -> Sai Kung and Hang Hau,15.148550724637682,13.171019193949276,276,896.0,223.0,4688620.344,0.000191101,4.7562e-05,1.911009922,4.75619657,218584.0,65217.0,844.0,218584.0,25100.0,1722.0,307.0,129680000.0,1.32788e-05,2.36737e-06,0.132788402,0.236736582,157505.0,75963.0,22406.0,157505.0,40400.0,10.258695652173913
Wong Tai Sin West -> Sha Tin East,8.76923076923077,10.749667107442308,52,896.0,223.0,4688620.344,0.000191101,4.7562e-05,1.911009922,4.75619657,218584.0,65217.0,844.0,218584.0,25100.0,1790.0,208.0,24843458.54,7.20512e-05,8.37243e-06,0.720511597,0.837242527,169545.0,70694.25,3266.0,169545.0,30500.0,8.778846153846153
Wong Tai Sin West -> Sha Tin North,9.421052631578947,11.937607482105264,19,896.0,223.0,4688620.344,0.000191101,4.7562e-05,1.911009922,4.75619657,218584.0,65217.0,844.0,218584.0,25100.0,1053.0,129.0,2824329.844,0.000372832,4.56746e-05,3.728318072,4.567455188,172770.0,105017.0,1312.0,172770.0,30500.0,9.952631578947368
Wong Tai Sin West -> Sha Tin South,4.285714285714286,5.010379470476191,21,896.0,223.0,4688620.344,0.000191101,4.7562e-05,1.911009922,4.75619657,218584.0,65217.0,844.0,218584.0,25100.0,1099.0,152.0,9545575.388,0.000115132,1.59236e-05,1.151318758,1.592360794,171916.0,58856.75,2705.0,171916.0,30500.0,8.614285714285714
Wong Tai Sin West -> Sha Tin West,7.827586206896552,7.291741742517241,29,896.0,223.0,4688620.344,0.000191101,4.7562e-05,1.911009922,4.75619657,218584.0,65217.0,844.0,218584.0,25100.0,1612.0,207.0,31506636.23,5.11638e-05,6.57004e-06,0.511638243,0.657004443,178575.0,106037.0,7389.0,178575.0,30500.0,8.772413793103448
Wong Tai Sin West -> Sham Shui Po East,11.161585365853659,5.687944736131097,328,896.0,223.0,4688620.344,0.000191101,4.7562e-05,1.911009922,4.75619657,218584.0,65217.0,844.0,218584.0,25100.0,1569.0,235.0,4642605.795,0.000337957,5.06181e-05,3.379567573,5.061812491,212957.0,126435.0,2477.0,212957.0,24100.0,8.353658536585366
Wong Tai Sin West -> Sham Shui Po West,17.091603053435115,7.208530973206107,131,896.0,223.0,4688620.344,0.000191101,4.7562e-05,1.911009922,4.75619657,218584.0,65217.0,844.0,218584.0,25100.0,1507.0,179.0,4717394.205,0.000319456,3.79447e-05,3.194560248,3.794467713,218133.0,77638.0,1616.0,218133.0,24100.0,6.799236641221374
Wong Tai Sin West -> Southern District Northwest,34.91478112121919,19.965272850047405,12861,896.0,223.0,4688620.344,0.000191101,4.7562e-05,1.911009922,4.75619657,218584.0,65217.0,844.0,218584.0,25100.0,1801.0,220.0,5182184.495,0.000347537,4.24531e-05,3.475368354,4.245313925,128849.0,67695.0,2855.0,128849.0,36000.0,23.942018505559442
Wong Tai Sin West -> Tai Pak,18.858823529411765,13.0626763174,85,896.0,223.0,4688620.344,0.000191101,4.7562e-05,1.911009922,4.75619657,218584.0,65217.0,844.0,218584.0,25100.0,1821.0,178.0,3656419.948,0.000498028,4.86815e-05,4.98028133,4.868149789,173597.0,106141.0,1412.0,173597.0,33800.0,13.25294117647059
Wong Tai Sin West -> Tai Po North,12.5,18.124998020714287,14,896.0,223.0,4688620.344,0.000191101,4.7562e-05,1.911009922,4.75619657,218584.0,65217.0,844.0,218584.0,25100.0,1367.0,236.0,94726850.56,1.4431e-05,2.49137e-06,0.144309664,0.249137387,157446.0,125595.0,16400.0,157446.0,31700.0,11.542857142857143
Wong Tai Sin West -> Tai Po South,12.742857142857142,16.338232034257146,35,896.0,223.0,4688620.344,0.000191101,4.7562e-05,1.911009922,4.75619657,218584.0,65217.0,844.0,218584.0,25100.0,1413.0,187.0,41403149.44,3.41278e-05,4.51656e-06,0.341278386,0.451656462,159024.0,32241.0,14539.0,159024.0,31700.0,11.74
Wong Tai Sin West -> Tin Shui Wai South and Ping Ha,9.75,30.941502499214288,28,896.0,223.0,4688620.344,0.000191101,4.7562e-05,1.911009922,4.75619657,218584.0,65217.0,844.0,218584.0,25100.0,1309.0,215.0,47324621.53,2.766e-05,4.54309e-06,0.276600205,0.454308969,153669.0,88248.5,22348.0,153669.0,30100.0,20.8
Wong Tai Sin West -> Tseung Kwan O North,17.17808219178082,13.623277724376713,146,896.0,223.0,4688620.344,0.000191101,4.7562e-05,1.911009922,4.75619657,218584.0,65217.0,844.0,218584.0,25100.0,776.0,108.0,1580069.556,0.000491118,6.83514e-05,4.911176202,6.835142137,158568.0,98589.0,444.0,158568.0,40400.0,12.06027397260274
Wong Tai Sin West -> Tseung Kwan O South,11.95,12.54264956008125,160,896.0,223.0,4688620.344,0.000191101,4.7562e-05,1.911009922,4.75619657,218584.0,65217.0,844.0,218584.0,25100.0,517.0,59.0,3125142.442,0.000165432,1.88791e-05,1.654324594,1.887913946,172964.0,98736.0,735.0,172964.0,40400.0,9.98875
Wong Tai Sin West -> Tsing Yi,12.0,13.783999601041666,48,896.0,223.0,4688620.344,0.000191101,4.7562e-05,1.911009922,4.75619657,218584.0,65217.0,844.0,218584.0,25100.0,985.0,142.0,10455427.43,9.42094e-05,1.35815e-05,0.942094435,1.358146292,179581.0,84461.0,2054.0,179581.0,26000.0,11.549999999999999
Wong Tai Sin West -> Tsuen Wan Northwest,12.580645161290322,23.445978297354838,31,896.0,223.0,4688620.344,0.000191101,4.7562e-05,1.911009922,4.75619657,218584.0,65217.0,844.0,218584.0,25100.0,1403.0,103.0,44481122.31,3.15415e-05,2.31559e-06,0.315414703,0.231558906,156114.0,73570.0,4949.0,156114.0,34400.0,20.080645161290324
Wong Tai Sin West -> Tsuen Wan Southeast,15.666666666666666,12.175381068333333,27,896.0,223.0,4688620.344,0.000191101,4.7562e-05,1.911009922,4.75619657,218584.0,65217.0,844.0,218584.0,25100.0,991.0,128.0,17438877.69,5.68271e-05,7.33992e-06,0.568270515,0.733992189,163980.0,90229.0,4243.0,163980.0,34400.0,10.833333333333334
Wong Tai Sin West -> Tuen Mun East,8.3,25.975145367350002,60,896.0,223.0,4688620.344,0.000191101,4.7562e-05,1.911009922,4.75619657,218584.0,65217.0,844.0,218584.0,25100.0,1510.0,113.0,33427312.32,4.51726e-05,3.38047e-06,0.451726416,0.338046921,168080.0,59671.0,6093.0,168080.0,26500.0,18.13
Wong Tai Sin West -> Tuen Mun North,11.107142857142858,30.741398633357143,28,896.0,223.0,4688620.344,0.000191101,4.7562e-05,1.911009922,4.75619657,218584.0,65217.0,844.0,218584.0,25100.0,780.0,109.0,18692705.38,4.17275e-05,5.83115e-06,0.417275073,0.583115166,170790.0,104074.0,10271.0,170790.0,26500.0,18.928571428571427
Wong Tai Sin West -> Tuen Mun West,8.0,29.321561915833332,12,896.0,223.0,4688620.344,0.000191101,4.7562e-05,1.911009922,4.75619657,218584.0,65217.0,844.0,218584.0,25100.0,587.0,86.0,33729982.3,1.74029e-05,2.54966e-06,0.174029146,0.25496604,168009.0,83305.0,3482.0,168009.0,26500.0,18.8
Wong Tai Sin West -> Wan Chai,14.45360824742268,10.574044932876289,97,896.0,223.0,4688620.344,0.000191101,4.7562e-05,1.911009922,4.75619657,218584.0,65217.0,844.0,218584.0,25100.0,3357.0,430.0,10560000.0,0.000317898,4.07197e-05,3.178977273,4.071969697,166695.0,92238.0,4550.0,166695.0,40500.0,13.528865979381443
Wong Tai Sin West -> Western,28.5,14.449283855214285,14,896.0,223.0,4688620.344,0.000191101,4.7562e-05,1.911009922,4.75619657,218584.0,65217.0,844.0,218584.0,25100.0,1187.0,165.0,4250735.501,0.000279246,3.88168e-05,2.792457916,3.881681181,125233.0,75343.0,2064.0,125233.0,42600.0,12.9
Wong Tai Sin West -> Wong Tai Sin East,8.420824295010846,3.6004877319934923,461,896.0,223.0,4688620.344,0.000191101,4.7562e-05,1.911009922,4.75619657,218584.0,65217.0,844.0,218584.0,25100.0,1475.0,207.0,4613986.574,0.00031968,4.48636e-05,3.196801673,4.486358958,188218.0,127397.0,1185.0,188218.0,25100.0,8.258134490238612
Wong Tai Sin West -> Wong Tai Sin West,10.538767395626243,3.5862182123717696,503,896.0,223.0,4688620.344,0.000191101,4.7562e-05,1.911009922,4.75619657,218584.0,65217.0,844.0,218584.0,25100.0,896.0,223.0,4688620.344,0.000191101,4.7562e-05,1.911009922,4.75619657,218584.0,65217.0,844.0,218584.0,25100.0,6.703180914512922
Wong Tai Sin West -> Wu Tip Shan,5.5,25.078121431,6,896.0,223.0,4688620.344,0.000191101,4.7562e-05,1.911009922,4.75619657,218584.0,65217.0,844.0,218584.0,25100.0,1448.0,161.0,21829748.23,6.63315e-05,7.37526e-06,0.663315025,0.737525684,150468.0,93658.0,15003.0,150468.0,25500.0,17.6
Wong Tai Sin West -> Yau Tsim Mong North,14.299363057324841,6.640821007522294,157,896.0,223.0,4688620.344,0.000191101,4.7562e-05,1.911009922,4.75619657,218584.0,65217.0,844.0,218584.0,25100.0,1629.0,178.0,2165712.207,0.000752178,8.21901e-05,7.52177503,8.21900525,168265.0,97426.0,3002.0,168265.0,30700.0,10.257324840764332
Wong Tai Sin West -> Yau Tsim Mong South,16.44075829383886,7.533349972421801,422,896.0,223.0,4688620.344,0.000191101,4.7562e-05,1.911009922,4.75619657,218584.0,65217.0,844.0,218584.0,25100.0,3027.0,209.0,4824287.793,0.00062745,4.33225e-05,6.274501294,4.33224569,142382.0,65279.0,4418.0,142382.0,30700.0,8.862085308056873
Wong Tai Sin West -> Yuen Long Rural East,5.833333333333333,21.776116692916663,12,896.0,223.0,4688620.344,0.000191101,4.7562e-05,1.911009922,4.75619657,218584.0,65217.0,844.0,218584.0,25100.0,1696.0,306.0,83591131.06,2.02892e-05,3.66068e-06,0.202892338,0.366067543,170741.0,90494.0,72943.0,170741.0,30100.0,20.46666666666667
Wong Tai Sin West -> Yuen Long Town Centre,8.176470588235293,26.949991447529413,17,896.0,223.0,4688620.344,0.000191101,4.7562e-05,1.911009922,4.75619657,218584.0,65217.0,844.0,218584.0,25100.0,825.0,110.0,5113531.676,0.000161337,2.15116e-05,1.613366362,2.15115515,160142.0,65596.0,7135.0,160142.0,30100.0,20.8
Wu Tip Shan -> Central,13.641509433962264,32.839294365820756,106,1448.0,161.0,21829748.23,6.63315e-05,7.37526e-06,0.663315025,0.737525684,150468.0,93658.0,15003.0,150468.0,25500.0,3406.0,432.0,8299264.499,0.000410398,5.20528e-05,4.10397813,5.205280541,110720.0,55452.0,6706.0,110720.0,42600.0,27.891509433962263
Wu Tip Shan -> Hong Wan,8.5,33.52894620008333,36,1448.0,161.0,21829748.23,6.63315e-05,7.37526e-06,0.663315025,0.737525684,150468.0,93658.0,15003.0,150468.0,25500.0,1508.0,147.0,5131674.172,0.000293861,2.86456e-05,2.938612136,2.864562228,187331.0,78902.0,1332.0,187331.0,33800.0,27.8
Wu Tip Shan -> Islands,11.976190476190476,30.834916489523806,42,1448.0,161.0,21829748.23,6.63315e-05,7.37526e-06,0.663315025,0.737525684,150468.0,93658.0,15003.0,150468.0,25500.0,4309.0,252.0,182280000.0,2.36395e-05,1.38249e-06,0.236394558,0.138248848,185282.0,93368.0,20858.0,185282.0,31500.0,24.485714285714288
Wu Tip Shan -> Kowloon City North,10.658333333333333,32.314648839933334,120,1448.0,161.0,21829748.23,6.63315e-05,7.37526e-06,0.663315025,0.737525684,150468.0,93658.0,15003.0,150468.0,25500.0,2184.0,369.0,6927610.313,0.00031526,5.32651e-05,3.15260227,5.326512077,200330.0,107366.0,3726.0,200330.0,30700.0,15.093333333333334
Wu Tip Shan -> Kowloon City South,10.625,28.7928520678125,32,1448.0,161.0,21829748.23,6.63315e-05,7.37526e-06,0.663315025,0.737525684,150468.0,93658.0,15003.0,150468.0,25500.0,1256.0,245.0,3082389.687,0.000407476,7.94838e-05,4.074760584,7.948378527,210304.0,96598.0,2009.0,210304.0,30700.0,11.149999999999999
Wu Tip Shan -> Kwai Chung East,8.324324324324325,26.199966608385136,148,1448.0,161.0,21829748.23,6.63315e-05,7.37526e-06,0.663315025,0.737525684,150468.0,93658.0,15003.0,150468.0,25500.0,1199.0,144.0,5774688.358,0.00020763,2.49364e-05,2.076302522,2.49364106,161785.0,62396.0,2259.0,161785.0,26000.0,12.316216216216215
Wu Tip Shan -> Kwai Chung West,11.8125,30.896331656375,64,1448.0,161.0,21829748.23,6.63315e-05,7.37526e-06,0.663315025,0.737525684,150468.0,93658.0,15003.0,150468.0,25500.0,1079.0,187.0,7109884.208,0.000151761,2.63014e-05,1.517605587,2.630141287,154432.0,86916.0,1358.0,154432.0,26000.0,12.675
Wu Tip Shan -> Kwun Tong Central,11.719594594594595,31.30566206753041,296,1448.0,161.0,21829748.23,6.63315e-05,7.37526e-06,0.663315025,0.737525684,150468.0,93658.0,15003.0,150468.0,25500.0,1827.0,225.0,3044793.15,0.000600041,7.38966e-05,6.000407614,7.389664549,170206.0,106392.0,1421.0,170206.0,24000.0,18.53648648648649
Wu Tip Shan -> Kwun Tong Southeast,7.448979591836735,22.16895036342857,49,1448.0,161.0,21829748.23,6.63315e-05,7.37526e-06,0.663315025,0.737525684,150468.0,93658.0,15003.0,150468.0,25500.0,942.0,117.0,3181450.074,0.000296091,3.67757e-05,2.96091398,3.677568319,163357.0,92725.0,1534.0,163357.0,24000.0,27.848979591836734
Wu Tip Shan -> Kwun Tong West,9.325842696629213,30.063277745264045,178,1448.0,161.0,21829748.23,6.63315e-05,7.37526e-06,0.663315025,0.737525684,150468.0,93658.0,15003.0,150468.0,25500.0,1513.0,204.0,2719597.768,0.000556332,7.50111e-05,5.5633227,7.501109259,174878.0,55701.0,1073.0,174878.0,24000.0,18.617977528089888
Wu Tip Shan -> Sha Tin East,10.41958041958042,17.45914071705594,143,1448.0,161.0,21829748.23,6.63315e-05,7.37526e-06,0.663315025,0.737525684,150468.0,93658.0,15003.0,150468.0,25500.0,1790.0,208.0,24843458.54,7.20512e-05,8.37243e-06,0.720511597,0.837242527,169545.0,70694.25,3266.0,169545.0,30500.0,20.124475524475525
Wu Tip Shan -> Sha Tin North,19.5,21.59156356961111,54,1448.0,161.0,21829748.23,6.63315e-05,7.37526e-06,0.663315025,0.737525684,150468.0,93658.0,15003.0,150468.0,25500.0,1053.0,129.0,2824329.844,0.000372832,4.56746e-05,3.728318072,4.567455188,172770.0,105017.0,1312.0,172770.0,30500.0,14.9
Wu Tip Shan -> Sha Tin South,13.024390243902438,25.64578188821951,41,1448.0,161.0,21829748.23,6.63315e-05,7.37526e-06,0.663315025,0.737525684,150468.0,93658.0,15003.0,150468.0,25500.0,1099.0,152.0,9545575.388,0.000115132,1.59236e-05,1.151318758,1.592360794,171916.0,58856.75,2705.0,171916.0,30500.0,12.860975609756096
Wu Tip Shan -> Sha Tin West,14.50909090909091,20.2766682212,220,1448.0,161.0,21829748.23,6.63315e-05,7.37526e-06,0.663315025,0.737525684,150468.0,93658.0,15003.0,150468.0,25500.0,1612.0,207.0,31506636.23,5.11638e-05,6.57004e-06,0.511638243,0.657004443,178575.0,106037.0,7389.0,178575.0,30500.0,12.711818181818181
Wu Tip Shan -> Sham Shui Po East,13.329268292682928,32.1671874957439,82,1448.0,161.0,21829748.23,6.63315e-05,7.37526e-06,0.663315025,0.737525684,150468.0,93658.0,15003.0,150468.0,25500.0,1569.0,235.0,4642605.795,0.000337957,5.06181e-05,3.379567573,5.061812491,212957.0,126435.0,2477.0,212957.0,24100.0,7.931707317073171
Wu Tip Shan -> Sham Shui Po West,9.115384615384615,30.840968712778842,104,1448.0,161.0,21829748.23,6.63315e-05,7.37526e-06,0.663315025,0.737525684,150468.0,93658.0,15003.0,150468.0,25500.0,1507.0,179.0,4717394.205,0.000319456,3.79447e-05,3.194560248,3.794467713,218133.0,77638.0,1616.0,218133.0,24100.0,9.86923076923077
Wu Tip Shan -> Tai Pak,11.627659574468085,36.71943127988298,94,1448.0,161.0,21829748.23,6.63315e-05,7.37526e-06,0.663315025,0.737525684,150468.0,93658.0,15003.0,150468.0,25500.0,1821.0,178.0,3656419.948,0.000498028,4.86815e-05,4.98028133,4.868149789,173597.0,106141.0,1412.0,173597.0,33800.0,27.799999999999997
Wu Tip Shan -> Tai Po North,11.869346733668342,9.206428049268006,597,1448.0,161.0,21829748.23,6.63315e-05,7.37526e-06,0.663315025,0.737525684,150468.0,93658.0,15003.0,150468.0,25500.0,1367.0,236.0,94726850.56,1.4431e-05,2.49137e-06,0.144309664,0.249137387,157446.0,125595.0,16400.0,157446.0,31700.0,13.473031825795644
Wu Tip Shan -> Tai Po South,12.330464716006885,7.1457851961703955,581,1448.0,161.0,21829748.23,6.63315e-05,7.37526e-06,0.663315025,0.737525684,150468.0,93658.0,15003.0,150468.0,25500.0,1413.0,187.0,41403149.44,3.41278e-05,4.51656e-06,0.341278386,0.451656462,159024.0,32241.0,14539.0,159024.0,31700.0,12.967469879518072
Wu Tip Shan -> Tin Shui Wai South and Ping Ha,20.705882352941178,22.049690601823528,34,1448.0,161.0,21829748.23,6.63315e-05,7.37526e-06,0.663315025,0.737525684,150468.0,93658.0,15003.0,150468.0,25500.0,1309.0,215.0,47324621.53,2.766e-05,4.54309e-06,0.276600205,0.454308969,153669.0,88248.5,22348.0,153669.0,30100.0,10.314705882352941
Wu Tip Shan -> Tsing Yi,11.662790697674419,32.54495724203488,86,1448.0,161.0,21829748.23,6.63315e-05,7.37526e-06,0.663315025,0.737525684,150468.0,93658.0,15003.0,150468.0,25500.0,985.0,142.0,10455427.43,9.42094e-05,1.35815e-05,0.942094435,1.358146292,179581.0,84461.0,2054.0,179581.0,26000.0,17.1
Wu Tip Shan -> Tsuen Wan Northwest,11.543478260869565,26.215787613413045,46,1448.0,161.0,21829748.23,6.63315e-05,7.37526e-06,0.663315025,0.737525684,150468.0,93658.0,15003.0,150468.0,25500.0,1403.0,103.0,44481122.31,3.15415e-05,2.31559e-06,0.315414703,0.231558906,156114.0,73570.0,4949.0,156114.0,34400.0,32.06086956521739
Wu Tip Shan -> Tsuen Wan Southeast,13.107142857142858,31.117565866848217,112,1448.0,161.0,21829748.23,6.63315e-05,7.37526e-06,0.663315025,0.737525684,150468.0,93658.0,15003.0,150468.0,25500.0,991.0,128.0,17438877.69,5.68271e-05,7.33992e-06,0.568270515,0.733992189,163980.0,90229.0,4243.0,163980.0,34400.0,12.042857142857143
Wu Tip Shan -> Tuen Mun East,17.51196172248804,29.586724027339713,209,1448.0,161.0,21829748.23,6.63315e-05,7.37526e-06,0.663315025,0.737525684,150468.0,93658.0,15003.0,150468.0,25500.0,1510.0,113.0,33427312.32,4.51726e-05,3.38047e-06,0.451726416,0.338046921,168080.0,59671.0,6093.0,168080.0,26500.0,13.728229665071769
Wu Tip Shan -> Tuen Mun North,9.513513513513514,23.748042762054055,74,1448.0,161.0,21829748.23,6.63315e-05,7.37526e-06,0.663315025,0.737525684,150468.0,93658.0,15003.0,150468.0,25500.0,780.0,109.0,18692705.38,4.17275e-05,5.83115e-06,0.417275073,0.583115166,170790.0,104074.0,10271.0,170790.0,26500.0,10.986486486486486
Wu Tip Shan -> Tuen Mun West,9.0,27.31832542277778,9,1448.0,161.0,21829748.23,6.63315e-05,7.37526e-06,0.663315025,0.737525684,150468.0,93658.0,15003.0,150468.0,25500.0,587.0,86.0,33729982.3,1.74029e-05,2.54966e-06,0.174029146,0.25496604,168009.0,83305.0,3482.0,168009.0,26500.0,14.800000000000002
Wu Tip Shan -> Wan Chai,10.416,32.58063292504,125,1448.0,161.0,21829748.23,6.63315e-05,7.37526e-06,0.663315025,0.737525684,150468.0,93658.0,15003.0,150468.0,25500.0,3357.0,430.0,10560000.0,0.000317898,4.07197e-05,3.178977273,4.071969697,166695.0,92238.0,4550.0,166695.0,40500.0,27.892799999999998
Wu Tip Shan -> Wong Tai Sin East,6.888888888888889,24.940647472111113,54,1448.0,161.0,21829748.23,6.63315e-05,7.37526e-06,0.663315025,0.737525684,150468.0,93658.0,15003.0,150468.0,25500.0,1475.0,207.0,4613986.574,0.00031968,4.48636e-05,3.196801673,4.486358958,188218.0,127397.0,1185.0,188218.0,25100.0,17.933333333333334
Wu Tip Shan -> Wu Tip Shan,8.552699228791774,4.564006991309952,2723,1448.0,161.0,21829748.23,6.63315e-05,7.37526e-06,0.663315025,0.737525684,150468.0,93658.0,15003.0,150468.0,25500.0,1448.0,161.0,21829748.23,6.63315e-05,7.37526e-06,0.663315025,0.737525684,150468.0,93658.0,15003.0,150468.0,25500.0,10.430187293426368
Wu Tip Shan -> Yau Tsim Mong North,13.273408239700375,33.791754239576775,267,1448.0,161.0,21829748.23,6.63315e-05,7.37526e-06,0.663315025,0.737525684,150468.0,93658.0,15003.0,150468.0,25500.0,1629.0,178.0,2165712.207,0.000752178,8.21901e-05,7.52177503,8.21900525,168265.0,97426.0,3002.0,168265.0,30700.0,13.365168539325843
Wu Tip Shan -> Yau Tsim Mong South,15.075342465753424,33.04658284523288,292,1448.0,161.0,21829748.23,6.63315e-05,7.37526e-06,0.663315025,0.737525684,150468.0,93658.0,15003.0,150468.0,25500.0,3027.0,209.0,4824287.793,0.00062745,4.33225e-05,6.274501294,4.33224569,142382.0,65279.0,4418.0,142382.0,30700.0,14.903082191780822
Wu Tip Shan -> Yuen Long Rural East,18.744827586206895,15.333560530168965,290,1448.0,161.0,21829748.23,6.63315e-05,7.37526e-06,0.663315025,0.737525684,150468.0,93658.0,15003.0,150468.0,25500.0,1696.0,306.0,83591131.06,2.02892e-05,3.66068e-06,0.202892338,0.366067543,170741.0,90494.0,72943.0,170741.0,30100.0,15.845172413793101
Wu Tip Shan -> Yuen Long Town Centre,30.18840579710145,21.110321878449277,69,1448.0,161.0,21829748.23,6.63315e-05,7.37526e-06,0.663315025,0.737525684,150468.0,93658.0,15003.0,150468.0,25500.0,825.0,110.0,5113531.676,0.000161337,2.15116e-05,1.613366362,2.15115515,160142.0,65596.0,7135.0,160142.0,30100.0,9.952173913043477
Yau Tsim Mong North -> Central,11.46,8.296742531835001,200,1629.0,178.0,2165712.207,0.000752178,8.21901e-05,7.52177503,8.21900525,168265.0,97426.0,3002.0,168265.0,30700.0,3406.0,432.0,8299264.499,0.000410398,5.20528e-05,4.10397813,5.205280541,110720.0,55452.0,6706.0,110720.0,42600.0,12.8325
Yau Tsim Mong North -> Chai Wan,16.764705882352942,14.242124931680673,119,1629.0,178.0,2165712.207,0.000752178,8.21901e-05,7.52177503,8.21900525,168265.0,97426.0,3002.0,168265.0,30700.0,1483.0,185.0,9201905.88,0.000161162,2.01045e-05,1.611622657,2.010453078,168675.0,84793.0,1280.0,168675.0,33800.0,14.258823529411764
Yau Tsim Mong North -> Hong Wan,19.055555555555557,11.757578850185185,54,1629.0,178.0,2165712.207,0.000752178,8.21901e-05,7.52177503,8.21900525,168265.0,97426.0,3002.0,168265.0,30700.0,1508.0,147.0,5131674.172,0.000293861,2.86456e-05,2.938612136,2.864562228,187331.0,78902.0,1332.0,187331.0,33800.0,14.56111111111111
Yau Tsim Mong North -> Islands,17.581521739130434,33.72566715280707,368,1629.0,178.0,2165712.207,0.000752178,8.21901e-05,7.52177503,8.21900525,168265.0,97426.0,3002.0,168265.0,30700.0,4309.0,252.0,182280000.0,2.36395e-05,1.38249e-06,0.236394558,0.138248848,185282.0,93368.0,20858.0,185282.0,31500.0,21.46684782608696
Yau Tsim Mong North -> Kowloon City North,10.53865336658354,4.496609839012469,802,1629.0,178.0,2165712.207,0.000752178,8.21901e-05,7.52177503,8.21900525,168265.0,97426.0,3002.0,168265.0,30700.0,2184.0,369.0,6927610.313,0.00031526,5.32651e-05,3.15260227,5.326512077,200330.0,107366.0,3726.0,200330.0,30700.0,8.863466334164588
Yau Tsim Mong North -> Kowloon City South,9.837288135593221,4.335864714542373,295,1629.0,178.0,2165712.207,0.000752178,8.21901e-05,7.52177503,8.21900525,168265.0,97426.0,3002.0,168265.0,30700.0,1256.0,245.0,3082389.687,0.000407476,7.94838e-05,4.074760584,7.948378527,210304.0,96598.0,2009.0,210304.0,30700.0,7.286440677966102
Yau Tsim Mong North -> Kwai Chung East,12.064864864864864,7.343603394654053,185,1629.0,178.0,2165712.207,0.000752178,8.21901e-05,7.52177503,8.21900525,168265.0,97426.0,3002.0,168265.0,30700.0,1199.0,144.0,5774688.358,0.00020763,2.49364e-05,2.076302522,2.49364106,161785.0,62396.0,2259.0,161785.0,26000.0,8.247027027027027
Yau Tsim Mong North -> Kwai Chung West,14.989655172413793,9.19422809171724,290,1629.0,178.0,2165712.207,0.000752178,8.21901e-05,7.52177503,8.21900525,168265.0,97426.0,3002.0,168265.0,30700.0,1079.0,187.0,7109884.208,0.000151761,2.63014e-05,1.517605587,2.630141287,154432.0,86916.0,1358.0,154432.0,26000.0,10.650344827586206
Yau Tsim Mong North -> Kwun Tong Central,17.81081081081081,9.150647565432433,222,1629.0,178.0,2165712.207,0.000752178,8.21901e-05,7.52177503,8.21900525,168265.0,97426.0,3002.0,168265.0,30700.0,1827.0,225.0,3044793.15,0.000600041,7.38966e-05,6.000407614,7.389664549,170206.0,106392.0,1421.0,170206.0,24000.0,9.581531531531532
Yau Tsim Mong North -> Kwun Tong North,20.885057471264368,10.382221545117815,348,1629.0,178.0,2165712.207,0.000752178,8.21901e-05,7.52177503,8.21900525,168265.0,97426.0,3002.0,168265.0,30700.0,1022.0,168.0,2334159.008,0.000437845,7.19745e-05,4.378450639,7.197453105,164725.0,58119.0,434.0,164725.0,24000.0,9.84396551724138
Yau Tsim Mong North -> Kwun Tong Southeast,23.88095238095238,12.38268910563492,126,1629.0,178.0,2165712.207,0.000752178,8.21901e-05,7.52177503,8.21900525,168265.0,97426.0,3002.0,168265.0,30700.0,942.0,117.0,3181450.074,0.000296091,3.67757e-05,2.96091398,3.677568319,163357.0,92725.0,1534.0,163357.0,24000.0,8.82857142857143
Yau Tsim Mong North -> Kwun Tong West,14.480337078651685,7.452194388553371,356,1629.0,178.0,2165712.207,0.000752178,8.21901e-05,7.52177503,8.21900525,168265.0,97426.0,3002.0,168265.0,30700.0,1513.0,204.0,2719597.768,0.000556332,7.50111e-05,5.5633227,7.501109259,174878.0,55701.0,1073.0,174878.0,24000.0,9.276404494382023
Yau Tsim Mong North -> Sai Kung and Hang Hau,22.342105263157894,16.133624511555556,342,1629.0,178.0,2165712.207,0.000752178,8.21901e-05,7.52177503,8.21900525,168265.0,97426.0,3002.0,168265.0,30700.0,1722.0,307.0,129680000.0,1.32788e-05,2.36737e-06,0.132788402,0.236736582,157505.0,75963.0,22406.0,157505.0,40400.0,11.08654970760234
Yau Tsim Mong North -> Sha Tin East,11.340659340659341,13.830272043659342,182,1629.0,178.0,2165712.207,0.000752178,8.21901e-05,7.52177503,8.21900525,168265.0,97426.0,3002.0,168265.0,30700.0,1790.0,208.0,24843458.54,7.20512e-05,8.37243e-06,0.720511597,0.837242527,169545.0,70694.25,3266.0,169545.0,30500.0,14.403846153846153
Yau Tsim Mong North -> Sha Tin North,18.00990099009901,17.93289332940594,101,1629.0,178.0,2165712.207,0.000752178,8.21901e-05,7.52177503,8.21900525,168265.0,97426.0,3002.0,168265.0,30700.0,1053.0,129.0,2824329.844,0.000372832,4.56746e-05,3.728318072,4.567455188,172770.0,105017.0,1312.0,172770.0,30500.0,15.922772277227724
Yau Tsim Mong North -> Sha Tin South,14.074074074074074,10.766056826049384,162,1629.0,178.0,2165712.207,0.000752178,8.21901e-05,7.52177503,8.21900525,168265.0,97426.0,3002.0,168265.0,30700.0,1099.0,152.0,9545575.388,0.000115132,1.59236e-05,1.151318758,1.592360794,171916.0,58856.75,2705.0,171916.0,30500.0,11.079012345679011
Yau Tsim Mong North -> Sha Tin West,9.230046948356808,12.968743412976526,213,1629.0,178.0,2165712.207,0.000752178,8.21901e-05,7.52177503,8.21900525,168265.0,97426.0,3002.0,168265.0,30700.0,1612.0,207.0,31506636.23,5.11638e-05,6.57004e-06,0.511638243,0.657004443,178575.0,106037.0,7389.0,178575.0,30500.0,12.846948356807513
Yau Tsim Mong North -> Sham Shui Po East,8.342261904761905,3.359933924452381,336,1629.0,178.0,2165712.207,0.000752178,8.21901e-05,7.52177503,8.21900525,168265.0,97426.0,3002.0,168265.0,30700.0,1569.0,235.0,4642605.795,0.000337957,5.06181e-05,3.379567573,5.061812491,212957.0,126435.0,2477.0,212957.0,24100.0,10.874107142857142
Yau Tsim Mong North -> Sham Shui Po West,8.312878133102853,4.053065026050994,1157,1629.0,178.0,2165712.207,0.000752178,8.21901e-05,7.52177503,8.21900525,168265.0,97426.0,3002.0,168265.0,30700.0,1507.0,179.0,4717394.205,0.000319456,3.79447e-05,3.194560248,3.794467713,218133.0,77638.0,1616.0,218133.0,24100.0,11.131892826274848
Yau Tsim Mong North -> Southern District Northwest,25.993506493506494,12.939024723840909,308,1629.0,178.0,2165712.207,0.000752178,8.21901e-05,7.52177503,8.21900525,168265.0,97426.0,3002.0,168265.0,30700.0,1801.0,220.0,5182184.495,0.000347537,4.24531e-05,3.475368354,4.245313925,128849.0,67695.0,2855.0,128849.0,36000.0,14.5
Yau Tsim Mong North -> Southern District Southeast,17.626506024096386,14.036689566493976,166,1629.0,178.0,2165712.207,0.000752178,8.21901e-05,7.52177503,8.21900525,168265.0,97426.0,3002.0,168265.0,30700.0,2667.0,249.0,33657815.5,7.92387e-05,7.39798e-06,0.792386541,0.739798458,134429.0,68061.0,8608.0,134429.0,36000.0,15.931325301204819
Yau Tsim Mong North -> Tai Pak,14.24561403508772,9.56284649186842,114,1629.0,178.0,2165712.207,0.000752178,8.21901e-05,7.52177503,8.21900525,168265.0,97426.0,3002.0,168265.0,30700.0,1821.0,178.0,3656419.948,0.000498028,4.86815e-05,4.98028133,4.868149789,173597.0,106141.0,1412.0,173597.0,33800.0,14.821052631578947
Yau Tsim Mong North -> Tai Po North,13.541666666666666,23.517270507758333,120,1629.0,178.0,2165712.207,0.000752178,8.21901e-05,7.52177503,8.21900525,168265.0,97426.0,3002.0,168265.0,30700.0,1367.0,236.0,94726850.56,1.4431e-05,2.49137e-06,0.144309664,0.249137387,157446.0,125595.0,16400.0,157446.0,31700.0,14.879166666666666
Yau Tsim Mong North -> Tai Po South,12.992,21.666034368448,125,1629.0,178.0,2165712.207,0.000752178,8.21901e-05,7.52177503,8.21900525,168265.0,97426.0,3002.0,168265.0,30700.0,1413.0,187.0,41403149.44,3.41278e-05,4.51656e-06,0.341278386,0.451656462,159024.0,32241.0,14539.0,159024.0,31700.0,13.9656
Yau Tsim Mong North -> Tin Shui Wai South and Ping Ha,14.963917525773196,29.497542208592783,194,1629.0,178.0,2165712.207,0.000752178,8.21901e-05,7.52177503,8.21900525,168265.0,97426.0,3002.0,168265.0,30700.0,1309.0,215.0,47324621.53,2.766e-05,4.54309e-06,0.276600205,0.454308969,153669.0,88248.5,22348.0,153669.0,30100.0,16.890721649484533
Yau Tsim Mong North -> Tseung Kwan O North,25.232558139534884,16.80314629744961,129,1629.0,178.0,2165712.207,0.000752178,8.21901e-05,7.52177503,8.21900525,168265.0,97426.0,3002.0,168265.0,30700.0,776.0,108.0,1580069.556,0.000491118,6.83514e-05,4.911176202,6.835142137,158568.0,98589.0,444.0,158568.0,40400.0,10.789922480620156
Yau Tsim Mong North -> Tseung Kwan O South,20.093023255813954,16.13068399591473,129,1629.0,178.0,2165712.207,0.000752178,8.21901e-05,7.52177503,8.21900525,168265.0,97426.0,3002.0,168265.0,30700.0,517.0,59.0,3125142.442,0.000165432,1.88791e-05,1.654324594,1.887913946,172964.0,98736.0,735.0,172964.0,40400.0,11.767441860465116
Yau Tsim Mong North -> Tsing Yi,13.850356294536818,11.184958379270785,421,1629.0,178.0,2165712.207,0.000752178,8.21901e-05,7.52177503,8.21900525,168265.0,97426.0,3002.0,168265.0,30700.0,985.0,142.0,10455427.43,9.42094e-05,1.35815e-05,0.942094435,1.358146292,179581.0,84461.0,2054.0,179581.0,26000.0,10.520902612826603
Yau Tsim Mong North -> Tsuen Wan Northwest,14.197530864197532,16.488432226376542,162,1629.0,178.0,2165712.207,0.000752178,8.21901e-05,7.52177503,8.21900525,168265.0,97426.0,3002.0,168265.0,30700.0,1403.0,103.0,44481122.31,3.15415e-05,2.31559e-06,0.315414703,0.231558906,156114.0,73570.0,4949.0,156114.0,34400.0,15.109876543209877
Yau Tsim Mong North -> Tsuen Wan Southeast,17.97142857142857,10.160757808171429,105,1629.0,178.0,2165712.207,0.000752178,8.21901e-05,7.52177503,8.21900525,168265.0,97426.0,3002.0,168265.0,30700.0,991.0,128.0,17438877.69,5.68271e-05,7.33992e-06,0.568270515,0.733992189,163980.0,90229.0,4243.0,163980.0,34400.0,8.2
Yau Tsim Mong North -> Tuen Mun East,19.020746887966805,23.595729409215767,241,1629.0,178.0,2165712.207,0.000752178,8.21901e-05,7.52177503,8.21900525,168265.0,97426.0,3002.0,168265.0,30700.0,1510.0,113.0,33427312.32,4.51726e-05,3.38047e-06,0.451726416,0.338046921,168080.0,59671.0,6093.0,168080.0,26500.0,16.068879668049792
Yau Tsim Mong North -> Tuen Mun North,15.354166666666666,29.444596848548613,144,1629.0,178.0,2165712.207,0.000752178,8.21901e-05,7.52177503,8.21900525,168265.0,97426.0,3002.0,168265.0,30700.0,780.0,109.0,18692705.38,4.17275e-05,5.83115e-06,0.417275073,0.583115166,170790.0,104074.0,10271.0,170790.0,26500.0,18.03333333333333
Yau Tsim Mong North -> Tuen Mun West,15.5,28.600435911857144,70,1629.0,178.0,2165712.207,0.000752178,8.21901e-05,7.52177503,8.21900525,168265.0,97426.0,3002.0,168265.0,30700.0,587.0,86.0,33729982.3,1.74029e-05,2.54966e-06,0.174029146,0.25496604,168009.0,83305.0,3482.0,168009.0,26500.0,14.6
Yau Tsim Mong North -> Wan Chai,10.670807453416149,8.486747978428571,161,1629.0,178.0,2165712.207,0.000752178,8.21901e-05,7.52177503,8.21900525,168265.0,97426.0,3002.0,168265.0,30700.0,3357.0,430.0,10560000.0,0.000317898,4.07197e-05,3.178977273,4.071969697,166695.0,92238.0,4550.0,166695.0,40500.0,13.312422360248446
Yau Tsim Mong North -> Western,12.26530612244898,7.926043921127551,196,1629.0,178.0,2165712.207,0.000752178,8.21901e-05,7.52177503,8.21900525,168265.0,97426.0,3002.0,168265.0,30700.0,1187.0,165.0,4250735.501,0.000279246,3.88168e-05,2.792457916,3.881681181,125233.0,75343.0,2064.0,125233.0,42600.0,13.356632653061226
Yau Tsim Mong North -> Wong Tai Sin East,13.43939393939394,6.0303238105303025,198,1629.0,178.0,2165712.207,0.000752178,8.21901e-05,7.52177503,8.21900525,168265.0,97426.0,3002.0,168265.0,30700.0,1475.0,207.0,4613986.574,0.00031968,4.48636e-05,3.196801673,4.486358958,188218.0,127397.0,1185.0,188218.0,25100.0,8.094444444444445
Yau Tsim Mong North -> Wong Tai Sin West,10.955223880597014,4.759400667738806,402,1629.0,178.0,2165712.207,0.000752178,8.21901e-05,7.52177503,8.21900525,168265.0,97426.0,3002.0,168265.0,30700.0,896.0,223.0,4688620.344,0.000191101,4.7562e-05,1.911009922,4.75619657,218584.0,65217.0,844.0,218584.0,25100.0,8.6136815920398
Yau Tsim Mong North -> Wu Tip Shan,13.222222222222221,34.531027938120374,216,1629.0,178.0,2165712.207,0.000752178,8.21901e-05,7.52177503,8.21900525,168265.0,97426.0,3002.0,168265.0,30700.0,1448.0,161.0,21829748.23,6.63315e-05,7.37526e-06,0.663315025,0.737525684,150468.0,93658.0,15003.0,150468.0,25500.0,16.951851851851853
Yau Tsim Mong North -> Yau Tsim Mong North,8.452702702702704,4.7793654100202705,148,1629.0,178.0,2165712.207,0.000752178,8.21901e-05,7.52177503,8.21900525,168265.0,97426.0,3002.0,168265.0,30700.0,1629.0,178.0,2165712.207,0.000752178,8.21901e-05,7.52177503,8.21900525,168265.0,97426.0,3002.0,168265.0,30700.0,9.287837837837838
Yau Tsim Mong North -> Yau Tsim Mong South,7.308085977482088,3.6590353884124873,977,1629.0,178.0,2165712.207,0.000752178,8.21901e-05,7.52177503,8.21900525,168265.0,97426.0,3002.0,168265.0,30700.0,3027.0,209.0,4824287.793,0.00062745,4.33225e-05,6.274501294,4.33224569,142382.0,65279.0,4418.0,142382.0,30700.0,8.761105424769703
Yau Tsim Mong North -> Yuen Long Rural East,16.1123595505618,24.495984976348314,89,1629.0,178.0,2165712.207,0.000752178,8.21901e-05,7.52177503,8.21900525,168265.0,97426.0,3002.0,168265.0,30700.0,1696.0,306.0,83591131.06,2.02892e-05,3.66068e-06,0.202892338,0.366067543,170741.0,90494.0,72943.0,170741.0,30100.0,16.503370786516854
Yau Tsim Mong North -> Yuen Long Town Centre,12.0,24.99720872355,40,1629.0,178.0,2165712.207,0.000752178,8.21901e-05,7.52177503,8.21900525,168265.0,97426.0,3002.0,168265.0,30700.0,825.0,110.0,5113531.676,0.000161337,2.15116e-05,1.613366362,2.15115515,160142.0,65596.0,7135.0,160142.0,30100.0,16.2
Yau Tsim Mong South -> Central,6.5897790055248615,7.93585135801105,724,3027.0,209.0,4824287.793,0.00062745,4.33225e-05,6.274501294,4.33224569,142382.0,65279.0,4418.0,142382.0,30700.0,3406.0,432.0,8299264.499,0.000410398,5.20528e-05,4.10397813,5.205280541,110720.0,55452.0,6706.0,110720.0,42600.0,13.649861878453038
Yau Tsim Mong South -> Chai Wan,14.55524861878453,12.221731147596685,362,3027.0,209.0,4824287.793,0.00062745,4.33225e-05,6.274501294,4.33224569,142382.0,65279.0,4418.0,142382.0,30700.0,1483.0,185.0,9201905.88,0.000161162,2.01045e-05,1.611622657,2.010453078,168675.0,84793.0,1280.0,168675.0,33800.0,14.799171270718233
Yau Tsim Mong South -> Hong Wan,16.167857142857144,11.057522692496429,280,3027.0,209.0,4824287.793,0.00062745,4.33225e-05,6.274501294,4.33224569,142382.0,65279.0,4418.0,142382.0,30700.0,1508.0,147.0,5131674.172,0.000293861,2.86456e-05,2.938612136,2.864562228,187331.0,78902.0,1332.0,187331.0,33800.0,13.494642857142857
Yau Tsim Mong South -> Islands,16.07659574468085,32.37313960543617,470,3027.0,209.0,4824287.793,0.00062745,4.33225e-05,6.274501294,4.33224569,142382.0,65279.0,4418.0,142382.0,30700.0,4309.0,252.0,182280000.0,2.36395e-05,1.38249e-06,0.236394558,0.138248848,185282.0,93368.0,20858.0,185282.0,31500.0,21.86212765957447
Yau Tsim Mong South -> Kowloon City North,12.577082374597332,5.729527506490566,2173,3027.0,209.0,4824287.793,0.00062745,4.33225e-05,6.274501294,4.33224569,142382.0,65279.0,4418.0,142382.0,30700.0,2184.0,369.0,6927610.313,0.00031526,5.32651e-05,3.15260227,5.326512077,200330.0,107366.0,3726.0,200330.0,30700.0,10.234652554072712
Yau Tsim Mong South -> Kowloon City South,9.020372010628876,4.533307097542073,1129,3027.0,209.0,4824287.793,0.00062745,4.33225e-05,6.274501294,4.33224569,142382.0,65279.0,4418.0,142382.0,30700.0,1256.0,245.0,3082389.687,0.000407476,7.94838e-05,4.074760584,7.948378527,210304.0,96598.0,2009.0,210304.0,30700.0,9.464216120460584
Yau Tsim Mong South -> Kwai Chung East,15.419075144508671,10.13418094965896,346,3027.0,209.0,4824287.793,0.00062745,4.33225e-05,6.274501294,4.33224569,142382.0,65279.0,4418.0,142382.0,30700.0,1199.0,144.0,5774688.358,0.00020763,2.49364e-05,2.076302522,2.49364106,161785.0,62396.0,2259.0,161785.0,26000.0,9.190462427745665
Yau Tsim Mong South -> Kwai Chung West,22.946428571428573,10.447538836589287,224,3027.0,209.0,4824287.793,0.00062745,4.33225e-05,6.274501294,4.33224569,142382.0,65279.0,4418.0,142382.0,30700.0,1079.0,187.0,7109884.208,0.000151761,2.63014e-05,1.517605587,2.630141287,154432.0,86916.0,1358.0,154432.0,26000.0,13.134375
Yau Tsim Mong South -> Kwun Tong Central,13.90578158458244,9.403876037012848,467,3027.0,209.0,4824287.793,0.00062745,4.33225e-05,6.274501294,4.33224569,142382.0,65279.0,4418.0,142382.0,30700.0,1827.0,225.0,3044793.15,0.000600041,7.38966e-05,6.000407614,7.389664549,170206.0,106392.0,1421.0,170206.0,24000.0,9.800642398286938
Yau Tsim Mong South -> Kwun Tong North,23.023429179978702,11.623700579224707,939,3027.0,209.0,4824287.793,0.00062745,4.33225e-05,6.274501294,4.33224569,142382.0,65279.0,4418.0,142382.0,30700.0,1022.0,168.0,2334159.008,0.000437845,7.19745e-05,4.378450639,7.197453105,164725.0,58119.0,434.0,164725.0,24000.0,10.438977635782749
Yau Tsim Mong South -> Kwun Tong Southeast,30.446685878962537,13.460203659902017,347,3027.0,209.0,4824287.793,0.00062745,4.33225e-05,6.274501294,4.33224569,142382.0,65279.0,4418.0,142382.0,30700.0,942.0,117.0,3181450.074,0.000296091,3.67757e-05,2.96091398,3.677568319,163357.0,92725.0,1534.0,163357.0,24000.0,9.14985590778098
Yau Tsim Mong South -> Kwun Tong West,12.974940334128878,7.756724971019094,838,3027.0,209.0,4824287.793,0.00062745,4.33225e-05,6.274501294,4.33224569,142382.0,65279.0,4418.0,142382.0,30700.0,1513.0,204.0,2719597.768,0.000556332,7.50111e-05,5.5633227,7.501109259,174878.0,55701.0,1073.0,174878.0,24000.0,10.116467780429595
Yau Tsim Mong South -> Sai Kung and Hang Hau,22.638253638253637,17.569272556193347,481,3027.0,209.0,4824287.793,0.00062745,4.33225e-05,6.274501294,4.33224569,142382.0,65279.0,4418.0,142382.0,30700.0,1722.0,307.0,129680000.0,1.32788e-05,2.36737e-06,0.132788402,0.236736582,157505.0,75963.0,22406.0,157505.0,40400.0,14.16008316008316
Yau Tsim Mong South -> Sha Tin East,19.414634146341463,15.426700160601044,574,3027.0,209.0,4824287.793,0.00062745,4.33225e-05,6.274501294,4.33224569,142382.0,65279.0,4418.0,142382.0,30700.0,1790.0,208.0,24843458.54,7.20512e-05,8.37243e-06,0.720511597,0.837242527,169545.0,70694.25,3266.0,169545.0,30500.0,14.67752613240418
Yau Tsim Mong South -> Sha Tin North,24.574468085106382,19.942380542413712,423,3027.0,209.0,4824287.793,0.00062745,4.33225e-05,6.274501294,4.33224569,142382.0,65279.0,4418.0,142382.0,30700.0,1053.0,129.0,2824329.844,0.000372832,4.56746e-05,3.728318072,4.567455188,172770.0,105017.0,1312.0,172770.0,30500.0,15.419621749408984
Yau Tsim Mong South -> Sha Tin South,16.76158940397351,11.040071467834437,302,3027.0,209.0,4824287.793,0.00062745,4.33225e-05,6.274501294,4.33224569,142382.0,65279.0,4418.0,142382.0,30700.0,1099.0,152.0,9545575.388,0.000115132,1.59236e-05,1.151318758,1.592360794,171916.0,58856.75,2705.0,171916.0,30500.0,16.354966887417216
Yau Tsim Mong South -> Sha Tin West,13.46987951807229,13.326563147046185,498,3027.0,209.0,4824287.793,0.00062745,4.33225e-05,6.274501294,4.33224569,142382.0,65279.0,4418.0,142382.0,30700.0,1612.0,207.0,31506636.23,5.11638e-05,6.57004e-06,0.511638243,0.657004443,178575.0,106037.0,7389.0,178575.0,30500.0,13.317871485943776
Yau Tsim Mong South -> Sham Shui Po East,9.860550458715597,4.119180501604587,1090,3027.0,209.0,4824287.793,0.00062745,4.33225e-05,6.274501294,4.33224569,142382.0,65279.0,4418.0,142382.0,30700.0,1569.0,235.0,4642605.795,0.000337957,5.06181e-05,3.379567573,5.061812491,212957.0,126435.0,2477.0,212957.0,24100.0,10.383211009174312
Yau Tsim Mong South -> Sham Shui Po West,12.905299739357082,5.604106158023458,1151,3027.0,209.0,4824287.793,0.00062745,4.33225e-05,6.274501294,4.33224569,142382.0,65279.0,4418.0,142382.0,30700.0,1507.0,179.0,4717394.205,0.000319456,3.79447e-05,3.194560248,3.794467713,218133.0,77638.0,1616.0,218133.0,24100.0,11.065073848827106
Yau Tsim Mong South -> Southern District Northwest,17.42451612903226,10.674549250305807,775,3027.0,209.0,4824287.793,0.00062745,4.33225e-05,6.274501294,4.33224569,142382.0,65279.0,4418.0,142382.0,30700.0,1801.0,220.0,5182184.495,0.000347537,4.24531e-05,3.475368354,4.245313925,128849.0,67695.0,2855.0,128849.0,36000.0,16.09458064516129
Yau Tsim Mong South -> Southern District Southeast,26.076591154261056,16.94090440032686,927,3027.0,209.0,4824287.793,0.00062745,4.33225e-05,6.274501294,4.33224569,142382.0,65279.0,4418.0,142382.0,30700.0,2667.0,249.0,33657815.5,7.92387e-05,7.39798e-06,0.792386541,0.739798458,134429.0,68061.0,8608.0,134429.0,36000.0,17.643149946062568
Yau Tsim Mong South -> Tai Pak,9.150617283950618,8.161532389903703,405,3027.0,209.0,4824287.793,0.00062745,4.33225e-05,6.274501294,4.33224569,142382.0,65279.0,4418.0,142382.0,30700.0,1821.0,178.0,3656419.948,0.000498028,4.86815e-05,4.98028133,4.868149789,173597.0,106141.0,1412.0,173597.0,33800.0,13.933086419753085
Yau Tsim Mong South -> Tai Po North,17.937704918032786,25.440438929183607,305,3027.0,209.0,4824287.793,0.00062745,4.33225e-05,6.274501294,4.33224569,142382.0,65279.0,4418.0,142382.0,30700.0,1367.0,236.0,94726850.56,1.4431e-05,2.49137e-06,0.144309664,0.249137387,157446.0,125595.0,16400.0,157446.0,31700.0,16.6472131147541
Yau Tsim Mong South -> Tai Po South,16.63013698630137,21.696480468243152,292,3027.0,209.0,4824287.793,0.00062745,4.33225e-05,6.274501294,4.33224569,142382.0,65279.0,4418.0,142382.0,30700.0,1413.0,187.0,41403149.44,3.41278e-05,4.51656e-06,0.341278386,0.451656462,159024.0,32241.0,14539.0,159024.0,31700.0,16.136986301369863
Yau Tsim Mong South -> Tin Shui Wai South and Ping Ha,12.977848101265822,29.684672880588607,316,3027.0,209.0,4824287.793,0.00062745,4.33225e-05,6.274501294,4.33224569,142382.0,65279.0,4418.0,142382.0,30700.0,1309.0,215.0,47324621.53,2.766e-05,4.54309e-06,0.276600205,0.454308969,153669.0,88248.5,22348.0,153669.0,30100.0,19.391772151898735
Yau Tsim Mong South -> Tseung Kwan O North,17.142857142857142,16.582681285526313,133,3027.0,209.0,4824287.793,0.00062745,4.33225e-05,6.274501294,4.33224569,142382.0,65279.0,4418.0,142382.0,30700.0,776.0,108.0,1580069.556,0.000491118,6.83514e-05,4.911176202,6.835142137,158568.0,98589.0,444.0,158568.0,40400.0,11.10075187969925
Yau Tsim Mong South -> Tseung Kwan O South,21.391061452513966,16.919303053410616,358,3027.0,209.0,4824287.793,0.00062745,4.33225e-05,6.274501294,4.33224569,142382.0,65279.0,4418.0,142382.0,30700.0,517.0,59.0,3125142.442,0.000165432,1.88791e-05,1.654324594,1.887913946,172964.0,98736.0,735.0,172964.0,40400.0,15.170111731843576
Yau Tsim Mong South -> Tsing Yi,24.28386167146974,13.950957417494237,694,3027.0,209.0,4824287.793,0.00062745,4.33225e-05,6.274501294,4.33224569,142382.0,65279.0,4418.0,142382.0,30700.0,985.0,142.0,10455427.43,9.42094e-05,1.35815e-05,0.942094435,1.358146292,179581.0,84461.0,2054.0,179581.0,26000.0,10.921325648414985
Yau Tsim Mong South -> Tsuen Wan Northwest,13.86697247706422,14.549527081151375,218,3027.0,209.0,4824287.793,0.00062745,4.33225e-05,6.274501294,4.33224569,142382.0,65279.0,4418.0,142382.0,30700.0,1403.0,103.0,44481122.31,3.15415e-05,2.31559e-06,0.315414703,0.231558906,156114.0,73570.0,4949.0,156114.0,34400.0,15.945412844036698
Yau Tsim Mong South -> Tsuen Wan Southeast,14.375,10.204416919946429,112,3027.0,209.0,4824287.793,0.00062745,4.33225e-05,6.274501294,4.33224569,142382.0,65279.0,4418.0,142382.0,30700.0,991.0,128.0,17438877.69,5.68271e-05,7.33992e-06,0.568270515,0.733992189,163980.0,90229.0,4243.0,163980.0,34400.0,9.744642857142859
Yau Tsim Mong South -> Tuen Mun East,11.78780487804878,20.08737396602439,410,3027.0,209.0,4824287.793,0.00062745,4.33225e-05,6.274501294,4.33224569,142382.0,65279.0,4418.0,142382.0,30700.0,1510.0,113.0,33427312.32,4.51726e-05,3.38047e-06,0.451726416,0.338046921,168080.0,59671.0,6093.0,168080.0,26500.0,20.00560975609756
Yau Tsim Mong South -> Tuen Mun North,15.069306930693068,29.205585587,303,3027.0,209.0,4824287.793,0.00062745,4.33225e-05,6.274501294,4.33224569,142382.0,65279.0,4418.0,142382.0,30700.0,780.0,109.0,18692705.38,4.17275e-05,5.83115e-06,0.417275073,0.583115166,170790.0,104074.0,10271.0,170790.0,26500.0,20.4993399339934
Yau Tsim Mong South -> Tuen Mun West,11.30379746835443,24.823609636987342,79,3027.0,209.0,4824287.793,0.00062745,4.33225e-05,6.274501294,4.33224569,142382.0,65279.0,4418.0,142382.0,30700.0,587.0,86.0,33729982.3,1.74029e-05,2.54966e-06,0.174029146,0.25496604,168009.0,83305.0,3482.0,168009.0,26500.0,19.018987341772153
Yau Tsim Mong South -> Wan Chai,7.269746646795827,8.698045355369597,671,3027.0,209.0,4824287.793,0.00062745,4.33225e-05,6.274501294,4.33224569,142382.0,65279.0,4418.0,142382.0,30700.0,3357.0,430.0,10560000.0,0.000317898,4.07197e-05,3.178977273,4.071969697,166695.0,92238.0,4550.0,166695.0,40500.0,13.500447093889715
Yau Tsim Mong South -> Western,10.29611650485437,6.0611921302572815,206,3027.0,209.0,4824287.793,0.00062745,4.33225e-05,6.274501294,4.33224569,142382.0,65279.0,4418.0,142382.0,30700.0,1187.0,165.0,4250735.501,0.000279246,3.88168e-05,2.792457916,3.881681181,125233.0,75343.0,2064.0,125233.0,42600.0,14.649029126213591
Yau Tsim Mong South -> Wong Tai Sin East,17.028776978417266,8.117253625305755,556,3027.0,209.0,4824287.793,0.00062745,4.33225e-05,6.274501294,4.33224569,142382.0,65279.0,4418.0,142382.0,30700.0,1475.0,207.0,4613986.574,0.00031968,4.48636e-05,3.196801673,4.486358958,188218.0,127397.0,1185.0,188218.0,25100.0,8.724280575539568
Yau Tsim Mong South -> Wong Tai Sin West,16.02634593356243,7.317616884563574,873,3027.0,209.0,4824287.793,0.00062745,4.33225e-05,6.274501294,4.33224569,142382.0,65279.0,4418.0,142382.0,30700.0,896.0,223.0,4688620.344,0.000191101,4.7562e-05,1.911009922,4.75619657,218584.0,65217.0,844.0,218584.0,25100.0,8.80229095074456
Yau Tsim Mong South -> Wu Tip Shan,15.128205128205128,32.631703768121795,312,3027.0,209.0,4824287.793,0.00062745,4.33225e-05,6.274501294,4.33224569,142382.0,65279.0,4418.0,142382.0,30700.0,1448.0,161.0,21829748.23,6.63315e-05,7.37526e-06,0.663315025,0.737525684,150468.0,93658.0,15003.0,150468.0,25500.0,18.367948717948718
Yau Tsim Mong South -> Yau Tsim Mong North,8.89537037037037,3.5259300821870374,1080,3027.0,209.0,4824287.793,0.00062745,4.33225e-05,6.274501294,4.33224569,142382.0,65279.0,4418.0,142382.0,30700.0,1629.0,178.0,2165712.207,0.000752178,8.21901e-05,7.52177503,8.21900525,168265.0,97426.0,3002.0,168265.0,30700.0,13.732777777777777
Yau Tsim Mong South -> Yau Tsim Mong South,6.704503392967304,4.207216728238741,1621,3027.0,209.0,4824287.793,0.00062745,4.33225e-05,6.274501294,4.33224569,142382.0,65279.0,4418.0,142382.0,30700.0,3027.0,209.0,4824287.793,0.00062745,4.33225e-05,6.274501294,4.33224569,142382.0,65279.0,4418.0,142382.0,30700.0,10.945959284392352
Yau Tsim Mong South -> Yuen Long Rural East,9.32258064516129,21.345051583025807,155,3027.0,209.0,4824287.793,0.00062745,4.33225e-05,6.274501294,4.33224569,142382.0,65279.0,4418.0,142382.0,30700.0,1696.0,306.0,83591131.06,2.02892e-05,3.66068e-06,0.202892338,0.366067543,170741.0,90494.0,72943.0,170741.0,30100.0,19.205806451612904
Yau Tsim Mong South -> Yuen Long Town Centre,9.602150537634408,25.27524398536559,93,3027.0,209.0,4824287.793,0.00062745,4.33225e-05,6.274501294,4.33224569,142382.0,65279.0,4418.0,142382.0,30700.0,825.0,110.0,5113531.676,0.000161337,2.15116e-05,1.613366362,2.15115515,160142.0,65596.0,7135.0,160142.0,30100.0,20.204301075268816
Yuen Long Rural East -> Central,8.346733668341708,26.927904297809047,199,1696.0,306.0,83591131.06,2.02892e-05,3.66068e-06,0.202892338,0.366067543,170741.0,90494.0,72943.0,170741.0,30100.0,3406.0,432.0,8299264.499,0.000410398,5.20528e-05,4.10397813,5.205280541,110720.0,55452.0,6706.0,110720.0,42600.0,25.02361809045226
Yuen Long Rural East -> Chai Wan,22.0,37.918618156921056,38,1696.0,306.0,83591131.06,2.02892e-05,3.66068e-06,0.202892338,0.366067543,170741.0,90494.0,72943.0,170741.0,30100.0,1483.0,185.0,9201905.88,0.000161162,2.01045e-05,1.611622657,2.010453078,168675.0,84793.0,1280.0,168675.0,33800.0,27.599999999999998
Yuen Long Rural East -> Hong Wan,17.616438356164384,37.18060821578082,73,1696.0,306.0,83591131.06,2.02892e-05,3.66068e-06,0.202892338,0.366067543,170741.0,90494.0,72943.0,170741.0,30100.0,1508.0,147.0,5131674.172,0.000293861,2.86456e-05,2.938612136,2.864562228,187331.0,78902.0,1332.0,187331.0,33800.0,27.6
Yuen Long Rural East -> Islands,15.333333333333334,30.90588503817073,369,1696.0,306.0,83591131.06,2.02892e-05,3.66068e-06,0.202892338,0.366067543,170741.0,90494.0,72943.0,170741.0,30100.0,4309.0,252.0,182280000.0,2.36395e-05,1.38249e-06,0.236394558,0.138248848,185282.0,93368.0,20858.0,185282.0,31500.0,17.586449864498647
Yuen Long Rural East -> Kowloon City South,8.0,24.2166897245,12,1696.0,306.0,83591131.06,2.02892e-05,3.66068e-06,0.202892338,0.366067543,170741.0,90494.0,72943.0,170741.0,30100.0,1256.0,245.0,3082389.687,0.000407476,7.94838e-05,4.074760584,7.948378527,210304.0,96598.0,2009.0,210304.0,30700.0,20.8
Yuen Long Rural East -> Kwai Chung East,8.772727272727273,15.054844539606062,66,1696.0,306.0,83591131.06,2.02892e-05,3.66068e-06,0.202892338,0.366067543,170741.0,90494.0,72943.0,170741.0,30100.0,1199.0,144.0,5774688.358,0.00020763,2.49364e-05,2.076302522,2.49364106,161785.0,62396.0,2259.0,161785.0,26000.0,12.44848484848485
Yuen Long Rural East -> Kwai Chung West,10.033333333333333,18.468507027033336,30,1696.0,306.0,83591131.06,2.02892e-05,3.66068e-06,0.202892338,0.366067543,170741.0,90494.0,72943.0,170741.0,30100.0,1079.0,187.0,7109884.208,0.000151761,2.63014e-05,1.517605587,2.630141287,154432.0,86916.0,1358.0,154432.0,26000.0,13.0
Yuen Long Rural East -> Kwun Tong Central,13.415094339622641,26.52107540914151,106,1696.0,306.0,83591131.06,2.02892e-05,3.66068e-06,0.202892338,0.366067543,170741.0,90494.0,72943.0,170741.0,30100.0,1827.0,225.0,3044793.15,0.000600041,7.38966e-05,6.000407614,7.389664549,170206.0,106392.0,1421.0,170206.0,24000.0,20.68679245283019
Yuen Long Rural East -> Kwun Tong North,18.124976294329603,27.666827188882333,5273,1696.0,306.0,83591131.06,2.02892e-05,3.66068e-06,0.202892338,0.366067543,170741.0,90494.0,72943.0,170741.0,30100.0,1022.0,168.0,2334159.008,0.000437845,7.19745e-05,4.378450639,7.197453105,164725.0,58119.0,434.0,164725.0,24000.0,27.29120045514887
Yuen Long Rural East -> Kwun Tong West,11.772727272727273,26.0562103294697,66,1696.0,306.0,83591131.06,2.02892e-05,3.66068e-06,0.202892338,0.366067543,170741.0,90494.0,72943.0,170741.0,30100.0,1513.0,204.0,2719597.768,0.000556332,7.50111e-05,5.5633227,7.501109259,174878.0,55701.0,1073.0,174878.0,24000.0,20.436363636363637
Yuen Long Rural East -> Sha Tin West,16.64,27.38100368,25,1696.0,306.0,83591131.06,2.02892e-05,3.66068e-06,0.202892338,0.366067543,170741.0,90494.0,72943.0,170741.0,30100.0,1612.0,207.0,31506636.23,5.11638e-05,6.57004e-06,0.511638243,0.657004443,178575.0,106037.0,7389.0,178575.0,30500.0,13.908
Yuen Long Rural East -> Sham Shui Po East,7.4875,17.4506008834125,80,1696.0,306.0,83591131.06,2.02892e-05,3.66068e-06,0.202892338,0.366067543,170741.0,90494.0,72943.0,170741.0,30100.0,1569.0,235.0,4642605.795,0.000337957,5.06181e-05,3.379567573,5.061812491,212957.0,126435.0,2477.0,212957.0,24100.0,17.4875
Yuen Long Rural East -> Sham Shui Po West,6.966101694915254,17.71721837905085,59,1696.0,306.0,83591131.06,2.02892e-05,3.66068e-06,0.202892338,0.366067543,170741.0,90494.0,72943.0,170741.0,30100.0,1507.0,179.0,4717394.205,0.000319456,3.79447e-05,3.194560248,3.794467713,218133.0,77638.0,1616.0,218133.0,24100.0,14.584745762711865
Yuen Long Rural East -> Southern District Northwest,27.27944524943076,30.679517551998202,4831,1696.0,306.0,83591131.06,2.02892e-05,3.66068e-06,0.202892338,0.366067543,170741.0,90494.0,72943.0,170741.0,30100.0,1801.0,220.0,5182184.495,0.000347537,4.24531e-05,3.475368354,4.245313925,128849.0,67695.0,2855.0,128849.0,36000.0,32.11509004346926
Yuen Long Rural East -> Tai Pak,12.194630872483222,33.926294122489935,149,1696.0,306.0,83591131.06,2.02892e-05,3.66068e-06,0.202892338,0.366067543,170741.0,90494.0,72943.0,170741.0,30100.0,1821.0,178.0,3656419.948,0.000498028,4.86815e-05,4.98028133,4.868149789,173597.0,106141.0,1412.0,173597.0,33800.0,27.575838926174498
Yuen Long Rural East -> Tai Po North,31.545454545454547,11.80334643792562,121,1696.0,306.0,83591131.06,2.02892e-05,3.66068e-06,0.202892338,0.366067543,170741.0,90494.0,72943.0,170741.0,30100.0,1367.0,236.0,94726850.56,1.4431e-05,2.49137e-06,0.144309664,0.249137387,157446.0,125595.0,16400.0,157446.0,31700.0,9.475206611570249
Yuen Long Rural East -> Tai Po South,26.121019108280255,10.056784686694268,628,1696.0,306.0,83591131.06,2.02892e-05,3.66068e-06,0.202892338,0.366067543,170741.0,90494.0,72943.0,170741.0,30100.0,1413.0,187.0,41403149.44,3.41278e-05,4.51656e-06,0.341278386,0.451656462,159024.0,32241.0,14539.0,159024.0,31700.0,9.580414012738853
Yuen Long Rural East -> Tin Shui Wai South and Ping Ha,9.492715231788079,9.285404790374834,755,1696.0,306.0,83591131.06,2.02892e-05,3.66068e-06,0.202892338,0.366067543,170741.0,90494.0,72943.0,170741.0,30100.0,1309.0,215.0,47324621.53,2.766e-05,4.54309e-06,0.276600205,0.454308969,153669.0,88248.5,22348.0,153669.0,30100.0,11.757086092715232
Yuen Long Rural East -> Tsing Yi,6.108695652173913,15.860878646804348,46,1696.0,306.0,83591131.06,2.02892e-05,3.66068e-06,0.202892338,0.366067543,170741.0,90494.0,72943.0,170741.0,30100.0,985.0,142.0,10455427.43,9.42094e-05,1.35815e-05,0.942094435,1.358146292,179581.0,84461.0,2054.0,179581.0,26000.0,13.52608695652174
Yuen Long Rural East -> Tsuen Wan Northwest,13.396761133603238,15.567031541068827,247,1696.0,306.0,83591131.06,2.02892e-05,3.66068e-06,0.202892338,0.366067543,170741.0,90494.0,72943.0,170741.0,30100.0,1403.0,103.0,44481122.31,3.15415e-05,2.31559e-06,0.315414703,0.231558906,156114.0,73570.0,4949.0,156114.0,34400.0,10.668016194331983
Yuen Long Rural East -> Tsuen Wan Southeast,10.027777777777779,14.813893971180555,72,1696.0,306.0,83591131.06,2.02892e-05,3.66068e-06,0.202892338,0.366067543,170741.0,90494.0,72943.0,170741.0,30100.0,991.0,128.0,17438877.69,5.68271e-05,7.33992e-06,0.568270515,0.733992189,163980.0,90229.0,4243.0,163980.0,34400.0,10.868055555555555
Yuen Long Rural East -> Tuen Mun East,14.82716049382716,10.732940973141975,162,1696.0,306.0,83591131.06,2.02892e-05,3.66068e-06,0.202892338,0.366067543,170741.0,90494.0,72943.0,170741.0,30100.0,1510.0,113.0,33427312.32,4.51726e-05,3.38047e-06,0.451726416,0.338046921,168080.0,59671.0,6093.0,168080.0,26500.0,17.529012345679014
Yuen Long Rural East -> Tuen Mun North,9.654471544715447,4.6116832620365855,246,1696.0,306.0,83591131.06,2.02892e-05,3.66068e-06,0.202892338,0.366067543,170741.0,90494.0,72943.0,170741.0,30100.0,780.0,109.0,18692705.38,4.17275e-05,5.83115e-06,0.417275073,0.583115166,170790.0,104074.0,10271.0,170790.0,26500.0,15.855691056910569
Yuen Long Rural East -> Tuen Mun West,18.69672131147541,11.797396042032789,122,1696.0,306.0,83591131.06,2.02892e-05,3.66068e-06,0.202892338,0.366067543,170741.0,90494.0,72943.0,170741.0,30100.0,587.0,86.0,33729982.3,1.74029e-05,2.54966e-06,0.174029146,0.25496604,168009.0,83305.0,3482.0,168009.0,26500.0,17.624590163934425
Yuen Long Rural East -> Wan Chai,11.63551401869159,27.234737536299065,107,1696.0,306.0,83591131.06,2.02892e-05,3.66068e-06,0.202892338,0.366067543,170741.0,90494.0,72943.0,170741.0,30100.0,3357.0,430.0,10560000.0,0.000317898,4.07197e-05,3.178977273,4.071969697,166695.0,92238.0,4550.0,166695.0,40500.0,25.371028037383176
Yuen Long Rural East -> Wong Tai Sin East,9.208333333333334,23.350303045760416,96,1696.0,306.0,83591131.06,2.02892e-05,3.66068e-06,0.202892338,0.366067543,170741.0,90494.0,72943.0,170741.0,30100.0,1475.0,207.0,4613986.574,0.00031968,4.48636e-05,3.196801673,4.486358958,188218.0,127397.0,1185.0,188218.0,25100.0,20.383333333333336
Yuen Long Rural East -> Wong Tai Sin West,3.5,18.786615536285716,14,1696.0,306.0,83591131.06,2.02892e-05,3.66068e-06,0.202892338,0.366067543,170741.0,90494.0,72943.0,170741.0,30100.0,896.0,223.0,4688620.344,0.000191101,4.7562e-05,1.911009922,4.75619657,218584.0,65217.0,844.0,218584.0,25100.0,20.8
Yuen Long Rural East -> Wu Tip Shan,8.786259541984732,14.468833180450382,131,1696.0,306.0,83591131.06,2.02892e-05,3.66068e-06,0.202892338,0.366067543,170741.0,90494.0,72943.0,170741.0,30100.0,1448.0,161.0,21829748.23,6.63315e-05,7.37526e-06,0.663315025,0.737525684,150468.0,93658.0,15003.0,150468.0,25500.0,16.54351145038168
Yuen Long Rural East -> Yau Tsim Mong North,13.168674698795181,20.16870922819277,83,1696.0,306.0,83591131.06,2.02892e-05,3.66068e-06,0.202892338,0.366067543,170741.0,90494.0,72943.0,170741.0,30100.0,1629.0,178.0,2165712.207,0.000752178,8.21901e-05,7.52177503,8.21900525,168265.0,97426.0,3002.0,168265.0,30700.0,13.867469879518072
Yuen Long Rural East -> Yau Tsim Mong South,8.157232704402515,21.056423936251573,159,1696.0,306.0,83591131.06,2.02892e-05,3.66068e-06,0.202892338,0.366067543,170741.0,90494.0,72943.0,170741.0,30100.0,3027.0,209.0,4824287.793,0.00062745,4.33225e-05,6.274501294,4.33224569,142382.0,65279.0,4418.0,142382.0,30700.0,19.225786163522013
Yuen Long Rural East -> Yuen Long Rural East,12.304638417323886,6.029863405420398,7481,1696.0,306.0,83591131.06,2.02892e-05,3.66068e-06,0.202892338,0.366067543,170741.0,90494.0,72943.0,170741.0,30100.0,1696.0,306.0,83591131.06,2.02892e-05,3.66068e-06,0.202892338,0.366067543,170741.0,90494.0,72943.0,170741.0,30100.0,8.261876754444593
Yuen Long Rural East -> Yuen Long Town Centre,13.101164191087916,6.5904142671934975,2491,1696.0,306.0,83591131.06,2.02892e-05,3.66068e-06,0.202892338,0.366067543,170741.0,90494.0,72943.0,170741.0,30100.0,825.0,110.0,5113531.676,0.000161337,2.15116e-05,1.613366362,2.15115515,160142.0,65596.0,7135.0,160142.0,30100.0,8.476957045363307
Yuen Long Town Centre -> Central,8.736842105263158,29.576407570442107,95,825.0,110.0,5113531.676,0.000161337,2.15116e-05,1.613366362,2.15115515,160142.0,65596.0,7135.0,160142.0,30100.0,3406.0,432.0,8299264.499,0.000410398,5.20528e-05,4.10397813,5.205280541,110720.0,55452.0,6706.0,110720.0,42600.0,27.0
Yuen Long Town Centre -> Islands,13.57328990228013,30.19333749286319,307,825.0,110.0,5113531.676,0.000161337,2.15116e-05,1.613366362,2.15115515,160142.0,65596.0,7135.0,160142.0,30100.0,4309.0,252.0,182280000.0,2.36395e-05,1.38249e-06,0.236394558,0.138248848,185282.0,93368.0,20858.0,185282.0,31500.0,18.629315960912052
Yuen Long Town Centre -> Kowloon City South,13.722222222222221,30.090218870666668,18,825.0,110.0,5113531.676,0.000161337,2.15116e-05,1.613366362,2.15115515,160142.0,65596.0,7135.0,160142.0,30100.0,1256.0,245.0,3082389.687,0.000407476,7.94838e-05,4.074760584,7.948378527,210304.0,96598.0,2009.0,210304.0,30700.0,6.844444444444444
Yuen Long Town Centre -> Kwai Chung East,9.65,19.919231527575,40,825.0,110.0,5113531.676,0.000161337,2.15116e-05,1.613366362,2.15115515,160142.0,65596.0,7135.0,160142.0,30100.0,1199.0,144.0,5774688.358,0.00020763,2.49364e-05,2.076302522,2.49364106,161785.0,62396.0,2259.0,161785.0,26000.0,10.58
Yuen Long Town Centre -> Kwai Chung West,10.533333333333333,21.882978875400003,30,825.0,110.0,5113531.676,0.000161337,2.15116e-05,1.613366362,2.15115515,160142.0,65596.0,7135.0,160142.0,30100.0,1079.0,187.0,7109884.208,0.000151761,2.63014e-05,1.517605587,2.630141287,154432.0,86916.0,1358.0,154432.0,26000.0,9.889999999999999
Yuen Long Town Centre -> Kwun Tong Central,18.03846153846154,33.92227623964615,130,825.0,110.0,5113531.676,0.000161337,2.15116e-05,1.613366362,2.15115515,160142.0,65596.0,7135.0,160142.0,30100.0,1827.0,225.0,3044793.15,0.000600041,7.38966e-05,6.000407614,7.389664549,170206.0,106392.0,1421.0,170206.0,24000.0,16.573076923076922
Yuen Long Town Centre -> Kwun Tong West,14.273972602739725,31.670245580589043,73,825.0,110.0,5113531.676,0.000161337,2.15116e-05,1.613366362,2.15115515,160142.0,65596.0,7135.0,160142.0,30100.0,1513.0,204.0,2719597.768,0.000556332,7.50111e-05,5.5633227,7.501109259,174878.0,55701.0,1073.0,174878.0,24000.0,16.28356164383562
Yuen Long Town Centre -> Sha Tin West,10.578947368421053,27.842790990245614,57,825.0,110.0,5113531.676,0.000161337,2.15116e-05,1.613366362,2.15115515,160142.0,65596.0,7135.0,160142.0,30100.0,1612.0,207.0,31506636.23,5.11638e-05,6.57004e-06,0.511638243,0.657004443,178575.0,106037.0,7389.0,178575.0,30500.0,11.478947368421052
Yuen Long Town Centre -> Sham Shui Po East,9.552083333333334,24.5525053626875,96,825.0,110.0,5113531.676,0.000161337,2.15116e-05,1.613366362,2.15115515,160142.0,65596.0,7135.0,160142.0,30100.0,1569.0,235.0,4642605.795,0.000337957,5.06181e-05,3.379567573,5.061812491,212957.0,126435.0,2477.0,212957.0,24100.0,10.719791666666666
Yuen Long Town Centre -> Sham Shui Po West,8.935897435897436,22.61063486142308,78,825.0,110.0,5113531.676,0.000161337,2.15116e-05,1.613366362,2.15115515,160142.0,65596.0,7135.0,160142.0,30100.0,1507.0,179.0,4717394.205,0.000319456,3.79447e-05,3.194560248,3.794467713,218133.0,77638.0,1616.0,218133.0,24100.0,7.515384615384614
Yuen Long Town Centre -> Tai Pak,8.625,32.502222948125,24,825.0,110.0,5113531.676,0.000161337,2.15116e-05,1.613366362,2.15115515,160142.0,65596.0,7135.0,160142.0,30100.0,1821.0,178.0,3656419.948,0.000498028,4.86815e-05,4.98028133,4.868149789,173597.0,106141.0,1412.0,173597.0,33800.0,27.0
Yuen Long Town Centre -> Tai Po North,18.37272727272727,25.261869975163638,110,825.0,110.0,5113531.676,0.000161337,2.15116e-05,1.613366362,2.15115515,160142.0,65596.0,7135.0,160142.0,30100.0,1367.0,236.0,94726850.56,1.4431e-05,2.49137e-06,0.144309664,0.249137387,157446.0,125595.0,16400.0,157446.0,31700.0,15.987272727272726
Yuen Long Town Centre -> Tai Po South,24.74537037037037,18.978305869824073,216,825.0,110.0,5113531.676,0.000161337,2.15116e-05,1.613366362,2.15115515,160142.0,65596.0,7135.0,160142.0,30100.0,1413.0,187.0,41403149.44,3.41278e-05,4.51656e-06,0.341278386,0.451656462,159024.0,32241.0,14539.0,159024.0,31700.0,13.713888888888889
Yuen Long Town Centre -> Tin Shui Wai South and Ping Ha,10.493975903614459,6.019768936777778,747,825.0,110.0,5113531.676,0.000161337,2.15116e-05,1.613366362,2.15115515,160142.0,65596.0,7135.0,160142.0,30100.0,1309.0,215.0,47324621.53,2.766e-05,4.54309e-06,0.276600205,0.454308969,153669.0,88248.5,22348.0,153669.0,30100.0,10.88768406961178
Yuen Long Town Centre -> Tsing Yi,14.152173913043478,19.225383065521736,46,825.0,110.0,5113531.676,0.000161337,2.15116e-05,1.613366362,2.15115515,160142.0,65596.0,7135.0,160142.0,30100.0,985.0,142.0,10455427.43,9.42094e-05,1.35815e-05,0.942094435,1.358146292,179581.0,84461.0,2054.0,179581.0,26000.0,12.269565217391303
Yuen Long Town Centre -> Tsuen Wan Northwest,42.210144927536234,22.380970649384057,138,825.0,110.0,5113531.676,0.000161337,2.15116e-05,1.613366362,2.15115515,160142.0,65596.0,7135.0,160142.0,30100.0,1403.0,103.0,44481122.31,3.15415e-05,2.31559e-06,0.315414703,0.231558906,156114.0,73570.0,4949.0,156114.0,34400.0,10.82536231884058
Yuen Long Town Centre -> Tsuen Wan Southeast,23.653846153846153,22.27178655996154,26,825.0,110.0,5113531.676,0.000161337,2.15116e-05,1.613366362,2.15115515,160142.0,65596.0,7135.0,160142.0,30100.0,991.0,128.0,17438877.69,5.68271e-05,7.33992e-06,0.568270515,0.733992189,163980.0,90229.0,4243.0,163980.0,34400.0,12.546153846153846
Yuen Long Town Centre -> Tuen Mun East,25.286624203821656,13.618161899840766,157,825.0,110.0,5113531.676,0.000161337,2.15116e-05,1.613366362,2.15115515,160142.0,65596.0,7135.0,160142.0,30100.0,1510.0,113.0,33427312.32,4.51726e-05,3.38047e-06,0.451726416,0.338046921,168080.0,59671.0,6093.0,168080.0,26500.0,16.29171974522293
Yuen Long Town Centre -> Tuen Mun North,17.122222222222224,6.724405358211111,90,825.0,110.0,5113531.676,0.000161337,2.15116e-05,1.613366362,2.15115515,160142.0,65596.0,7135.0,160142.0,30100.0,780.0,109.0,18692705.38,4.17275e-05,5.83115e-06,0.417275073,0.583115166,170790.0,104074.0,10271.0,170790.0,26500.0,10.24
Yuen Long Town Centre -> Tuen Mun West,9.775,14.2005916563,40,825.0,110.0,5113531.676,0.000161337,2.15116e-05,1.613366362,2.15115515,160142.0,65596.0,7135.0,160142.0,30100.0,587.0,86.0,33729982.3,1.74029e-05,2.54966e-06,0.174029146,0.25496604,168009.0,83305.0,3482.0,168009.0,26500.0,21.585
Yuen Long Town Centre -> Wan Chai,14.736842105263158,33.98298541335338,133,825.0,110.0,5113531.676,0.000161337,2.15116e-05,1.613366362,2.15115515,160142.0,65596.0,7135.0,160142.0,30100.0,3357.0,430.0,10560000.0,0.000317898,4.07197e-05,3.178977273,4.071969697,166695.0,92238.0,4550.0,166695.0,40500.0,27.0
Yuen Long Town Centre -> Wong Tai Sin East,11.190909090909091,28.627209410672727,110,825.0,110.0,5113531.676,0.000161337,2.15116e-05,1.613366362,2.15115515,160142.0,65596.0,7135.0,160142.0,30100.0,1475.0,207.0,4613986.574,0.00031968,4.48636e-05,3.196801673,4.486358958,188218.0,127397.0,1185.0,188218.0,25100.0,15.804545454545455
Yuen Long Town Centre -> Wong Tai Sin West,8.476190476190476,27.607359822904762,21,825.0,110.0,5113531.676,0.000161337,2.15116e-05,1.613366362,2.15115515,160142.0,65596.0,7135.0,160142.0,30100.0,896.0,223.0,4688620.344,0.000191101,4.7562e-05,1.911009922,4.75619657,218584.0,65217.0,844.0,218584.0,25100.0,15.566666666666668
Yuen Long Town Centre -> Wu Tip Shan,13.0,18.542238232301585,63,825.0,110.0,5113531.676,0.000161337,2.15116e-05,1.613366362,2.15115515,160142.0,65596.0,7135.0,160142.0,30100.0,1448.0,161.0,21829748.23,6.63315e-05,7.37526e-06,0.663315025,0.737525684,150468.0,93658.0,15003.0,150468.0,25500.0,10.5
Yuen Long Town Centre -> Yau Tsim Mong North,13.747899159663865,24.92133170340336,119,825.0,110.0,5113531.676,0.000161337,2.15116e-05,1.613366362,2.15115515,160142.0,65596.0,7135.0,160142.0,30100.0,1629.0,178.0,2165712.207,0.000752178,8.21901e-05,7.52177503,8.21900525,168265.0,97426.0,3002.0,168265.0,30700.0,6.965546218487395
Yuen Long Town Centre -> Yau Tsim Mong South,8.791044776119403,23.714808069208956,134,825.0,110.0,5113531.676,0.000161337,2.15116e-05,1.613366362,2.15115515,160142.0,65596.0,7135.0,160142.0,30100.0,3027.0,209.0,4824287.793,0.00062745,4.33225e-05,6.274501294,4.33224569,142382.0,65279.0,4418.0,142382.0,30700.0,10.961194029850747
Yuen Long Town Centre -> Yuen Long Rural East,13.113956466069142,7.320827908207426,1562,825.0,110.0,5113531.676,0.000161337,2.15116e-05,1.613366362,2.15115515,160142.0,65596.0,7135.0,160142.0,30100.0,1696.0,306.0,83591131.06,2.02892e-05,3.66068e-06,0.202892338,0.366067543,170741.0,90494.0,72943.0,170741.0,30100.0,8.801984635083228
Yuen Long Town Centre -> Yuen Long Town Centre,9.942424242424243,6.098197467978789,330,825.0,110.0,5113531.676,0.000161337,2.15116e-05,1.613366362,2.15115515,160142.0,65596.0,7135.0,160142.0,30100.0,825.0,110.0,5113531.676,0.000161337,2.15116e-05,1.613366362,2.15115515,160142.0,65596.0,7135.0,160142.0,30100.0,8.150909090909092
