name,routeId,Fare,NumOfStops,distance,serviceDistricts,isCircular,start,startDistricts,end,endDistricts,detail
54,CMPattern_CM_GMBBus_54_7724,8.8,26,18.82502359,Central > Western > Southern District Northwest > Western > Central,TRUE,中環（中環碼頭） Central (Central Ferry Piers),Central,中環（中環碼頭） Central (Central Ferry Piers),Central,中環碼頭 - 瑪麗醫院（循環綫） Central (Ferry Piers) - Queen Mary Hospital (Circular)
54,CMPattern_CM_GMBBus_54_7725,8.8,26,18.60354026,Central > Western > Southern District Northwest > Western > Central,TRUE,中環（中環碼頭） Central (Central Ferry Piers),Central,中環（中環碼頭） Central (Central Ferry Piers),Central,中環碼頭 - 瑪麗醫院（經民祥街）（循環綫） Central (Ferry Piers) - Queen Mary Hospital (via Man Cheung Street) (Circular)
12,CMPattern_CM_GMBBus_12_2_8614,12.3,26,20.94636396,Sai Kung and Hang Hau > Kwun Tong North > Sai Kung and Hang Hau > Tseung Kwan O North > Sai Kung and Hang Hau > Tseung Kwan O North,FALSE,"福民路小巴總站，經華樓外 Fuk Man Road Public Light Bus Terminus, outside King Wah Building",Sai Kung and Hang Hau,寶琳公共運輸交滙處 Po Lam Station Public Transport Interchange,Tseung Kwan O North,寶林 Po Lam
12,CMPattern_CM_GMBBus_12_2_8615,12.3,26,20.31216189,Tseung Kwan O North > Sai Kung and Hang Hau > Kwun Tong North > Sai Kung and Hang Hau,FALSE,寶琳公共運輸交滙處 Po Lam Station Public Transport Interchange,Tseung Kwan O North,"福民路小巴總站，經華樓外 Fuk Man Road Public Light Bus Terminus, outside King Wah Building",Sai Kung and Hang Hau,西貢 Sai Kung
403X,CMPattern_CM_GMBBus_403x_7299,12.3,26,21.3309537,Sha Tin South > Sha Tin West > Tsuen Wan Southeast > Kwai Chung East > Tsuen Wan Southeast > Sha Tin West > Sha Tin South,TRUE,大圍站公共運輸交滙處 Tai Wai Station Public Transport Interchange,Sha Tin South,大圍站公共運輸交滙處 Tai Wai Station Public Transport Interchange,Sha Tin South,大圍站公共運輸交滙處 - 東北葵涌（循環綫） Tai Wai Station Public Transport Interchange - Northeast Kwai Chung (Circular)
44A,CMPattern_GMBBus44A_4019,18.1,15,28.2337991,Robin’s Nest > Tuen Mun North > Tuen Mun West > Tuen Mun East,FALSE,上水站小巴總站 Sheung Shui Station Public Light Bus Terminus,Robin’s Nest,屯門站公共運輸交滙處 Tuen Mun Station Public Transport Interchange,Tuen Mun East,屯門站 Tuen Mun Station
803,CMPattern_GMBBus803_5288,8.3,26,12.75857534,Sha Tin South > Sha Tin East > Sha Tin North,FALSE,"顯田街，近梁文燕紀念中學 Hin Tin Street, near Helen Liang Memorial Secondary School (Shatin)",Sha Tin South,利安邨巴士總站 Lee On Estate Bus Terminus,Sha Tin North,利安 Lee On
803,CMPattern_GMBBus803_6144,8.3,20,12.5960214,Sha Tin South > Sha Tin East > Sha Tin North,FALSE,"顯田街，近梁文燕紀念中學 Hin Tin Street, near Helen Liang Memorial Secondary School (Shatin)",Sha Tin South,利安邨巴士總站 Lee On Estate Bus Terminus,Sha Tin North,利安（經大老山公路） Lee On (via Tate's Cairn Highway)
502,CMPattern_CM_GMBBus_502_6070,13.7,26,12.71436615,Robin’s Nest > Wu Tip Shan > Tai Po South > Tai Po North,FALSE,清河邨公共運輸交滙處 Ching Ho Estate Public Transport Interchange,Robin’s Nest,大埔那打素醫院 Tai Po Nethersole Hospital,Tai Po North,大埔那打素醫院（經北區醫院） Tai Po Nethersole Hospital (via North District Hospital)
502,CMPattern_CM_GMBBus_502_6072,13.7,23,11.51017722,Robin’s Nest > Wu Tip Shan > Tai Po South > Tai Po North,FALSE,清河邨公共運輸交滙處 Ching Ho Estate Public Transport Interchange,Robin’s Nest,大埔那打素醫院 Tai Po Nethersole Hospital,Tai Po North,大埔那打素醫院 Tai Po Nethersole Hospital
78,CMPattern_CM_GMBBus_78_5997,9.7,23,15.60399526,Yuen Long Rural East,FALSE,"八鄉路近大欖巴士轉車站 Pat Heung Road, near Tai Lam Bus-Bus Interchange",Yuen Long Rural East,落馬洲（新田）公共運輸交滙處 Lok Ma Chau (San Tin) Public Transport Interchange,Yuen Long Rural East,落馬洲新田公共交通交滙處 Lok Ma Chau (San Tin) Public Transport Interchange
78,CMPattern_CM_GMBBus_78_5999,9.7,23,16.24005498,Yuen Long Rural East,FALSE,"八鄉路近大欖巴士轉車站 Pat Heung Road, near Tai Lam Bus-Bus Interchange",Yuen Long Rural East,落馬洲管制站 Lok Ma Chau Control Point,Yuen Long Rural East,落馬洲管制站 Lok Ma Chau Control Point
78,CMPattern_CM_GMBBus_78_6001,9.7,18,15.46050623,Yuen Long Rural East,FALSE,"八鄉路近大欖巴士轉車站 Pat Heung Road, near Tai Lam Bus-Bus Interchange",Yuen Long Rural East,落馬洲（新田）公共運輸交滙處 Lok Ma Chau (San Tin) Public Transport Interchange,Yuen Long Rural East,落馬洲新田公共交通交滙處（經新田公路） Lok Ma Chau (San Tin) Public Transport Interchange (via San Tin Highway)
403P,CMPattern_CM_GMBBus_403p_6188,12.3,19,20.57056983,Kwai Chung East > Tsuen Wan Southeast > Sha Tin West > Tsuen Wan Southeast > Kwai Chung East,FALSE,"圍乪街，石籬邨石安樓外 Wai Kek Street, outside Shek On House, Shek Lei Estate",Kwai Chung East,"大隴街，石籬商場第2期外 Shek Lei Commercial Centre, Phase 2",Kwai Chung East,石籬圍乪街 - 沙田担杆莆街（循環綫） Shek Lei (Wai Kek Street) - Sha Tin (Tam Kok Po Street) (Circular)
502,CMPattern_CM_GMBBus_502_6074,13.7,24,11.79526452,Tai Po North > Tai Po South > Wu Tip Shan > Robin’s Nest,FALSE,"大埔太和路，大埔中心對面 Tai Po Tai Wo Road, Opposite Tai Po Centre",Tai Po North,清河邨公共運輸交滙處 Ching Ho Estate Public Transport Interchange,Robin’s Nest,清河邨 Ching Ho Estate
56B,CMPattern_CM_GMBBus_56b_5992,11,23,9.293087612,Central > Wan Chai > Central,TRUE,"羅便臣道，秀麗閣對面 Robinson Road, Opposite Serene Court",Central,"羅便臣道，秀麗閣對面 Robinson Road, Opposite Serene Court",Central,半山區羅便臣道 - 灣仔（循環綫） Mid-Levels (Robinson Road) - Wan Chai (Circular)
811A,CMPattern_GMBBus811A_5945,10.2,26,11.29068645,Sha Tin West > Sha Tin East,FALSE,"穗禾路，近沙田渣甸山花園 Sui Wo Road, Ville De Jardin",Sha Tin West,碧濤花園 Pictorial Garden,Sha Tin East,碧濤花園（經穗禾苑巴士總站） Pictorial Garden (via Sui Wo Court Bus Terminus)
811A,CMPattern_GMBBus811A_7036,10.2,26,10.89497181,Sha Tin West > Sha Tin East,FALSE,"穗禾路，近沙田渣甸山花園 Sui Wo Road, Ville De Jardin",Sha Tin West,碧濤花園 Pictorial Garden,Sha Tin East,碧濤花園 Pictorial Garden
44A,CMPattern_GMBBus44A_4018,18.1,16,28.71954023,Tuen Mun East > Tuen Mun West > Tuen Mun North > Robin’s Nest,FALSE,屯門站公共運輸交滙處 Tuen Mun Station Public Transport Interchange,Tuen Mun East,上水站小巴總站 Sheung Shui Station Public Light Bus Terminus,Robin’s Nest,上水站 Sheung Shui Station
403A,CMPattern_CM_GMBBus_403a_7240,12.3,14,19.974277,Kwai Chung East > Tsuen Wan Southeast > Sha Tin West > Tsuen Wan Southeast > Kwai Chung East,FALSE,"梨木道，近童子街 Lei Muk Road, near Tung Chi Street",Kwai Chung East,安蔭邨（安足街）小巴總站 On Yam Estate (On Chuk Street) Minibus Terminus,Kwai Chung East,安蔭安足街 On Yam (On Chuk Street)
28,CMPattern_GMBBus28_5868,11.5,25,12.23707955,Southern District Northwest > Western > Central > Wan Chai,FALSE,"上碧瑤灣24座外 Baguio Villa (Upper), outside Block 24",Southern District Northwest,"新會道，近京城大廈 Sun Wui Road, near Capital Building",Wan Chai,銅鑼灣新會道（經山道天橋） Causeway Bay (Sun Wui Road) (via Hill Road Flyover)
28,CMPattern_GMBBus28_1331,11.5,32,12.64714861,Southern District Northwest > Western > Central > Western > Central > Wan Chai,FALSE,"上碧瑤灣24座外 Baguio Villa (Upper), outside Block 24",Southern District Northwest,"新會道，近京城大廈 Sun Wui Road, near Capital Building",Wan Chai,銅鑼灣新會道 Causeway Bay (Sun Wui Road)
22S,CMPattern_CM_GMBBus_22s_6145,9.2,26,9.196231484,Southern District Northwest > Western > Central > Western > Central,FALSE,"利牧徑，薄扶林花園 Claymore Avenue, Pok Fu Lam Garden",Southern District Northwest,中環（中環碼頭） Central (Central Ferry Piers),Central,中環中環碼頭（經雅緻洋房） Central (Central Ferry Piers) (via Yat Chee Villas)
22S,CMPattern_CM_GMBBus_22s_6146,9.2,26,7.955080441,Southern District Northwest > Western > Central > Western > Central,FALSE,"利牧徑，薄扶林花園 Claymore Avenue, Pok Fu Lam Garden",Southern District Northwest,中環（中環碼頭） Central (Central Ferry Piers),Central,中環中環碼頭 Central (Central Ferry Piers)
73,CMPattern_CM_GMBBus_73_6016,7.9,26,10.13724444,Sham Shui Po East > Kowloon City North > Wong Tai Sin West > Wong Tai Sin East > Wong Tai Sin West > Kowloon City North > Sham Shui Po East,TRUE,"達之路，又一城地面 Tat Chee Avenue, Ground Floor of The Festival Walk",Sham Shui Po East,"達之路，又一城地面 Tat Chee Avenue, Ground Floor of The Festival Walk",Sham Shui Po East,又一城公共交通總站 - 慈雲山中心（循環綫） Festival Walk Public Transport Terminus - Tsz Wan Shan Centre (Circular)
803,CMPattern_GMBBus803_5287,8.3,23,11.85350543,Sha Tin North > Sha Tin East > Sha Tin South,FALSE,利安邨巴士總站 Lee On Estate Bus Terminus,Sha Tin North,"顯田街，近梁文燕紀念中學 Hin Tin Street, near Helen Liang Memorial Secondary School (Shatin)",Sha Tin South,顯徑 Hin Keng
803,CMPattern_GMBBus803_6145,8.3,21,11.82701786,Sha Tin North > Sha Tin East > Sha Tin South,FALSE,利安邨巴士總站 Lee On Estate Bus Terminus,Sha Tin North,"顯田街，近梁文燕紀念中學 Hin Tin Street, near Helen Liang Memorial Secondary School (Shatin)",Sha Tin South,顯徑（經大老山公路） Hin Keng (via Tate's Cairn Highway)
1,CMPattern_CM_GMBBus_1_1_8188,10.9,17,16.33374563,Kwun Tong West > Wong Tai Sin East > Sai Kung and Hang Hau,FALSE,"德福花園德福廣場 Telford Plaza, Telford Gardens",Kwun Tong West,"福民路小巴總站，經華樓外 Fuk Man Road Public Light Bus Terminus, outside King Wah Building",Sai Kung and Hang Hau,西貢（經牛池灣村） Sai Kung (via Ngau Chi Wan Village)
1,CMPattern_CM_GMBBus_1_1_8189,10.9,16,14.67860974,Kwun Tong West > Wong Tai Sin East > Sai Kung and Hang Hau,FALSE,"德福花園德福廣場 Telford Plaza, Telford Gardens",Kwun Tong West,"福民路小巴總站，經華樓外 Fuk Man Road Public Light Bus Terminus, outside King Wah Building",Sai Kung and Hang Hau,西貢 Sai Kung
55K,CMPattern_CM_GMBBus_55k_6191,11.5,26,13.85068749,Robin’s Nest > Wu Tip Shan > Robin’s Nest,FALSE,上水站小巴總站 Sheung Shui Station Public Light Bus Terminus,Robin’s Nest,沙頭角小巴總站 Sha Tau Kok Public Light Bus Terminus,Robin’s Nest,沙頭角順隆街 Sha Tau Kok (Shun Lung Street)
22,CMPattern_CM_GMBBus_22_6119,9.2,26,8.514319672,Southern District Northwest > Western > Central > Western > Central,FALSE,"利牧徑，薄扶林花園 Claymore Avenue, Pok Fu Lam Garden",Southern District Northwest,中環（交易廣場） Central (Exchange Square),Central,中環交易廣場（經雅緻洋房） Central (Exchange Square) (via Yat Chee Villas)
22,CMPattern_CM_GMBBus_22_6120,9.2,26,7.273168629,Southern District Northwest > Western > Central > Western > Central,FALSE,"利牧徑，薄扶林花園 Claymore Avenue, Pok Fu Lam Garden",Southern District Northwest,中環（交易廣場） Central (Exchange Square),Central,中環交易廣場 Central (Exchange Square)
68,CMPattern_CM_GMBBus_68_1_8395,6.7,25,11.59245536,Wong Tai Sin East > Kwun Tong West > Kwun Tong Central > Kwun Tong West > Kwun Tong Central > Kwun Tong West > Wong Tai Sin East,TRUE,"豐盛街，近彩雲邨彩雲（一）邨觀日樓 Fung Shing Street, near Koon Yat House, Choi Wan (I) Estate, Choi Wan Estate",Wong Tai Sin East,"豐盛街，近彩雲邨彩雲（一）邨觀日樓 Fung Shing Street, near Koon Yat House, Choi Wan (I) Estate, Choi Wan Estate",Wong Tai Sin East,彩雲邨 - 九龍灣（循環綫） Choi Wan Estate - Kowloon Bay (Circular)
811A,CMPattern_GMBBus811A_5944,10.2,26,10.38942979,Sha Tin East > Sha Tin West,FALSE,碧濤花園 Pictorial Garden,Sha Tin East,"穗禾路，近沙田渣甸山花園 Sui Wo Road, Ville De Jardin",Sha Tin West,華翠園 Greenwood Terrace
811A,CMPattern_GMBBus811A_5946,10.2,26,10.78643527,Sha Tin East > Sha Tin West,FALSE,碧濤花園 Pictorial Garden,Sha Tin East,"穗禾路，近沙田渣甸山花園 Sui Wo Road, Ville De Jardin",Sha Tin West,華翠園（經穗禾苑巴士總站） Greenwood Terrace (via Sui Wo Court Bus Terminus)
25B,CMPattern_CM_GMBBus_25b_1_8744,7.2,24,12.33885224,Tai Po South > Tai Po North > Tai Po South > Tai Po North > Tai Po South > Tai Po North > Tai Po South,TRUE,大埔墟（寶鄕街大埔社區中心外）總站 Tai Po Market (Po Heung Street outside Tai Po Community Centre) Terminus,Tai Po South,大埔墟（寶鄕街大埔社區中心外）總站 Tai Po Market (Po Heung Street outside Tai Po Community Centre) Terminus,Tai Po South,大埔墟 - 九龍坑／元嶺（循環綫） Tai Po Market - Kau Lung Hang / Yuen Leng (Circular)
1A,CMPattern_GMBBus1A_1_4002,10.9,24,13.87863802,Sai Kung and Hang Hau > Kwun Tong North > Wong Tai Sin East > Kwun Tong West > Wong Tai Sin East > Wong Tai Sin West > Wong Tai Sin East,FALSE,"福民路小巴總站，經華樓外 Fuk Man Road Public Light Bus Terminus, outside King Wah Building",Sai Kung and Hang Hau,鑽石山(彩虹道)公共運輸交匯處 Diamond Hill (Choi Hung Road) Pti,Wong Tai Sin East,彩虹新蒲崗 Choi Hung (San Po Kong)
1A,CMPattern_GMBBus1A_1_4001,10.9,19,13.66419455,Wong Tai Sin East > Sai Kung and Hang Hau,FALSE,鑽石山(彩虹道)公共運輸交匯處 Diamond Hill (Choi Hung Road) Pti,Wong Tai Sin East,"福民路小巴總站，經華樓外 Fuk Man Road Public Light Bus Terminus, outside King Wah Building",Sai Kung and Hang Hau,西貢 Sai Kung
1,CMPattern_CM_GMBBus_1_1_8187,10.9,19,14.47867651,Sai Kung and Hang Hau > Kwun Tong North > Wong Tai Sin East > Kwun Tong West,FALSE,"福民路小巴總站，經華樓外 Fuk Man Road Public Light Bus Terminus, outside King Wah Building",Sai Kung and Hang Hau,"德福花園德福廣場 Telford Plaza, Telford Gardens",Kwun Tong West,九龍灣德福花園 Kowloon Bay (Telford Gardens)
44A,CMPattern_GMBBus44A_5875,18.1,9,26.96505936,Tuen Mun West > Tuen Mun North > Robin’s Nest,FALSE,"鳴琴路，石排站外 Ming Kum Road, outside Shek Pai Stop",Tuen Mun West,上水站小巴總站 Sheung Shui Station Public Light Bus Terminus,Robin’s Nest,上水站 Sheung Shui Station
1A,CMPattern_GMBBus1A_1_5861,10.9,24,13.86364482,Sai Kung and Hang Hau > Kwun Tong North > Wong Tai Sin East > Kwun Tong West > Wong Tai Sin East > Wong Tai Sin West > Wong Tai Sin East,FALSE,西貢北（西貢警署） Sai Kung North (Sai Kung Police Station),Sai Kung and Hang Hau,鑽石山(彩虹道)公共運輸交匯處 Diamond Hill (Choi Hung Road) Pti,Wong Tai Sin East,彩虹新蒲崗 Choi Hung (San Po Kong)
76,CMPattern_GMBBus76_6888,7.5,17,11.45599371,Yuen Long Town Centre > Yuen Long Rural East,FALSE,"福康街，金寶樓外小巴總站 Fook Hong Street Public Light Bus Terminus, outside Kam Po Building",Yuen Long Town Centre,"嘉龍路，新田軍營外 Ka Lung Road, outside San Tin Barracks",Yuen Long Rural East,小磡村 Siu Hum Tsuen
52,CMPattern_CM_GMBBus_52_6110,10.1,26,13.26807936,Southern District Southeast > Southern District Northwest > Southern District Southeast > Southern District Northwest,FALSE,赤柱監獄 Stanley Prison,Southern District Southeast,石排灣邨公共運輸交滙處 Shek Pai Wan Estate Public Transport Interchange,Southern District Northwest,香港仔石排灣 Aberdeen (Shek Pai Wan)
44A,CMPattern_GMBBus44A_6343,18.1,6,25.4858021,Tuen Mun North > Robin’s Nest,FALSE,"鳴琴路，寶田商場外 Ming Kum Road, outside Po Tin Shopping Centre",Tuen Mun North,上水站小巴總站 Sheung Shui Station Public Light Bus Terminus,Robin’s Nest,上水站 Sheung Shui Station
44A,CMPattern_GMBBus44A_6344,18.1,5,25.00919151,Tuen Mun North > Robin’s Nest,FALSE,"震寰路，大興分區警署外 Tsun Wen Road, outside Tai Hing Divisional Police Station",Tuen Mun North,上水站小巴總站 Sheung Shui Station Public Light Bus Terminus,Robin’s Nest,上水站 Sheung Shui Station
76,CMPattern_GMBBus76_6889,7.5,15,11.97231116,Yuen Long Rural East > Yuen Long Town Centre,FALSE,"嘉龍路，新田軍營外 Ka Lung Road, outside San Tin Barracks",Yuen Long Rural East,"福康街，金寶樓外小巴總站 Fook Hong Street Public Light Bus Terminus, outside Kam Po Building",Yuen Long Town Centre,元朗福康街 Yuen Long (Fook Hong Street)
76,CMPattern_GMBBus76_9688,7.5,18,12.09681768,Yuen Long Rural East > Yuen Long Town Centre,FALSE,"嘉龍路，新田軍營外 Ka Lung Road, outside San Tin Barracks",Yuen Long Rural East,"福康街，金寶樓外小巴總站 Fook Hong Street Public Light Bus Terminus, outside Kam Po Building",Yuen Long Town Centre,元朗福康街（經元朗西） Yuen Long (Fook Hong Street) (via Yuen Long West)
12,CMPattern_CM_GMBBus_12_7282,5.7,26,7.338967295,Western > Central > Western,TRUE,"龍華街，近觀龍樓 B 座 Lung Wah Street, near Kwun Lung Lau Block B",Western,"龍華街，近觀龍樓 B 座 Lung Wah Street, near Kwun Lung Lau Block B",Western,觀龍樓 - 西營盤（循環綫） Kwun Lung Lau - Sai Ying Pun (Circular)
1,CMPattern_CM_GMBBus_1_7502,11.8,12,7.190639596,Central,FALSE,香港站小巴總站 Hong Kong Station Minibus Terminus,Central,山頂廣場（下層巴士總站） The Peak Galleria (Bus Terminus Under),Central,山頂公共交通總站 The Peak (Public Transport Terminus)
1,CMPattern_CM_GMBBus_1_7503,11.8,16,9.216614899,Central,FALSE,香港站小巴總站 Hong Kong Station Minibus Terminus,Central,山頂廣場（下層巴士總站） The Peak Galleria (Bus Terminus Under),Central,山頂公共交通總站（經加列山道） The Peak (Public Transport Terminus) (via Mount Kellett Road)
1,CMPattern_CM_GMBBus_1_7504,11.8,21,10.27134176,Central,FALSE,香港站小巴總站 Hong Kong Station Minibus Terminus,Central,山頂廣場（下層巴士總站） The Peak Galleria (Bus Terminus Under),Central,山頂公共交通總站（經文輝道及加列山道） The Peak (Public Transport Terminus) (via Mansfield Road and Mount Kellett Road)
56B,CMPattern_CM_GMBBus_56b_5990,11,26,7.702589768,Central > Western > Central > Wan Chai,FALSE,"羅便臣道，秀麗閣對面 Robinson Road, Opposite Serene Court",Central,天后公共運輸交滙處 Tin Hau Public Transport Interchange,Wan Chai,天后站 Tin Hau Station
20C,CMPattern_CM_GMBBus_20c_8657,8.8,26,10.88388222,Tai Po South > Tai Po North,FALSE,大埔墟站專綫小巴總站 Tai Po Market Station Minibus Terminus,Tai Po South,大美督公共運輸交滙處 Tai Mei Tuk Public Transport Interchange,Tai Po North,大尾篤 Tai Mei Tuk
20C,CMPattern_CM_GMBBus_20c_8659,8.8,26,11.97165848,Tai Po South > Tai Po North,FALSE,大埔墟站專綫小巴總站 Tai Po Market Station Minibus Terminus,Tai Po South,大美督公共運輸交滙處 Tai Mei Tuk Public Transport Interchange,Tai Po North,大尾篤（經山寮路） Tai Mei Tuk (via Shan Liu Road)
59K,CMPattern_CM_GMBBus_59k_8877,9.9,20,11.94688377,Robin’s Nest,FALSE,蓮麻坑小巴總站 Lin Ma Hang Minibus Terminus,Robin’s Nest,上水站小巴總站 Sheung Shui Station Public Light Bus Terminus,Robin’s Nest,上水站 Sheung Shui Station
33,CMPattern_CM_GMBBus_33_1_8754,12.7,26,14.20838443,Yuen Long Town Centre > Tin Shui Wai South and Ping Ha > Yuen Long Rural East > Tin Shui Wai South and Ping Ha,FALSE,"泰豐街，近泰豐樓 Tai Fung Street, near Tai Fung House",Yuen Long Town Centre,下白泥（稔灣路）小巴總站 Ha Pak Nai (Nim Wan Road) Minibus Terminus,Tin Shui Wai South and Ping Ha,下白泥 Ha Pak Nai
33,CMPattern_CM_GMBBus_33_1_8755,12.7,26,14.09222111,Tin Shui Wai South and Ping Ha > Yuen Long Town Centre,FALSE,下白泥（稔灣路）小巴總站 Ha Pak Nai (Nim Wan Road) Minibus Terminus,Tin Shui Wai South and Ping Ha,"泰豐街，近泰豐樓 Tai Fung Street, near Tai Fung House",Yuen Long Town Centre,元朗泰豐街 Yuen Long (Tai Fung Street)
56K,CMPattern_CM_GMBBus_56k_6200,10.5,17,11.40489961,Wu Tip Shan > Robin’s Nest,FALSE,粉嶺站專綫小巴總站 Public Light Bus (Scheduled) Service Terminus at Fanling Station,Wu Tip Shan,"鹿頸路，近鹿頸黃屋 Luk Keng Road, near Luk Keng Wong Uk",Robin’s Nest,鹿頸 Luk Keng
55K,CMPattern_CM_GMBBus_55k_6193,11.5,15,16.44287319,Robin’s Nest,FALSE,沙頭角小巴總站 Sha Tau Kok Public Light Bus Terminus,Robin’s Nest,上水站小巴總站 Sheung Shui Station Public Light Bus Terminus,Robin’s Nest,上水站（經龍山隧道） Sheung Shui Station (via Lung Shan Tunnel)
55K,CMPattern_CM_GMBBus_55k_6192,11.5,26,13.64471972,Robin’s Nest > Wu Tip Shan > Robin’s Nest,FALSE,沙頭角小巴總站 Sha Tau Kok Public Light Bus Terminus,Robin’s Nest,上水站小巴總站 Sheung Shui Station Public Light Bus Terminus,Robin’s Nest,上水站 Sheung Shui Station
2,CMPattern_CM_GMBBus_2_5919,7.9,25,7.09585357,Kowloon City South > Kowloon City North > Kowloon City South > Sham Shui Po East,FALSE,黃埔花園小巴總站 Whampoa Garden Minibus Terminus,Kowloon City South,"達之路，又一城地面 Tat Chee Avenue, Ground Floor of The Festival Walk",Sham Shui Po East,又一城公共交通交滙處 Tat Chee Avenue (Public Transport Interchange)
106,CMPattern_CM_GMBBus_106_7493,11.4,18,9.985955634,Kwun Tong West > Kwun Tong Central > Kwun Tong North > Sai Kung and Hang Hau > Tseung Kwan O North,FALSE,企業廣場 Enterprise Square,Kwun Tong West,寶琳公共運輸交滙處 Po Lam Station Public Transport Interchange,Tseung Kwan O North,寶琳 Po Lam
106,CMPattern_CM_GMBBus_106_7494,11.4,10,10.71601099,Kwun Tong West > Kwun Tong North > Sai Kung and Hang Hau > Tseung Kwan O North,FALSE,企業廣場 Enterprise Square,Kwun Tong West,寶琳公共運輸交滙處 Po Lam Station Public Transport Interchange,Tseung Kwan O North,寶琳（經觀塘繞道） Po Lam (via Kwun Tong Bypass)
2,CMPattern_CM_GMBBus_2_2_8484,7.2,26,13.18497315,Sai Kung and Hang Hau,TRUE,"宜春街，西貢街市對面 Yi Chun Street, Opposite Sai Kung Market",Sai Kung and Hang Hau,"宜春街，西貢街市對面 Yi Chun Street, Opposite Sai Kung Market",Sai Kung and Hang Hau,西貢宜春街 - 界咸（循環綫） Sai Kung (Yi Chun Street) - Kai Ham (Circular)
25A,CMPattern_CM_GMBBus_25a_1_8737,6.7,28,10.86345263,Tai Po South > Tai Po North > Tai Po South > Tai Po North > Tai Po South,TRUE,大埔墟（靖遠街）總站 Tai Po Market (Tsing Yuen Street) Terminus,Tai Po South,大埔墟（靖遠街）總站 Tai Po Market (Tsing Yuen Street) Terminus,Tai Po South,大埔墟 - 南華莆（循環綫） Tai Po Market - Nam Wa Po (Circular)
22S,CMPattern_CM_GMBBus_22s_6147,9.2,21,8.411541125,Central > Southern District Northwest,FALSE,中環（中環碼頭） Central (Central Ferry Piers),Central,"利牧徑，薄扶林花園 Claymore Avenue, Pok Fu Lam Garden",Southern District Northwest,薄扶林花園 Pok Fu Lam Gardens
22S,CMPattern_CM_GMBBus_22s_6148,9.2,26,9.840914543,Central > Southern District Northwest,FALSE,中環（中環碼頭） Central (Central Ferry Piers),Central,"利牧徑，薄扶林花園 Claymore Avenue, Pok Fu Lam Garden",Southern District Northwest,薄扶林花園（經郵政總局） Pok Fu Lam Gardens (via General Post Office)
22S,CMPattern_CM_GMBBus_22s_6150,9.2,26,10.42103548,Central > Southern District Northwest,FALSE,中環（中環碼頭） Central (Central Ferry Piers),Central,"利牧徑，薄扶林花園 Claymore Avenue, Pok Fu Lam Garden",Southern District Northwest,薄扶林花園（經中環交易廣場） Pok Fu Lam Gardens (via Central (Exchange Square))
54S,CMPattern_CM_GMBBus_54s_6264,6.5,15,9.597693702,Kwun Tong North > Kwun Tong West > Wong Tai Sin East > Kwun Tong West > Wong Tai Sin East > Kwun Tong North,TRUE,"利安里，近香港扶幼會盛德中心學校 Lee On Lane, near Society of Boy's Centre Shing Tak Centre School",Kwun Tong North,"利安里，近香港扶幼會盛德中心學校 Lee On Lane, near Society of Boy's Centre Shing Tak Centre School",Kwun Tong North,順利紀律部隊宿舍 - 黃大仙沙田坳道（循環綫） Shun Lee Disciplined Services Quarters - Wong Tai Sin (Shatin Pass Road) (Circular)
54,CMPattern_CM_GMBBus_54_7726,8.8,23,9.385984159,Southern District Northwest > Western > Central,FALSE,"瑪麗醫院 J 座 Queen Mary Hopital, Block J",Southern District Northwest,中環（中環碼頭） Central (Central Ferry Piers),Central,中環碼頭 Central (Ferry Piers)
13,CMPattern_CM_GMBBus_13_6101,8.8,26,7.319955937,Kowloon City North > Wong Tai Sin West > Kowloon City North > Kowloon City South > Kowloon City North > Kowloon City South,FALSE,"廣播道，雅麗園 B 座外 Broadcast Drive, outside Block B, Alice Court",Kowloon City North,紅磡（紅鸞道）小巴總站 Hung Hom (Hung Luen Road) GMB Terminus,Kowloon City South,紅磡紅鸞道（經嘉強苑） Hung Hom (Hung Luen Road) (via Ka Keung Court)
13,CMPattern_CM_GMBBus_13_6102,8.8,26,7.884288462,Kowloon City North > Wong Tai Sin West > Kowloon City North > Kowloon City South > Kowloon City North > Kowloon City South,FALSE,"廣播道，雅麗園 B 座外 Broadcast Drive, outside Block B, Alice Court",Kowloon City North,紅磡（紅鸞道）小巴總站 Hung Hom (Hung Luen Road) GMB Terminus,Kowloon City South,紅磡紅鸞道 Hung Hom (Hung Luen Road)
106,CMPattern_CM_GMBBus_106_7492,11.4,20,9.662692398,Tseung Kwan O North > Sai Kung and Hang Hau > Kwun Tong North > Kwun Tong West > Kwun Tong Central > Kwun Tong West,FALSE,寶琳公共運輸交滙處 Po Lam Station Public Transport Interchange,Tseung Kwan O North,企業廣場 Enterprise Square,Kwun Tong West,九龍灣 Kowloon Bay
810,CMPattern_CM_GMBBus_810_9162,7,17,10.12701291,Sha Tin North > Sha Tin East > Sha Tin West,FALSE,"鞍駿街，近雅典居第4座 On Chun Street, near Villa Athena Block 4",Sha Tin North,"沙田正街，近偉華中心第2座 Sha Tin Centre Street, near Wai Wah Centre Block 2",Sha Tin West,沙田市中心 Sha Tin Central
810,CMPattern_CM_GMBBus_810_9163,7,16,9.928789525,Sha Tin North > Sha Tin East > Sha Tin West,FALSE,"鞍駿街，近雅典居第4座 On Chun Street, near Villa Athena Block 4",Sha Tin North,"沙田正街，近偉華中心第2座 Sha Tin Centre Street, near Wai Wah Centre Block 2",Sha Tin West,沙田市中心（不經保泰街） Sha Tin Central (omit Po Tai Street)
810,CMPattern_CM_GMBBus_810_9165,7,14,9.738815624,Sha Tin North > Sha Tin East > Sha Tin West,FALSE,"鞍駿街，近雅典居第4座 On Chun Street, near Villa Athena Block 4",Sha Tin North,"沙田正街，近偉華中心第2座 Sha Tin Centre Street, near Wai Wah Centre Block 2",Sha Tin West,沙田市中心（不經保泰街及寧泰路） Sha Tin Central (omit Po Tai Street and Ning Tai Road)
1,CMPattern_CM_GMBBus_1_7499,11.8,15,7.130260133,Central,FALSE,山頂廣場（下層巴士總站） The Peak Galleria (Bus Terminus Under),Central,香港站小巴總站 Hong Kong Station Minibus Terminus,Central,中環香港站公共運輸交滙處 Central (Hong Kong Station Public Transport Interchange)
1,CMPattern_CM_GMBBus_1_7500,11.8,20,8.194579839,Central,FALSE,山頂廣場（下層巴士總站） The Peak Galleria (Bus Terminus Under),Central,香港站小巴總站 Hong Kong Station Minibus Terminus,Central,中環香港站公共運輸交滙處（經文輝道） Central (Hong Kong Station Public Transport Interchange) (via Mansfield Road)
2,CMPattern_CM_GMBBus_2_5920,7.9,25,6.420458456,Sham Shui Po East > Kowloon City North > Kowloon City South,FALSE,"達之路，又一城地面 Tat Chee Avenue, Ground Floor of The Festival Walk",Sham Shui Po East,黃埔花園小巴總站 Whampoa Garden Minibus Terminus,Kowloon City South,紅磡黃埔花園 Hung Hom (Whampoa Garden)
54,CMPattern_CM_GMBBus_54_7727,8.8,23,9.435146177,Central > Western > Southern District Northwest,FALSE,中環（中環碼頭） Central (Central Ferry Piers),Central,"瑪麗醫院 J 座 Queen Mary Hopital, Block J",Southern District Northwest,瑪麗醫院 Queen Mary Hospital
1A,CMPattern_GMBBus1A_1_5859,10.9,19,11.09542025,Sai Kung and Hang Hau > Kwun Tong North > Wong Tai Sin East > Kwun Tong West > Wong Tai Sin East > Wong Tai Sin West > Wong Tai Sin East,FALSE,"西貢公路，白沙灣遊艇會外 Hiram's Highway, outside Hebe Haven Yacht Club",Sai Kung and Hang Hau,鑽石山(彩虹道)公共運輸交匯處 Diamond Hill (Choi Hung Road) Pti,Wong Tai Sin East,彩虹新蒲崗 Choi Hung (San Po Kong)
808,CMPattern_GMBBus808_10120,8.7,18,9.834245663,Sha Tin North > Sha Tin East,FALSE,錦英苑巴士總站 Kam Ying Court Bus Terminus,Sha Tin North,威爾斯親王醫院 Prince of Wales Hospital,Sha Tin East,威爾斯親王醫院 Prince of Wales Hospital
46,CMPattern_CM_GMBBus_46_6003,8.3,25,9.391106654,Yau Tsim Mong North > Kowloon City South > Kowloon City North > Wong Tai Sin West > Wong Tai Sin East > Kwun Tong West,FALSE,大角咀（維港灣）公共運輸交滙處 Tai Kok Tsui (Island Harbourview) Public Transport Interchange,Yau Tsim Mong North,"啟仁街，九龍灣健康中心那打素護養院對面 Kai Tan Street, Opposite Kowloon Bay Centre Ho Miu Ling Nethersole Nursing Home",Kwun Tong West,麗晶花園 Richland Gardens
52,CMPattern_CM_GMBBus_52_6111,10.1,26,11.960013,Southern District Southeast > Southern District Northwest > Southern District Southeast > Southern District Northwest,FALSE,"佳美道，赤柱廣場外 Carmel Road, outside Stanley Plaza",Southern District Southeast,石排灣邨公共運輸交滙處 Shek Pai Wan Estate Public Transport Interchange,Southern District Northwest,香港仔石排灣 Aberdeen (Shek Pai Wan)
810,CMPattern_CM_GMBBus_810_9161,7,19,8.663312029,Sha Tin West > Sha Tin East > Sha Tin North,FALSE,"沙田正街，近偉華中心第2座 Sha Tin Centre Street, near Wai Wah Centre Block 2",Sha Tin West,"鞍駿街，近雅典居第4座 On Chun Street, near Villa Athena Block 4",Sha Tin North,馬鞍山雅典居 Ma On Shan (Villa Athena)
810,CMPattern_CM_GMBBus_810_9166,7,17,8.661336162,Sha Tin West > Sha Tin East > Sha Tin North,FALSE,"沙田正街，近偉華中心第2座 Sha Tin Centre Street, near Wai Wah Centre Block 2",Sha Tin West,"鞍駿街，近雅典居第4座 On Chun Street, near Villa Athena Block 4",Sha Tin North,馬鞍山雅典居（不經瀝源邨及禾輋邨） Ma On Shan (Villa Athena) (via Lek Yuen Estate and Wo Che Estate)
35,CMPattern_CM_GMBBus_35_6336,10.2,26,13.01903115,Yuen Long Town Centre > Tin Shui Wai South and Ping Ha > Yuen Long Rural East > Tin Shui Wai South and Ping Ha,FALSE,"泰豐街，近泰豐樓 Tai Fung Street, near Tai Fung House",Yuen Long Town Centre,沙橋村（尖鼻咀）小巴總站 Sha Kiu Tsuen (Tsim Bei Tsui) Minibus Terminus,Tin Shui Wai South and Ping Ha,沙橋尖鼻咀 Sha Kiu (Tsim Bei Tsui)
56B,CMPattern_CM_GMBBus_56b_5991,11,26,7.775154407,Wan Chai > Tai Pak > Wan Chai > Central,FALSE,天后公共運輸交滙處 Tin Hau Public Transport Interchange,Wan Chai,"羅便臣道，秀麗閣對面 Robinson Road, Opposite Serene Court",Central,半山區羅便臣道 Mid-Levels (Robinson Road)
56K,CMPattern_CM_GMBBus_56k_6201,10.5,19,12.3131252,Robin’s Nest > Wu Tip Shan,FALSE,"鹿頸路，近鹿頸黃屋 Luk Keng Road, near Luk Keng Wong Uk",Robin’s Nest,粉嶺站專綫小巴總站 Public Light Bus (Scheduled) Service Terminus at Fanling Station,Wu Tip Shan,粉嶺站 Fanling Station
101M,CMPattern_GMBBus101M_5855,10.9,18,11.1106881,Sai Kung and Hang Hau > Tseung Kwan O North,FALSE,西貢北（西貢警署） Sai Kung North (Sai Kung Police Station),Sai Kung and Hang Hau,坑口站公共運輸交滙處 Hang Hau Station Public Transport Interchange,Tseung Kwan O North,坑口站 Hang Hau Station
103,CMPattern_CM_GMBBus_103_6104,11.1,22,12.97756577,Sai Kung and Hang Hau > Tseung Kwan O North > Kwun Tong Central,FALSE,清水灣第二灣泳灘 Clear Water Bay Second Beach,Sai Kung and Hang Hau,觀塘碼頭 Kwun Tong Ferry,Kwun Tong Central,觀塘碼頭 Kwun Tong Ferry
101M,CMPattern_GMBBus101M_3550,10.9,17,11.16222245,Tseung Kwan O North > Sai Kung and Hang Hau,FALSE,坑口站公共運輸交滙處 Hang Hau Station Public Transport Interchange,Tseung Kwan O North,惠民路公共小巴總站 Wai Man Road PLB Terminus,Sai Kung and Hang Hau,西貢 Sai Kung
59K,CMPattern_CM_GMBBus_59k_8876,9.9,20,11.76050846,Robin’s Nest,FALSE,上水站小巴總站 Sheung Shui Station Public Light Bus Terminus,Robin’s Nest,蓮麻坑小巴總站 Lin Ma Hang Minibus Terminus,Robin’s Nest,蓮麻坑 Lin Ma Hang
22X,CMPattern_CM_GMBBus_22x_7629,9.2,12,9.512362189,Southern District Northwest > Western > Central,FALSE,"利牧徑，薄扶林花園 Claymore Avenue, Pok Fu Lam Garden",Southern District Northwest,中環（中環碼頭） Central (Central Ferry Piers),Central,中環中環碼頭 Central (Central Ferry Piers)
22X,CMPattern_CM_GMBBus_22x_7630,9.2,16,10.75082218,Southern District Northwest > Western > Central,FALSE,"利牧徑，薄扶林花園 Claymore Avenue, Pok Fu Lam Garden",Southern District Northwest,中環（中環碼頭） Central (Central Ferry Piers),Central,中環中環碼頭（經雅緻洋房） Central (Central Ferry Piers) (via Yat Chee Villas)
31,CMPattern_CM_GMBBus_31_2_8748,5.9,28,8.633063626,Yuen Long Town Centre > Tin Shui Wai South and Ping Ha > Yuen Long Rural East > Tin Shui Wai South and Ping Ha > Yuen Long Town Centre,TRUE,"康景街，近利景樓 Hong King Street, near Lee King Building",Yuen Long Town Centre,"康景街，近利景樓 Hong King Street, near Lee King Building",Yuen Long Town Centre,元朗康景街 - 唐人新村（循環綫） Yuen Long (Hong King Street) - Tong Yan Sun Tsuen (Circular)
46,CMPattern_CM_GMBBus_46_1_6004,8.3,24,10.52356408,Kwun Tong West > Kowloon City North > Kowloon City South > Yau Tsim Mong North,FALSE,"啟仁街，九龍灣健康中心那打素護養院對面 Kai Tan Street, Opposite Kowloon Bay Centre Ho Miu Ling Nethersole Nursing Home",Kwun Tong West,大角咀（維港灣）公共運輸交滙處 Tai Kok Tsui (Island Harbourview) Public Transport Interchange,Yau Tsim Mong North,大角咀奧運站（經大角嘴天主教小學（海帆道）） Tai Kok Tsui (Olympic Station) (via Tai Kok Tsui Catholic Primary School (Hoi Fan Road))
35,CMPattern_CM_GMBBus_35_6338,10.2,26,12.83010804,Tin Shui Wai South and Ping Ha > Yuen Long Town Centre,FALSE,沙橋村（尖鼻咀）小巴總站 Sha Kiu Tsuen (Tsim Bei Tsui) Minibus Terminus,Tin Shui Wai South and Ping Ha,"泰豐街，近泰豐樓 Tai Fung Street, near Tai Fung House",Yuen Long Town Centre,元朗泰豐街 Yuen Long (Tai Fung Street)
56B,CMPattern_CM_GMBBus_56b_1_7776,9.9,13,6.577442597,Wu Tip Shan,FALSE,粉嶺站專綫小巴總站 Public Light Bus (Scheduled) Service Terminus at Fanling Station,Wu Tip Shan,丹竹坑（獅頭嶺村） Tan Chuk Hang (Sze Tau Leng Tsuen),Wu Tip Shan,丹竹坑 Tan Chuk Hang
56A,CMPattern_GMBBus56A_8564,11,26,7.774888648,Wan Chai > Central,FALSE,天后公共運輸交滙處 Tin Hau Public Transport Interchange,Wan Chai,"羅便臣道，秀麗閣對面 Robinson Road, Opposite Serene Court",Central,半山區羅便臣道 Mid-Levels (Robinson Road)
25B,CMPattern_CM_GMBBus_25b_1_8746,7.2,21,11.37649432,Tai Po South > Tai Po North > Tai Po South > Tai Po North > Tai Po South > Tai Po North > Tai Po South,TRUE,大埔墟（寶鄕街大埔社區中心外）總站 Tai Po Market (Po Heung Street outside Tai Po Community Centre) Terminus,Tai Po South,大埔墟（寶鄕街大埔社區中心外）總站 Tai Po Market (Po Heung Street outside Tai Po Community Centre) Terminus,Tai Po South,大埔墟 - 大窩（循環綫） Tai Po Market - Tai Wo (Circular)
68,CMPattern_CM_GMBBus_68_1_8396,6.7,26,12.24211944,Wong Tai Sin East > Kwun Tong West > Kwun Tong Central > Kwun Tong West > Kwun Tong Central > Kwun Tong West > Wong Tai Sin East,TRUE,"豐盛街，近彩雲邨彩雲（一）邨觀日樓 Fung Shing Street, near Koon Yat House, Choi Wan (I) Estate, Choi Wan Estate",Wong Tai Sin East,"豐盛街，近彩雲邨彩雲（一）邨觀日樓 Fung Shing Street, near Koon Yat House, Choi Wan (I) Estate, Choi Wan Estate",Wong Tai Sin East,彩雲邨 - 九龍灣（經臨澤街）（循環綫） Choi Wan Estate - Kowloon Bay (via Lam Chak Street) (Circular)
75,CMPattern_CM_GMBBus_75_2_8177,5.2,26,7.142069455,Sham Shui Po West > Sham Shui Po East > Sham Shui Po West > Sham Shui Po East > Sham Shui Po West,TRUE,"西邨路，近富昌邨富旺樓 Sai Chuen Road, near Fu Wong House, Fu Cheong Estate",Sham Shui Po West,"西邨路，近富昌邨富旺樓 Sai Chuen Road, near Fu Wong House, Fu Cheong Estate",Sham Shui Po West,深水埗富昌邨 - 長沙灣青山道（經大南西街）（循環綫） Sham Shui Po (Fu Cheong Estate) - Cheung Sha Wan (Castle Peak Road) (via Tai Nan West Street) (Circular)
54K,CMPattern_CM_GMBBus_54k_6190,5.6,25,8.160153519,Wu Tip Shan,TRUE,粉嶺站專綫小巴總站 Public Light Bus (Scheduled) Service Terminus at Fanling Station,Wu Tip Shan,粉嶺站專綫小巴總站 Public Light Bus (Scheduled) Service Terminus at Fanling Station,Wu Tip Shan,粉嶺站 - 龍躍頭（循環綫） Fanling Station - Lung Yeuk Tau (Circular)
20,CMPattern_CM_GMBBus_20_7603,7.2,26,9.877880163,Hong Wan > Chai Wan > Hong Wan,TRUE,嘉亨灣小巴總站 Grand Promenade Minibus Terminus,Hong Wan,嘉亨灣小巴總站 Grand Promenade Minibus Terminus,Hong Wan,西灣河嘉亨灣公共交通總站 - 柴灣豐業街（循環綫） Sai Wan Ho (Grand Promenade) Public Transport Terminus - Chai Wan (Fung Yip Street) (Circular)
46,CMPattern_CM_GMBBus_46_6002,8.3,23,9.557051047,Kwun Tong West > Kowloon City North > Kowloon City South > Yau Tsim Mong North,FALSE,"啟仁街，九龍灣健康中心那打素護養院對面 Kai Tan Street, Opposite Kowloon Bay Centre Ho Miu Ling Nethersole Nursing Home",Kwun Tong West,大角咀（維港灣）公共運輸交滙處 Tai Kok Tsui (Island Harbourview) Public Transport Interchange,Yau Tsim Mong North,大角咀奧運站 Tai Kok Tsui (Olympic Station)
69A,CMPattern_CM_GMBBus_69a_6144,8.5,25,11.74100498,Southern District Northwest > Southern District Southeast > Southern District Northwest,TRUE,數碼港公共運輸交匯處 Cyberport Bus Terminus,Southern District Northwest,數碼港公共運輸交匯處 Cyberport Bus Terminus,Southern District Northwest,數碼港 - 香港仔（循環綫） Cyberport - Aberdeen (Circular)
69A,CMPattern_GMBBus69A_1_4372,9.7,16,10.37287671,Kwun Tong Central > Kowloon City North > Kowloon City South > Yau Tsim Mong North,FALSE,麗港城公共運輸交滙處 Laguna City Public Transport Interchange,Kwun Tong Central,"通菜街，旺角警署外 Tung Choi Street, outside Mong Kok Police Station",Yau Tsim Mong North,通菜街 Tung Choi Street
69A,CMPattern_GMBBus69A_1_5885,9.7,15,10.22018714,Kwun Tong Central > Kowloon City North > Kowloon City South > Yau Tsim Mong North,FALSE,麗港城公共運輸交滙處 Laguna City Public Transport Interchange,Kwun Tong Central,"通菜街，旺角警署外 Tung Choi Street, outside Mong Kok Police Station",Yau Tsim Mong North,通菜街（經露明道） Tung Choi Street (via Lomond Road)
2,CMPattern_CM_GMBBus_2_1_7508,7.5,17,8.841668634,Central,TRUE,香港站小巴總站 Hong Kong Station Minibus Terminus,Central,香港站小巴總站 Hong Kong Station Minibus Terminus,Central,中環香港站 - 舊山頂道（經金鐘）（循環綫） Central (Hong Kong Station) - Old Peak Road (via Admiralty) (Circular)
86,CMPattern_CM_GMBBus_86_1_6067,6.4,26,6.731897854,Tsuen Wan Southeast > Kwai Chung East,FALSE,海貴路公共運輸交滙處 Hoi Kwai Road Public Transport Interchange,Tsuen Wan Southeast,"梨貝街巴士站，石籬邨石俊樓外 Lei Pui Street Bus Terminus, outside Shek Chun House, Shek Lei Estate",Kwai Chung East,石籬梨貝街 Shek Lei (Lei Pui Street)
14M,CMPattern_CM_GMBBus_14m_6089,4.7,8,2.361201241,Wan Chai,TRUE,蘭芳道，2號 Lan Fong Road No. 2,Wan Chai,蘭芳道，2號 Lan Fong Road No. 2,Wan Chai,銅鑼灣蘭芳道 - 樂陶苑（循環綫） Causeway Bay (Lan Fong Road) - Villa Lotto (Circular)
25B,CMPattern_CM_GMBBus_25b_1_8745,7.2,20,11.24033083,Tai Po South > Tai Po North > Tai Po South > Tai Po North > Tai Po South > Tai Po North > Tai Po South,TRUE,大埔墟（寶鄕街大埔社區中心外）總站 Tai Po Market (Po Heung Street outside Tai Po Community Centre) Terminus,Tai Po South,大埔墟（寶鄕街大埔社區中心外）總站 Tai Po Market (Po Heung Street outside Tai Po Community Centre) Terminus,Tai Po South,大埔墟 - 元嶺（循環綫） Tai Po Market - Yuen Leng (Circular)
8,CMPattern_GMBBus8_4359,8,22,6.493584812,Yau Tsim Mong South > Kowloon City South,FALSE,"漢口道，漢口中心外 Hankow Road, outside Hankow Centre",Yau Tsim Mong South,何文田（常和街）總站 Ho Man Tin Estate (Sheung Lok Street),Kowloon City South,何文田邨 Ho Man Tin Estate
8,CMPattern_GMBBus8_6381,8,19,6.810628747,Yau Tsim Mong South > Kowloon City South,FALSE,"漢口道，漢口中心外 Hankow Road, outside Hankow Centre",Yau Tsim Mong South,何文田（常和街）總站 Ho Man Tin Estate (Sheung Lok Street),Kowloon City South,何文田邨（經紅磡繞道） Ho Man Tin Estate (via Hung Hom Bypass)
56A,CMPattern_GMBBus56A_4152,11,22,6.661168894,Central > Wan Chai,FALSE,"羅便臣道，秀麗閣對面 Robinson Road, Opposite Serene Court",Central,天后公共運輸交滙處 Tin Hau Public Transport Interchange,Wan Chai,天后站 Tin Hau Station
401,CMPattern_CM_GMBBus_401_7497,8.2,18,7.963042028,Kwai Chung East > Kwai Chung West > Tsuen Wan Southeast > Tsing Yi,FALSE,"石蔭路，近石蔭路第三休憩花園 Shek Yam Road, near Shek Yam Road Rest Garden No. 3",Kwai Chung East,青衣碼頭總站 Tsing Yi Ferry Pier Terminus,Tsing Yi,青衣碼頭 Tsing Yi Ferry Pier
51B,CMPattern_CM_GMBBus_51b_5980,8.6,13,8.465415866,Robin’s Nest,FALSE,馬草壟路近信義新村 Ma Tso Lung Road near Shun Yee Sun Tsuen,Robin’s Nest,上水站小巴總站 Sheung Shui Station Public Light Bus Terminus,Robin’s Nest,上水站 Sheung Shui Station
16,CMPattern_CM_GMBBus_16_1_8630,10.4,25,11.89596164,Sai Kung and Hang Hau > Tseung Kwan O North,FALSE,"布袋澳村路，近清水灣鄉村俱樂部 Po Toi O Chuen Road, near The Clearwater Bay Golf and Country Club",Sai Kung and Hang Hau,寶琳公共運輸交滙處 Po Lam Station Public Transport Interchange,Tseung Kwan O North,寶林 Po Lam
83A,CMPattern_CM_GMBBus_83a_2_8990,6.4,21,5.670336589,Tsuen Wan Southeast > Kwai Chung East,FALSE,"川龍街，近海天豪苑協和廣場 Chuen Lung Street, near Concord Square, The Blue Yard",Tsuen Wan Southeast,"安捷街，近安蔭邨嘉蔭樓 On Chit Street, near Kar Yam House, On Yam Estate",Kwai Chung East,安蔭邨安捷街（經國瑞路） On Yam Estate (On Chit Street) (via Kwok Shui Road)
51K,CMPattern_CM_GMBBus_51k_1_5984,7.7,26,12.73177332,Robin’s Nest,TRUE,上水站小巴總站 Sheung Shui Station Public Light Bus Terminus,Robin’s Nest,上水站小巴總站 Sheung Shui Station Public Light Bus Terminus,Robin’s Nest,上水站 - 羅湖懲教所（循環綫） Sheung Shui Station - Lo Wu Correctional Institution (Circular)
28M,CMPattern_CM_GMBBus_28m_6172,8.5,19,9.910215153,Southern District Northwest > Western > Central > Southern District Northwest,TRUE,"上碧瑤灣24座外 Baguio Villa (Upper), outside Block 24",Southern District Northwest,"上碧瑤灣24座外 Baguio Villa (Upper), outside Block 24",Southern District Northwest,碧瑤灣上 - 香港大學站（循環綫） Baguio Villa (Upper) - HKU Station (Circular)
13,CMPattern_CM_GMBBus_13_1_7591,4.6,26,5.057102913,Western > Central > Western,TRUE,"加惠民道，近西環邨西苑臺 Ka Wai Man Road, near West Terrace, Sai Wan Estate",Western,"加惠民道，近西環邨西苑臺 Ka Wai Man Road, near West Terrace, Sai Wan Estate",Western,西環邨 - 西營盤（循環綫） Sai Wan Estate - Sai Ying Pun (Circular)
27M,CMPattern_CM_GMBBus_27m_7993,8.8,15,3.872631584,Yau Tsim Mong North > Kowloon City South > Kowloon City North,FALSE,"快富街，友誠大廈外 Fife Street, outside Yau Shing Building",Yau Tsim Mong North,"美善同道，落山道 Maidstone Road, Lok Shan Road",Kowloon City North,樂民新村美善同道 Lok Man Sun Chuen (Maidstone Road)
16,CMPattern_CM_GMBBus_16_1_8629,10.4,26,12.26280266,Tseung Kwan O North > Sai Kung and Hang Hau > Tseung Kwan O North > Sai Kung and Hang Hau,FALSE,寶琳公共運輸交滙處 Po Lam Station Public Transport Interchange,Tseung Kwan O North,"布袋澳村路，近清水灣鄉村俱樂部 Po Toi O Chuen Road, near The Clearwater Bay Golf and Country Club",Sai Kung and Hang Hau,布袋澳 Po Toi O
40,CMPattern_CM_GMBBus_40_8808,12.3,23,7.633019176,Tuen Mun North > Tuen Mun West > Tuen Mun East > Tuen Mun West > Tuen Mun North,TRUE,小坑村小巴總站 Siu Hang Tsuen Minibus Terminus,Tuen Mun North,小坑村小巴總站 Siu Hang Tsuen Minibus Terminus,Tuen Mun North,小坑村 - 屯門市中心（循環綫） Siu Hang Tsuen - Tuen Mun Town Centre (Circular)
23,CMPattern_GMBBus23_3748,7.1,26,12.30040663,Western > Central > Southern District Northwest > Western,TRUE,堅尼地城站 Kennedy Town Station,Western,堅尼地城站 Kennedy Town Station,Western,堅尼地城站 - 薄扶林（循環綫） Kennedy Town Station - Pok Fu Lam (Circular)
28M,CMPattern_CM_GMBBus_28m_1_7997,8.8,15,4.291619054,Kowloon City South > Kowloon City North > Kowloon City South > Yau Tsim Mong North,FALSE,"偉景街，偉景閣 A 座外 Wai King Street, outside Block A, Wei Chien Court",Kowloon City South,快富街近西洋菜南街 Fife Street near Sai Yeung Choi Street South,Yau Tsim Mong North,旺角站 Mong Kok Station
48,CMPattern_CM_GMBBus_48_2_7840,7.8,26,10.94287631,Kwun Tong North > Kwun Tong West > Kwun Tong North,TRUE,"利安道，近順利邨利明樓 Lee On Road, near Lee Ming House, Shun Lee Estate",Kwun Tong North,"利安道，近順利邨利明樓 Lee On Road, near Lee Ming House, Shun Lee Estate",Kwun Tong North,順利 - 九龍灣（經 Megabox）（循環綫） Shun Lee - Kowloon Bay (via Megabox) (Circular)
810,CMPattern_CM_GMBBus_810_9164,7,15,9.175654456,Sha Tin North > Sha Tin East > Sha Tin West,FALSE,"西沙路，頌安邨頌和樓對面 Sai Sha Road, Opposite Chung Wo House, Chung On Estate",Sha Tin North,"沙田正街，近偉華中心第2座 Sha Tin Centre Street, near Wai Wah Centre Block 2",Sha Tin West,沙田市中心 Sha Tin Central
807K,CMPattern_CM_GMBBus_807k_7579,9.3,14,11.41419971,Tai Po North > Sha Tin North > Sha Tin West,FALSE,井頭小巴總站 Tseng Tau Minibus Terminus,Tai Po North,大學站 University Station,Sha Tin West,大學站 University Station
401,CMPattern_CM_GMBBus_401_7496,8.2,19,8.653321981,Tsing Yi > Tsuen Wan Southeast > Kwai Chung East,FALSE,青衣碼頭總站 Tsing Yi Ferry Pier Terminus,Tsing Yi,"石蔭路，近石蔭路第三休憩花園 Shek Yam Road, near Shek Yam Road Rest Garden No. 3",Kwai Chung East,石蔭 Shek Yam
44,CMPattern_CM_GMBBus_44_10064,6,14,8.268112838,Sham Shui Po West,TRUE,恒順大廈 Hang Shun Building,Sham Shui Po West,恒順大廈 Hang Shun Building,Sham Shui Po West,長沙灣(東京街) - 海盈邨 （經海麗邨）（循環線）Cheung Sha Wan (Tonkin Street) - Hoi Ying Estate (via Hoi Lai Estate)(Circular)
44,CMPattern_CM_GMBBus_44_10065,6,13,7.820115085,Sham Shui Po West,TRUE,恒順大廈 Hang Shun Building,Sham Shui Po West,恒順大廈 Hang Shun Building,Sham Shui Po West,長沙灣(東京街) - 海盈邨 （循環線）Cheung Sha Wan (Tonkin Street) - Hoi Ying Estate (Circular)
59K,CMPattern_CM_GMBBus_59k_8878,9.1,19,10.09879313,Robin’s Nest,FALSE,上水站小巴總站 Sheung Shui Station Public Light Bus Terminus,Robin’s Nest,香園圍 Heung Yuen Wai,Robin’s Nest,香園圍村 Heung Yuen Wai Village
59K,CMPattern_CM_GMBBus_59k_8881,9.1,18,8.547462117,Robin’s Nest,FALSE,松園下 Tsung Yuen Ha,Robin’s Nest,上水站小巴總站 Sheung Shui Station Public Light Bus Terminus,Robin’s Nest,上水站 Sheung Shui Station
86,CMPattern_CM_GMBBus_86_1_6068,6.4,20,5.871889959,Kwai Chung East > Tsuen Wan Southeast > Kwai Chung West > Tsuen Wan Southeast,FALSE,"梨貝街巴士站，石籬邨石俊樓外 Lei Pui Street Bus Terminus, outside Shek Chun House, Shek Lei Estate",Kwai Chung East,海貴路公共運輸交滙處 Hoi Kwai Road Public Transport Interchange,Tsuen Wan Southeast,荃灣海貴路 Tsuen Wan (Hoi Kwai Road)
69,CMPattern_CM_GMBBus_69_1_8405,8.9,11,9.027976526,Kwun Tong Central > Kowloon City North,FALSE,麗港城公共運輸交滙處 Laguna City Public Transport Interchange,Kwun Tong Central,"獅子石道，近創業樓 Lion Rock Road, near Chong Yip Building",Kowloon City North,九龍城獅子石道 Kowloon City (Lion Rock Road)
69,CMPattern_CM_GMBBus_69_1_8406,8.9,11,9.243704432,Kwun Tong Central > Kowloon City North,FALSE,麗港城公共運輸交滙處 Laguna City Public Transport Interchange,Kwun Tong Central,"獅子石道，近創業樓 Lion Rock Road, near Chong Yip Building",Kowloon City North,九龍城獅子石道（經露明道） Kowloon City (Lion Rock Road) (via Lomond Road)
106,CMPattern_CM_GMBBus_106_7495,11.4,16,7.840146486,Sai Kung and Hang Hau > Kwun Tong North > Kwun Tong West > Kwun Tong Central > Kwun Tong West,FALSE,"寶琳北路，翠林邨對面 Po Lam Road North, near Tsui Lam Estate",Sai Kung and Hang Hau,企業廣場 Enterprise Square,Kwun Tong West,九龍灣 Kowloon Bay
808,CMPattern_GMBBus808_5916,8.7,14,8.479328204,Sha Tin North > Sha Tin East,FALSE,"西沙路，新港城外 Sai Sha Road, outside Sunshine City",Sha Tin North,威爾斯親王醫院 Prince of Wales Hospital,Sha Tin East,威爾斯親王醫院 Prince of Wales Hospital
9,CMPattern_CM_GMBBus_9_1_8571,8.4,11,10.35884518,Sai Kung and Hang Hau,FALSE,麥理浩夫人渡假村 Lady Maclehose Holiday Village,Sai Kung and Hang Hau,"福民路小巴總站，經華樓外 Fuk Man Road Public Light Bus Terminus, outside King Wah Building",Sai Kung and Hang Hau,西貢 Sai Kung
69A,CMPattern_GMBBus69A_1_4373,9.7,18,9.459697274,Yau Tsim Mong North > Sham Shui Po East > Kowloon City North > Wong Tai Sin West > Kwun Tong Central,FALSE,"通菜街，旺角警署外 Tung Choi Street, outside Mong Kok Police Station",Yau Tsim Mong North,麗港城公共運輸交滙處 Laguna City Public Transport Interchange,Kwun Tong Central,麗港城 Laguna City
21A,CMPattern_CM_GMBBus_21a_6160,4.7,10,3.689667294,Wan Chai,TRUE,蘭芳道，2號 Lan Fong Road No. 2,Wan Chai,蘭芳道，2號 Lan Fong Road No. 2,Wan Chai,銅鑼灣蘭芳道 - 勵德邨（循環綫） Causeway Bay (Lan Fong Road) - Lai Tak Tsuen (Circular)
58,CMPattern_GMBBus58_2926,7.5,23,9.925626276,Southern District Northwest > Western,FALSE,"湖南街，安泰大廈外 Wu Nam Street, outside On Tai Building",Southern District Northwest,堅尼地城站 Kennedy Town Station,Western,堅尼地城站 Kennedy Town Station
14M,CMPattern_CM_GMBBus_14m_6087,6.3,23,5.565687928,Wan Chai,TRUE,蘭芳道，2號 Lan Fong Road No. 2,Wan Chai,蘭芳道，2號 Lan Fong Road No. 2,Wan Chai,銅鑼灣蘭芳道 - 睦誠道（循環綫） Causeway Bay (Lan Fong Road) - Moorsom Road (Circular)
90A,CMPattern_CM_GMBBus_90a_6018,7.1,12,5.51615174,Kowloon City North > Kwun Tong Central > Kwun Tong Southeast,FALSE,香港兒童醫院 Hong Kong Childrens Hospital,Kowloon City North,"油麗邨翠麗樓外小巴站 GMB Stop outside Tsui Lai House, Yau Lai Estate",Kwun Tong Southeast,油塘油麗邨 Yau Tong (Yau Lai Estate)
90A,CMPattern_CM_GMBBus_90a_8021,7.1,17,7.067271573,Kowloon City North > Kwun Tong Central > Kwun Tong Southeast,FALSE,香港兒童醫院 Hong Kong Childrens Hospital,Kowloon City North,"油麗邨翠麗樓外小巴站 GMB Stop outside Tsui Lai House, Yau Lai Estate",Kwun Tong Southeast,油塘油麗邨（經高超道） Yau Tong (Yau Lai Estate) (via Ko Chiu Road)
25M,CMPattern_CM_GMBBus_25m_7979,6.9,19,6.200698773,Wong Tai Sin West > Kowloon City North,FALSE,"東隆道，近東頭（二）邨街市及熟食檔 Tung Lung Road, near Tung Tau (II) Estate Market & Cooked Food Stalls",Wong Tai Sin West,九龍塘沙福道公共交通交滙處 Kowloon Tong Suffolk Road Public Transport Interchange,Kowloon City North,九龍塘沙福道公共交通交滙處 Kowloon Tong (Suffolk Road) Public Transport Interchange
58,CMPattern_GMBBus58_2927,7.5,20,9.252117265,Western > Southern District Northwest,FALSE,堅尼地城站 Kennedy Town Station,Western,"湖南街，安泰大廈外 Wu Nam Street, outside On Tai Building",Southern District Northwest,香港仔湖南街 Aberdeen (Wu Nam Street)
9,CMPattern_CM_GMBBus_9_7589,8.1,17,6.667631416,Central,TRUE,中環（交易廣場） Central (Exchange Square),Central,中環（交易廣場） Central (Exchange Square),Central,中環交易廣場 - 寶雲道（循環綫） Central (Exchange Square) - Bowen Road (Circular)
89B,CMPattern_CM_GMBBus_89b_6066,5.8,15,9.596110083,Kwun Tong West > Kwun Tong North,FALSE,常怡道 Sheung Yee Road,Kwun Tong West,"安茵街，近智泰樓 On Yan Street, near Chi Tai House",Kwun Tong North,安泰邨 On Tai Estate
52,CMPattern_CM_GMBBus_52_6109,10.1,26,12.34182514,Southern District Northwest > Southern District Southeast,FALSE,石排灣邨公共運輸交滙處 Shek Pai Wan Estate Public Transport Interchange,Southern District Northwest,赤柱監獄 Stanley Prison,Southern District Southeast,赤柱監獄 Stanley Prison
102,CMPattern_CM_GMBBus_102_9063,10.8,6,11.70309428,Wong Tai Sin West > Tseung Kwan O North > Sai Kung and Hang Hau > Tseung Kwan O North,FALSE,"康強街，康景樓對面 Hong Keung Street, Opposite Hong King Building",Wong Tai Sin West,坑口站公共運輸交滙處 Hang Hau Station Public Transport Interchange,Tseung Kwan O North,坑口站（經觀塘繞道） Hang Hau Station (via Kwun Tong Bypass)
102,CMPattern_CM_GMBBus_102_9062,10.8,17,10.74850442,Wong Tai Sin West > Wong Tai Sin East > Kwun Tong West > Kwun Tong Central > Tseung Kwan O North > Sai Kung and Hang Hau > Tseung Kwan O North,FALSE,"康強街，康景樓對面 Hong Keung Street, Opposite Hong King Building",Wong Tai Sin West,坑口站公共運輸交滙處 Hang Hau Station Public Transport Interchange,Tseung Kwan O North,坑口站 Hang Hau Station
35,CMPattern_CM_GMBBus_35_6339,10.2,22,9.945206362,Yuen Long Town Centre > Tin Shui Wai South and Ping Ha > Yuen Long Rural East > Tin Shui Wai South and Ping Ha,FALSE,"泰豐街，近泰豐樓 Tai Fung Street, near Tai Fung House",Yuen Long Town Centre,輞井圍小巴總站 Mong Tseng Wai Minibus Terminus,Tin Shui Wai South and Ping Ha,輞井圍 Mong Tseng Wai
1A,CMPattern_CM_GMBBus_1a_7505,5.7,16,5.800777288,Central,TRUE,香港站小巴總站 Hong Kong Station Minibus Terminus,Central,香港站小巴總站 Hong Kong Station Minibus Terminus,Central,中環香港站公共運輸交滙處 - 麥當奴道（循環綫） Central (Hong Kong Station Public Transport Interchange) - Macdonnell Road (Circular)
51B,CMPattern_CM_GMBBus_51b_5979,8.6,14,8.322675781,Robin’s Nest,FALSE,料壆路近公眾停車場 Liu Pok Road near Public Car Park,Robin’s Nest,上水站小巴總站 Sheung Shui Station Public Light Bus Terminus,Robin’s Nest,上水站 Sheung Shui Station
4A,CMPattern_CM_GMBBus_4a_7540,10.2,10,9.523256691,Wan Chai > Southern District Southeast > Southern District Northwest,FALSE,"景隆街，近總統戲院 Cannon Street, near President Theatre",Wan Chai,石排灣邨公共運輸交滙處 Shek Pai Wan Estate Public Transport Interchange,Southern District Northwest,香港仔石排灣 Aberdeen (Shek Pai Wan)
49M,CMPattern_CM_GMBBus_49m_1_7701,6.3,26,6.301085076,Wan Chai > Tai Pak > Wan Chai,TRUE,天后公共運輸交滙處 Tin Hau Public Transport Interchange,Wan Chai,天后公共運輸交滙處 Tin Hau Public Transport Interchange,Wan Chai,天后站 - 寶馬山（循環綫） Tin Hau Station - Braemar Hill (Circular)
49M,CMPattern_CM_GMBBus_49m_1_7702,6.3,26,7.00172473,Wan Chai > Tai Pak > Wan Chai,TRUE,天后公共運輸交滙處 Tin Hau Public Transport Interchange,Wan Chai,天后公共運輸交滙處 Tin Hau Public Transport Interchange,Wan Chai,天后站 - 寶馬山（經寶聯徑）（循環綫） Tin Hau Station - Braemar Hill (via Po Luen Path) (Circular)
14M,CMPattern_CM_GMBBus_14m_6088,6.3,26,6.146269016,Wan Chai,TRUE,蘭芳道，2號 Lan Fong Road No. 2,Wan Chai,蘭芳道，2號 Lan Fong Road No. 2,Wan Chai,銅鑼灣蘭芳道 - 睦誠道（經谷柏道）（循環綫） Causeway Bay (Lan Fong Road) - Moorsom Road (via Cooper Road) (Circular)
20B,CMPattern_CM_GMBBus_20b_8639,8.3,23,9.016363902,Tai Po South > Tai Po North,FALSE,大埔墟站專綫小巴總站 Tai Po Market Station Minibus Terminus,Tai Po South,"洞梓路，近香港童軍總會洞梓童軍中心 Tung Tsz Road, outside Tung Tsz Scout Centre",Tai Po North,洞梓 Tung Tsz
51B,CMPattern_CM_GMBBus_51b_5978,8.6,14,8.100558211,Robin’s Nest,FALSE,上水站小巴總站 Sheung Shui Station Public Light Bus Terminus,Robin’s Nest,料壆路近公眾停車場 Liu Pok Road near Public Car Park,Robin’s Nest,料壆 Liu Pok
37,CMPattern_CM_GMBBus_37_1_8788,9,21,8.652976311,Yuen Long Rural East > Yuen Long Town Centre,FALSE,"牛潭尾路，近攸潭尾村公所 Ngau Tam Mei Road, near Ngau Tam Mei Village Office",Yuen Long Rural East,"福康街，金寶樓外小巴總站 Fook Hong Street Public Light Bus Terminus, outside Kam Po Building",Yuen Long Town Centre,元朗福康街 Yuen Long (Fook Hong Street)
37,CMPattern_CM_GMBBus_37_1_8790,9,22,9.543827367,Yuen Long Rural East > Yuen Long Town Centre,FALSE,牛潭尾（躉頭） Ngau Tam Mei (Wai Tsuen Road),Yuen Long Rural East,"福康街，金寶樓外小巴總站 Fook Hong Street Public Light Bus Terminus, outside Kam Po Building",Yuen Long Town Centre,元朗福康街 Yuen Long (Fook Hong Street)
37,CMPattern_CM_GMBBus_37_1_8791,9,18,8.246278621,Yuen Long Rural East > Yuen Long Town Centre,FALSE,"牛潭尾路，近攸潭尾村公所 Ngau Tam Mei Road, near Ngau Tam Mei Village Office",Yuen Long Rural East,"福康街，金寶樓外小巴總站 Fook Hong Street Public Light Bus Terminus, outside Kam Po Building",Yuen Long Town Centre,元朗福康街（經大橋路） Yuen Long (Fook Hong Street) (via Tai Kiu Road)
29,CMPattern_CM_GMBBus_29_6325,3.9,11,8.039096035,Sha Tin West > Tai Po South,FALSE,"科學園路，近香港中文大學 Science Park Road, near The Chinese University of Hong Kong",Sha Tin West,運頭塘總站 Wan Tau Tong Terminus,Tai Po South,運頭塘 Wan Tau Tong
83A,CMPattern_CM_GMBBus_83a_2_8991,6.4,15,4.922138867,Kwai Chung East > Tsuen Wan Southeast > Kwai Chung West > Tsuen Wan Southeast,FALSE,"安捷街，近安蔭邨嘉蔭樓 On Chit Street, near Kar Yam House, On Yam Estate",Kwai Chung East,"川龍街，近海天豪苑協和廣場 Chuen Lung Street, near Concord Square, The Blue Yard",Tsuen Wan Southeast,荃灣川龍街（經國瑞路） Tsuen Wan (Chuen Lung Street) (via Kwok Shui Road)
102,CMPattern_CM_GMBBus_102_9061,10.8,13,11.16509239,Tseung Kwan O North > Kwun Tong Central > Kwun Tong West > Wong Tai Sin East > Wong Tai Sin West,FALSE,坑口站公共運輸交滙處 Hang Hau Station Public Transport Interchange,Tseung Kwan O North,"康強街，康景樓對面 Hong Keung Street, Opposite Hong King Building",Wong Tai Sin West,新蒲崗 San Po Kong
59K,CMPattern_CM_GMBBus_59k_8879,9.1,19,10.28425567,Robin’s Nest,FALSE,香園圍 Heung Yuen Wai,Robin’s Nest,上水站小巴總站 Sheung Shui Station Public Light Bus Terminus,Robin’s Nest,上水站 Sheung Shui Station
20B,CMPattern_CM_GMBBus_20b_8640,8.3,25,10.14270142,Tai Po North > Tai Po South,FALSE,"洞梓路，近香港童軍總會洞梓童軍中心 Tung Tsz Road, outside Tung Tsz Scout Centre",Tai Po North,大埔墟站專綫小巴總站 Tai Po Market Station Minibus Terminus,Tai Po South,大埔墟站（經洞梓山路） Tai Po Market Station (via Tung Tsz Shan Road)
20B,CMPattern_CM_GMBBus_20b_8641,8.3,23,8.918325741,Tai Po North > Tai Po South,FALSE,"洞梓路，近香港童軍總會洞梓童軍中心 Tung Tsz Road, outside Tung Tsz Scout Centre",Tai Po North,大埔墟站專綫小巴總站 Tai Po Market Station Minibus Terminus,Tai Po South,大埔墟站 Tai Po Market Station
24M,CMPattern_CM_GMBBus_24m_1_7640,7.8,20,7.83522178,Central > Wan Chai,FALSE,金鐘廊 Queensway Plaza,Central,渣甸山（畢拉山道）小巴總站 Jardine's Lookout (Mount Butler Road) Minibus Terminus,Wan Chai,畢拉山（經肇輝臺） Mount Butler (via Shiu Fai Terrace)
24M,CMPattern_CM_GMBBus_24m_1_7641,7.8,17,7.055938607,Central > Wan Chai,FALSE,金鐘廊 Queensway Plaza,Central,渣甸山（畢拉山道）小巴總站 Jardine's Lookout (Mount Butler Road) Minibus Terminus,Wan Chai,畢拉山 Mount Butler
20,CMPattern_CM_GMBBus_20_2_7974,6.1,25,5.868473366,Wong Tai Sin West > Wong Tai Sin East > Wong Tai Sin West > Wong Tai Sin East > Wong Tai Sin West > Wong Tai Sin East > Wong Tai Sin West,TRUE,"康強街，安強大樓外 Hong Keung Street, outside On Keung Building",Wong Tai Sin West,"康強街，安強大樓外 Hong Keung Street, outside On Keung Building",Wong Tai Sin West,新蒲崗 - 慈雲山北（循環綫） San Po Kong - Tsz Wan Shan (North) (Circular)
42,CMPattern_CM_GMBBus_42_8133,6.8,21,4.352689171,Sham Shui Po West > Sham Shui Po East > Sham Shui Po West > Sham Shui Po East,FALSE,"汝州西街，近恒發工業大廈 Yu Chau West Street, near Hang Fat Industrial Building",Sham Shui Po West,"澤安道，澤安邨麗澤樓外 Chak On Road, outside Lai Chak House, Chak On Estate",Sham Shui Po East,澤安邨 Chak On Estate
63,CMPattern_CM_GMBBus_63_1_7796,7.6,22,8.479539448,Southern District Southeast > Southern District Northwest,FALSE,海怡半島小巴總站 South Horizons Minibus Terminus,Southern District Southeast,瑪麗醫院 s 座 Queen Mary Hospital Block s,Southern District Northwest,瑪麗醫院 Queen Mary Hospital
59K,CMPattern_CM_GMBBus_59k_8880,9.1,18,8.378776944,Robin’s Nest,FALSE,上水站小巴總站 Sheung Shui Station Public Light Bus Terminus,Robin’s Nest,打鼓嶺（松園下）總站 Ta Kwu Ling (Tsung Yuen Ha) Bus Terminus,Robin’s Nest,松園下 Tsung Yuen Ha
75,CMPattern_CM_GMBBus_75_2_8176,5.2,26,7.137665897,Sham Shui Po West > Sham Shui Po East > Sham Shui Po West > Sham Shui Po East > Sham Shui Po West,TRUE,"西邨路，近富昌邨富旺樓 Sai Chuen Road, near Fu Wong House, Fu Cheong Estate",Sham Shui Po West,"西邨路，近富昌邨富旺樓 Sai Chuen Road, near Fu Wong House, Fu Cheong Estate",Sham Shui Po West,深水埗富昌邨 - 長沙灣青山道（循環綫） Sham Shui Po (Fu Cheong Estate) - Cheung Sha Wan (Castle Peak Road) (Circular)
63,CMPattern_CM_GMBBus_63_1_7797,7.6,20,9.093460033,Southern District Northwest > Southern District Southeast,FALSE,瑪麗醫院 s 座 Queen Mary Hospital Block s,Southern District Northwest,海怡半島小巴總站 South Horizons Minibus Terminus,Southern District Southeast,海怡半島 South Horizons
101M,CMPattern_GMBBus101M_3879,10.9,13,8.222197855,Sai Kung and Hang Hau > Tseung Kwan O North,FALSE,"西貢公路，白沙灣遊艇會外 Hiram's Highway, outside Hebe Haven Yacht Club",Sai Kung and Hang Hau,坑口站公共運輸交滙處 Hang Hau Station Public Transport Interchange,Tseung Kwan O North,坑口站 Hang Hau Station
2,CMPattern_CM_GMBBus_2_1_7507,7.5,20,8.700758712,Central,TRUE,香港站小巴總站 Hong Kong Station Minibus Terminus,Central,香港站小巴總站 Hong Kong Station Minibus Terminus,Central,中環香港站 - 舊山頂道（循環綫） Central (Hong Kong Station) - Old Peak Road (Circular)
42,CMPattern_CM_GMBBus_42_8134,6.8,8,3.871543197,Sham Shui Po East > Sham Shui Po West,FALSE,"澤安道，澤安邨麗澤樓外 Chak On Road, outside Lai Chak House, Chak On Estate",Sham Shui Po East,"汝州西街，近恒發工業大廈 Yu Chau West Street, near Hang Fat Industrial Building",Sham Shui Po West,長沙灣汝州西街 Cheung Sha Wan (Yu Chau West Street)
47M,CMPattern_CM_GMBBus_47m_1_7588,4.2,8,2.922971099,Chai Wan,TRUE,柴灣站巴士總站 Chai Wan Station Bus Terminus,Chai Wan,柴灣站巴士總站 Chai Wan Station Bus Terminus,Chai Wan,柴灣站 - 柴灣永平街（循環綫） Chai Wan Station - Chai Wan (Wing Ping Street) (Circular)
88M,CMPattern_CM_GMBBus_88m_9026,8.3,11,11.26133837,Kwai Chung East > Kwai Chung West > Tsing Yi > Kwai Chung West > Kwai Chung East,TRUE,新葵芳花園 New Kwai Fong Gardens,Kwai Chung East,新葵芳花園 New Kwai Fong Gardens,Kwai Chung East,葵芳站 - 青衣南（經新都會廣場）（循環綫） Kwai Fong Station - Tsing Yi South (via Metroplaza) (Circular)
88M,CMPattern_CM_GMBBus_88m_9027,8.3,10,10.81162653,Kwai Chung East > Kwai Chung West > Tsing Yi > Kwai Chung West > Kwai Chung East,TRUE,新葵芳花園 New Kwai Fong Gardens,Kwai Chung East,新葵芳花園 New Kwai Fong Gardens,Kwai Chung East,葵芳站 - 青衣南（循環綫） Kwai Fong Station - Tsing Yi South (Circular)
37,CMPattern_CM_GMBBus_37_1_8787,9,19,8.433380002,Yuen Long Town Centre > Yuen Long Rural East,FALSE,"福康街，金寶樓外小巴總站 Fook Hong Street Public Light Bus Terminus, outside Kam Po Building",Yuen Long Town Centre,"牛潭尾路，近攸潭尾村公所 Ngau Tam Mei Road, near Ngau Tam Mei Village Office",Yuen Long Rural East,攸潭尾村公所 Yau Tam Mei Village Office
24M,CMPattern_CM_GMBBus_24m_1_7638,7.8,23,7.612592691,Wan Chai > Central,FALSE,渣甸山（畢拉山道）小巴總站 Jardine's Lookout (Mount Butler Road) Minibus Terminus,Wan Chai,金鐘廊 Queensway Plaza,Central,金鐘站德立街（經肇輝臺） Admiralty Station (Drake Street) (via Shiu Fai Terrace)
24M,CMPattern_CM_GMBBus_24m_1_7639,7.8,20,6.964423821,Wan Chai > Central,FALSE,渣甸山（畢拉山道）小巴總站 Jardine's Lookout (Mount Butler Road) Minibus Terminus,Wan Chai,金鐘廊 Queensway Plaza,Central,金鐘站德立街 Admiralty Station (Drake Street)
8,CMPattern_GMBBus8_5904,8,18,5.255307776,Yau Tsim Mong South > Kowloon City South,FALSE,"漢口道，漢口中心外 Hankow Road, outside Hankow Centre",Yau Tsim Mong South,忠孝街欣圖軒巴士站 Chung Hau Street near Cascades Bus Stop,Kowloon City South,欣圖軒 Cascades
25B,CMPattern_CM_GMBBus_25b_5616,7.9,14,4.434905203,Wong Tai Sin West > Wong Tai Sin East > Kowloon City North,FALSE,新蒲崗（譽港灣） San Po Kong (The Latitude),Wong Tai Sin West,九龍塘沙福道公共交通交滙處 Kowloon Tong Suffolk Road Public Transport Interchange,Kowloon City North,九龍塘沙福道公共交通交滙處 Kowloon Tong (Suffolk Road) Public Transport Interchange
54,CMPattern_GMBBus54_1_5284,9.4,23,8.323267104,Wong Tai Sin West > Wong Tai Sin East > Kwun Tong North,FALSE,樂富 Lok Fu,Wong Tai Sin West,順天邨 Shun Tin Estate,Kwun Tong North,順天 Shun Tin
36,CMPattern_CM_GMBBus_36_8769,9,21,8.039531468,Yuen Long Rural East > Yuen Long Town Centre,FALSE,大生圍村公所小巴總站 Tai Sang Wai Village Office Minibus Terminus,Yuen Long Rural East,"福康街，金寶樓外小巴總站 Fook Hong Street Public Light Bus Terminus, outside Kam Po Building",Yuen Long Town Centre,元朗福康街 Yuen Long (Fook Hong Street)
36,CMPattern_CM_GMBBus_36_8770,9,18,8.023998618,Yuen Long Rural East > Yuen Long Town Centre,FALSE,大生圍村公所小巴總站 Tai Sang Wai Village Office Minibus Terminus,Yuen Long Rural East,"福康街，金寶樓外小巴總站 Fook Hong Street Public Light Bus Terminus, outside Kam Po Building",Yuen Long Town Centre,元朗福康街（經大橋路） Yuen Long (Fook Hong Street) (via Tai Kiu Road)
19,CMPattern_CM_GMBBus_19_7954,5.8,16,5.615313303,Wong Tai Sin West > Wong Tai Sin East > Wong Tai Sin West > Wong Tai Sin East > Wong Tai Sin West,FALSE,"彝倫街，近百樂大樓 Yi Lun Street, near Pak Lok House",Wong Tai Sin West,"慈雲山道，沙田坳邨和田樓外 Tsz Wan Shan Road, outside Wo Tin House, Shatin Pass Estate",Wong Tai Sin West,慈雲山道沙田坳邨 Tsz Wan Shan Road (Shatin Pass Estate)
83A,CMPattern_CM_GMBBus_83a_3_8993,6.4,12,4.36364032,Kwai Chung East > Kwai Chung West > Tsuen Wan Southeast,FALSE,"安捷街，近安蔭邨嘉蔭樓 On Chit Street, near Kar Yam House, On Yam Estate",Kwai Chung East,"川龍街，近海天豪苑協和廣場 Chuen Lung Street, near Concord Square, The Blue Yard",Tsuen Wan Southeast,荃灣川龍街 Tsuen Wan (Chuen Lung Street)
38,CMPattern_CM_GMBBus_38_8803,9,19,7.926721224,Yuen Long Rural East > Yuen Long Town Centre,FALSE,"竹攸路，近香港政府環境保護署牛潭尾堆肥廠 Chuk Yau Road, near Hong Kong Government Environmental Protection Department Ngau Tam Mei Composting Plant",Yuen Long Rural East,"福康街，金寶樓外小巴總站 Fook Hong Street Public Light Bus Terminus, outside Kam Po Building",Yuen Long Town Centre,元朗福康街 Yuen Long (Fook Hong Street)
38,CMPattern_CM_GMBBus_38_8804,9,16,7.520749184,Yuen Long Rural East > Yuen Long Town Centre,FALSE,"竹攸路，近香港政府環境保護署牛潭尾堆肥廠 Chuk Yau Road, near Hong Kong Government Environmental Protection Department Ngau Tam Mei Composting Plant",Yuen Long Rural East,"福康街，金寶樓外小巴總站 Fook Hong Street Public Light Bus Terminus, outside Kam Po Building",Yuen Long Town Centre,元朗福康街（經大橋路） Yuen Long (Fook Hong Street) (via Tai Kiu Road)
73,CMPattern_CM_GMBBus_73_1_6363,6.6,11,5.619786387,Yuen Long Rural East > Yuen Long Town Centre,FALSE,元朗（崇山新村）小巴總站 Yuen Long (Sung Shan New Village) Minibus Terminus,Yuen Long Rural East,"媽橫路，近朗屏站 Ma Wang Road, near Long Ping Station",Yuen Long Town Centre,朗屏站媽橫路 Long Ping Station (Ma Wang Road)
59,CMPattern_CM_GMBBus_59_1_8206,4.5,20,3.364583033,Kwun Tong Central,TRUE,"翠屏南邨翠松樓外 Tsui Ping (South) Estate, outside Tsui Chung House",Kwun Tong Central,"翠屏南邨翠松樓外 Tsui Ping (South) Estate, outside Tsui Chung House",Kwun Tong Central,翠屏南邨 - 協和街（循環綫） Tsui Ping Estate South - Hip Wo Street (Circular)
9,CMPattern_CM_GMBBus_9_1_8572,8.4,11,10.24654634,Sai Kung and Hang Hau,FALSE,"福民路小巴總站，經華樓外 Fuk Man Road Public Light Bus Terminus, outside King Wah Building",Sai Kung and Hang Hau,麥理浩夫人渡假村 Lady Maclehose Holiday Village,Sai Kung and Hang Hau,麥理浩夫人度假村 Lady Maclehose Holiday Village
44A,CMPattern_CM_GMBBus_44a_7870,4.2,8,2.914532975,Sham Shui Po West,TRUE,長沙灣廣場小巴總站 Cheung Sha Wan Minibus Terminus,Sham Shui Po West,長沙灣廣場小巴總站 Cheung Sha Wan Minibus Terminus,Sham Shui Po West,長沙灣廣場 - 海麗邨（循環綫） Cheung Sha Wan Plaza - Hoi Lai Estate (Circular)
68,CMPattern_CM_GMBBus_68_1_8397,6.7,15,9.089275168,Wong Tai Sin East > Kwun Tong West > Kwun Tong Central > Kwun Tong West > Wong Tai Sin East,TRUE,"豐盛街，近彩雲邨彩雲（一）邨觀日樓 Fung Shing Street, near Koon Yat House, Choi Wan (I) Estate, Choi Wan Estate",Wong Tai Sin East,"豐盛街，近彩雲邨彩雲（一）邨觀日樓 Fung Shing Street, near Koon Yat House, Choi Wan (I) Estate, Choi Wan Estate",Wong Tai Sin East,彩雲邨 - 九龍灣（經啟祥道）（循環綫） Choi Wan Estate - Kowloon Bay (via Kai Cheung Road) (Circular)
52K,CMPattern_CM_GMBBus_52k_6075,6.6,14,7.599533909,Wu Tip Shan > Robin’s Nest,FALSE,粉嶺站專綫小巴總站 Public Light Bus (Scheduled) Service Terminus at Fanling Station,Wu Tip Shan,"坪輋路，馮黃鳳亭安老院外 Ping Che Road, outside Caritas Fung Wong Fung Ting Home",Robin’s Nest,坪輋（經和滿街） Ping Che (via Wo Mun Street)
52K,CMPattern_CM_GMBBus_52k_6076,6.6,13,7.226239519,Wu Tip Shan > Robin’s Nest,FALSE,粉嶺站專綫小巴總站 Public Light Bus (Scheduled) Service Terminus at Fanling Station,Wu Tip Shan,"坪輋路，馮黃鳳亭安老院外 Ping Che Road, outside Caritas Fung Wong Fung Ting Home",Robin’s Nest,坪輋 Ping Che
88M,CMPattern_CM_GMBBus_88m_9020,8.3,16,11.50053754,Kwai Chung East > Kwai Chung West > Tsing Yi,FALSE,新葵芳花園 New Kwai Fong Gardens,Kwai Chung East,香港聯合船塢小巴總站 Hong Kong United Dockyard Minibus Terminus,Tsing Yi,香港聯合船塢 Hong Kong United Dockyard
88M,CMPattern_CM_GMBBus_88m_9022,8.3,13,9.422994808,Kwai Chung East > Kwai Chung West > Tsing Yi,FALSE,新葵芳花園 New Kwai Fong Gardens,Kwai Chung East,香港聯合船塢小巴總站 Hong Kong United Dockyard Minibus Terminus,Tsing Yi,香港聯合船塢（不經長青） Hong Kong United Dockyard (omit Cheung Ching)
69X,CMPattern_GMBBus69X_6065,12.5,22,10.79927595,Southern District Northwest > Southern District Southeast > Wan Chai,FALSE,數碼港公共運輸交滙處 Cyberport Public Transport Interchange,Southern District Northwest,"駱克道，近景隆街 Lockhart Road, near Cannon Street",Wan Chai,銅鑼灣駱克道 Causeway Bay (Lockhart Road)
69X,CMPattern_GMBBus69X_6138,12.5,22,10.91889568,Southern District Northwest > Southern District Southeast > Wan Chai,FALSE,數碼港公共運輸交滙處 Cyberport Public Transport Interchange,Southern District Northwest,"駱克道，近景隆街 Lockhart Road, near Cannon Street",Wan Chai,銅鑼灣駱克道（經華富北） Causeway Bay (Lockhart Road) (via Wah Fu (North))
54,CMPattern_GMBBus54_1_5285,9.4,18,6.857118417,Kwun Tong North > Kwun Tong West > Wong Tai Sin West > Wong Tai Sin East > Wong Tai Sin West,FALSE,順天邨 Shun Tin Estate,Kwun Tong North,樂富 Lok Fu,Wong Tai Sin West,樂富 Lok Fu
89C,CMPattern_CM_GMBBus_89c_6096,6.1,17,5.12474202,Kwun Tong West > Kwun Tong North,FALSE,牛頭角總站 Ngau Tau Kok Bus Terminus,Kwun Tong West,安翠街小巴總站 On Chui Street GMB Terminus,Kwun Tong North,安達邨（經秀茂坪南） On Tat Estate (via Sau Mau Ping (South))
89C,CMPattern_CM_GMBBus_89c_6098,6.1,11,4.079945858,Kwun Tong West > Kwun Tong North,FALSE,牛頭角總站 Ngau Tau Kok Bus Terminus,Kwun Tong West,安翠街小巴總站 On Chui Street GMB Terminus,Kwun Tong North,安達邨 On Tat Estate
20C,CMPattern_CM_GMBBus_20c_8658,8.8,26,10.56022013,Tai Po North > Tai Po South,FALSE,大美督公共運輸交滙處 Tai Mei Tuk Public Transport Interchange,Tai Po North,大埔墟站專綫小巴總站 Tai Po Market Station Minibus Terminus,Tai Po South,大埔墟站 Tai Po Market Station
20C,CMPattern_CM_GMBBus_20c_8664,8.8,19,9.439861692,Tai Po North > Tai Po South,FALSE,大美督公共運輸交滙處 Tai Mei Tuk Public Transport Interchange,Tai Po North,大埔墟站專綫小巴總站 Tai Po Market Station Minibus Terminus,Tai Po South,大埔墟站（經完善路） Tai Po Market Station (via Yuen Shin Road)
69,CMPattern_CM_GMBBus_69_1_8407,8.9,9,7.571269447,Kowloon City North > Wong Tai Sin West > Kwun Tong Central,FALSE,"獅子石道，近創業樓 Lion Rock Road, near Chong Yip Building",Kowloon City North,麗港城公共運輸交滙處 Laguna City Public Transport Interchange,Kwun Tong Central,麗港城 Laguna City
3,CMPattern_CM_GMBBus_3_7520,7.6,18,4.252875713,Central,FALSE,"寶珊道，近寶城大廈 A 座 Po Shan Road, near Po Shan Mansions Block A",Central,香港站小巴總站 Hong Kong Station Minibus Terminus,Central,中環香港站公共運輸交滙處 Central (Hong Kong Station Public Transport Interchange)
83A,CMPattern_CM_GMBBus_83a_3_8992,6.4,11,4.512245034,Tsuen Wan Southeast > Kwai Chung East,FALSE,"川龍街，近海天豪苑協和廣場 Chuen Lung Street, near Concord Square, The Blue Yard",Tsuen Wan Southeast,"安捷街，近安蔭邨嘉蔭樓 On Chit Street, near Kar Yam House, On Yam Estate",Kwai Chung East,安蔭邨安捷街 On Yam Estate (On Chit Street)
3,CMPattern_CM_GMBBus_3_7519,7.6,15,5.298906868,Central,FALSE,香港站小巴總站 Hong Kong Station Minibus Terminus,Central,"寶珊道，近寶城大廈 A 座 Po Shan Road, near Po Shan Mansions Block A",Central,寶珊道 Po Shan Road
8S,CMPattern_CM_GMBBus_8s_6383,8,20,6.145428784,Kowloon City South > Yau Tsim Mong South,FALSE,何文田邨公共運輸交滙處 Ho Man Tin Estate Public Transport Interchange,Kowloon City South,"漢口道，漢口中心外 Hankow Road, outside Hankow Centre",Yau Tsim Mong South,尖沙咀漢口道 Tsim Sha Tsui (Hankow Road)
88M,CMPattern_CM_GMBBus_88m_9021,8.3,23,11.52414843,Tsing Yi > Kwai Chung West > Kwai Chung East,FALSE,香港聯合船塢小巴總站 Hong Kong United Dockyard Minibus Terminus,Tsing Yi,新葵芳花園 New Kwai Fong Gardens,Kwai Chung East,葵芳站 Kwai Fong Station
88M,CMPattern_CM_GMBBus_88m_9023,8.3,14,9.501553004,Tsing Yi > Kwai Chung West > Kwai Chung East,FALSE,香港聯合船塢小巴總站 Hong Kong United Dockyard Minibus Terminus,Tsing Yi,新葵芳花園 New Kwai Fong Gardens,Kwai Chung East,葵芳站（不經長青） Kwai Fong Station (omit Cheung Ching)
88M,CMPattern_CM_GMBBus_88m_9028,8.3,28,9.05184816,Tsing Yi > Kwai Chung West > Kwai Chung East,FALSE,香港聯合船塢小巴總站 Hong Kong United Dockyard Minibus Terminus,Tsing Yi,新葵芳花園 New Kwai Fong Gardens,Kwai Chung East,葵芳站（不經長青及新都會廣場） Kwai Fong Station (omit Cheung Ching and Metroplaza)
88M,CMPattern_CM_GMBBus_88m_9029,8.3,16,11.07444358,Tsing Yi > Kwai Chung West > Kwai Chung East,FALSE,香港聯合船塢小巴總站 Hong Kong United Dockyard Minibus Terminus,Tsing Yi,新葵芳花園 New Kwai Fong Gardens,Kwai Chung East,葵芳站（不經新都會廣場） Kwai Fong Station (omit Metroplaza)
401,CMPattern_CM_GMBBus_401_7498,8.2,15,6.75595322,Tsing Yi > Tsuen Wan Southeast > Kwai Chung East,FALSE,長安邨小巴總站 Cheung On Estate Minibus Terminus,Tsing Yi,"石蔭路，近石蔭路第三休憩花園 Shek Yam Road, near Shek Yam Road Rest Garden No. 3",Kwai Chung East,石蔭 Shek Yam
27A,CMPattern_CM_GMBBus_27a_6170,4,7,5.094718855,Southern District Northwest > Southern District Southeast > Southern District Northwest,TRUE,"西安街，利港中心外 Sai On Street, outside Port Centre",Southern District Northwest,"西安街，利港中心外 Sai On Street, outside Port Centre",Southern District Northwest,香港仔西安街 - 鴨脷洲（循環綫） Aberdeen (Sai On Street) - Ap Lei Chau (Circular)
25B,CMPattern_CM_GMBBus_25b_5615,7.9,21,5.383681079,Kowloon City North > Wong Tai Sin West,FALSE,九龍塘沙福道公共交通交滙處 Kowloon Tong Suffolk Road Public Transport Interchange,Kowloon City North,新蒲崗（譽港灣） San Po Kong (The Latitude),Wong Tai Sin West,新蒲崗譽．港灣 San Po Kong (The Latitude)
39M,CMPattern_CM_GMBBus_39m_1_8071,4.8,16,4.439267983,Wong Tai Sin West,TRUE,"樂富邨樂富廣場 Lok Fu Place, Lok Fu Estate",Wong Tai Sin West,"樂富邨樂富廣場 Lok Fu Place, Lok Fu Estate",Wong Tai Sin West,樂富 - 東頭（循環綫） Lok Fu - Tung Tau (Circular)
39M,CMPattern_CM_GMBBus_39m_1_8072,4.8,17,4.970665213,Wong Tai Sin West,TRUE,"樂富邨樂富廣場 Lok Fu Place, Lok Fu Estate",Wong Tai Sin West,"樂富邨樂富廣場 Lok Fu Place, Lok Fu Estate",Wong Tai Sin West,樂富 - 東頭（經培民街）（循環綫） Lok Fu - Tung Tau (via Pui Man Street) (Circular)
88D,CMPattern_CM_GMBBus_88d_9011,5.3,15,5.84043759,Kwai Chung East > Kwai Chung West > Tsing Yi,FALSE,"興寧路，近新都會廣場 Hing Ning Road, near Metroplaza",Kwai Chung East,宏福花園 Tivoli Garden,Tsing Yi,宏福花園 Tivoli Garden
32,CMPattern_CM_GMBBus_32_1_8751,6.4,19,5.134638109,Yuen Long Rural East > Tin Shui Wai South and Ping Ha > Yuen Long Town Centre,FALSE,"丹桂村路，近玉桂園第1座 Tan Kwai Tsuen Road, near Osmanthus Gardens Block 1",Yuen Long Rural East,元朗站（北）公共運輸交滙處 Yuen Long Station (North) Public Transport Interchange,Yuen Long Town Centre,元朗站北公共運輸交滙處 Yuen Long Station (North) Public Transport Interchange
27A,CMPattern_CM_GMBBus_27a_1_7549,9.2,16,8.926282749,Tai Po South > Sha Tin West,FALSE,白石角（天賦海灣）小巴總站 Pak Shek Kok (Providence Bay) Minibus Terminus,Tai Po South,"沙田中，排頭街，沙田站外 Pai Tau Street, outside Sha Tin Station",Sha Tin West,沙田排頭街 Sha Tin (Pai Tau Street)
27A,CMPattern_CM_GMBBus_27a_1_7551,9.2,15,8.817198575,Tai Po South > Sha Tin West,FALSE,白石角（天賦海灣）小巴總站 Pak Shek Kok (Providence Bay) Minibus Terminus,Tai Po South,"沙田中，排頭街，沙田站外 Pai Tau Street, outside Sha Tin Station",Sha Tin West,沙田排頭街（經科技大道西） Sha Tin (Pai Tau Street) (via Science Park West Avenue)
36,CMPattern_CM_GMBBus_36_8768,9,17,7.211534969,Yuen Long Town Centre > Yuen Long Rural East,FALSE,"福康街，金寶樓外小巴總站 Fook Hong Street Public Light Bus Terminus, outside Kam Po Building",Yuen Long Town Centre,大生圍村公所小巴總站 Tai Sang Wai Village Office Minibus Terminus,Yuen Long Rural East,大生圍村公所 Tai Shang Wai Rural Office
116,CMPattern_CM_GMBBus_116_10070,8.2,12,6.648537234,Sai Kung and Hang Hau > Tseung Kwan O South > Tseung Kwan O North > Sai Kung and Hang Hau,TRUE,消防及救護學院 Fire and Ambulance Services Academy,Sai Kung and Hang Hau,消防及救護學院 Fire and Ambulance Services Academy,Sai Kung and Hang Hau,百勝角 - 將軍澳站 （循環綫） Pak Shing Kok - Tseung Kwan O Station (Circular)
25A,CMPattern_CM_GMBBus_25a_1_8742,6.7,14,5.306122459,Tai Po South > Tai Po North > Tai Po South,FALSE,南華莆遊樂場 Nam Wah Po Playground,Tai Po South,大埔墟（靖遠街）總站 Tai Po Market (Tsing Yuen Street) Terminus,Tai Po South,大埔墟 Tai Po Market
56K,CMPattern_CM_GMBBus_56k_6202,10.5,17,7.389056858,Robin’s Nest > Wu Tip Shan,FALSE,"沙頭角公路，萬屋邊 Sha Tau Kok Road, Man Uk Pin",Robin’s Nest,粉嶺站專綫小巴總站 Public Light Bus (Scheduled) Service Terminus at Fanling Station,Wu Tip Shan,粉嶺站 Fanling Station
43M,CMPattern_GMBBus43M_5871,4.5,8,3.113899684,Yau Tsim Mong North > Yau Tsim Mong South > Yau Tsim Mong North,TRUE,旺角柏景灣總站 Mong Kok (Park Avenue) Bus Terminus,Yau Tsim Mong North,旺角柏景灣總站 Mong Kok (Park Avenue) Bus Terminus,Yau Tsim Mong North,旺角柏景灣 - 油麻地站（循環綫） Mong Kok (Park Avenue) - Yau Ma Tei Station (Circular)
43M,CMPattern_GMBBus43M_5873,4.5,9,3.843802764,Yau Tsim Mong North > Yau Tsim Mong South > Yau Tsim Mong North,TRUE,旺角柏景灣總站 Mong Kok (Park Avenue) Bus Terminus,Yau Tsim Mong North,旺角柏景灣總站 Mong Kok (Park Avenue) Bus Terminus,Yau Tsim Mong North,旺角柏景灣 - 油麻地站（循環綫） Mong Kok (Park Avenue) - Yau Ma Tei Station (Circular)
72,CMPattern_CM_GMBBus_72_8438,7.5,18,5.665458535,Sham Shui Po East > Kowloon City North > Wong Tai Sin West > Wong Tai Sin East,FALSE,"達之路，又一城地面 Tat Chee Avenue, Ground Floor of The Festival Walk",Sham Shui Po East,宏景花園小巴總站 Grand View Garden Minibus Terminus,Wong Tai Sin East,宏景花園 Grand View Garden
88D,CMPattern_CM_GMBBus_88d_9010,5.3,15,5.925390687,Tsing Yi > Kwai Chung West > Kwai Chung East,FALSE,宏福花園 Tivoli Garden,Tsing Yi,"興寧路，近新都會廣場 Hing Ning Road, near Metroplaza",Kwai Chung East,葵芳站 Kwai Fong Station
27A,CMPattern_CM_GMBBus_27a_1_7550,9.2,12,9.196174382,Sha Tin West > Tai Po South,FALSE,"沙田中，排頭街，沙田站外 Pai Tau Street, outside Sha Tin Station",Sha Tin West,白石角（天賦海灣）小巴總站 Pak Shek Kok (Providence Bay) Minibus Terminus,Tai Po South,白石角天賦海灣 Pak Shek Kok (Providence Bay)
27A,CMPattern_CM_GMBBus_27a_1_7552,9.2,13,9.055184079,Sha Tin West > Tai Po South,FALSE,"沙田中，排頭街，沙田站外 Pai Tau Street, outside Sha Tin Station",Sha Tin West,白石角（天賦海灣）小巴總站 Pak Shek Kok (Providence Bay) Minibus Terminus,Tai Po South,白石角天賦海灣（經科技大道西） Pak Shek Kok (Providence Bay) (via Science Park West Avenue)
51K,CMPattern_CM_GMBBus_51k_5983,6.7,13,6.047979098,Robin’s Nest,FALSE,"河上鄉排峰路，居石侯公祠外 Ho Sheung Heung Pai Tau Road, Kui Shek Hau Ancestral Hall",Robin’s Nest,上水站小巴總站 Sheung Shui Station Public Light Bus Terminus,Robin’s Nest,上水站 Sheung Shui Station
23M,CMPattern_GMBBus23M_1_3749,7.1,16,5.184168016,Southern District Northwest > Western,FALSE,"置富徑，置富花園 Chi Fu Close, Chi Fu Fa Yuen",Southern District Northwest,堅尼地城站 Kennedy Town Station,Western,堅尼地城站 Kennedy Town Station
72,CMPattern_CM_GMBBus_72_1_8971,8.7,26,12.1500131,Yuen Long Rural East > Yuen Long Town Centre,FALSE,雷公田村 Lui Kung Tin Tsuen,Yuen Long Rural East,元朗泰衡街 Yuen Long Tai Hang Street,Yuen Long Town Centre,元朗元朗泰衡街 Yuen Long (Yuen Long Tai Hang Street)
25M,CMPattern_CM_GMBBus_25m_7978,6.9,18,4.803398568,Kowloon City North > Wong Tai Sin West,FALSE,九龍塘沙福道公共交通交滙處 Kowloon Tong Suffolk Road Public Transport Interchange,Kowloon City North,"東隆道，近東頭（二）邨街市及熟食檔 Tung Lung Road, near Tung Tau (II) Estate Market & Cooked Food Stalls",Wong Tai Sin West,東頭邨東隆道 Tung Tau Estate (Tung Lung Road)
51B,CMPattern_CM_GMBBus_51b_5981,8.6,10,5.412826782,Robin’s Nest,FALSE,馬草壟展能運動村 Ma Tso Lung (outside Community Sports Limited),Robin’s Nest,上水站小巴總站 Sheung Shui Station Public Light Bus Terminus,Robin’s Nest,上水站 Sheung Shui Station
35,CMPattern_CM_GMBBus_35_1_7691,4.4,19,4.044650525,Kwun Tong West > Kwun Tong Central,FALSE,"彩禧路，近彩霞邨彩月樓 Choi Hei Road, near Choi Yuet House, Choi Ha Estate",Kwun Tong West,"康利道，近聖傑靈女子中學 Hong Lee Road, near St. Catharine's School For Girls Kwun Tong",Kwun Tong Central,康利苑 Hong Lee Court
34S,CMPattern_CM_GMBBus_34s_7775,4.1,13,4.381497562,Kwun Tong North > Kwun Tong Central > Kwun Tong North > Kwun Tong Central > Kwun Tong North,TRUE,"曉光街，近秀茂坪道／曉光街休憩處 Hiu Kwong Street, near Sau Mau Ping Road / Hiu Kwong Street Sitting-Out Area",Kwun Tong North,"曉光街，近秀茂坪道／曉光街休憩處 Hiu Kwong Street, near Sau Mau Ping Road / Hiu Kwong Street Sitting-Out Area",Kwun Tong North,秀茂坪上巴士總站 - 觀塘裕民坊（循環綫） Sau Mau Ping (Upper) Bus Terminus - Kwun Tong (Yue Man Square) (Circular)
78,CMPattern_CM_GMBBus_78_5996,9.7,26,15.71491429,Yuen Long Rural East,FALSE,落馬洲（新田）公共運輸交滙處 Lok Ma Chau (San Tin) Public Transport Interchange,Yuen Long Rural East,"八鄉路近大欖巴士轉車站 Pat Heung Road, near Tai Lam Bus-Bus Interchange",Yuen Long Rural East,八鄉路近大欖巴士轉車站 Pat Heung Road (near Tai Lam Bus-Bus Interchange)
78,CMPattern_CM_GMBBus_78_5998,9.7,26,17.05294293,Yuen Long Rural East,FALSE,落馬洲管制站 Lok Ma Chau Control Point,Yuen Long Rural East,"八鄉路近大欖巴士轉車站 Pat Heung Road, near Tai Lam Bus-Bus Interchange",Yuen Long Rural East,八鄉路近大欖巴士轉車站 Pat Heung Road (near Tai Lam Bus-Bus Interchange)
78,CMPattern_CM_GMBBus_78_6000,9.7,21,15.52529567,Yuen Long Rural East,FALSE,落馬洲（新田）公共運輸交滙處 Lok Ma Chau (San Tin) Public Transport Interchange,Yuen Long Rural East,"八鄉路近大欖巴士轉車站 Pat Heung Road, near Tai Lam Bus-Bus Interchange",Yuen Long Rural East,八鄉路近大欖巴士轉車站（經新田公路） Pat Heung Road (near Tai Lam Bus-Bus Interchange) (via San Tin Highway)
22,CMPattern_CM_GMBBus_22_6121,9.2,25,9.879435526,Central > Southern District Northwest,FALSE,中環（交易廣場） Central (Exchange Square),Central,"利牧徑，薄扶林花園 Claymore Avenue, Pok Fu Lam Garden",Southern District Northwest,薄扶林花園（經堅麗閣） Pok Fu Lam Gardens (via Kennedy Heights)
22,CMPattern_CM_GMBBus_22_6122,9.2,23,9.806382387,Central > Southern District Northwest,FALSE,中環（交易廣場） Central (Exchange Square),Central,"利牧徑，薄扶林花園 Claymore Avenue, Pok Fu Lam Garden",Southern District Northwest,薄扶林花園 Pok Fu Lam Gardens
23K,CMPattern_CM_GMBBus_23k_8726,5.7,14,4.727700699,Tai Po South,TRUE,"碗窰路，新屋家 Wun Yiu Road, San Uk Ka",Tai Po South,"碗窰路，新屋家 Wun Yiu Road, San Uk Ka",Tai Po South,新屋家 - 大埔墟（循環綫） San Uk Ka - Tai Po Market (Circular)
3A,CMPattern_CM_GMBBus_3a_7524,7.6,16,3.789147947,Central,FALSE,"旭龢道，近旭龢道食水配水庫 Kotewall Road, near Kotewall Road Fresh Water Service Reservoir",Central,香港站小巴總站 Hong Kong Station Minibus Terminus,Central,中環香港站公共運輸交滙處 Central (Hong Kong Station Public Transport Interchange)
47E,CMPattern_GMBBus47E_10644,8.2,19,4.450650492,Chai Wan,FALSE,東區尤德夫人那打素醫院主座大樓 Pamela Youde Nethersole Eastern Hospital Main Block,Chai Wan,小西灣第三期 Siu Sai Wan Phase III,Chai Wan,小西灣邨 Siu Sai Wan Estate
20K,CMPattern_CM_GMBBus_20k_8674,7.2,19,7.69559933,Tai Po North > Tai Po South,FALSE,"三門仔路，暉曜花園對面 Sam Mun Tsai Road, Opposite Springdale Garden",Tai Po North,大埔墟站專綫小巴總站 Tai Po Market Station Minibus Terminus,Tai Po South,大埔墟站 Tai Po Market Station
20K,CMPattern_CM_GMBBus_20k_8677,7.2,10,6.600420188,Tai Po North > Tai Po South,FALSE,"三門仔路，暉曜花園對面 Sam Mun Tsai Road, Opposite Springdale Garden",Tai Po North,大埔墟站專綫小巴總站 Tai Po Market Station Minibus Terminus,Tai Po South,大埔墟站（經完善路） Tai Po Market Station (via Yuen Shin Road)
20K,CMPattern_CM_GMBBus_20k_8680,7.2,17,8.960886683,Tai Po North > Tai Po South,FALSE,三門仔路，近沙欄路 Sam Mun Tsai Road near Sha Lan Road,Tai Po North,大埔墟站專綫小巴總站 Tai Po Market Station Minibus Terminus,Tai Po South,大埔墟站 Tai Po Market Station
25A,CMPattern_CM_GMBBus_25a_6247,6.9,14,3.278284405,Wong Tai Sin West > Kowloon City North,FALSE,"東隆道，近東頭（二）邨街市及熟食檔 Tung Lung Road, near Tung Tau (II) Estate Market & Cooked Food Stalls",Wong Tai Sin West,九龍塘沙福道公共交通交滙處 Kowloon Tong Suffolk Road Public Transport Interchange,Kowloon City North,九龍塘沙福道公共交通交滙處 Kowloon Tong (Suffolk Road) Public Transport Interchange
63A,CMPattern_GMBBus63A_1_3866,4.8,14,6.168402918,Southern District Northwest,FALSE,"南寧街，海湖閣外 Nam Ning Street, outside Hoi Wun Court",Southern District Northwest,"南寧街，海湖閣外 Nam Ning Street, outside Hoi Wun Court",Southern District Northwest,香港仔南寧街 - 華富邨（循環綫） Aberdeen (Nam Ning Street) - Wah Fu Estate (Circular)
57K,CMPattern_CM_GMBBus_57k_1_8861,8.5,10,5.5698541,Robin’s Nest,FALSE,上水站小巴總站 Sheung Shui Station Public Light Bus Terminus,Robin’s Nest,"蕉徑路，近彭氏宗祠 Tsiu Keng Road, near Pang Temple",Robin’s Nest,蕉徑 Tsiu Keng
308M,CMPattern_GMBBus308M_7383,9.6,22,23.52309755,Tsing Yi > Tsuen Wan Northwest > Tsing Yi,FALSE,青衣站小巴總站 Tsing Yi Station GMB Terminus,Tsing Yi,青衣站小巴總站 Tsing Yi Station GMB Terminus,Tsing Yi,青衣站 - 荃灣浪翠園（經青嶼幹綫訪客中心）（循環綫） Tsing Yi Station - Tsuen Wan (Sea Crest Villa) (via Lantau Link Visitors Centre) (Circular)
35,CMPattern_CM_GMBBus_35_1_7692,4.4,20,3.868178584,Kwun Tong Central > Kwun Tong West,FALSE,"康利道，近聖傑靈女子中學 Hong Lee Road, near St. Catharine's School For Girls Kwun Tong",Kwun Tong Central,"彩禧路，近彩霞邨彩月樓 Choi Hei Road, near Choi Yuet House, Choi Ha Estate",Kwun Tong West,彩霞邨 Choi Ha Estate
37,CMPattern_CM_GMBBus_37_7681,5.8,13,5.327156162,Southern District Southeast,TRUE,"平瀾街，年豐大廈對面 Ping Lan Street, Opposite Ning Fung Mansion",Southern District Southeast,"平瀾街，年豐大廈對面 Ping Lan Street, Opposite Ning Fung Mansion",Southern District Southeast,鴨脷洲平瀾街 - 利東邨（循環綫） Ap Lei Chau (Ping Lan Street) - Lei Tung Estate (Circular)
51K,CMPattern_CM_GMBBus_51k_5982,6.7,12,5.838446551,Robin’s Nest,FALSE,上水站小巴總站 Sheung Shui Station Public Light Bus Terminus,Robin’s Nest,"河上鄉排峰路，居石侯公祠外 Ho Sheung Heung Pai Tau Road, Kui Shek Hau Ancestral Hall",Robin’s Nest,河上鄉 Ho Sheung Heung
5M,CMPattern_CM_GMBBus_5m_1_7852,5.3,15,4.005465916,Kowloon City South > Yau Tsim Mong North > Kowloon City South,TRUE,"學餘里，近樂園 Hok Yu Lane, near Happy Court",Kowloon City South,"學餘里，近樂園 Hok Yu Lane, near Happy Court",Kowloon City South,窩打老道山學餘里 - 旺角站（經亞皆老街）（循環綫） Waterloo Hill (Hok Yu Lane) - Mong Kok Station (via Argyle Street) (Circular)
89C,CMPattern_CM_GMBBus_89c_6095,6.1,13,5.07501327,Kwun Tong North > Kwun Tong West,FALSE,安翠街小巴總站 On Chui Street GMB Terminus,Kwun Tong North,牛頭角總站 Ngau Tau Kok Bus Terminus,Kwun Tong West,牛頭角（經秀茂坪南） Ngau Tau Kok (via Sau Mau Ping (South))
89C,CMPattern_CM_GMBBus_89c_6097,6.1,11,4.145562017,Kwun Tong North > Kwun Tong West,FALSE,安翠街小巴總站 On Chui Street GMB Terminus,Kwun Tong North,牛頭角總站 Ngau Tau Kok Bus Terminus,Kwun Tong West,牛頭角 Ngau Tau Kok
73,CMPattern_CM_GMBBus_73_1_6362,6.6,9,5.460810351,Yuen Long Town Centre > Yuen Long Rural East,FALSE,"媽橫路，近朗屏站 Ma Wang Road, near Long Ping Station",Yuen Long Town Centre,元朗（崇山新村）小巴總站 Yuen Long (Sung Shan New Village) Minibus Terminus,Yuen Long Rural East,崇山新村 Sung Shan New Village
609S,CMPattern_CM_GMBBus_609s_7490,5.1,9,7.695250408,Yuen Long Rural East > Yuen Long Town Centre > Yuen Long Rural East,FALSE,朗善邨 Long Shin Estate,Yuen Long Rural East,朗善邨 Long Shin Estate,Yuen Long Rural East,朗善邨 - 元朗市中心（經博愛醫院）（循環綫） Long Shin Estate - Yuen Long Town (via Pok Oi Hospital) (Circular)
13,CMPattern_CM_GMBBus_13_2_7762,6.8,19,7.570863695,Sai Kung and Hang Hau > Tseung Kwan O South > Sai Kung and Hang Hau > Kwun Tong North > Kwun Tong Central > Kwun Tong North > Kwun Tong Central,FALSE,康盛花園小巴總站 Hong Sing Garden Minibus Terminus,Sai Kung and Hang Hau,裕民坊公共運輸交滙處 Yue Man Square Public Transport Interchange,Kwun Tong Central,觀塘裕民坊 Kwun Tong (Yue Man Square)
43M,CMPattern_GMBBus43M_5872,4.5,7,2.769000894,Yau Tsim Mong South > Yau Tsim Mong North,FALSE,"海泓道，富榮花園外 Hoi Wang Road, outside Charming Garden",Yau Tsim Mong South,旺角柏景灣總站 Mong Kok (Park Avenue) Bus Terminus,Yau Tsim Mong North,旺角柏景灣 Mong Kok (Park Avenue)
58,CMPattern_GMBBus58_5881,7.5,12,5.842923752,Southern District Northwest,FALSE,"大口環道，大口環根德公爵夫人兒童醫院 Sandy Bay Road, The Duchess of Kent Children’s Hospital",Southern District Northwest,"湖南街，安泰大廈外 Wu Nam Street, outside On Tai Building",Southern District Northwest,香港仔湖南街 Aberdeen (Wu Nam Street)
23M,CMPattern_GMBBus23M_1_5864,7.1,12,4.370083554,Western > Central > Southern District Northwest,FALSE,堅尼地城站 Kennedy Town Station,Western,"置富徑，置富花園 Chi Fu Close, Chi Fu Fa Yuen",Southern District Northwest,置富花園 Chi Fu Fa Yuen
91A,CMPattern_CM_GMBBus_91a_6408,6.2,22,4.897365436,Kwai Chung West > Kwai Chung East > Kwai Chung West > Kwai Chung East,FALSE,"荔崗街，浩景臺3座對面 Lai Kong Street, Opposite Block 3, Highland Park",Kwai Chung West,"興寧路，近新都會廣場 Hing Ning Road, near Metroplaza",Kwai Chung East,葵芳站 Kwai Fong Station
89A,CMPattern_CM_GMBBus_89a_5330,6.1,14,5.051314595,Kwun Tong North > Kwun Tong West,FALSE,"安茵街，近智泰樓 On Yan Street, near Chi Tai House",Kwun Tong North,牛頭角總站 Ngau Tau Kok Bus Terminus,Kwun Tong West,牛頭角總站 Ngau Tau Kok Bus Terminus
807K,CMPattern_CM_GMBBus_807k_7583,9.3,11,5.713010334,Tai Po North > Sha Tin North,FALSE,井頭小巴總站 Tseng Tau Minibus Terminus,Tai Po North,海栢花園公共運輸交滙處 Bayshore Towers Public Transport Interchange,Sha Tin North,馬鞍山站海栢花園 Ma On Shan Station (Bayshore Towers)
87,CMPattern_CM_GMBBus_87_9004,5.4,12,3.587458839,Kwai Chung East > Kwai Chung West > Tsuen Wan Southeast,FALSE,"盛芳街，近協德大廈 Shing Fong Street, near Hip Tak Building",Kwai Chung East,"鹹田街，近荃灣石壁遷置村遊樂場 Ham Tin Street, near Shek Pik Resettlers' Playground, Tsuen Wan",Tsuen Wan Southeast,荃灣鹹田街 Tsuen Wan (Ham Tin Street)
29A,CMPattern_CM_GMBBus_29a_1_8023,5.7,15,4.272625235,Kowloon City North,TRUE,九龍塘沙福道公共交通交滙處 Kowloon Tong Suffolk Road Public Transport Interchange,Kowloon City North,九龍塘沙福道公共交通交滙處 Kowloon Tong Suffolk Road Public Transport Interchange,Kowloon City North,九龍塘沙福道公共運輸交滙處 - 廣播道（循環綫） Kowloon Tong (Suffolk Road) Public Transport Interchange - Broadcast Drive (Circular)
82,CMPattern_CM_GMBBus_82_1_8773,6.2,9,4.699462771,Tsuen Wan Southeast,FALSE,"兆和街，近永安樓 Shiu Wo Street, near Wing On House",Tsuen Wan Southeast,"城門道，近城門郊野公園遊客中心 Shing Mun Road, near Shing Mun Country Park Visitor Centre",Tsuen Wan Southeast,城門水塘 Shing Mun Reservoir
52K,CMPattern_CM_GMBBus_52k_6085,7.4,14,7.779676907,Robin’s Nest > Wu Tip Shan,FALSE,坪洋村 Ping Yeung Tsuen,Robin’s Nest,粉嶺站專綫小巴總站 Public Light Bus (Scheduled) Service Terminus at Fanling Station,Wu Tip Shan,粉嶺站 Fanling Station
90A,CMPattern_CM_GMBBus_90a_6017,5.5,11,5.439877843,Kwun Tong Southeast > Kwun Tong Central > Kowloon City North,FALSE,"油麗邨翠麗樓外小巴站 GMB Stop outside Tsui Lai House, Yau Lai Estate",Kwun Tong Southeast,香港兒童醫院 Hong Kong Childrens Hospital,Kowloon City North,香港兒童醫院 Hong Kong Childrens Hospital
15,CMPattern_CM_GMBBus_15_1_8616,5.2,12,6.22572351,Tseung Kwan O North > Sai Kung and Hang Hau,FALSE,"寶寧路，近將軍澳醫院 Po Ning Road, near Tseung Kwan O Hospital",Tseung Kwan O North,康盛花園小巴總站 Hong Sing Garden Minibus Terminus,Sai Kung and Hang Hau,康盛 Hong Sing
94A,CMPattern_CM_GMBBus_94a_9435,7.2,24,7.305197198,Tsuen Wan Southeast > Kwai Chung East > Kwai Chung West > Kwai Chung East > Tsuen Wan Southeast,TRUE,梨木樹邨公共運輸交滙處 Lei Muk Shue Estate Public Transport Interchange,Tsuen Wan Southeast,梨木樹邨公共運輸交滙處 Lei Muk Shue Estate Public Transport Interchange,Tsuen Wan Southeast,梨木樹邨公共運輸交滙處 - 葵富路（循環綫） Lei Muk Shue Estate Public Transport Interchange - Kwai Foo Road (Circular)
38,CMPattern_CM_GMBBus_38_8802,9,17,7.709253885,Yuen Long Town Centre > Yuen Long Rural East,FALSE,"福康街，金寶樓外小巴總站 Fook Hong Street Public Light Bus Terminus, outside Kam Po Building",Yuen Long Town Centre,"竹攸路，近香港政府環境保護署牛潭尾堆肥廠 Chuk Yau Road, near Hong Kong Government Environmental Protection Department Ngau Tam Mei Composting Plant",Yuen Long Rural East,攸潭尾西近何生農場 Ha Chuk Yuen (near Ho Sang Farm)
65A,CMPattern_CM_GMBBus_65a_7577,6.5,11,5.376959439,Sha Tin West > Sha Tin East,FALSE,沙田站公共運輸交滙處 Shatin Station Public Transport Interchange,Sha Tin West,黃泥頭巴士總站 Wong Nai Tau Bus Terminus,Sha Tin East,黃泥頭 Wong Nai Tau
26A,CMPattern_CM_GMBBus_26a_8747,7.9,26,11.78911452,Tai Po North > Tai Po South > Tai Po North,TRUE,露屏路公共交通交滙處 Lo Ping Road Public Transport Interchange,Tai Po North,露屏路公共交通交滙處 Lo Ping Road Public Transport Interchange,Tai Po North,香港教育大學 - 大埔墟廣福道（循環綫） The Education University of Hong Kong - Tai Po Market (Kwong Fuk Road) (Circular)
5M,CMPattern_CM_GMBBus_5m_1_7850,5.3,13,3.439675342,Kowloon City South > Yau Tsim Mong North > Kowloon City South,TRUE,"學餘里，近樂園 Hok Yu Lane, near Happy Court",Kowloon City South,"學餘里，近樂園 Hok Yu Lane, near Happy Court",Kowloon City South,窩打老道山學餘里 - 旺角站（循環綫） Waterloo Hill (Hok Yu Lane) - Mong Kok Station (Circular)
32,CMPattern_CM_GMBBus_32_1_8750,6.4,17,5.971870997,Yuen Long Town Centre > Tin Shui Wai South and Ping Ha > Yuen Long Rural East > Tin Shui Wai South and Ping Ha > Yuen Long Rural East,FALSE,元朗站（北）公共運輸交滙處 Yuen Long Station (North) Public Transport Interchange,Yuen Long Town Centre,"丹桂村路，近玉桂園第1座 Tan Kwai Tsuen Road, near Osmanthus Gardens Block 1",Yuen Long Rural East,丹桂村 Tan Kwai Tsuen
47M,CMPattern_CM_GMBBus_47m_1_7586,4.2,21,5.159321883,Chai Wan,TRUE,柴灣站巴士總站 Chai Wan Station Bus Terminus,Chai Wan,柴灣站巴士總站 Chai Wan Station Bus Terminus,Chai Wan,柴灣站 - 小西灣第三期（循環綫） Chai Wan Station - Siu Sai Wan Phase III (Circular)
25A,CMPattern_CM_GMBBus_25a_1_8741,6.7,12,4.349978114,Tai Po South,FALSE,太和廣場 Tai Wo Plaza,Tai Po South,南華莆遊樂場 Nam Wah Po Playground,Tai Po South,南華莆 Nam Wa Po
15,CMPattern_CM_GMBBus_15_1_8617,5.2,13,5.813384047,Sai Kung and Hang Hau > Tseung Kwan O North > Sai Kung and Hang Hau > Tseung Kwan O North,FALSE,康盛花園小巴總站 Hong Sing Garden Minibus Terminus,Sai Kung and Hang Hau,"寶寧路，近將軍澳醫院 Po Ning Road, near Tseung Kwan O Hospital",Tseung Kwan O North,坑口 Hang Hau
91A,CMPattern_CM_GMBBus_91a_6409,6.2,22,5.264547781,Kwai Chung East > Kwai Chung West > Kwai Chung East > Kwai Chung West,FALSE,"興寧路，近新都會廣場 Hing Ning Road, near Metroplaza",Kwai Chung East,"荔崗街，浩景臺3座對面 Lai Kong Street, Opposite Block 3, Highland Park",Kwai Chung West,荔崗街 Lai Kong Street
103,CMPattern_CM_GMBBus_103_6105,11.1,24,14.00842429,Kwun Tong Central > Tseung Kwan O North > Sai Kung and Hang Hau > Tseung Kwan O North > Sai Kung and Hang Hau,FALSE,觀塘碼頭 Kwun Tong Ferry,Kwun Tong Central,清水灣第二灣泳灘 Clear Water Bay Second Beach,Sai Kung and Hang Hau,清水灣（經敬業街） Clear Water Bay (via King Yip Street)
103,CMPattern_CM_GMBBus_103_6106,11.1,19,13.07649883,Kwun Tong Central > Tseung Kwan O North > Sai Kung and Hang Hau > Tseung Kwan O North > Sai Kung and Hang Hau,FALSE,觀塘碼頭 Kwun Tong Ferry,Kwun Tong Central,清水灣第二灣泳灘 Clear Water Bay Second Beach,Sai Kung and Hang Hau,清水灣 Clear Water Bay
44A,CMPattern_CM_GMBBus_44a_7871,4.2,8,6.114137304,Sham Shui Po West,TRUE,長沙灣廣場小巴總站 Cheung Sha Wan Minibus Terminus,Sham Shui Po West,長沙灣廣場小巴總站 Cheung Sha Wan Minibus Terminus,Sham Shui Po West,長沙灣廣場 - 海盈邨（循環綫） Cheung Sha Wan Plaza - Hoi Ying Estate (Circular)
71A,CMPattern_CM_GMBBus_71a_6417,7,11,6.103524734,Yuen Long Rural East,FALSE,錦上路站公共運輸交滙處 Kam Sheung Road Station Public Transport Interchange,Yuen Long Rural East,長莆村 Cheung Po Tsuen,Yuen Long Rural East,長莆村 Cheung Po Tsuen
39,CMPattern_CM_GMBBus_39_8757,7.2,18,4.519544159,Yuen Long Town Centre > Yuen Long Rural East,FALSE,元朗（鳳翔路）總站 Yuen Long (Fung Cheung Road) Bus Terminus,Yuen Long Town Centre,"公庵路，近培康居 Kung Um Road, near Pui Hong Kui",Yuen Long Rural East,公庵 Kung Um
60K,CMPattern_CM_GMBBus_60k_6132,6.1,15,4.445067771,Sha Tin West,FALSE,沙田站公共運輸交滙處 Shatin Station Public Transport Interchange,Sha Tin West,桂地新村停車場 Kwai Tei San Chuen Car Park,Sha Tin West,火炭平房區 Fo Tan Cottage Area
20K,CMPattern_CM_GMBBus_20k_8673,7.2,20,7.866947108,Tai Po South > Tai Po North,FALSE,大埔墟站專綫小巴總站 Tai Po Market Station Minibus Terminus,Tai Po South,"三門仔路，暉曜花園對面 Sam Mun Tsai Road, Opposite Springdale Garden",Tai Po North,三門仔 Sam Mun Tsai
20K,CMPattern_CM_GMBBus_20k_8676,7.2,11,6.469346562,Tai Po South > Tai Po North,FALSE,大埔墟站專綫小巴總站 Tai Po Market Station Minibus Terminus,Tai Po South,"三門仔路，暉曜花園對面 Sam Mun Tsai Road, Opposite Springdale Garden",Tai Po North,三門仔（經完善路） Sam Mun Tsai (via Yuen Shin Road)
20K,CMPattern_CM_GMBBus_20k_8678,7.2,22,8.76172582,Tai Po South > Tai Po North,FALSE,大埔墟站專綫小巴總站 Tai Po Market Station Minibus Terminus,Tai Po South,"三門仔路，暉曜花園對面 Sam Mun Tsai Road, Opposite Springdale Garden",Tai Po North,三門仔（經沙欄路） Sam Mun Tsai (via Sha Lan Road)
20K,CMPattern_CM_GMBBus_20k_8679,7.2,17,8.028828464,Tai Po South > Tai Po North,FALSE,大埔墟站專綫小巴總站 Tai Po Market Station Minibus Terminus,Tai Po South,聯益漁村 Luen Yick Fishermen Village,Tai Po North,聯益新村 Luen Yick New Village
32,CMPattern_CM_GMBBus_32_7670,5.6,21,4.2853006,Hong Wan > Tai Pak > Hong Wan,FALSE,"康盛街，近康怡花園俱樂部 Hong Shing Street, near Kornhill Recreation Club",Hong Wan,"望隆街，近峻峰花園 D 座 Mong Lung Street, near Perfect Mount Gardens Block D",Hong Wan,筲箕灣站 Shau Kei Wan Station
16,CMPattern_CM_GMBBus_16_1_8631,6.3,17,6.831022785,Tseung Kwan O North > Sai Kung and Hang Hau,FALSE,"重華路，東港城第6座對面 Chung Wa Road, Opposite Block 6, East Point City",Tseung Kwan O North,大坳門 Tai Au Mun,Sai Kung and Hang Hau,大坳門 Tai Au Mun
25A,CMPattern_CM_GMBBus_25a_1_8743,6.7,19,6.083741525,Tai Po South > Tai Po North > Tai Po South,FALSE,泰亨鄉公所 Tai Hang Village Office,Tai Po South,大埔墟（靖遠街）總站 Tai Po Market (Tsing Yuen Street) Terminus,Tai Po South,大埔墟 Tai Po Market
9,CMPattern_CM_GMBBus_9_1_8573,8.4,6,5.841567679,Sai Kung and Hang Hau,FALSE,大網仔 Tai Mong Tsai,Sai Kung and Hang Hau,"福民路小巴總站，經華樓外 Fuk Man Road Public Light Bus Terminus, outside King Wah Building",Sai Kung and Hang Hau,西貢 Sai Kung
32,CMPattern_CM_GMBBus_32_7671,5.6,19,3.964405657,Hong Wan,FALSE,"望隆街，近峻峰花園 D 座 Mong Lung Street, near Perfect Mount Gardens Block D",Hong Wan,"康盛街，近康怡花園俱樂部 Hong Shing Street, near Kornhill Recreation Club",Hong Wan,康山 Kornhill
403P,CMPattern_CM_GMBBus_403p_6187,12.3,24,22.22222979,Kwai Chung East > Tsuen Wan Southeast > Sha Tin West > Tsuen Wan Southeast > Kwai Chung East,TRUE,"梨貝街巴士站，石籬邨石俊樓外 Lei Pui Street Bus Terminus, outside Shek Chun House, Shek Lei Estate",Kwai Chung East,"梨貝街巴士站，石籬邨石俊樓外 Lei Pui Street Bus Terminus, outside Shek Chun House, Shek Lei Estate",Kwai Chung East,石籬梨貝街 - 沙田担杆莆街（循環綫） Shek Lei (Lei Pui Street) - Sha Tin (Tam Kon Po Street) (Circular)
60K,CMPattern_CM_GMBBus_60k_6133,6.1,10,4.201194926,Sha Tin West,FALSE,桂地新村停車場 Kwai Tei San Chuen Car Park,Sha Tin West,沙田站公共運輸交滙處 Shatin Station Public Transport Interchange,Sha Tin West,沙田站 Sha Tin Station
28,CMPattern_GMBBus28_1332,11.5,26,11.9288646,Wan Chai > Central > Western > Central > Southern District Northwest,FALSE,"新會道，近京城大廈 Sun Wui Road, near Capital Building",Wan Chai,"上碧瑤灣24座外 Baguio Villa (Upper), outside Block 24",Southern District Northwest,碧瑤灣上 Baguio Villa (Upper)
56,CMPattern_CM_GMBBus_56_1_8201,6.4,11,3.471543368,Kwun Tong West > Kwun Tong Central,FALSE,麗晶花園小巴總站 Richland Gardens Minibus Terminus,Kwun Tong West,"崇仁街，南華大樓外 Shung Yan Street, outside Nam Wah Mansion",Kwun Tong Central,崇仁街 Shung Yan Street
56,CMPattern_CM_GMBBus_56_1_8202,6.4,12,3.51037134,Kwun Tong Central > Kwun Tong West,FALSE,"崇仁街，南華大樓外 Shung Yan Street, outside Nam Wah Mansion",Kwun Tong Central,麗晶花園小巴總站 Richland Gardens Minibus Terminus,Kwun Tong West,麗晶花園 Richland Gardens
25A,CMPattern_CM_GMBBus_25a_1_8740,6.7,9,3.865879305,Tai Po South,FALSE,南華莆遊樂場 Nam Wah Po Playground,Tai Po South,"太和邨太和廣場西翼 Tai Wo Plaza West Wing, Tai Wo Estate",Tai Po South,太和站 Tai Wo Station
71A,CMPattern_CM_GMBBus_71a_6413,7,11,6.122866018,Yuen Long Rural East,FALSE,長莆村 Cheung Po Tsuen,Yuen Long Rural East,錦上路站公共運輸交滙處 Kam Sheung Road Station Public Transport Interchange,Yuen Long Rural East,錦上路站公共運輸交滙處 Kam Sheung Road Station Public Transport Interchange
2,CMPattern_CM_GMBBus_2_2_8481,5.9,7,5.485932576,Sai Kung and Hang Hau,FALSE,"宜春街，西貢街市對面 Yi Chun Street, Opposite Sai Kung Market",Sai Kung and Hang Hau,"蠔涌路，蠔涌外 Ho Chung Road, outside Ho Chung",Sai Kung and Hang Hau,蠔涌 Ho Chung
59,CMPattern_CM_GMBBus_59_1_8205,4.5,22,3.865577617,Kwun Tong Central,TRUE,"翠屏南邨翠松樓外 Tsui Ping (South) Estate, outside Tsui Chung House",Kwun Tong Central,"翠屏南邨翠松樓外 Tsui Ping (South) Estate, outside Tsui Chung House",Kwun Tong Central,翠屏南邨 - 協和街（經佳廉道）（循環綫） Tsui Ping Estate South - Hip Wo Street (via Kai Lim Road) (Circular)
16,CMPattern_CM_GMBBus_16_1_8632,6.3,15,6.065876903,Sai Kung and Hang Hau > Tseung Kwan O North,FALSE,大坳門 Tai Au Mun,Sai Kung and Hang Hau,"重華路，東港城第6座對面 Chung Wa Road, Opposite Block 6, East Point City",Tseung Kwan O North,坑口重華路 Hang Hau (Chung Wa Road)
88F,CMPattern_CM_GMBBus_88f_9015,4,10,3.729172895,Tsing Yi,FALSE,藍澄灣第三座 Rambler Crest Tower 3,Tsing Yi,青衣站小巴總站 Tsing Yi Station GMB Terminus,Tsing Yi,青衣站 Tsing Yi Station
57K,CMPattern_CM_GMBBus_57k_8858,8.5,9,5.358690973,Robin’s Nest,FALSE,長瀝村 Cheung Lek Village,Robin’s Nest,上水站小巴總站 Sheung Shui Station Public Light Bus Terminus,Robin’s Nest,上水站 Sheung Shui Station
88F,CMPattern_CM_GMBBus_88f_9014,4,10,4.391235097,Tsing Yi,FALSE,青衣站小巴總站 Tsing Yi Station GMB Terminus,Tsing Yi,藍澄灣第三座 Rambler Crest Tower 3,Tsing Yi,藍澄灣 Rambler Crest
102,CMPattern_CM_GMBBus_102_9064,10.8,8,6.31173446,Kwun Tong Central > Tseung Kwan O North > Sai Kung and Hang Hau > Tseung Kwan O North,FALSE,牛頭角站 Ngau Tau Kok Station,Kwun Tong Central,坑口站公共運輸交滙處 Hang Hau Station Public Transport Interchange,Tseung Kwan O North,坑口站 Hang Hau Station
60K,CMPattern_CM_GMBBus_60k_6135,8.4,13,5.253518775,Sha Tin West,FALSE,沙田站公共運輸交滙處 Shatin Station Public Transport Interchange,Sha Tin West,黃竹洋村 Wong Chuk Yeung Village,Sha Tin West,黃竹洋村 Wong Chuk Yeung Village
812A,CMPattern_CM_GMBBus_812a_10174,4.1,5,1.511960645,Sha Tin South > Sha Tin East,FALSE,博泉徑 Pok Chuen Path,Sha Tin South,"逸泰街，沙田圍站外 Yat Tai Street, outside Sha Tin Wai Station",Sha Tin East,沙田圍站 Sha Tin Wai Station
54M,CMPattern_CM_GMBBus_54m_7729,6.6,7,4.34183172,Southern District Northwest > Western,FALSE,"瑪麗醫院 J 座 Queen Mary Hopital, Block J",Southern District Northwest,堅尼地城站 Kennedy Town Station,Western,堅尼地城站 Kennedy Town Station
27,CMPattern_GMBBus27_5866,8.6,7,6.548449186,Sha Tin West,FALSE,"沙田中，排頭街，沙田站外 Pai Tau Street, outside Sha Tin Station",Sha Tin West,香港科學園（第3期） Hong Kong Science Park (Phase 3),Sha Tin West,香港科學園第3期 Hong Kong Science Park (Phase 3)
5M,CMPattern_CM_GMBBus_5m_1_7851,5.3,10,2.565378633,Kowloon City South > Yau Tsim Mong North > Kowloon City South,TRUE,"學餘里，近樂園 Hok Yu Lane, near Happy Court",Kowloon City South,"學餘里，近樂園 Hok Yu Lane, near Happy Court",Kowloon City South,窩打老道山學餘里 - 旺角站（經花園街）（循環綫） Waterloo Hill (Hok Yu Lane) - Mong Kok Station (via Fa Yuen Street) (Circular)
33,CMPattern_CM_GMBBus_33_7676,5.6,17,3.791268851,Tai Pak > Hong Wan,FALSE,"馬寶道，華禮大廈外 Marble Road, outside Wah Lai Mansion",Tai Pak,"康盛街，近康怡花園俱樂部 Hong Shing Street, near Kornhill Recreation Club",Hong Wan,康山 Kornhill
57K,CMPattern_CM_GMBBus_57k_8857,8.5,9,5.113619882,Robin’s Nest,FALSE,上水站小巴總站 Sheung Shui Station Public Light Bus Terminus,Robin’s Nest,長瀝村 Cheung Lek Village,Robin’s Nest,唐公嶺 Tong Kung Leng
94A,CMPattern_CM_GMBBus_94a_9044,7.2,15,4.590901654,Tsuen Wan Southeast > Kwai Chung East > Kwai Chung West,FALSE,梨木樹邨公共運輸交滙處 Lei Muk Shue Estate Public Transport Interchange,Tsuen Wan Southeast,"葵盛圍，近香港專業教育學院（葵涌） Kwai Shing Circuit, near Hong Kong Institute of Vocational Education (Kwai Chung)",Kwai Chung West,葵盛 Kwai Shing
13,CMPattern_CM_GMBBus_13_2_7763,6.8,14,8.326561463,Kwun Tong Central > Kwun Tong North > Sai Kung and Hang Hau > Tseung Kwan O South > Sai Kung and Hang Hau,FALSE,裕民坊公共運輸交滙處 Yue Man Square Public Transport Interchange,Kwun Tong Central,康盛花園小巴總站 Hong Sing Garden Minibus Terminus,Sai Kung and Hang Hau,康盛花園 Hong Sing Garden
12,CMPattern_CM_GMBBus_12_1_7860,6.2,10,3.221303927,Yau Tsim Mong North > Sham Shui Po East,FALSE,旺角東站 Mong Kok East Station,Yau Tsim Mong North,白田邨小巴總站 Pak Tin Estate Minibus Terminus,Sham Shui Po East,白田 Pak Tin
12B,CMPattern_CM_GMBBus_12b_7867,5,6,2.009989177,Yau Tsim Mong North,FALSE,"福利街，近港灣豪庭第七座 Fuk Lee Street, near Metro Harbour View Block 7",Yau Tsim Mong North,旺角東站 Mong Kok East Station,Yau Tsim Mong North,旺角東站 Mong Kok East Station
47S,CMPattern_CM_GMBBus_47s_7700,4.2,14,4.329629472,Chai Wan,TRUE,柴灣站巴士總站 Chai Wan Station Bus Terminus,Chai Wan,柴灣站巴士總站 Chai Wan Station Bus Terminus,Chai Wan,柴灣站 - 富欣花園（循環綫） Chai Wan Station - Harmony Garden (Circular)
60K,CMPattern_CM_GMBBus_60k_6134,8.4,10,4.987211412,Sha Tin West,FALSE,黃竹洋村 Wong Chuk Yeung Village,Sha Tin West,沙田站公共運輸交滙處 Shatin Station Public Transport Interchange,Sha Tin West,沙田站 Sha Tin Station
12,CMPattern_CM_GMBBus_12_1_7859,6.2,10,3.911489964,Sham Shui Po East > Kowloon City South > Yau Tsim Mong North,FALSE,白田邨小巴總站 Pak Tin Estate Minibus Terminus,Sham Shui Po East,旺角東站 Mong Kok East Station,Yau Tsim Mong North,旺角東站 Mong Kok East Station
27,CMPattern_GMBBus27_4030,8.6,6,5.997940441,Sha Tin West,FALSE,科技大道西1號外（總站） near 1 Science Park West Avenue,Sha Tin West,"沙田中，排頭街，沙田站外 Pai Tau Street, outside Sha Tin Station",Sha Tin West,沙田排頭街 Sha Tin (Pai Tau Street)
27,CMPattern_GMBBus27_5867,8.6,7,6.401594872,Sha Tin West,FALSE,香港科學園（第3期） Hong Kong Science Park (Phase 3),Sha Tin West,"沙田中，排頭街，沙田站外 Pai Tau Street, outside Sha Tin Station",Sha Tin West,沙田排頭街 Sha Tin (Pai Tau Street)
2,CMPattern_CM_GMBBus_2_2_8482,5.9,7,5.039253436,Sai Kung and Hang Hau,FALSE,"蠔涌路，蠔涌外 Ho Chung Road, outside Ho Chung",Sai Kung and Hang Hau,"宜春街，西貢街市對面 Yi Chun Street, Opposite Sai Kung Market",Sai Kung and Hang Hau,西貢 Sai Kung
56B,CMPattern_CM_GMBBus_56b_1_7777,9.9,16,7.52544707,Wu Tip Shan,FALSE,丹竹坑（獅頭嶺村） Tan Chuk Hang (Sze Tau Leng Tsuen),Wu Tip Shan,粉嶺站專綫小巴總站 Public Light Bus (Scheduled) Service Terminus at Fanling Station,Wu Tip Shan,粉嶺站 Fanling Station
4M,CMPattern_CM_GMBBus_4m_5618,4.9,14,3.955477923,Southern District Southeast > Southern District Northwest > Southern District Southeast > Southern District Northwest,FALSE,黃竹坑站 Wong Chuk Hang Station,Southern District Southeast,石排灣邨公共運輸交滙處 Shek Pai Wan Estate Public Transport Interchange,Southern District Northwest,香港仔石排灣 Aberdeen (Shek Pai Wan)
621,CMPattern_CM_GMBBus_621_6040,6.1,9,3.852250776,Tin Shui Wai South and Ping Ha > Yuen Long Rural East,FALSE,天水圍醫院 Tin Shui Wai Hospital,Tin Shui Wai South and Ping Ha,"洪元路，洪福邨外 Hung Yuen Road, outside Hung Fuk Estate",Yuen Long Rural East,洪水橋洪元路 Hung Shui Kiu (Hung Yuen Road)
9,CMPattern_CM_GMBBus_9_7590,8.1,13,3.581578162,Central,FALSE,"寶雲道，近 Bo Kwong Apartments Bowen Road, near Bo Kwong Apartments",Central,"美利道，美利道多層停車場大廈外 Murry Road, outside Murray Road Multi-Story Car Park",Central,美利道 Murray Road
58,CMPattern_GMBBus58_5880,7.5,11,3.687345234,Southern District Northwest > Western,FALSE,"沙灣徑，麥理浩復康院 Sha Wan Drive, Maclehose Medical Rehabilitation Centre",Southern District Northwest,堅尼地城站 Kennedy Town Station,Western,堅尼地城站 Kennedy Town Station
17M,CMPattern_GMBBus17M_2347,5.9,9,4.699611502,Yau Tsim Mong North > Kowloon City South > Kowloon City North > Yau Tsim Mong North,TRUE,"西洋菜南街，長寧大廈外 Sai Yeung Choi Street South, outside Cheung Ling Mansion",Yau Tsim Mong North,"西洋菜南街，長寧大廈外 Sai Yeung Choi Street South, outside Cheung Ling Mansion",Yau Tsim Mong North,九龍醫院 - 太子站（循環綫） Kowloon Hospital - Prince Edward Station (Circular)
27,CMPattern_GMBBus27_4031,8.6,8,7.144540182,Sha Tin West,FALSE,"沙田中，排頭街，沙田站外 Pai Tau Street, outside Sha Tin Station",Sha Tin West,科技大道西1號外（總站） near 1 Science Park West Avenue,Sha Tin West,香港科學園 Hong Kong Science Park
88,CMPattern_CM_GMBBus_88_1_8648,5.7,9,4.562493506,Tsing Yi > Kwai Chung West > Kwai Chung East,FALSE,青衣邨小巴總站 Tsing Yi Estate Minibus Terminus,Tsing Yi,新葵芳花園 New Kwai Fong Gardens,Kwai Chung East,葵芳站 Kwai Fong Station
88,CMPattern_CM_GMBBus_88_1_8649,5.7,7,4.112788663,Tsing Yi > Kwai Chung West > Kwai Chung East,FALSE,青衣邨小巴總站 Tsing Yi Estate Minibus Terminus,Tsing Yi,新葵芳花園 New Kwai Fong Gardens,Kwai Chung East,葵芳站（經葵福路） Kwai Fong Station (via Kwai Fuk Road)
39,CMPattern_CM_GMBBus_39_8759,7.2,16,6.090967652,Yuen Long Town Centre > Yuen Long Rural East,FALSE,元朗站（北）公共運輸交滙處 Yuen Long Station (North) Public Transport Interchange,Yuen Long Town Centre,"公庵路，近培康居 Kung Um Road, near Pui Hong Kui",Yuen Long Rural East,公庵路 Kung Um Road
63A,CMPattern_CM_GMBBus_63a_8900,3.9,9,2.805158942,Sha Tin West > Sha Tin South > Sha Tin West,TRUE,美松苑小巴總站 Mei Chung Court Minibus Terminus,Sha Tin West,美松苑小巴總站 Mei Chung Court Minibus Terminus,Sha Tin West,美松苑 - 大圍站村南道（循環綫） Mei Chung Court - Tai Wai Station (Tsuen Nam Road) (Circular)
89B,CMPattern_CM_GMBBus_89b_1_7460,5.8,6,2.455495101,Kwai Chung West,FALSE,"石頭街，近大窩口邨富泰樓 Shek Tau Street, near Fu Tai House, Tai Wo Hau Estate",Kwai Chung West,"葵盛圍，近葵盛游泳池香港 ISSF 氣槍射擊中心 Kwai Shing Circuit, near Hong Kong ISSF Air Gun Shooting Centre, Kwai Shing Swimming Pool",Kwai Chung West,葵盛圍下段 Kwai Shing Circuit (Lower Section)
89B,CMPattern_CM_GMBBus_89b_1_7461,5.8,14,3.909427504,Kwai Chung West,FALSE,"石頭街，近大窩口邨富泰樓 Shek Tau Street, near Fu Tai House, Tai Wo Hau Estate",Kwai Chung West,"葵盛圍，近葵盛游泳池香港 ISSF 氣槍射擊中心 Kwai Shing Circuit, near Hong Kong ISSF Air Gun Shooting Centre, Kwai Shing Swimming Pool",Kwai Chung West,葵盛圍下段（經禾塘咀街） Kwai Shing Circuit (Lower Section) (via Wo Tong Tsui Street)
23S,CMPattern_CM_GMBBus_23s_1_8730,6.2,10,3.917672354,Tai Po South,FALSE,打鐵屻通路 Ta Tit Yan,Tai Po South,"運頭街，運頭坊 Wan Tau Street, Wan Tau Square",Tai Po South,大埔墟 Tai Po Market
28S,CMPattern_CM_GMBBus_28s_1_7645,11.5,26,10.6284439,Southern District Northwest > Western > Central > Western > Central > Wan Chai,FALSE,"上碧瑤灣24座外 Baguio Villa (Upper), outside Block 24",Southern District Northwest,"新會道，近京城大廈 Sun Wui Road, near Capital Building",Wan Chai,銅鑼灣新會道 Causeway Bay (Sun Wui Road)
25A,CMPattern_CM_GMBBus_25a_1_8739,6.7,7,3.543009595,Tai Po South,FALSE,太和廣場 Tai Wo Plaza,Tai Po South,泰亨鄉公所 Tai Hang Village Office,Tai Po South,泰亨 Tai Hang
98,CMPattern_CM_GMBBus_98_5959,5.5,18,6.077483731,Tsuen Wan Southeast > Kwai Chung West > Tsuen Wan Southeast,TRUE,"河背街，天佑學校外 Ho Pui Street, outside Mary of Providence School",Tsuen Wan Southeast,"河背街，天佑學校外 Ho Pui Street, outside Mary of Providence School",Tsuen Wan Southeast,荃灣河背街 - 高盛臺（循環綫） Tsuen Wan (Ho Pui Street) - High Prosperity Terrace (Circular)
23S,CMPattern_CM_GMBBus_23s_1_8729,6.2,9,3.007987067,Tai Po South,FALSE,"運頭街，運頭坊 Wan Tau Street, Wan Tau Square",Tai Po South,打鐵屻通路 Ta Tit Yan,Tai Po South,打鐵屻通路 Ta Tit Yan
25A,CMPattern_CM_GMBBus_25a_6246,6.9,27,4.816930761,Kowloon City North > Wong Tai Sin West,FALSE,九龍塘沙福道公共交通交滙處 Kowloon Tong Suffolk Road Public Transport Interchange,Kowloon City North,"東隆道，近東頭（二）邨街市及熟食檔 Tung Lung Road, near Tung Tau (II) Estate Market & Cooked Food Stalls",Wong Tai Sin West,東頭邨東隆道 Tung Tau Estate (Tung Lung Road)
63,CMPattern_CM_GMBBus_63_7773,5.4,19,9.059686296,Kwun Tong Southeast > Kwun Tong Central > Kwun Tong Southeast,TRUE,廣田邨小巴總站 Kwong Tin Estate Minibus Terminus,Kwun Tong Southeast,廣田邨小巴總站 Kwong Tin Estate Minibus Terminus,Kwun Tong Southeast,藍田廣田邨 - 觀塘裕民坊（循環綫） Lam Tin (Kwong Tin Estate) - Kwun Tong (Yue Man Square) (Circular)
47M,CMPattern_CM_GMBBus_47m_6006,5.9,26,8.224801116,Kwai Chung East > Kwai Chung West > Kwai Chung East,TRUE,"華景山路，華景商場外 Wah King Hill Road, outside Wonderland Villas Commercial Complex",Kwai Chung East,"華景山路，華景商場外 Wah King Hill Road, outside Wonderland Villas Commercial Complex",Kwai Chung East,華景山莊 - 荔景站（循環綫） Wonderland Villas - Lai King Station (Circular)
403P,CMPattern_CM_GMBBus_403p_6189,12.3,19,20.48427707,Kwai Chung East > Tsuen Wan Southeast > Sha Tin West > Tsuen Wan Southeast > Kwai Chung East,TRUE,"和宜合道，近打磚坪街 Wo Yi Hop Road, near Tai Chuen Ping Street",Kwai Chung East,"和宜合道，近打磚坪街 Wo Yi Hop Road, near Tai Chuen Ping Street",Kwai Chung East,雍雅軒 - 沙田担杆莆街（循環綫） The Apex - Sha Tin (Tam Kon Po Street) (Circular)
81,CMPattern_CM_GMBBus_81_7780,6.2,9,3.793346025,Tsuen Wan Southeast,FALSE,"兆和街，近永安樓 Shiu Wo Street, near Wing On House",Tsuen Wan Southeast,"老圍路，近圓玄學院 Lo Wai Road, near The Yuen Yuen Institute",Tsuen Wan Southeast,老圍 Lo Wai
33,CMPattern_CM_GMBBus_33_7675,5.6,14,3.438294641,Hong Wan > Tai Pak,FALSE,"康盛街，近康怡花園俱樂部 Hong Shing Street, near Kornhill Recreation Club",Hong Wan,"馬寶道，華禮大廈外 Marble Road, outside Wah Lai Mansion",Tai Pak,北角馬寶道 North Point (Marble Road)
52,CMPattern_CM_GMBBus_52_1_8162,6.6,9,2.631746316,Wong Tai Sin West > Wong Tai Sin East,FALSE,"康強街，安強大樓外 Hong Keung Street, outside On Keung Building",Wong Tai Sin West,"銀竹里，近竹園南邨秀園樓 Ngan Chuk Lane, near Sau Yuen House, Chuk Yuen (South) Estate",Wong Tai Sin East,竹園邨 Chuk Yuen Estate
47M,CMPattern_CM_GMBBus_47m_1_7587,4.2,13,4.423649042,Chai Wan,TRUE,柴灣站巴士總站 Chai Wan Station Bus Terminus,Chai Wan,柴灣站巴士總站 Chai Wan Station Bus Terminus,Chai Wan,柴灣站 - 柴灣曉翠街（循環綫） Chai Wan Station - Chai Wan (Hiu Tsui Street) (Circular)
55K,CMPattern_CM_GMBBus_55k_1_6195,11.5,9,2.720215521,Wu Tip Shan > Robin’s Nest,FALSE,和滿街小巴總站 Wo Mun Street Public Light Bus Terminus,Wu Tip Shan,上水站小巴總站 Sheung Shui Station Public Light Bus Terminus,Robin’s Nest,上水站 Sheung Shui Station
71A,CMPattern_CM_GMBBus_71a_1_8432,4.9,6,5.911620268,Kwun Tong North > Kwun Tong Central > Kwun Tong North,TRUE,"寶達邨達祥樓 Tat Cheung House, Po Tat Estate",Kwun Tong North,"寶達邨達祥樓 Tat Cheung House, Po Tat Estate",Kwun Tong North,寶達邨 - 藍田站（循環綫） Po Tat Estate - Lam Tin Station (Circular)
12B,CMPattern_CM_GMBBus_12b_7866,5,10,2.52282336,Yau Tsim Mong North,FALSE,旺角東站 Mong Kok East Station,Yau Tsim Mong North,"福利街，近港灣豪庭第七座 Fuk Lee Street, near Metro Harbour View Block 7",Yau Tsim Mong North,港灣豪庭 Metro Harbour View
8,CMPattern_GMBBus8_4360,8,21,6.697165706,Kowloon City South > Yau Tsim Mong South,FALSE,何文田（常和街）總站 Ho Man Tin Estate (Sheung Lok Street),Kowloon City South,"漢口道，漢口中心外 Hankow Road, outside Hankow Centre",Yau Tsim Mong South,尖沙咀漢口道 Tsim Sha Tsui (Hankow Road)
72,CMPattern_CM_GMBBus_72_1_8970,8.7,26,12.11942023,Yuen Long Town Centre > Yuen Long Rural East,FALSE,元朗泰衡街 Yuen Long Tai Hang Street,Yuen Long Town Centre,雷公田村 Lui Kung Tin Tsuen,Yuen Long Rural East,雷公田 Lui Kung Tin
20M,CMPattern_CM_GMBBus_20m_10181,6.5,14,4.746017048,Tai Po North,TRUE,鳳園總站 Fung Yuen Bus Terminus,Tai Po North,鳳園總站 Fung Yuen Bus Terminus,Tai Po North,鳳園 - 大埔中心（循環綫） Fung Yuen - Tai Po Central (Circular)
24M,CMPattern_CM_GMBBus_24m_6244,4.3,13,2.925171459,Kwun Tong Southeast,FALSE,大本型 Domain,Kwun Tong Southeast,藍田公園 Lam Tin Park,Kwun Tong Southeast,興田邨碧雲道 Hing Tin Estate (Pik Wan Road)
15A,CMPattern_CM_GMBBus_15a_8619,5.2,11,4.443123557,Tseung Kwan O North > Sai Kung and Hang Hau > Tseung Kwan O North > Sai Kung and Hang Hau > Tseung Kwan O North,FALSE,"貿業路，近寶琳站 Mau Yip Road, near Po Lam Station",Tseung Kwan O North,"寶寧路，近將軍澳醫院 Po Ning Road, near Tseung Kwan O Hospital",Tseung Kwan O North,坑口北 Hang Hau (North)
25M,CMPattern_CM_GMBBus_25m_7980,6.9,8,1.749767056,Kowloon City North,FALSE,九龍塘沙福道公共交通交滙處 Kowloon Tong Suffolk Road Public Transport Interchange,Kowloon City North,"喇沙利道，近碧華花園第六座 La Salle Road, near Laford Court",Kowloon City North,喇沙利道 La Salle Road
621,CMPattern_CM_GMBBus_621_6039,6.1,12,5.062078482,Yuen Long Rural East > Tin Shui Wai South and Ping Ha > Yuen Long Rural East > Tin Shui Wai South and Ping Ha,FALSE,"洪元路，洪福邨外 Hung Yuen Road, outside Hung Fuk Estate",Yuen Long Rural East,天水圍醫院 Tin Shui Wai Hospital,Tin Shui Wai South and Ping Ha,天水圍醫院 Tin Shui Wai Hospital
807K,CMPattern_CM_GMBBus_807k_7580,9.3,8,3.874888439,Tai Po North > Sha Tin North,FALSE,井頭小巴總站 Tseng Tau Minibus Terminus,Tai Po North,烏溪沙站巴士總站 Wu Kai Sha Station Bus Terminus,Sha Tin North,烏溪沙站 Wu Kai Sha Station
68K,CMPattern_GMBBus68K_4015,6.4,16,6.241860924,Sha Tin West > Sha Tin South,FALSE,"排頭街，沙田站外 Pai Tau Street, outside Sha Tin Station",Sha Tin West,"顯泰街，近瑞峰花園 Hin Tai Street, near Julimount Garden",Sha Tin South,瑞峰花園 Julimount Garden
83A,CMPattern_CM_GMBBus_83a_8460,4.5,8,2.005001239,Kwun Tong West,FALSE,坪石公共運輸交滙處一樓平台 Ping Shek Public Transport Interchange Podium,Kwun Tong West,"彩榮路，近彩福邨彩歡樓 Choi Wing Road, near Choi Foon House, Choi Fook Estate",Kwun Tong West,彩福邨 Choi Fook Estate
89A,CMPattern_CM_GMBBus_89a_5331,6.1,14,5.492602209,Kwun Tong West > Kwun Tong North,FALSE,牛頭角總站 Ngau Tau Kok Bus Terminus,Kwun Tong West,"安茵街，近智泰樓 On Yan Street, near Chi Tai House",Kwun Tong North,安泰邨 On Tai Estate
76A,CMPattern_CM_GMBBus_76a_8443,6.6,26,10.35086197,Kwun Tong Southeast > Kwun Tong Central > Kwun Tong North > Kwun Tong Central > Kwun Tong West > Kwun Tong North > Kwun Tong Southeast,TRUE,廣田邨小巴總站 Kwong Tin Estate Minibus Terminus,Kwun Tong Southeast,廣田邨小巴總站 Kwong Tin Estate Minibus Terminus,Kwun Tong Southeast,廣田 - 基督教聯合醫院（循環綫） Kwong Tin - United Christian Hospital (Circular)
24M,CMPattern_CM_GMBBus_24m_6243,4.3,11,3.075717329,Kwun Tong Southeast,FALSE,藍田公園 Lam Tin Park,Kwun Tong Southeast,大本型 Domain,Kwun Tong Southeast,油塘站 Yau Tong Station
18M,CMPattern_CM_GMBBus_18m_7601,8.7,7,3.891436682,Chai Wan,FALSE,柴灣站巴士總站 Chai Wan Station Bus Terminus,Chai Wan,"歌連臣角道，近歌連臣角懲教所 Cape Collinson Road, near Cape Collinson Correctional Institution",Chai Wan,歌連臣角懲教所 Cape Collinson (Correctional Institution)
68K,CMPattern_GMBBus68K_5884,4.3,6,2.00538675,Sha Tin South,FALSE,"顯泰街，近瑞峰花園 Hin Tai Street, near Julimount Garden",Sha Tin South,大圍站公共運輸交滙處 Tai Wai Station Public Transport Interchange,Sha Tin South,大圍站 Tai Wai Station
812,CMPattern_CM_GMBBus_812_3972,5.9,15,4.977219419,Sha Tin South > Sha Tin East > Sha Tin South,FALSE,"車公廟路，顯徑商場對面 Che Kung Miu Road, Opposite Hin Keng Shopping Centre",Sha Tin South,"博泉街，近樂泉樓外迴旋處 Pok Chuen Street, near Roundabout outside Lok Chuen House",Sha Tin South,水泉澳 Shui Chuen O
52,CMPattern_CM_GMBBus_52_1_8161,6.6,11,3.104459549,Wong Tai Sin East > Wong Tai Sin West > Wong Tai Sin East > Wong Tai Sin West,FALSE,"銀竹里，近竹園南邨秀園樓 Ngan Chuk Lane, near Sau Yuen House, Chuk Yuen (South) Estate",Wong Tai Sin East,"康強街，安強大樓外 Hong Keung Street, outside On Keung Building",Wong Tai Sin West,新蒲崗 San Po Kong
83A,CMPattern_CM_GMBBus_83a_8459,4.5,8,2.574028654,Kwun Tong West,FALSE,"彩榮路，近彩福邨彩歡樓 Choi Wing Road, near Choi Foon House, Choi Fook Estate",Kwun Tong West,坪石公共運輸交滙處一樓平台 Ping Shek Public Transport Interchange Podium,Kwun Tong West,坪石 Ping Shek
68K,CMPattern_GMBBus68K_4014,6.4,17,6.009175861,Sha Tin South > Sha Tin West,FALSE,"顯泰街，近瑞峰花園 Hin Tai Street, near Julimount Garden",Sha Tin South,"排頭街，沙田站外 Pai Tau Street, outside Sha Tin Station",Sha Tin West,沙田站排頭街 Sha Tin Station (Pai Tau Street)
68K,CMPattern_GMBBus68K_5883,4.3,8,1.911289526,Sha Tin South,FALSE,大圍站公共運輸交滙處 Tai Wai Station Public Transport Interchange,Sha Tin South,"顯泰街，近瑞峰花園 Hin Tai Street, near Julimount Garden",Sha Tin South,瑞峰花園 Julimount Garden
812,CMPattern_CM_GMBBus_812_5962,5.9,14,4.764344386,Sha Tin South > Sha Tin East > Sha Tin South,FALSE,水泉澳公共運輸交滙處 Shui Chuen O Public Transport Interchange,Sha Tin South,"車公廟路，顯徑商場對面 Che Kung Miu Road, Opposite Hin Keng Shopping Centre",Sha Tin South,顯徑車公廟路 Hin Keng (Che Kung Miu Road)
43M,CMPattern_GMBBus43M_5874,4.5,3,2.209785803,Yau Tsim Mong South,TRUE,御金．國峯 The Coronation,Yau Tsim Mong South,御金．國峯 The Coronation,Yau Tsim Mong South,御金．國峯 - 油麻地站（循環綫） The Coronation - Yau Ma Tei Station (Circular)
52A,CMPattern_CM_GMBBus_52a_8839,3.9,4,1.665569898,Wu Tip Shan,FALSE,和滿街小巴總站 Wo Mun Street Public Light Bus Terminus,Wu Tip Shan,粉嶺站專綫小巴總站 Public Light Bus (Scheduled) Service Terminus at Fanling Station,Wu Tip Shan,粉嶺站（不經粉嶺樓路） Fanling Station (omit Fan Leng Lau Road)
43M,CMPattern_CM_GMBBus_43m_10083,3.2,8,2.824246466,Chai Wan,TRUE,"峰霞道，曉峰樓外 Fung Ha Road, outside Hiu Fung House",Chai Wan,"峰霞道，曉峰樓外 Fung Ha Road, outside Hiu Fung House",Chai Wan,峰華邨 - 柴灣站（循環綫） Fung Wah Estate - Chai Wan Station (Circular)
1A,CMPattern_GMBBus1A_1_5860,10.9,21,13.24149381,Sai Kung and Hang Hau > Kwun Tong North > Wong Tai Sin East > Kwun Tong West > Wong Tai Sin East > Wong Tai Sin West > Wong Tai Sin East,FALSE,"灰窰里，翠塘花園 Fui Yiu Lane, Lakeside Garden",Sai Kung and Hang Hau,鑽石山(彩虹道)公共運輸交匯處 Diamond Hill (Choi Hung Road) Pti,Wong Tai Sin East,彩虹新蒲崗 Choi Hung (San Po Kong)
52K,CMPattern_CM_GMBBus_52k_6077,6.6,21,7.719078047,Robin’s Nest > Wu Tip Shan,FALSE,"坪輋路，馮黃鳳亭安老院外 Ping Che Road, outside Caritas Fung Wong Fung Ting Home",Robin’s Nest,粉嶺站專綫小巴總站 Public Light Bus (Scheduled) Service Terminus at Fanling Station,Wu Tip Shan,粉嶺站 Fanling Station
52K,CMPattern_CM_GMBBus_52k_6078,6.6,12,6.763871826,Robin’s Nest > Wu Tip Shan,FALSE,坪輋隔田 Ping Che Kat Tin,Robin’s Nest,粉嶺站專綫小巴總站 Public Light Bus (Scheduled) Service Terminus at Fanling Station,Wu Tip Shan,粉嶺站 Fanling Station
52K,CMPattern_CM_GMBBus_52k_6079,6.6,14,8.06109769,Robin’s Nest > Wu Tip Shan,FALSE,山雞乙 Shan Kai Wat,Robin’s Nest,粉嶺站專綫小巴總站 Public Light Bus (Scheduled) Service Terminus at Fanling Station,Wu Tip Shan,粉嶺站 Fanling Station
88M,CMPattern_CM_GMBBus_88m_9025,8.3,11,3.794000069,Tsing Yi > Kwai Chung West > Kwai Chung East,FALSE,長青巴士總站 Cheung Ching Bus Terminus,Tsing Yi,新葵芳花園 New Kwai Fong Gardens,Kwai Chung East,葵芳站 Kwai Fong Station
52K,CMPattern_CM_GMBBus_52k_6081,6.2,7,4.166308062,Wu Tip Shan,FALSE,粉嶺站專綫小巴總站 Public Light Bus (Scheduled) Service Terminus at Fanling Station,Wu Tip Shan,軍地（北） Kwan Tei (North),Wu Tip Shan,軍地北 Kwan Tei (North)
25A,CMPattern_CM_GMBBus_25a_1_8738,6.7,14,4.64518895,Tai Po South,FALSE,泰亨鄉公所 Tai Hang Village Office,Tai Po South,"太和邨太和廣場西翼 Tai Wo Plaza West Wing, Tai Wo Estate",Tai Po South,太和站 Tai Wo Station
88A,CMPattern_CM_GMBBus_88a_2_6370,4.7,8,4.286436051,Tsing Yi,TRUE,青衣站小巴總站 Tsing Yi Station GMB Terminus,Tsing Yi,青衣站小巴總站 Tsing Yi Station GMB Terminus,Tsing Yi,青衣站 - 担杆山路（循環綫） Tsing Yi Station - Tam Kon Shan Road (Circular)
23S,CMPattern_CM_GMBBus_23s_1_8731,6.2,8,2.976902083,Tai Po South,FALSE,打鐵屻通路 Ta Tit Yan,Tai Po South,大埔墟站專綫小巴總站 Tai Po Market Station Minibus Terminus,Tai Po South,大埔墟站專綫小巴總站 Tai Po Market Station
86,CMPattern_CM_GMBBus_86_2936,6.4,7,4.818413451,Kwun Tong West > Kwun Tong Central > Kowloon City North,FALSE,德福花園總站 Telford Gardens Bus Terminus,Kwun Tong West,郵輪碼頭 Cruise Terminal,Kowloon City North,郵輪碼頭 Cruise Terminal
65A,CMPattern_CM_GMBBus_65a_7573,6.1,15,4.645002152,Sha Tin East > Sha Tin West,FALSE,黃泥頭巴士總站 Wong Nai Tau Bus Terminus,Sha Tin East,"源禾路，沙田中心對面 Yuen Wo Road, Opposite Sha Tin Centre",Sha Tin West,沙田市中心 Sha Tin Central
21A,CMPattern_CM_GMBBus_21a_1_8720,5.2,6,1.982741594,Tai Po South > Tai Po North > Tai Po South > Tai Po North,FALSE,南盛街小巴站 Nam Shing Street GMB Stand,Tai Po South,"大埔頭路，近大埔頭徑 Tai Po Tau Road, near Tai Po Tau Drive",Tai Po North,大埔頭 Tai Po Tau
78A,CMPattern_CM_GMBBus_78a_1_6367,6.7,6,3.633328243,Yuen Long Rural East,FALSE,"八鄉路近大欖巴士轉車站 Pat Heung Road, near Tai Lam Bus-Bus Interchange",Yuen Long Rural East,錦上路站公共運輸交滙處 Kam Sheung Road Station Public Transport Interchange,Yuen Long Rural East,錦上路站 Kam Sheung Road Station
114A,CMPattern_CM_GMBBus_114a_6423,4.3,7,2.320330972,Tseung Kwan O South > Tseung Kwan O North > Tseung Kwan O South,TRUE,將軍澳站小巴總站 Tseung Kwan O Station Minibus Terminus,Tseung Kwan O South,將軍澳站小巴總站 Tseung Kwan O Station Minibus Terminus,Tseung Kwan O South,將軍澳站 - 海天晉（循環綫） Tseung Kwan O Station - Ocean Wings (Circular)
52A,CMPattern_CM_GMBBus_52a_8837,3.9,5,1.958817526,Wu Tip Shan > Robin’s Nest > Wu Tip Shan,FALSE,"粉嶺車站路，粉嶺站外 Fanling Station Road, outside Fanling Station",Wu Tip Shan,和滿街小巴總站 Wo Mun Street Public Light Bus Terminus,Wu Tip Shan,和滿街公共小型巴士總站 Wo Mun Street Public Light Bus Terminus
59A,CMPattern_CM_GMBBus_59a_6178,4.5,8,2.616912747,Southern District Northwest > Southern District Southeast,FALSE,"東勝道10號對面 Tung Sing Road, Opposite No. 10",Southern District Northwest,"深灣道公共交通總站，雅濤閣1座外 Shum Wan Road Public Transport Terminus, outside Block 1, Broadview Court",Southern District Southeast,深灣道公共交通總站 Shum Wan Road Public Transport Terminus
21A,CMPattern_CM_GMBBus_21a_1_8719,5.2,7,2.404809637,Tai Po North > Tai Po South,FALSE,"大埔頭路，近大埔頭徑 Tai Po Tau Road, near Tai Po Tau Drive",Tai Po North,南盛街小巴站 Nam Shing Street GMB Stand,Tai Po South,大埔墟 Tai Po Market
23K,CMPattern_CM_GMBBus_23k_8728,5.7,6,1.952181645,Tai Po South,FALSE,大埔墟站專綫小巴總站 Tai Po Market Station Minibus Terminus,Tai Po South,"碗窰路，新屋家 Wun Yiu Road, San Uk Ka",Tai Po South,新屋家 San Uk Ka
15M,CMPattern_CM_GMBBus_15m_8623,5.1,8,3.22531945,Sai Kung and Hang Hau > Tseung Kwan O North,FALSE,康盛花園小巴總站 Hong Sing Garden Minibus Terminus,Sai Kung and Hang Hau,"貿業路，近寶琳站 Mau Yip Road, near Po Lam Station",Tseung Kwan O North,寶琳站 Po Lam Station
15M,CMPattern_CM_GMBBus_15m_8624,5.1,7,2.839713098,Sai Kung and Hang Hau > Tseung Kwan O North,FALSE,康盛花園小巴總站 Hong Sing Garden Minibus Terminus,Sai Kung and Hang Hau,"貿業路，近寶琳站 Mau Yip Road, near Po Lam Station",Tseung Kwan O North,寶琳站（不經翠琳路） Po Lam Station (omit Tsui Lam Road)
52A,CMPattern_CM_GMBBus_52a_8838,3.9,4,1.767492411,Wu Tip Shan,FALSE,和滿街小巴總站 Wo Mun Street Public Light Bus Terminus,Wu Tip Shan,"粉嶺車站路，粉嶺站外 Fanling Station Road, outside Fanling Station",Wu Tip Shan,粉嶺站 Fanling Station
56A,CMPattern_CM_GMBBus_56a_8854,3.9,4,1.76736642,Wu Tip Shan,FALSE,和滿街小巴總站 Wo Mun Street Public Light Bus Terminus,Wu Tip Shan,"粉嶺車站路，粉嶺站外 Fanling Station Road, outside Fanling Station",Wu Tip Shan,粉嶺站 Fanling Station
56A,CMPattern_CM_GMBBus_56a_8855,3.9,3,1.372447565,Wu Tip Shan,FALSE,和滿街小巴總站 Wo Mun Street Public Light Bus Terminus,Wu Tip Shan,"粉嶺車站路，粉嶺站外 Fanling Station Road, outside Fanling Station",Wu Tip Shan,粉嶺車站（不經粉嶺樓路） Fanling Station (omit Fan Leng Lau Road)
12B,CMPattern_CM_GMBBus_12b_7868,5.7,4,1.291208576,Yau Tsim Mong North,FALSE,"福利街，近港灣豪庭第七座 Fuk Lee Street, near Metro Harbour View Block 7",Yau Tsim Mong North,西洋菜南街 Sai Yeung Choi Street South,Yau Tsim Mong North,西洋菜南街 Sai Yeung Choi Street South
88M,CMPattern_CM_GMBBus_88m_9024,8.3,6,3.721726917,Kwai Chung East > Kwai Chung West > Tsing Yi,FALSE,新葵芳花園 New Kwai Fong Gardens,Kwai Chung East,長青巴士總站 Cheung Ching Bus Terminus,Tsing Yi,長青邨 Cheung Ching Estate
88,CMPattern_CM_GMBBus_88_1_8650,5.7,10,4.374014448,Kwai Chung East > Kwai Chung West > Tsing Yi,FALSE,新葵芳花園 New Kwai Fong Gardens,Kwai Chung East,青衣邨小巴總站 Tsing Yi Estate Minibus Terminus,Tsing Yi,青衣邨 Tsing Yi Estate
88,CMPattern_CM_GMBBus_88_1_8651,5.7,11,4.562443614,Kwai Chung East > Kwai Chung West > Tsing Yi,FALSE,新葵芳花園 New Kwai Fong Gardens,Kwai Chung East,青衣邨小巴總站 Tsing Yi Estate Minibus Terminus,Tsing Yi,青衣邨（經偉景花園） Tsing Yi Estate (via Broadview Garden)
23,CMPattern_CM_GMBBus_23_7766,3.7,3,1.06222429,Kwun Tong Central,FALSE,"雲漢街，近南寧大樓 Wan Hon Street, near Nam Ning Mansion",Kwun Tong Central,裕民坊公共運輸交滙處 Yue Man Square Public Transport Interchange,Kwun Tong Central,觀塘裕民坊 Kwun Tong (Yue Man Square)
74,CMPattern_GMBBus74_1_1530,6.6,9,4.373352082,Tin Shui Wai South and Ping Ha > Yuen Long Town Centre,FALSE,"福順街，近盛屋村 Fuk Shun Street, near Shing Uk Tsuen",Tin Shui Wai South and Ping Ha,"福康街，金寶樓外小巴總站 Fook Hong Street Public Light Bus Terminus, outside Kam Po Building",Yuen Long Town Centre,元朗福康街 Yuen Long (Fook Hong Street)
82,CMPattern_CM_GMBBus_82_1_8774,6.2,11,4.088130246,Tsuen Wan Southeast > Kwai Chung East > Tsuen Wan Southeast,FALSE,"城門道，近城門郊野公園遊客中心 Shing Mun Road, near Shing Mun Country Park Visitor Centre",Tsuen Wan Southeast,"兆和街，近永安樓 Shiu Wo Street, near Wing On House",Tsuen Wan Southeast,荃灣兆和街 Tsuen Wan (Shiu Wo Street)
69X,CMPattern_GMBBus69X_6136,12.5,11,11.75740302,Wan Chai > Southern District Southeast > Southern District Northwest,FALSE,"駱克道，近景隆街 Lockhart Road, near Cannon Street",Wan Chai,數碼港公共運輸交匯處 Cyberport Bus Terminus,Southern District Northwest,數碼港（經華富北） Cyberport (via Wah Fu (North))
69X,CMPattern_GMBBus69X_9690,12.5,12,11.6205656,Wan Chai > Southern District Southeast > Southern District Northwest,FALSE,"駱克道，近景隆街 Lockhart Road, near Cannon Street",Wan Chai,數碼港公共運輸交匯處 Cyberport Bus Terminus,Southern District Northwest,數碼港 Cyberport
88F,CMPattern_CM_GMBBus_88f_1_9016,4,4,2.421100355,Tsing Yi,FALSE,藍澄灣第三座 Rambler Crest Tower 3,Tsing Yi,青衣站小巴總站 Tsing Yi Station GMB Terminus,Tsing Yi,青衣站（不經長康） Tsing Yi Station (omit Cheung Hong)
65A,CMPattern_CM_GMBBus_65a_7575,6.1,13,4.491944511,Sha Tin East > Sha Tin West,FALSE,"小瀝源路，廣源邨停車場外 Siu Lek Yuen Road, outside Kwong Yuen Estate Carpark",Sha Tin East,"源禾路，沙田中心對面 Yuen Wo Road, Opposite Sha Tin Centre",Sha Tin West,沙田市中心 Sha Tin Central
75,CMPattern_GMBBus75_1_5498,10,23,14.50507025,Yuen Long Rural East > Yuen Long Town Centre,FALSE,落馬洲支綫公共交通交滙處 Lok Ma Chau Spur Line Public Transport Interchange,Yuen Long Rural East,"福康街，金寶樓外小巴總站 Fook Hong Street Public Light Bus Terminus, outside Kam Po Building",Yuen Long Town Centre,元朗福康街（經元朗西） Yuen Long (Fook Hong Street) (via Yuen Long (West))
75,CMPattern_GMBBus75_1_9686,10,19,14.09791355,Yuen Long Rural East > Yuen Long Town Centre,FALSE,落馬洲支綫公共交通交滙處 Lok Ma Chau Spur Line Public Transport Interchange,Yuen Long Rural East,"福康街，金寶樓外小巴總站 Fook Hong Street Public Light Bus Terminus, outside Kam Po Building",Yuen Long Town Centre,元朗福康街 Yuen Long (Fook Hong Street)
15A,CMPattern_CM_GMBBus_15a_8618,5.2,10,4.147475834,Tseung Kwan O North,FALSE,"寶寧路，近將軍澳醫院 Po Ning Road, near Tseung Kwan O Hospital",Tseung Kwan O North,"貿業路，近寶琳站 Mau Yip Road, near Po Lam Station",Tseung Kwan O North,茵怡花園 Verbena Heights
88F,CMPattern_CM_GMBBus_88f_1_9017,4,4,2.31475712,Tsing Yi,FALSE,青衣站小巴總站 Tsing Yi Station GMB Terminus,Tsing Yi,藍澄灣第三座 Rambler Crest Tower 3,Tsing Yi,藍澄灣（不經長康） Rambler Crest (omit Cheung Hong)
75,CMPattern_GMBBus75_1_9685,10,20,13.77923776,Yuen Long Town Centre > Yuen Long Rural East,FALSE,"福康街，金寶樓外小巴總站 Fook Hong Street Public Light Bus Terminus, outside Kam Po Building",Yuen Long Town Centre,落馬洲支綫公共交通交滙處 Lok Ma Chau Spur Line Public Transport Interchange,Yuen Long Rural East,落馬洲支綫公共交通交滙處 Lok Ma Chau Spur Line Public Transport Interchange
75,CMPattern_CM_GMBBus_75_1_5893,6,7,3.411352163,Yuen Long Rural East,FALSE,"青山公路，近新田郵政局 Castle Peak Road, near San Tin Post Office",Yuen Long Rural East,落馬洲支綫公共交通交滙處 Lok Ma Chau Spur Line Public Transport Interchange,Yuen Long Rural East,落馬洲支綫公共交通交滙處 Lok Ma Chau Spur Line Public Transport Interchange
74,CMPattern_GMBBus74_1_1531,6.6,12,5.519132349,Yuen Long Town Centre > Tin Shui Wai South and Ping Ha,FALSE,"福康街，金寶樓外小巴總站 Fook Hong Street Public Light Bus Terminus, outside Kam Po Building",Yuen Long Town Centre,"福順街，近盛屋村 Fuk Shun Street, near Shing Uk Tsuen",Tin Shui Wai South and Ping Ha,盛屋村 Shing Uk Tsuen
20X,CMPattern_CM_GMBBus_20x_8718,6.5,4,2.223391869,Tai Po North > Tai Po South,FALSE,大埔那打素醫院 Tai Po Nethersole Hospital,Tai Po North,大埔墟站專綫小巴總站 Tai Po Market Station Minibus Terminus,Tai Po South,大埔墟站專綫小巴總站 Tai Po Market Station
20X,CMPattern_CM_GMBBus_20x_8829,6.5,4,2.397181051,Tai Po North > Tai Po South,FALSE,富蝶邨斑蝶樓 Ban Tip House Fu Tip Estate,Tai Po North,大埔墟站專綫小巴總站 Tai Po Market Station Minibus Terminus,Tai Po South,大埔墟站專綫小巴總站 Tai Po Market Station
37,CMPattern_CM_GMBBus_37_1_8789,9,17,7.333636687,Yuen Long Rural East > Yuen Long Town Centre,FALSE,"牛潭尾路，近攸美山莊 L 座 Ngau Tam Mei Road, near Elegant Park Block L",Yuen Long Rural East,"福康街，金寶樓外小巴總站 Fook Hong Street Public Light Bus Terminus, outside Kam Po Building",Yuen Long Town Centre,元朗福康街 Yuen Long (Fook Hong Street)
82,CMPattern_CM_GMBBus_82_6372,4.5,7,2.854520356,Kowloon City North > Wong Tai Sin West > Wong Tai Sin East > Kwun Tong West,FALSE,AIRSIDE AIRSIDE,Kowloon City North,"彩盛里，近彩興苑彩蕎閣 Choi Shing Lane, near Choi Kiu House, Choi Hing Court",Kwun Tong West,彩興苑 Choi Hing Court
87,CMPattern_CM_GMBBus_87_9003,5.4,12,3.70362383,Tsuen Wan Southeast > Kwai Chung West > Kwai Chung East > Kwai Chung West > Kwai Chung East,FALSE,"鹹田街，近荃灣石壁遷置村遊樂場 Ham Tin Street, near Shek Pik Resettlers' Playground, Tsuen Wan",Tsuen Wan Southeast,"盛芳街，近協德大廈 Shing Fong Street, near Hip Tak Building",Kwai Chung East,葵盛盛芳街 Kwai Shing (Shing Fong Street)
16A,CMPattern_CM_GMBBus_16a_7917,14.5,10,3.797738143,Wong Tai Sin East > Kwun Tong West > Wong Tai Sin East,TRUE,"豐盛街，近豐盛街紀律部隊宿舍第一座 Fung Shing Street, near Fung Shing Street Disciplined Services Quarters Block 1",Wong Tai Sin East,"豐盛街，近豐盛街紀律部隊宿舍第一座 Fung Shing Street, near Fung Shing Street Disciplined Services Quarters Block 1",Wong Tai Sin East,豐盛街 - 坪石邨（循環綫） Fung Shing Street - Ping Shek Estate (Circular)
15M,CMPattern_CM_GMBBus_15m_8622,5.1,7,3.602112022,Tseung Kwan O North > Sai Kung and Hang Hau,FALSE,"貿業路，近寶琳站 Mau Yip Road, near Po Lam Station",Tseung Kwan O North,康盛花園小巴總站 Hong Sing Garden Minibus Terminus,Sai Kung and Hang Hau,康盛 Hong Sing
82,CMPattern_CM_GMBBus_82_6371,4.5,7,2.676351348,Kwun Tong West > Kowloon City North,FALSE,"彩盛里，近彩興苑彩蕎閣 Choi Shing Lane, near Choi Kiu House, Choi Hing Court",Kwun Tong West,AIRSIDE AIRSIDE,Kowloon City North,啟德 Kai Tak
65A,CMPattern_CM_GMBBus_65a_7576,6.5,12,5.41355266,Sha Tin East > Sha Tin West,FALSE,黃泥頭巴士總站 Wong Nai Tau Bus Terminus,Sha Tin East,沙田站公共運輸交滙處 Shatin Station Public Transport Interchange,Sha Tin West,沙田站 Sha Tin Station
59A,CMPattern_CM_GMBBus_59a_6179,4.5,10,2.683384183,Southern District Southeast > Southern District Northwest,FALSE,"深灣道公共交通總站，雅濤閣1座外 Shum Wan Road Public Transport Terminus, outside Block 1, Broadview Court",Southern District Southeast,"東勝道10號對面 Tung Sing Road, Opposite No. 10",Southern District Northwest,香港仔東勝道 Aberdeen (Tung Sing Road)
35,CMPattern_CM_GMBBus_35_6340,10.2,24,9.765800902,Tin Shui Wai South and Ping Ha > Yuen Long Town Centre,FALSE,輞井圍小巴總站 Mong Tseng Wai Minibus Terminus,Tin Shui Wai South and Ping Ha,"泰豐街，近泰豐樓 Tai Fung Street, near Tai Fung House",Yuen Long Town Centre,元朗泰豐街 Yuen Long (Tai Fung Street)
86,CMPattern_CM_GMBBus_86_5963,6.4,6,4.122050725,Kowloon City North > Kwun Tong Central > Kwun Tong West,FALSE,郵輪碼頭 Cruise Terminal,Kowloon City North,德福花園總站 Telford Gardens Bus Terminus,Kwun Tong West,九龍灣德福花園 Kowloon Bay (Telford Garden)
4M,CMPattern_CM_GMBBus_4m_5617,4.9,6,2.58502096,Southern District Northwest > Southern District Southeast,FALSE,石排灣邨公共運輸交滙處 Shek Pai Wan Estate Public Transport Interchange,Southern District Northwest,黃竹坑站 Wong Chuk Hang Station,Southern District Southeast,黃竹坑站 Wong Chuk Hang Station
4M,CMPattern_CM_GMBBus_4m_5967,4.9,6,1.971916892,Southern District Northwest > Southern District Southeast,FALSE,石排灣邨公共運輸交滙處 Shek Pai Wan Estate Public Transport Interchange,Southern District Northwest,黃竹坑站 Wong Chuk Hang Station,Southern District Southeast,黃竹坑站（經漁暉道） Wong Chuk Hang Station (via Yue Fai Road)
23,CMPattern_CM_GMBBus_23_7767,3.7,4,1.138740349,Kwun Tong Central,FALSE,裕民坊公共運輸交滙處 Yue Man Square Public Transport Interchange,Kwun Tong Central,"雲漢街，近南寧大樓 Wan Hon Street, near Nam Ning Mansion",Kwun Tong Central,觀塘雲漢街 Kwun Tong (Wan Hon Street)
20X,CMPattern_CM_GMBBus_20x_8717,6.5,4,2.151882645,Tai Po South > Tai Po North,FALSE,大埔墟站專綫小巴總站 Tai Po Market Station Minibus Terminus,Tai Po South,大埔那打素醫院 Tai Po Nethersole Hospital,Tai Po North,雅麗氏何妙齡那打素醫院 Tai Po Nethersole Hospital
4A,CMPattern_CM_GMBBus_4a_1_8559,4.6,9,2.57213288,Sai Kung and Hang Hau,FALSE,"康健路，近泰湖閣 Hong Kin Road, near Lake Court",Sai Kung and Hang Hau,"宜春街，西貢街市對面 Yi Chun Street, Opposite Sai Kung Market",Sai Kung and Hang Hau,西貢 Sai Kung
83A,CMPattern_CM_GMBBus_83a_1_8994,6.4,11,4.91987801,Tsuen Wan Southeast > Kwai Chung East,FALSE,海貴路公共運輸交滙處 Hoi Kwai Road Public Transport Interchange,Tsuen Wan Southeast,"安捷街，近安蔭邨嘉蔭樓 On Chit Street, near Kar Yam House, On Yam Estate",Kwai Chung East,安蔭邨安捷街 On Yam Estate (On Chit Street)
4A,CMPattern_CM_GMBBus_4a_1_8558,4.6,10,2.512012025,Sai Kung and Hang Hau,FALSE,"宜春街，西貢街市對面 Yi Chun Street, Opposite Sai Kung Market",Sai Kung and Hang Hau,"康健路，近泰湖閣 Hong Kin Road, near Lake Court",Sai Kung and Hang Hau,對面海海濱別墅 Tui Min Hoi (Seaside Villas)
52A,CMPattern_CM_GMBBus_52a_8840,3.9,3,1.377617458,Wu Tip Shan,FALSE,"和睦路，海聯廣場第3座外 Wo Muk Road, outside Tower 3, Union Plaza",Wu Tip Shan,"粉嶺車站路，粉嶺站外 Fanling Station Road, outside Fanling Station",Wu Tip Shan,粉嶺站 Fanling Station
39,CMPattern_CM_GMBBus_39_8758,7.2,16,5.22583826,Yuen Long Rural East > Yuen Long Town Centre,FALSE,"公庵路，近培康居 Kung Um Road, near Pui Hong Kui",Yuen Long Rural East,元朗站（北）公共運輸交滙處 Yuen Long Station (North) Public Transport Interchange,Yuen Long Town Centre,元朗站 Yuen Long Station
27,CMPattern_CM_GMBBus_27_7644,3.8,7,2.791941137,Southern District Northwest > Southern District Southeast,FALSE,"西安街，利港中心外 Sai On Street, outside Port Centre",Southern District Northwest,惠風街14號 No. 14 Wai Fung Street,Southern District Southeast,鴨脷洲惠風街 Ap Lei Chau (Wai Fung Street)
23M,CMPattern_CM_GMBBus_23m_7770,3.7,5,2.393428005,Kwun Tong Central,FALSE,裕民坊公共運輸交滙處 Yue Man Square Public Transport Interchange,Kwun Tong Central,"茜發道，近茜發道休憩公園 Sin Fat Road, near Sin Fat Road Rest Garden",Kwun Tong Central,藍田站茜發道 Lam Tin Station (Sin Fat Road)
18M,CMPattern_CM_GMBBus_18m_7602,8.7,6,3.834765528,Chai Wan,FALSE,"歌連臣角道，近歌連臣角懲教所 Cape Collinson Road, near Cape Collinson Correctional Institution",Chai Wan,柴灣站巴士總站 Chai Wan Station Bus Terminus,Chai Wan,柴灣站 Chai Wan Station
33M,CMPattern_CM_GMBBus_33m_1_7686,4.8,10,3.247527459,Wong Tai Sin East,FALSE,"豐盛街，海港花園外 Fung Shing Street, outside Hill Top Gardens",Wong Tai Sin East,黃大仙站小巴總站 Wong Tai Sin Station Minibus Terminus,Wong Tai Sin East,黃大仙站 Wong Tai Sin Station
807K,CMPattern_CM_GMBBus_807k_7578,9.3,15,11.11285878,Sha Tin West > Sha Tin North > Tai Po North,FALSE,大學站 University Station,Sha Tin West,井頭小巴總站 Tseng Tau Minibus Terminus,Tai Po North,井頭 Tseng Tau
54M,CMPattern_CM_GMBBus_54m_7728,6.6,3,2.38924257,Western > Southern District Northwest,FALSE,堅尼地城站 Kennedy Town Station,Western,"瑪麗醫院 J 座 Queen Mary Hopital, Block J",Southern District Northwest,瑪麗醫院 Queen Mary Hospital
4M,CMPattern_CM_GMBBus_4m_5969,4.9,8,2.779142355,Southern District Southeast > Southern District Northwest,FALSE,黃竹坑站 Wong Chuk Hang Station,Southern District Southeast,"南寧街，海湖閣外 Nam Ning Street, outside Hoi Wun Court",Southern District Northwest,香港仔南寧街 Aberdeen (Nam Ning Street)
101M,CMPattern_GMBBus101M_3551,10.9,18,11.31894692,Sai Kung and Hang Hau > Tseung Kwan O North,FALSE,惠民路公共小巴總站 Wai Man Road PLB Terminus,Sai Kung and Hang Hau,坑口站公共運輸交滙處 Hang Hau Station Public Transport Interchange,Tseung Kwan O North,坑口站 Hang Hau Station
807K,CMPattern_CM_GMBBus_807k_7581,9.3,11,6.018088107,Sha Tin North > Tai Po North,FALSE,"西沙路，馬鞍山廣場外 Sai Sha Road, outside Ma On Shan Plaza",Sha Tin North,井頭小巴總站 Tseng Tau Minibus Terminus,Tai Po North,井頭 Tseng Tau
27,CMPattern_CM_GMBBus_27_7643,3.8,7,2.77698691,Southern District Southeast > Southern District Northwest,FALSE,惠風街14號 No. 14 Wai Fung Street,Southern District Southeast,"西安街，利港中心外 Sai On Street, outside Port Centre",Southern District Northwest,香港仔西安街 Aberdeen (Sai On Street)
8S,CMPattern_CM_GMBBus_8s_6382,8,20,6.021713888,Yau Tsim Mong South > Kowloon City South,FALSE,"漢口道，漢口中心外 Hankow Road, outside Hankow Centre",Yau Tsim Mong South,何文田邨公共運輸交滙處 Ho Man Tin Estate Public Transport Interchange,Kowloon City South,何文田常富街 Ho Man Tin (Sheung Foo Street)
8S,CMPattern_CM_GMBBus_8s_6384,8,17,6.312515447,Yau Tsim Mong South > Kowloon City South,FALSE,"漢口道，漢口中心外 Hankow Road, outside Hankow Centre",Yau Tsim Mong South,何文田邨公共運輸交滙處 Ho Man Tin Estate Public Transport Interchange,Kowloon City South,何文田常富街（經紅磡繞道） Ho Man Tin (Sheung Foo Street) (via Hung Hom Bypass)
812,CMPattern_CM_GMBBus_812_3971,5.9,14,5.107744381,Sha Tin South > Sha Tin East > Sha Tin South,FALSE,"博泉街，近樂泉樓外迴旋處 Pok Chuen Street, near Roundabout outside Lok Chuen House",Sha Tin South,"車公廟路，顯徑商場對面 Che Kung Miu Road, Opposite Hin Keng Shopping Centre",Sha Tin South,顯徑車公廟路 Hin Keng (Che Kung Miu Road)
23M,CMPattern_CM_GMBBus_23m_7771,3.7,5,1.757280071,Kwun Tong Central,FALSE,"茜發道，近茜發道休憩公園 Sin Fat Road, near Sin Fat Road Rest Garden",Kwun Tong Central,裕民坊公共運輸交滙處 Yue Man Square Public Transport Interchange,Kwun Tong Central,觀塘裕民坊 Kwun Tong (Yue Man Square)
3A,CMPattern_CM_GMBBus_3a_1_8504,5.7,11,3.01187366,Sai Kung and Hang Hau,FALSE,"南山新村路，近南山村公所 Nam Shan San Tsuen Road, near Village Office",Sai Kung and Hang Hau,"宜春街，西貢街市對面 Yi Chun Street, Opposite Sai Kung Market",Sai Kung and Hang Hau,西貢 Sai Kung
65A,CMPattern_CM_GMBBus_65a_7574,6.1,13,5.187458301,Sha Tin West > Sha Tin East,FALSE,"源禾路，沙田中心對面 Yuen Wo Road, Opposite Sha Tin Centre",Sha Tin West,黃泥頭巴士總站 Wong Nai Tau Bus Terminus,Sha Tin East,黃泥頭 Wong Nai Tau
3A,CMPattern_CM_GMBBus_3a_1_8502,5.7,31,3.000061582,Sai Kung and Hang Hau,FALSE,"宜春街，西貢街市對面 Yi Chun Street, Opposite Sai Kung Market",Sai Kung and Hang Hau,"南山新村路，近南山村公所 Nam Shan San Tsuen Road, near Village Office",Sai Kung and Hang Hau,南山新村 Nam Shan San Tsuen
8,CMPattern_GMBBus8_5905,8,17,5.55310023,Kowloon City South > Yau Tsim Mong South,FALSE,"忠孝街，何文田政府合署外 Chung Hau Street, outside Ho Man Tin Government Offices",Kowloon City South,"漢口道，漢口中心外 Hankow Road, outside Hankow Centre",Yau Tsim Mong South,尖沙咀漢口道 Tsim Sha Tsui (Hankow Road)
4M,CMPattern_CM_GMBBus_4m_5968,4.9,5,2.027206052,Southern District Northwest > Southern District Southeast,FALSE,"南寧街，海湖閣外 Nam Ning Street, outside Hoi Wun Court",Southern District Northwest,黃竹坑站 Wong Chuk Hang Station,Southern District Southeast,黃竹坑站 Wong Chuk Hang Station
4A,CMPattern_CM_GMBBus_4a_7539,10.2,20,8.745525822,Southern District Northwest > Southern District Southeast > Wan Chai,FALSE,石排灣邨公共運輸交滙處 Shek Pai Wan Estate Public Transport Interchange,Southern District Northwest,"景隆街，近總統戲院 Cannon Street, near President Theatre",Wan Chai,銅鑼灣景隆街 Causeway Bay (Cannon Street)
808,CMPattern_GMBBus808_5915,8.7,12,7.858884028,Sha Tin North > Sha Tin East,FALSE,曾璧山中學 Tsang Pik Shan Secondary School,Sha Tin North,威爾斯親王醫院 Prince of Wales Hospital,Sha Tin East,威爾斯親王醫院 Prince of Wales Hospital
17M,CMPattern_GMBBus17M_2_4307,4.5,5,2.201654262,Tseung Kwan O North > Sai Kung and Hang Hau,FALSE,"貿業路，近寶琳站 Mau Yip Road, near Po Lam Station",Tseung Kwan O North,翠林巴士總站 Tsui Lam Bus Terminus,Sai Kung and Hang Hau,翠林 Tsui Lam
17M,CMPattern_GMBBus17M_2_5858,4.5,2,1.858413407,Tseung Kwan O North > Sai Kung and Hang Hau,FALSE,"貿業路，近寶琳站 Mau Yip Road, near Po Lam Station",Tseung Kwan O North,翠林巴士總站 Tsui Lam Bus Terminus,Sai Kung and Hang Hau,翠林（經寶康路） Tsui Lam (via Po Hong Road)
52K,CMPattern_CM_GMBBus_52k_6080,6.6,13,7.947062303,Wu Tip Shan > Robin’s Nest,FALSE,粉嶺站專綫小巴總站 Public Light Bus (Scheduled) Service Terminus at Fanling Station,Wu Tip Shan,山雞乙 Shan Kai Wat,Robin’s Nest,山雞乙 Shan Kai Wat
52K,CMPattern_CM_GMBBus_52k_6086,7.4,3,6.787904121,Wu Tip Shan > Robin’s Nest,FALSE,粉嶺站專綫小巴總站 Public Light Bus (Scheduled) Service Terminus at Fanling Station,Wu Tip Shan,坪洋村 Ping Yeung Tsuen,Robin’s Nest,坪洋村 Ping Yeung Tsuen
81,CMPattern_CM_GMBBus_81_7781,6.2,12,3.073228558,Tsuen Wan Southeast,FALSE,"老圍路，近圓玄學院 Lo Wai Road, near The Yuen Yuen Institute",Tsuen Wan Southeast,"兆和街，近永安樓 Shiu Wo Street, near Wing On House",Tsuen Wan Southeast,荃灣兆和街 Tsuen Wan (Shiu Wo Street)
13A,CMPattern_CM_GMBBus_13a_7873,4.8,9,1.629087489,Kowloon City North > Wong Tai Sin West,FALSE,"廣播道，雅麗園 B 座外 Broadcast Drive, outside Block B, Alice Court",Kowloon City North,"橫頭磡南道，橫頭磡邨宏順樓外 Wang Tau Hom South Road, outside Wang Shun House, Wang Tau Hom Estate",Wong Tai Sin West,樂富中心 Lok Fu Centre
17M,CMPattern_GMBBus17M_2_4308,4.5,6,1.990576332,Sai Kung and Hang Hau > Tseung Kwan O North,FALSE,翠林巴士總站 Tsui Lam Bus Terminus,Sai Kung and Hang Hau,"貿業路，近寶琳站 Mau Yip Road, near Po Lam Station",Tseung Kwan O North,寶琳站 Po Lam Station
17M,CMPattern_GMBBus17M_2_5857,4.5,3,1.648619251,Sai Kung and Hang Hau > Tseung Kwan O North,FALSE,翠林巴士總站 Tsui Lam Bus Terminus,Sai Kung and Hang Hau,"貿業路，近寶琳站 Mau Yip Road, near Po Lam Station",Tseung Kwan O North,寶琳站（經寶康路） Po Lam Station (via Po Hong Road)
33M,CMPattern_CM_GMBBus_33m_1_7688,4.8,7,2.66895377,Wong Tai Sin East,FALSE,富山總站 Fu Shan Bus Terminus,Wong Tai Sin East,黃大仙站小巴總站 Wong Tai Sin Station Minibus Terminus,Wong Tai Sin East,黃大仙站 Wong Tai Sin Station
14M,CMPattern_CM_GMBBus_14m_6090,4.7,6,1.842312194,Wan Chai,TRUE,蘭芳道，2號 Lan Fong Road No. 2,Wan Chai,蘭芳道，2號 Lan Fong Road No. 2,Wan Chai,銅鑼灣蘭芳道 - 樂翠台（循環綫） Causeway Bay (Lan Fong Road) - Villa Rocha (Circular)
90A,CMPattern_CM_GMBBus_90a_1_9038,5.5,11,3.049578152,Kwai Chung West > Kwai Chung East > Sham Shui Po West,FALSE,瑪嘉烈醫院專科門診部 Princess Magaret Hospital Specialist Out-Patient Clinic,Kwai Chung West,美孚巴士總站 Mei Foo Bus Terminus,Sham Shui Po West,美孚 Mei Foo
63A,CMPattern_CM_GMBBus_63a_8901,3.9,4,1.244133282,Sha Tin West > Sha Tin South,FALSE,"美田路，近美城苑貴城閣 Mei Tin Road, near Kwai Shing House, May Shing Court",Sha Tin West,"村南道，近大圍站 Tsuen Nam Road, near Tai Wai Station",Sha Tin South,大圍站村南道 Tai Wai Station (Tsuen Nam Road)
54M,CMPattern_GMBBus54M_1_5286,5,17,7.342947291,Kwun Tong North > Kwun Tong West > Wong Tai Sin East > Kwun Tong North,TRUE,順天邨 Shun Tin Estate,Kwun Tong North,順天邨 Shun Tin Estate,Kwun Tong North,順天 - 坪石（循環綫） Shun Tin - Ping Shek (Circular)
28K,CMPattern_GMBBus28K_5869,10,26,12.23098154,Tai Po South > Sha Tin West,FALSE,廣福里 Kwong Fuk Ln,Tai Po South,帝都酒店 Royal Park Hotel,Sha Tin West,沙田白鶴汀街 Sha Tin (Pak Hok Ting Street)
19,CMPattern_CM_GMBBus_19_7955,5.8,18,5.617429569,Wong Tai Sin West > Wong Tai Sin East > Wong Tai Sin West,FALSE,"慈雲山道，沙田坳邨和田樓外 Tsz Wan Shan Road, outside Wo Tin House, Shatin Pass Estate",Wong Tai Sin West,"彝倫街，近百樂大樓 Yi Lun Street, near Pak Lok House",Wong Tai Sin West,新蒲崗 San Po Kong
57K,CMPattern_CM_GMBBus_57k_1_8863,8.5,10,5.790448716,Robin’s Nest,FALSE,"蕉徑路，近彭氏宗祠 Tsiu Keng Road, near Pang Temple",Robin’s Nest,上水站小巴總站 Sheung Shui Station Public Light Bus Terminus,Robin’s Nest,上水站 Sheung Shui
407,CMPattern_CM_GMBBus_407_9109,11.2,23,10.87575002,Tsing Yi > Kwai Chung West > Kwai Chung East > Kwai Chung West,FALSE,長宏邨小巴總站 Cheung Wang Estate Minibus Terminus,Tsing Yi,"瑪嘉烈醫院路，近瑪嘉烈醫院 A，B，C，D 座 Princess Margaret Hospital Road, near Princess Margaret Hospital Blocks A, B, C, D",Kwai Chung West,瑪嘉烈醫院 Princess Margaret Hospital
18M,CMPattern_CM_GMBBus_18m_1_7792,4.3,7,1.684740445,Wong Tai Sin West > Wong Tai Sin East > Wong Tai Sin West > Wong Tai Sin East,FALSE,"慈雲山道，沙田坳邨和田樓外 Tsz Wan Shan Road, outside Wo Tin House, Shatin Pass Estate",Wong Tai Sin West,黃大仙站 Wong Tai Sin Station,Wong Tai Sin East,黃大仙站 Wong Tai Sin Station
75,CMPattern_CM_GMBBus_75_5890,8.2,20,12.61969129,Yuen Long Town Centre > Yuen Long Rural East,FALSE,"福康街，金寶樓外小巴總站 Fook Hong Street Public Light Bus Terminus, outside Kam Po Building",Yuen Long Town Centre,下灣村 Ha Wan Tsuen,Yuen Long Rural East,下灣村 Ha Wan Tsuen
13,CMPattern_CM_GMBBus_13_6103,8.8,26,8.308379779,Kowloon City South > Yau Tsim Mong South > Kowloon City South > Kowloon City North > Kowloon City South > Kowloon City North > Wong Tai Sin West > Kowloon City North,FALSE,紅磡（紅鸞道）小巴總站 Hung Hom (Hung Luen Road) GMB Terminus,Kowloon City South,"廣播道，雅麗園 B 座外 Broadcast Drive, outside Block B, Alice Court",Kowloon City North,九龍塘廣播道 Kowloon Tong (Broadcast Drive)
33M,CMPattern_CM_GMBBus_33m_1_7687,4.8,12,3.352067906,Wong Tai Sin East > Wong Tai Sin West > Wong Tai Sin East,FALSE,黃大仙站小巴總站 Wong Tai Sin Station Minibus Terminus,Wong Tai Sin East,"豐盛街，海港花園外 Fung Shing Street, outside Hill Top Gardens",Wong Tai Sin East,海港花園 Hilltop Gardens
18M,CMPattern_CM_GMBBus_18m_1_7791,4.3,5,1.275929989,Wong Tai Sin East > Wong Tai Sin West,FALSE,黃大仙站 Wong Tai Sin Station,Wong Tai Sin East,"慈雲山道，沙田坳邨和田樓外 Tsz Wan Shan Road, outside Wo Tin House, Shatin Pass Estate",Wong Tai Sin West,慈雲山北 Tsz Wan Shan (North)
75,CMPattern_CM_GMBBus_75_5891,8.2,22,13.15596215,Yuen Long Rural East > Yuen Long Town Centre,FALSE,下灣村 Ha Wan Tsuen,Yuen Long Rural East,"福康街，金寶樓外小巴總站 Fook Hong Street Public Light Bus Terminus, outside Kam Po Building",Yuen Long Town Centre,元朗福康街（經元朗西） Yuen Long (Fook Hong Street) (via Yuen Long (West))
75,CMPattern_CM_GMBBus_75_5892,8.2,18,12.74422194,Yuen Long Rural East > Yuen Long Town Centre,FALSE,下灣村 Ha Wan Tsuen,Yuen Long Rural East,"福康街，金寶樓外小巴總站 Fook Hong Street Public Light Bus Terminus, outside Kam Po Building",Yuen Long Town Centre,元朗福康街 Yuen Long (Fook Hong Street)
75,CMPattern_CM_GMBBus_75_1_5894,6,13,3.711899015,Yuen Long Rural East,FALSE,落馬洲支綫公共交通交滙處 Lok Ma Chau Spur Line Public Transport Interchange,Yuen Long Rural East,"青山公路，近文天祥紀念公園 Castle Peak Road, near Man Tin Cheung Park",Yuen Long Rural East,新田近新田郵政局 San Tin (near San Tin Post Office)
19,CMPattern_CM_GMBBus_19_7956,5.8,5,1.644800282,Wong Tai Sin East,FALSE,富山總站 Fu Shan Bus Terminus,Wong Tai Sin East,鑽石山站公共運輸交滙處 Diamond Hill Station Public Transport Interchange,Wong Tai Sin East,鑽石山站公共運輸交滙處 Diamond Hill Station Public Transport Interchange
33M,CMPattern_CM_GMBBus_33m_5854,3.9,10,2.001112179,Hong Wan,TRUE,"康盛街，康怡花園 B 座外 Hong Shing Street, outside Block B Kornhill",Hong Wan,"康盛街，康怡花園 B 座外 Hong Shing Street, outside Block B Kornhill",Hong Wan,康山 - 太古站（循環綫） Kornhill - Tai Koo Station (Circular)
28K,CMPattern_GMBBus28K_5870,10,23,10.93427264,Tai Po South > Sha Tin West,FALSE,黃宜坳 Wong Yi Au,Tai Po South,帝都酒店 Royal Park Hotel,Sha Tin West,沙田白鶴汀街 Sha Tin (Pak Hok Ting Street)
407,CMPattern_CM_GMBBus_407_9110,11.1,25,10.79710383,Kwai Chung West > Kwai Chung East > Kwai Chung West > Tsing Yi,FALSE,"瑪嘉烈醫院路，近瑪嘉烈醫院 A，B，C，D 座 Princess Margaret Hospital Road, near Princess Margaret Hospital Blocks A, B, C, D",Kwai Chung West,長宏邨小巴總站 Cheung Wang Estate Minibus Terminus,Tsing Yi,長宏 Cheung Wang
89B,CMPattern_CM_GMBBus_89b_6065,5.8,26,11.3986072,Kwun Tong North > Kowloon City North > Kwun Tong West,FALSE,"安茵街，近智泰樓 On Yan Street, near Chi Tai House",Kwun Tong North,常怡道 Sheung Yee Road,Kwun Tong West,九龍灣零碳天地 Kowloon Bay (Zero Carbon Building)
61M,CMPattern_CM_GMBBus_61m_1_8019,5,2,1.321193816,Sha Tin South,FALSE,"龍柏街，近世界花園龍柏閣 Lung Pak Street, near Cypress Court, World-Wide Gardens",Sha Tin South,大圍站公共運輸交滙處 Tai Wai Station Public Transport Interchange,Sha Tin South,大圍站 Tai Wai Station
61M,CMPattern_CM_GMBBus_61m_1_8020,5,2,1.244165517,Sha Tin South,FALSE,大圍站公共運輸交滙處 Tai Wai Station Public Transport Interchange,Sha Tin South,"龍柏街，近世界花園龍柏閣 Lung Pak Street, near Cypress Court, World-Wide Gardens",Sha Tin South,世界花園 Worldwide Garden
5M,CMPattern_CM_GMBBus_5m_6167,4.9,2,0.988628182,Southern District Southeast,FALSE,黃竹坑站 Wong Chuk Hang Station,Southern District Southeast,葛量洪醫院 Grantham Hospital,Southern District Southeast,葛量洪醫院 Grantham Hospital
5M,CMPattern_CM_GMBBus_5m_6168,4.9,2,1.239149056,Southern District Southeast,FALSE,葛量洪醫院 Grantham Hospital,Southern District Southeast,黃竹坑站 Wong Chuk Hang Station,Southern District Southeast,黃竹坑站 Wong Chuk Hang Station
31,CMPattern_CM_GMBBus_31_6327,12.4,26,13.47876384,Southern District Northwest > Western > Central > Western > Central > Wan Chai,FALSE,田灣邨小巴總站 Tin Wan Estate Minibus Terminus,Southern District Northwest,"謝斐道，波斯富街 Jaffe Road, Percival Street",Wan Chai,銅鑼灣謝斐道 Causeway Bay (Jaffe Road)
2,CMPattern_CM_GMBBus_2_2_8483,5.9,5,2.48944675,Sai Kung and Hang Hau,FALSE,北港 Pak Kong,Sai Kung and Hang Hau,"福民路小巴總站，經華樓外 Fuk Man Road Public Light Bus Terminus, outside King Wah Building",Sai Kung and Hang Hau,西貢 Sai Kung
16,CMPattern_CM_GMBBus_16_7897,3.8,7,2.853326936,Wong Tai Sin East > Kwun Tong West > Wong Tai Sin East,TRUE,"牛池灣街，近彩輝邨彩葉樓 Ngau Chi Wan Street, near Choi Yip House, Choi Fai Estate",Wong Tai Sin East,"牛池灣街，近彩輝邨彩葉樓 Ngau Chi Wan Street, near Choi Yip House, Choi Fai Estate",Wong Tai Sin East,扎山道彩雲邨 - 坪石邨（循環綫） Jat's Incline (Choi Wan Estate) - Ping Shek Estate (Circular)
52K,CMPattern_CM_GMBBus_52k_6082,6.2,10,5.398278603,Wu Tip Shan,FALSE,軍地（北） Kwan Tei (North),Wu Tip Shan,粉嶺站專綫小巴總站 Public Light Bus (Scheduled) Service Terminus at Fanling Station,Wu Tip Shan,粉嶺站 Fanling Station
52K,CMPattern_CM_GMBBus_52k_6084,6.6,4,2.232030687,Wu Tip Shan,FALSE,和滿街小巴總站 Wo Mun Street Public Light Bus Terminus,Wu Tip Shan,粉嶺站專綫小巴總站 Public Light Bus (Scheduled) Service Terminus at Fanling Station,Wu Tip Shan,粉嶺站 Fanling Station
52K,CMPattern_CM_GMBBus_52k_6083,6.6,2,1.664886754,Wu Tip Shan,FALSE,粉嶺站專綫小巴總站 Public Light Bus (Scheduled) Service Terminus at Fanling Station,Wu Tip Shan,和滿街小巴總站 Wo Mun Street Public Light Bus Terminus,Wu Tip Shan,聯和墟 Luen Wo Hui
23K,CMPattern_CM_GMBBus_23k_8727,5.7,22,1.101788529,Tai Po South,FALSE,"達運道，荔枝山 Tat Wan Road, Lai Chi Shan",Tai Po South,大埔墟站專綫小巴總站 Tai Po Market Station Minibus Terminus,Tai Po South,大埔墟 Tai Po Market
39,CMPattern_CM_GMBBus_39_8756,7.2,20,5.01674084,Yuen Long Rural East > Yuen Long Town Centre,FALSE,"公庵路，近培康居 Kung Um Road, near Pui Hong Kui",Yuen Long Rural East,元朗（鳳翔路）總站 Yuen Long (Fung Cheung Road) Bus Terminus,Yuen Long Town Centre,元朗鳳翔路 Yuen Long (Fung Cheung Road)
808,CMPattern_GMBBus808_10119,8.7,19,10.06162903,Sha Tin East > Sha Tin North,FALSE,威爾斯親王醫院 Prince of Wales Hospital,Sha Tin East,錦英苑巴士總站 Kam Ying Court Bus Terminus,Sha Tin North,錦英苑 Kam Ying Court
1,CMPattern_CM_GMBBus_1_7501,11.8,15,7.740216222,Central,FALSE,加列山道（明德醫院外） Mount Kellett Road (outside Matilda Hospital),Central,香港站小巴總站 Hong Kong Station Minibus Terminus,Central,中環香港站公共運輸交滙處 Central (Hong Kong Station Public Transport Interchange)
72,CMPattern_CM_GMBBus_72_8437,7.5,18,5.674541612,Wong Tai Sin East > Wong Tai Sin West > Kowloon City North > Sham Shui Po East,FALSE,宏景花園小巴總站 Grand View Garden Minibus Terminus,Wong Tai Sin East,"達之路，又一城地面 Tat Chee Avenue, Ground Floor of The Festival Walk",Sham Shui Po East,又一城公共交通總站 Festival Walk Public Transport Terminus
16,CMPattern_CM_GMBBus_16_7898,3.8,4,2.51985296,Wong Tai Sin East > Kwun Tong West > Wong Tai Sin East,TRUE,銀河徑 Ngan Ho Path,Wong Tai Sin East,銀河徑 Ngan Ho Path,Wong Tai Sin East,銀河徑 - 坪石邨（循環綫） Ngan Ho Path - Ping Shek Estate (Circular)
43M,CMPattern_GMBBus43M_5964,4.5,4,3.48724273,Yau Tsim Mong North > Yau Tsim Mong South,FALSE,"海泓道，海富苑外 Hoi Wang Road, outside Hoi Fu Court",Yau Tsim Mong North,"海庭道，近西九龍政府合署南座 Hoi Ting Road, near West Kowloon Government Offices South Building",Yau Tsim Mong South,西九龍政府合署 West Kowloon Government Offices
61S,GMB,18.8,3,12.58326,沙田區 -> 油尖旺區,FALSE,火炭,沙田區,旺角站,油尖旺區,
N31,GMB,17.7,27,13.48163,南區 -> 中西區 -> 灣仔區,FALSE,田灣邨,南區,銅鑼灣(謝斐道),灣仔區,通宵服務班次
805S,GMB,17.2,15,22.53862,油尖旺區 -> 沙田區,FALSE,旺角,油尖旺區,錦英苑,沙田區,特別班次(不經富安花園)
805S,GMB,17.2,14,22.53862,沙田區 -> 黃大仙區 -> 油尖旺區,FALSE,錦英苑,沙田區,旺角,油尖旺區,
N40,GMB,16.5,19,17.59243,南區 -> 灣仔區,FALSE,赤柱村,南區,渣甸街,灣仔區,凌晨班次
N44B,GMB,15.7,28,29.95005,元朗區 -> 屯門區,FALSE,落馬洲管制站,元朗區,屯門碼頭,屯門區,通宵服務
65S,GMB,15.5,22,27.92516,沙田區 -> 油尖旺區 -> 九龍城區 -> 沙田區,TRUE,黃泥頭,沙田區,旺角站(循環線),沙田區,
61S,GMB,15.3,3,12.58326,沙田區 -> 油尖旺區,FALSE,瀝源∕禾輋,沙田區,旺角站,油尖旺區,正常班次
69,GMB,14.5,42,30.30766,南區 -> 東區 -> 南區,TRUE,數碼港,南區,鰂魚涌(船塢里)(循環線),南區,
618A,GMB,14.4,3,14.2914,元朗區,FALSE,天水圍(天恩邨),元朗區,深圳灣口岸,元朗區,短程班次
618B,GMB,14.4,7,14.56028,元朗區,FALSE,天水圍(濕地公園路),元朗區,深圳灣口岸,元朗區,短程班次
62S,GMB,14.3,11,14.51713,觀塘區 -> 油尖旺區,FALSE,藍田(廣田邨),觀塘區,尖沙咀,油尖旺區,
63S,GMB,14.2,8,23.79287,沙田區 -> 九龍城區 -> 油尖旺區,FALSE,美田邨公共運輸交匯處,沙田區,旺角,油尖旺區,通宵班次
7,GMB,13.7,3,16.75641,西貢區 -> 大埔區,FALSE,西貢,西貢區,海下,大埔區,
66S,GMB,13,20,7.476632,黃大仙區 -> 九龍城區 -> 油尖旺區,FALSE,斧山道,黃大仙區,旺角,油尖旺區,通宵服務班次
806A,GMB,12.8,28,17.13306,沙田區 -> 大埔區,FALSE,黃泥頭,沙田區,運頭塘,大埔區,
806B,GMB,12.8,29,19.642,沙田區 -> 大埔區,FALSE,石門,沙田區,運頭塘,大埔區,額外班次
806M,GMB,12.8,27,19.69284,大埔區 -> 沙田區 -> 大埔區,TRUE,白石角,大埔區,石門(循環線),大埔區,短程班次
79S,GMB,12.7,19,3.296332,元朗區,FALSE,天水圍 (俊宏軒),元朗區,落馬洲管制站,元朗區,
69X,GMB,12.5,15,10.79928,南區 -> 灣仔區,FALSE,數碼港,南區,銅鑼灣(駱克道),灣仔區,經華富邨
69X,GMB,12.5,14,10.79928,南區 -> 灣仔區,FALSE,數碼港,南區,銅鑼灣(駱克道),灣仔區,
9A,GMB,11.9,4,9.287645,西貢區,FALSE,北潭涌,西貢區,萬宜水庫東壩,西貢區,額外班次
N4A,GMB,11.7,14,8.746419,南區 -> 灣仔區,FALSE,香港仔(石排灣),南區,銅鑼灣(景隆街),灣仔區,通宵服務
N4C,GMB,11.7,8,8.322246,南區 -> 灣仔區,FALSE,香港仔(石排灣),南區,銅鑼灣(景隆街),灣仔區,通宵服務
811B,GMB,11.7,19,16.27079,沙田區,TRUE,耀安,沙田區,火炭(長瀝尾街)(循環線),沙田區,額外班次
N4X,GMB,11.7,8,12.05107,灣仔區 -> 南區 -> 灣仔區,TRUE,銅鑼灣(景隆街),灣仔區,深灣道公共交通總站(循環線),灣仔區,通宵服務
811S,GMB,11.3,26,22.43583,沙田區,TRUE,穗禾苑一期,沙田區,耀安(恆康街)(循環線),沙田區,額外班次
8,GMB,11.1,12,6.493585,南區 -> 中西區,FALSE,碧瑤灣(下),南區,中環(交易廣場),中西區,正常班次
8X,GMB,11.1,3,7.29576,南區 -> 中西區,FALSE,碧瑤灣(下),南區,中環(交易廣場),中西區,特快班次
87,GMB,11,38,3.703624,觀塘區,TRUE,鯉魚門邨,觀塘區,九龍灣(啟仁街)(循環線),觀塘區,
61M,GMB,10.5,1,5.519664,沙田區 -> 九龍城區,FALSE,世界花園,沙田區,九龍塘(沙福道)公共交通交匯處,九龍城區,
811A,GMB,10.2,13,10.38943,沙田區,FALSE,華翠園,沙田區,碧濤花園,沙田區,額外班次
811A,GMB,10.2,12,10.38943,沙田區,FALSE,華翠園,沙田區,碧濤花園,沙田區,額外班次 (不經穗禾苑第一期)
75,GMB,10,14,12.61969,元朗區,FALSE,元朗(福康街),元朗區,落馬洲支線公共交通交匯處,元朗區,
69A,GMB,9.7,15,11.741,觀塘區 -> 九龍城區 -> 黃大仙區 -> 九龍城區 -> 油尖旺區,FALSE,麗港城,觀塘區,通菜街,油尖旺區,輔助班次
69A,GMB,9.7,14,11.741,觀塘區 -> 九龍城區 -> 黃大仙區 -> 九龍城區 -> 油尖旺區,FALSE,麗港城,觀塘區,通菜街,油尖旺區,輔助班次 (早上10時前班次)
70,GMB,9.7,23,9.248071,黃大仙區 -> 九龍城區 -> 油尖旺區,FALSE,鑽石山站公共運輸交匯處,黃大仙區,大角咀(維港灣),油尖旺區,
70A,GMB,9.7,22,7.309477,黃大仙區 -> 九龍城區 -> 油尖旺區,FALSE,鑽石山站公共運輸交匯處,黃大仙區,奧運站交通交匯處,油尖旺區,額外服務班次
78,GMB,9.7,5,15.71491,元朗區,FALSE,落馬洲(新田)公共交通交匯處,元朗區,八鄉路(近大欖隧道轉車站),元朗區,
93A,GMB,9.7,13,6.857554,葵青區 -> 荃灣區,FALSE,華景山莊,葵青區,荃灣(鹹田街),荃灣區,額外服務班次
806C,GMB,9.5,15,9.009768,沙田區 -> 大埔區,FALSE,香港科學園,沙田區,運頭塘,大埔區,短程班次
807K,GMB,9.3,4,11.11286,大埔區 -> 沙田區,FALSE,井頭村,大埔區,烏溪沙站巴士總站,沙田區,早上額外班次
807K,GMB,9.3,8,11.11286,沙田區 -> 大埔區,FALSE,馬鞍山站,沙田區,井頭村,大埔區,黃昏額外班次
807K,GMB,9.3,11,11.11286,沙田區 -> 大埔區,FALSE,港鐵大學站巴士總站,沙田區,井頭村,大埔區,
807S,GMB,9.3,5,9.139445,沙田區 -> 大埔區,FALSE,港鐵大學站巴士總站,沙田區,井頭村外,大埔區,額外班次
69,GMB,8.9,10,30.30766,觀塘區 -> 九龍城區 -> 黃大仙區 -> 九龍城區,FALSE,麗港城,觀塘區,九龍城(獅子石道),九龍城區,
69,GMB,8.9,10,30.30766,觀塘區 -> 九龍城區 -> 黃大仙區 -> 九龍城區,FALSE,麗港城,觀塘區,九龍城(獅子石道),九龍城區,
89B,GMB,8.8,18,11.39861,觀塘區 -> 九龍城區 -> 觀塘區,FALSE,安泰邨,觀塘區,九龍灣(零碳天地),觀塘區,
71,GMB,8.7,18,13.29927,元朗區,FALSE,元朗(元朗泰衡街),元朗區,石湖塘(河背),元朗區,
72,GMB,8.7,20,5.674542,元朗區,FALSE,元朗(元朗泰衡街),元朗區,雷公田,元朗區,
808P,GMB,8.7,13,7.762783,沙田區,FALSE,恆安巴士總站,沙田區,威爾斯親王醫院,沙田區,額外班次
69A,GMB,8.5,9,11.741,南區,FALSE,數碼港,南區,黃竹坑站,南區,
86A,GMB,8.5,12,7.087786,荃灣區 -> 葵青區,FALSE,荃灣(川龍街),荃灣區,石籬(梨貝街),葵青區,
901,GMB,8.4,17,19.3495,離島區,TRUE,港珠澳大橋香港口岸,離島區,東涌北(循環線),離島區,
78A,GMB,8.3,8,5.03361,油尖旺區,FALSE,大角咀(維港灣)公共運輸交匯處,油尖旺區,尖沙咀(北京道),油尖旺區,短程班次
803,GMB,8.3,19,11.85351,沙田區,FALSE,顯徑,沙田區,利安,沙田區,特別班次
803,GMB,8.3,21,11.85351,沙田區,FALSE,顯徑,沙田區,利安,沙田區,
811,GMB,8.3,10,6.553953,沙田區,FALSE,穗禾苑,沙田區,愉翠苑,沙田區,
88M,GMB,8.3,2,11.50054,葵青區,FALSE,葵芳站,葵青區,香港聯合船塢 (不經長青),葵青區,
88M,GMB,8.3,5,11.50054,葵青區,FALSE,香港聯合船塢,葵青區,葵芳站 (不經新都會廣場),葵青區,
88M,GMB,8.3,6,11.50054,葵青區,FALSE,葵芳站,葵青區,香港聯合船塢,葵青區,
78,GMB,8.3,17,15.71491,油尖旺區,TRUE,大角咀(維港灣)公共運輸交匯處,油尖旺區,尖沙咀(北京道)(循環線),油尖旺區,
88M,GMB,8.3,5,11.50054,葵青區,TRUE,葵芳站,葵青區,青衣南 (回程不經新都會廣場)(循環線),葵青區,短程班次
88M,GMB,8.3,7,11.50054,葵青區,TRUE,葵芳站,葵青區,青衣南(循環線),葵青區,短程班次
75,GMB,8.2,10,12.61969,元朗區,FALSE,下灣村,元朗區,元朗(福康街),元朗區,特別班次(不經擊壤路)
75,GMB,8.2,15,12.61969,元朗區,FALSE,元朗(福康街),元朗區,下灣村,元朗區,短程班次
808,GMB,8.1,18,10.06163,沙田區,FALSE,錦英苑,沙田區,威爾斯親王醫院,沙田區,
9,GMB,8.1,12,6.667631,中西區,TRUE,中環(交易廣場),中西區,寶雲道(循環線),中西區,
8,GMB,8,14,6.493585,油尖旺區 -> 九龍城區 -> 油尖旺區 -> 九龍城區,FALSE,尖沙咀(漢口道),油尖旺區,何文田(忠孝街),九龍城區,短程班次
8,GMB,8,13,6.493585,油尖旺區 -> 九龍城區 -> 油尖旺區 -> 九龍城區,FALSE,尖沙咀(漢口道),油尖旺區,何文田邨,九龍城區,繁忙時段班次
8,GMB,8,15,6.493585,油尖旺區 -> 九龍城區 -> 油尖旺區 -> 九龍城區,FALSE,尖沙咀(漢口道),油尖旺區,何文田邨,九龍城區,
8S,GMB,8,13,6.021714,油尖旺區 -> 九龍城區 -> 油尖旺區 -> 九龍城區,FALSE,尖沙咀(漢口道),油尖旺區,何文田(常富街),九龍城區,繁忙時段班次(經紅磡繞道)
8S,GMB,8,15,6.021714,油尖旺區 -> 九龍城區 -> 油尖旺區 -> 九龍城區,FALSE,尖沙咀(漢口道),油尖旺區,何文田(常富街),九龍城區,
97A,GMB,8,5,4.905548,葵青區 -> 深水埗區,FALSE,華景山莊,葵青區,長沙灣(長發街),深水埗區,
9,GMB,7.9,2,6.667631,西貢區,FALSE,麥理浩夫人度假村,西貢區,西貢,西貢區,
73,GMB,7.9,29,10.13724,深水埗區 -> 九龍城區 -> 黃大仙區 -> 九龍城區 -> 深水埗區,TRUE,又一城公共交通總站,深水埗區,慈雲山中心(循環線),深水埗區,
807B,GMB,7.9,25,20.23698,沙田區 -> 大埔區 -> 西貢區 -> 大埔區 -> 沙田區,TRUE,馬鞍山站,沙田區,黃竹灣(循環線),沙田區,額外班次
814,GMB,7.9,24,14.53098,沙田區,TRUE,麗坪路,沙田區,沙田(白鶴汀街)(循環線),沙田區,
63,GMB,7.6,12,9.059686,南區,FALSE,海怡半島,南區,瑪麗醫院,南區,
69K,GMB,7.6,5,4.973993,沙田區,FALSE,沙田站(排頭街),沙田區,沙田渣甸山花園∕華翠園,沙田區,
77M,GMB,7.6,9,7.507447,油尖旺區,TRUE,九龍站,油尖旺區,尖東(循環線),油尖旺區,
72,GMB,7.5,16,5.674542,黃大仙區 -> 九龍城區 -> 深水埗區,FALSE,宏景花園,黃大仙區,又一城公共交通總站,深水埗區,正常班次
76,GMB,7.5,8,11.45599,元朗區,FALSE,小磡村,元朗區,元朗(福康街),元朗區,特別班次(不經擊壤路)
76,GMB,7.5,11,11.45599,元朗區,FALSE,元朗(福康街),元朗區,小磡村,元朗區,
94S,GMB,7.5,1,4.76701,荃灣區,FALSE,海貴路公共運輸交匯處,荃灣區,城門水塘,荃灣區,
65K,GMB,7.5,9,10.39462,沙田區,TRUE,黃泥頭,沙田區,火炭站(循環線),沙田區,
66K,GMB,7.5,5,10.43521,沙田區,TRUE,沙田站,沙田區,九肚(循環線),沙田區,
65,GMB,7.4,15,7.586929,東區,FALSE,東區尤德夫人那打素醫院,東區,北角(堡壘街),東區,
65X,GMB,7.4,4,6.10317,東區,FALSE,東區尤德夫人那打素醫院,東區,北角渡輪碼頭公共運輸交匯處,東區,額外班次
65A,GMB,7.4,23,4.645002,東區,TRUE,柴灣(康民街),東區,鰂魚涌(途經東區尤德夫人那打素醫院)(循環線),東區,額外班次
80,GMB,7.2,2,6.648015,荃灣區,FALSE,荃灣(川龍街),荃灣區,川龍,荃灣區,
94,GMB,7.2,13,6.91773,荃灣區 -> 葵青區 -> 荃灣區 -> 葵青區,FALSE,石圍角,荃灣區,葵盛,葵青區,
94A,GMB,7.2,11,4.590902,荃灣區 -> 葵青區 -> 荃灣區 -> 葵青區,FALSE,梨木樹邨公共運輸交匯處,荃灣區,葵盛,葵青區,
96,GMB,7.2,5,10.56825,荃灣區,FALSE,荃灣(海壩街),荃灣區,青龍頭,荃灣區,
96C,GMB,7.2,5,7.724692,荃灣區,FALSE,荃灣站,荃灣區,碧堤半島,荃灣區,額外班次
96M,GMB,7.2,4,9.039699,荃灣區,FALSE,荃灣站,荃灣區,青龍頭,荃灣區,
66,GMB,7.2,18,7.3318,東區,TRUE,愛秩序灣,東區,柴灣(環翠道)(循環線),東區,循環線
66A,GMB,7.2,13,5.128844,東區,TRUE,愛秩序灣,東區,東區尤德夫人那打素醫院(循環線),東區,循環線
94A,GMB,7.2,21,4.590902,荃灣區 -> 葵青區 -> 荃灣區 -> 葵青區 -> 荃灣區,TRUE,梨木樹邨公共運輸交匯處,荃灣區,葵富路(循環線),荃灣區,額外服務班次
90A,GMB,7.1,10,5.439878,觀塘區 -> 九龍城區,FALSE,油塘 (油麗邨),觀塘區,香港兒童醫院,九龍城區,
90A,GMB,7.1,15,5.439878,九龍城區 -> 觀塘區,FALSE,香港兒童醫院,九龍城區,油塘 (油麗邨) 經高超道及鯉魚門道,觀塘區,特別班次
90B,GMB,7.1,13,4.542408,觀塘區 -> 九龍城區,FALSE,秀茂坪,觀塘區,香港兒童醫院,九龍城區,
71A,GMB,7,11,6.122866,元朗區,FALSE,長莆村,元朗區,錦上路運輸交匯處,元朗區,
72,GMB,7,13,5.674542,元朗區,FALSE,錦上路站,元朗區,雷公田,元朗區,短程班次
810A,GMB,7,13,10.4814,沙田區,FALSE,白石,沙田區,沙田市中心,沙田區,額外班次
74,GMB,7,30,9.541424,油尖旺區 -> 九龍城區 -> 油尖旺區,TRUE,九龍站,油尖旺區,旺角(聯運街)(循環線),油尖旺區,
74S,GMB,7,32,9.074685,油尖旺區 -> 九龍城區 -> 油尖旺區,TRUE,九龍站,油尖旺區,何文田山道(循環線),油尖旺區,額外服務班次
810,GMB,7,34,8.663312,沙田區,TRUE,沙田市中心,沙田區,馬鞍山(雅典居)(循環線),沙田區,
810,GMB,7,34,8.663312,沙田區,TRUE,沙田市中心(不經保泰街),沙田區,馬鞍山(雅典居)(循環線),沙田區,特別班次
91,GMB,6.9,7,5.317823,葵青區 -> 荃灣區,FALSE,荔崗街,葵青區,荃灣(鹹田街),荃灣區,
67K,GMB,6.7,9,5.124991,沙田區,FALSE,亞公角,沙田區,沙田站,沙田區,
78A,GMB,6.7,2,5.03361,元朗區,FALSE,錦上路站,元朗區,八鄉路(近大欖隧道轉車站),元朗區,正常班次
68,GMB,6.7,21,6.276073,黃大仙區 -> 觀塘區 -> 黃大仙區,TRUE,彩雲邨,黃大仙區,九龍灣(循環線),黃大仙區,
73,GMB,6.6,5,10.13724,元朗區,FALSE,元朗(福康街)小巴總站,元朗區,崇山新村,元朗區,
73A,GMB,6.6,4,4.331103,元朗區,FALSE,元朗(福康街)小巴總站,元朗區,元朗(崇山新村),元朗區,
74,GMB,6.6,3,9.541424,元朗區,FALSE,元朗(福康街),元朗區,盛屋村,元朗區,
76B,GMB,6.6,13,5.884175,觀塘區,FALSE,基督教聯合醫院,觀塘區,油塘公共運輸交匯處,觀塘區,
93,GMB,6.6,12,6.201098,葵青區 -> 荃灣區,FALSE,華員邨,葵青區,荃灣(鹹田街),荃灣區,
76A,GMB,6.6,37,10.35086,觀塘區,TRUE,廣田,觀塘區,基督教聯合醫院(循環線),觀塘區,
76A,GMB,6.6,29,10.35086,觀塘區,TRUE,廣田,觀塘區,基督教聯合醫院(循環線),觀塘區,
90M,GMB,6.6,15,11.85765,葵青區 -> 深水埗區 -> 葵青區,TRUE,荔景山村,葵青區,美孚站(循環線),葵青區,
92M,GMB,6.6,6,10.53914,葵青區 -> 深水埗區 -> 葵青區,TRUE,華員邨,葵青區,美孚站(循環線),葵青區,
65A,GMB,6.5,7,4.645002,沙田區,FALSE,黃泥頭,沙田區,沙田站,沙田區,額外班次 (早上繁忙時段)
620,GMB,6.4,3,3.786099,元朗區,FALSE,峻巒交通總匯,元朗區,錦上路站公共運輸交匯處,元朗區,
68K,GMB,6.4,12,6.009176,沙田區,FALSE,沙田站(排頭街),沙田區,瑞峰花園,沙田區,
83A,GMB,6.4,10,2.574029,荃灣區 -> 葵青區,FALSE,荃灣(川龍街),荃灣區,安蔭邨(安捷街),葵青區,
85,GMB,6.4,2,3.296915,荃灣區,FALSE,荃灣(兆和街),荃灣區,芙蓉山(竹林禪院),荃灣區,
86,GMB,6.4,15,8.947344,荃灣區 -> 葵青區,FALSE,荃灣(海貴路),荃灣區,石籬(梨貝街),葵青區,
86M,GMB,6.4,8,5.32757,荃灣區 -> 葵青區,FALSE,荃灣(川龍街),荃灣區,石籬(梨貝街),葵青區,
87A,GMB,6.4,9,5.733954,葵青區 -> 深水埗區 -> 葵青區,FALSE,貨櫃碼頭路公共運輸交匯處,葵青區,昂運路,葵青區,
86,GMB,6.4,11,8.947344,九龍城區 -> 觀塘區 -> 九龍城區 -> 觀塘區 -> 九龍城區,TRUE,郵輪碼頭,九龍城區,九龍灣(德福花園)(循環線),九龍城區,
81,GMB,6.2,3,3.793346,荃灣區,FALSE,荃灣(兆和街),荃灣區,老圍,荃灣區,
81,GMB,6.2,5,3.793346,荃灣區,FALSE,荃灣(兆和街),荃灣區,城門水塘,荃灣區,晚間班次(經老圍)
82,GMB,6.2,3,2.676351,荃灣區,FALSE,荃灣(兆和街),荃灣區,城門水塘,荃灣區,
91A,GMB,6.2,5,4.897365,葵青區,FALSE,荔崗街,葵青區,葵芳站,葵青區,
62K,GMB,6.1,8,4.105339,沙田區,FALSE,沙田站,沙田區,沙田山莊,沙田區,
65A,GMB,6.1,9,4.645002,沙田區,FALSE,黃泥頭,沙田區,沙田市中心,沙田區,額外班次
804,GMB,6.1,16,8.241487,沙田區,FALSE,廣源,沙田區,顯徑,沙田區,
808,GMB,6.1,13,10.06163,沙田區,FALSE,"西沙路, 恒康街, 曾璧山中學外",沙田區,威爾斯親王醫院,沙田區,晨早特別班次2(由恆康街開出)
808,GMB,6.1,15,10.06163,沙田區,FALSE,"西沙路, 新港城外",沙田區,威爾斯親王醫院,沙田區,晨早特別班次1(由西沙路開出)
87M,GMB,6.1,5,3.37959,葵青區,FALSE,葵芳站,葵青區,貨櫃碼頭南路(四號貨櫃碼頭),葵青區,
89A,GMB,6.1,13,5.051315,觀塘區,FALSE,安泰邨,觀塘區,牛頭角總站,觀塘區,
89C,GMB,6.1,11,5.075013,觀塘區,FALSE,安達邨,觀塘區,牛頭角總站,觀塘區,短途班次
89C,GMB,6.1,13,5.075013,觀塘區,FALSE,安達邨,觀塘區,牛頭角總站,觀塘區,特別班次
621,GMB,6.1,29,13.52069,元朗區,TRUE,洪水橋(洪元路),元朗區,天水圍北(濕地公園路)(經天水圍醫院)(循環線),元朗區,早上班次
621,GMB,6.1,30,13.52069,元朗區,TRUE,洪水橋(洪元路),元朗區,天水圍北(濕地公園路)(經天水圍醫院)(循環線),元朗區,
75,GMB,6,5,12.61969,元朗區,FALSE,新田(近新田郵政局),元朗區,落馬洲支線公共交通交匯處,元朗區,短程班次
N27,GMB,6,10,6.595393,南區,TRUE,香港仔 (西安街),南區,鴨脷洲(循環線),南區,通宵服務班次
812,GMB,5.9,9,5.107744,沙田區,FALSE,水泉澳,沙田區,顯徑(車公廟路),沙田區,特別班次
812,GMB,5.9,8,5.107744,沙田區,FALSE,水泉澳,沙田區,顯徑(車公廟路),沙田區,
813,GMB,5.9,7,4.801722,沙田區,FALSE,水泉澳,沙田區,石門站,沙田區,
63,GMB,5.9,16,9.059686,觀塘區,TRUE,藍田(廣田邨),觀塘區,裕民坊公共運輸交匯處(循環線),觀塘區,
813A,GMB,5.9,13,10.61974,沙田區,TRUE,水泉澳,沙田區,沙田醫院(循環線),沙田區,特別班次
65M,GMB,5.8,4,2.156519,沙田區,FALSE,黃泥頭,沙田區,石門站,沙田區,短程班次
74A,GMB,5.8,3,3.019467,元朗區,FALSE,元朗(福康街),元朗區,東頭圍,元朗區,
89,GMB,5.8,4,1.666061,荃灣區 -> 葵青區,FALSE,荃灣(河背街),荃灣區,石頭街,葵青區,
89A,GMB,5.8,6,5.051315,荃灣區 -> 葵青區,FALSE,荃灣(河背街),荃灣區,葵興站,葵青區,額外班次
89B,GMB,5.8,14,11.39861,荃灣區 -> 葵青區,FALSE,海貴路公共運輸交匯處,荃灣區,葵盛北(葵孝街),葵青區,額外班次
89P,GMB,5.8,8,5.698677,葵青區,TRUE,石頭街,葵青區,葵芳(循環線),葵青區,額外班次
811P,GMB,5.7,4,2.524704,沙田區,FALSE,第一城,沙田區,駿景園,沙田區,短程班次
88,GMB,5.7,5,8.335007,葵青區,FALSE,青衣邨,葵青區,葵芳站,葵青區,
88B,GMB,5.7,4,3.423852,葵青區,FALSE,翠怡花園,葵青區,葵芳站,葵青區,
68,GMB,5.7,12,6.276073,東區,TRUE,愛秩序灣,東區,鰂魚涌(海灣街)(循環線),東區,循環線
807X,GMB,5.7,7,15.13485,沙田區,TRUE,港鐵大學站巴士總站,沙田區,烏溪沙站(循環線),沙田區,額外班次
811K,GMB,5.7,5,5.615386,沙田區,TRUE,穗禾苑,沙田區,火炭站(循環線),沙田區,"額外班次 (不經黃竹洋街, 桂地街)"
811K,GMB,5.7,10,5.615386,沙田區,TRUE,穗禾苑,沙田區,火炭站(循環線),沙田區,額外班次
807A,GMB,5.6,6,5.244815,沙田區,FALSE,港鐵大學站巴士總站,沙田區,馬鞍山站,沙田區,額外班次
807C,GMB,5.6,6,5.044033,沙田區,FALSE,馬鞍山站,沙田區,港鐵大學站巴士總站,沙田區,額外班次
809K,GMB,5.6,14,6.865538,沙田區,TRUE,沙田站(排頭街),沙田區,水泉坳街(循環線),沙田區,
69,GMB,5.5,5,30.30766,觀塘區,FALSE,麗港城,觀塘區,九龍灣 (零碳天地),觀塘區,特別班次
8M,GMB,5.5,9,2.227581,九龍城區 -> 油尖旺區,FALSE,何文田(常和街),九龍城區,何文田站,油尖旺區,
90A,GMB,5.5,2,5.439878,深水埗區 -> 葵青區,FALSE,美孚,深水埗區,葵涌醫院,葵青區,
90P,GMB,5.5,4,2.347639,深水埗區 -> 葵青區,FALSE,美孚,深水埗區,瑪嘉烈醫院,葵青區,
98,GMB,5.5,7,6.077484,荃灣區 -> 葵青區,FALSE,荃灣(河背街),荃灣區,葵盛北(葵孝街),葵青區,
89M,GMB,5.5,10,5.044356,葵青區,TRUE,葵盛北(葵孝街),葵青區,葵芳站(循環線),葵青區,
89S,GMB,5.5,7,5.538169,葵青區,TRUE,葵芳站,葵青區,葵盛北(循環線),葵青區,額外班次
98,GMB,5.5,7,6.077484,荃灣區 -> 葵青區 -> 荃灣區,TRUE,荃灣(河背街),荃灣區,高盛臺(循環線),荃灣區,短程班次
87,GMB,5.4,6,3.703624,荃灣區 -> 葵青區,FALSE,荃灣(鹹田街),荃灣區,葵盛(盛芳街),葵青區,
87K,GMB,5.4,10,5.040334,葵青區 -> 荃灣區,FALSE,葵芳站,葵青區,海貴路公共運輸交匯處,荃灣區,
91A,GMB,5.4,7,4.897365,葵青區,FALSE,荔崗街,葵青區,葵盛圍,葵青區,額外班次
88D,GMB,5.3,8,5.925391,葵青區,FALSE,"涌美路, 近長青邨青荷樓",葵青區,"興寧路,近新都會廣場",葵青區,短程班次
88D,GMB,5.3,9,5.925391,葵青區,FALSE,宏福花園,葵青區,葵芳站,葵青區,
75M,GMB,5.2,6,1.594598,深水埗區,FALSE,海達公共運輸交匯處,深水埗區,⻑沙灣 (青山道),深水埗區,輔助服務路線
75,GMB,5.2,20,12.61969,深水埗區,TRUE,深水埗(富昌邨),深水埗區,長沙灣(青山道)(循環線),深水埗區,
79K,GMB,5.2,11,6.078384,油尖旺區,TRUE,旺角(柏景灣),油尖旺區,旺角東站(循環線),油尖旺區,
N51S,GMB,5.2,8,5.567048,南區,TRUE,華貴邨,南區,香港仔(循環線),南區,通宵班次
61M,GMB,5,2,5.519664,沙田區,FALSE,世界花園,沙田區,大圍站公共運輸交匯處,沙田區,短程班次
96A,GMB,5,5,6.357041,荃灣區,TRUE,油柑頭村,荃灣區,荃灣站(循環線),荃灣區,
CX1,GMB,5,8,4.170749,油尖旺區,TRUE,柯士甸站,油尖旺區,香港故宮文化博物館(循環線),油尖旺區,
71B,GMB,4.9,1,3.249829,觀塘區,FALSE,秀茂坪邨 (第5期),觀塘區,藍田站,觀塘區,
9,GMB,4.9,2,6.667631,西貢區,FALSE,大網仔,西貢區,西貢,西貢區,特別班次
71A,GMB,4.9,3,6.122866,觀塘區,TRUE,寶達邨,觀塘區,藍田站(循環線),觀塘區,
88,GMB,4.9,14,8.335007,九龍城區 -> 黃大仙區 -> 九龍城區,TRUE,啟晴邨(啟德),九龍城區,黃大仙站(循環線),九龍城區,
82M,GMB,4.8,4,3.595323,荃灣區,FALSE,荃灣(兆和街),荃灣區,象山邨,荃灣區,
63A,GMB,4.8,11,2.805159,南區,TRUE,香港仔(南寧街),南區,華富邨(循環線),南區,短程班次
67A,GMB,4.6,6,3.257809,沙田區,FALSE,碩門邨,沙田區,沙田站,沙田區,額外班次
80M,GMB,4.6,6,2.681216,油尖旺區,TRUE,君頤峰,油尖旺區,佐敦站(循環線),油尖旺區,
81K,GMB,4.6,9,6.437449,深水埗區,TRUE,深水埗海麗邨,深水埗區,美孚站(循環線),深水埗區,
75C,GMB,4.5,5,1.470572,深水埗區,FALSE,海達邨,深水埗區,深水埗 (桂林街),深水埗區,輔助路線
75S,GMB,4.5,12,2.7,深水埗區,FALSE,明愛醫院,深水埗區,深水埗(汝州街),深水埗區,臨時輔助服務路線
82,GMB,4.5,7,2.676351,觀塘區 -> 九龍城區,FALSE,明愛樂恩學校,觀塘區,啟德,九龍城區,
83A,GMB,4.5,7,2.574029,觀塘區,FALSE,彩福邨,觀塘區,坪石,觀塘區,特別服務路線
83M,GMB,4.5,7,4.452811,觀塘區,FALSE,牛頭角(安華街),觀塘區,坪石,觀塘區,
88C,GMB,4.5,4,3.730333,葵青區,FALSE,葵芳站,葵青區,美景花園,葵青區,
88G,GMB,4.5,5,3.070142,葵青區,FALSE,葵芳站,葵青區,藍澄灣,葵青區,額外班次
88M,GMB,4.5,2,11.50054,葵青區,FALSE,葵芳站,葵青區,長青邨,葵青區,
84,GMB,4.4,6,3.491792,荃灣區,FALSE,荃威花園,荃灣區,荃灣眾安街,荃灣區,
62A,GMB,4.3,5,6.081162,東區,FALSE,小西灣(藍灣半島)公共運輸交匯處,東區,杏花邨公共交通交匯處,東區,
68K,GMB,4.3,5,6.009176,沙田區,FALSE,大圍站公共運輸交匯處,沙田區,瑞峰花園,沙田區,短程班次
68S,GMB,4.3,5,1.640902,沙田區,FALSE,瑞峰花園,沙田區,顯徑站,沙田區,額外班次
95,GMB,4.3,5,2.880825,荃灣區,FALSE,荃灣中心,荃灣區,海貴路公共運輸交匯處,荃灣區,
95K,GMB,4.3,4,1.600756,荃灣區,FALSE,海貴路公共運輸交匯處,荃灣區,荃灣站,荃灣區,額外班次
62,GMB,4.3,11,6.327925,東區,TRUE,杏花邨公共交通交匯處,東區,小西灣(富怡花園)(循環線),東區,
96B,GMB,4.3,8,4.812378,荃灣區,TRUE,麗城花園,荃灣區,荃灣站(循環線),荃灣區,
96P,GMB,4.3,2,3.845082,荃灣區,TRUE,荃灣西站公共運輸交匯處,荃灣區,麗城花園(循環線),荃灣區,額外班次
623,GMB,4.2,2,1.693693,元朗區,FALSE,元朗 (鳳翔路),元朗區,港頭村,元朗區,
81M,GMB,4.2,2,1.882623,荃灣區,FALSE,荃灣(兆和街),荃灣區,石圍角邨,荃灣區,
99,GMB,4.2,5,4.275518,荃灣區,FALSE,海貴路公共運輸交匯處,荃灣區,海濱花園,荃灣區,
9M,GMB,4.2,8,2.397772,深水埗區,TRUE,白田上邨,深水埗區,石硤尾站(循環線),深水埗區,
64A,GMB,4.1,3,3.309884,沙田區,FALSE,培橋書院,沙田區,大圍站(村南道),沙田區,額外班次
64K,GMB,4.1,3,4.578405,沙田區,FALSE,富山,沙田區,大圍站(村南道),沙田區,
812A,GMB,4.1,5,3.266903,沙田區,FALSE,水泉澳(博泉徑),沙田區,沙田圍站(逸泰街),沙田區,特別班次
812A,GMB,4.1,5,3.266903,沙田區,TRUE,水泉澳,沙田區,沙田圍站(循環線),沙田區,
79M,GMB,4,6,1.987318,黃大仙區,FALSE,瓊東街,黃大仙區,黃大仙站,黃大仙區,
808,GMB,4,2,10.06163,沙田區,FALSE,錦英苑,沙田區,新港城中心,沙田區,特別班次
82,GMB,4,4,2.676351,觀塘區,FALSE,彩興苑,觀塘區,坪石公共運輸交匯處一樓,觀塘區,輔助服務
88A,GMB,4,2,15.1799,葵青區,FALSE,青衣碼頭,葵青區,青衣站,葵青區,短程班次
88F,GMB,4,3,4.391235,葵青區,FALSE,藍澄灣,葵青區,青衣站,葵青區,短程班次
88F,GMB,4,6,4.391235,葵青區,FALSE,青衣站,葵青區,藍澄灣,葵青區,額外班次
79S,GMB,4,3,3.296332,黃大仙區,TRUE,瓊東街,黃大仙區,龍翔道(鑽石山站)(循環線),黃大仙區,特別班次
88A,GMB,4,8,15.1799,葵青區,TRUE,美景花園,葵青區,長安邨(循環線),葵青區,短程班次
88A,GMB,4,14,15.1799,葵青區,TRUE,擔桿山路,葵青區,美景花園(循環線),葵青區,
63A,GMB,3.9,5,2.805159,沙田區,FALSE,美松苑,沙田區,大圍站(村南道),沙田區,額外班次
63B,GMB,3.9,7,2.727899,沙田區,FALSE,恒峰花園,沙田區,大圍站(村南道),沙田區,額外班次
63K,GMB,3.9,3,3.000347,沙田區,FALSE,美田邨公共運輸交匯處,沙田區,大圍站(村南道),沙田區,
803K,GMB,3.9,6,1.993883,沙田區,FALSE,大圍站公共運輸交匯處,沙田區,顯徑,沙田區,額外班次
95M,GMB,3.7,4,1.664642,荃灣區,FALSE,荃灣站,荃灣區,荃灣中心,荃灣區,
88A,GMB,3.7,5,15.1799,葵青區,TRUE,青衣站,葵青區,擔桿山路(循環線),葵青區,短程班次
95A,GMB,3.7,7,3.299682,荃灣區,TRUE,荃德花園,荃灣區,荃灣站(循環線),荃灣區,
75A,GMB,3.6,6,2.102966,深水埗區,TRUE,深水埗(富昌邨),深水埗區,桂林街(循環線),深水埗區,短程班次
