name,routeId,Fare,distance,serviceDistricts,isCircular,start,startDistricts,end,endDistricts,detail,stopName,Column1,_1,_2,_3,_4,_5,_6,_7,_8,_9,_10,_11,_12,_13,_14,_15,_16,_17,_18,_19,_20,_21,_22,_23,_24,,,,,,,,,,,,,,,,,,,,,
54,CMPattern_CM_GMBBus_54_7724,8.8,18.82502359,Central > Western > Southern District Northwest > Western > Central,TRUE,中環（中環碼頭） Central (Central Ferry Piers),Central,中環（中環碼頭） Central (Central Ferry Piers),Central,中環碼頭 - 瑪麗醫院（循環綫） Central (Ferry Piers) - Queen Mary Hospital (Circular),(Central) 中環（中環碼頭） Central (Central Ferry Piers),"(Central) 干諾道中，近莊士大廈 Connaught Road Central, near Chuang's Tower",(Western) 高樂花園 Connaught Garden,(Western) 皇后大道西414號 No. 414 Queen's Road West,(Western) 創業商場 Chong Yip Shopping Centre,"(Western) 皇后大道西，近石塘咀市政大廈 Queen's Road West, near Shek Tong Tsui Municipal Services Building","(Western) 皇后大道西，近百好大樓 Queen's Road West, near Pak Hoo Mansion",(Western) 西寶城 The Westwood,(Western) 荷蘭街 Holland Street,"(Western) 卑路乍街34號 Belcher's Street, House No. 34","(Western) 卑路乍街，近聯友新樓 Belcher's Street, near Luen Yau Apartments","(Western) 卑路乍街144-148號 Belcher's Street, House No. 144-148",(Western) 域多利道近加惠民道 Victoria Road near Ka Wai Man Road,(Western) 加惠民道 Ka Wai Man Road,(Western) 域多利道西寧閣對面 Victoria Road Opposite Serene Court,(Western) 明愛賽馬會宿舍 Caritas Jockey Club Hostel,(Western) 摩星嶺徑 Mount Davis Path,(Western) 摩星嶺道與域多利道交界 Junction of Mt. Davis Road and Victoria Road,(Western) 翠海別墅 Cape Mansions,"(Western) 摩星嶺道，近聖嘉勒女書院 Mount Davis Road, near St. Clare's Girls' School","(Western) 摩星嶺道，近怡林閣 Mount Davis Road, near Greenery Garden",(Southern District Northwest) 香港華人基督教聯會薄扶林道墳場 HKCCCU Pok Fu Lam Road Cemetery,"(Southern District Northwest) 瑪麗醫院 J 座 Queen Mary Hopital, Block J","(Southern District Northwest) 薄扶林道，啟明寺 Pok Fu Lam Road, Kai Ming Temple",(Southern District Northwest) 摩星嶺道，怡林閣對面 Mt. Davis Road Opposite Greenery Garden,"(Southern District Northwest) 摩星嶺道，近聖嘉勒女書院 Mount Davis Road, near St. Clare's Girls' School",,,,,,,,,,,,,,,,,,,,,
54,CMPattern_CM_GMBBus_54_7725,8.8,18.60354026,Central > Western > Southern District Northwest > Western > Central,TRUE,中環（中環碼頭） Central (Central Ferry Piers),Central,中環（中環碼頭） Central (Central Ferry Piers),Central,中環碼頭 - 瑪麗醫院（經民祥街）（循環綫） Central (Ferry Piers) - Queen Mary Hospital (via Man Cheung Street) (Circular),(Central) 中環（中環碼頭） Central (Central Ferry Piers),"(Central) 干諾道中，近莊士大廈 Connaught Road Central, near Chuang's Tower",(Western) 高樂花園 Connaught Garden,(Western) 皇后大道西414號 No. 414 Queen's Road West,(Western) 創業商場 Chong Yip Shopping Centre,"(Western) 皇后大道西，近石塘咀市政大廈 Queen's Road West, near Shek Tong Tsui Municipal Services Building","(Western) 皇后大道西，近百好大樓 Queen's Road West, near Pak Hoo Mansion",(Western) 西寶城 The Westwood,(Western) 荷蘭街 Holland Street,"(Western) 卑路乍街34號 Belcher's Street, House No. 34","(Western) 卑路乍街，近聯友新樓 Belcher's Street, near Luen Yau Apartments","(Western) 卑路乍街144-148號 Belcher's Street, House No. 144-148",(Western) 域多利道近加惠民道 Victoria Road near Ka Wai Man Road,(Western) 加惠民道 Ka Wai Man Road,(Western) 域多利道西寧閣對面 Victoria Road Opposite Serene Court,(Western) 明愛賽馬會宿舍 Caritas Jockey Club Hostel,(Western) 摩星嶺徑 Mount Davis Path,(Western) 摩星嶺道與域多利道交界 Junction of Mt. Davis Road and Victoria Road,(Western) 翠海別墅 Cape Mansions,"(Western) 摩星嶺道，近聖嘉勒女書院 Mount Davis Road, near St. Clare's Girls' School","(Western) 摩星嶺道，近怡林閣 Mount Davis Road, near Greenery Garden",(Southern District Northwest) 香港華人基督教聯會薄扶林道墳場 HKCCCU Pok Fu Lam Road Cemetery,"(Southern District Northwest) 瑪麗醫院 J 座 Queen Mary Hopital, Block J","(Southern District Northwest) 薄扶林道，啟明寺 Pok Fu Lam Road, Kai Ming Temple",(Southern District Northwest) 摩星嶺道，怡林閣對面 Mt. Davis Road Opposite Greenery Garden,"(Southern District Northwest) 摩星嶺道，近聖嘉勒女書院 Mount Davis Road, near St. Clare's Girls' School",,,,,,,,,,,,,,,,,,,,,
12,CMPattern_CM_GMBBus_12_2_8614,12.3,20.94636396,Sai Kung and Hang Hau > Kwun Tong North > Sai Kung and Hang Hau > Tseung Kwan O North > Sai Kung and Hang Hau > Tseung Kwan O North,FALSE,"福民路小巴總站，經華樓外 Fuk Man Road Public Light Bus Terminus, outside King Wah Building",Sai Kung and Hang Hau,寶琳公共運輸交滙處 Po Lam Station Public Transport Interchange,Tseung Kwan O North,寶林 Po Lam,"(Sai Kung and Hang Hau) 福民路小巴總站，經華樓外 Fuk Man Road Public Light Bus Terminus, outside King Wah Building","(Sai Kung and Hang Hau) 普通道，西貢賽馬會大會堂外 Po Tung Road, Sai Kung Town Hall",(Sai Kung and Hang Hau) 翠塘花園 Lake Side Garden,(Sai Kung and Hang Hau) 菠蘿輋 Po Lo Che,"(Sai Kung and Hang Hau) 北港, 西貢公路 Pak Kong, Hiram's Highway","(Sai Kung and Hang Hau) 西貢公路，白沙灣遊艇會外 Hiram's Highway, outside Hebe Haven Yacht Club",(Sai Kung and Hang Hau) 匡湖居 Marina Cove,"(Sai Kung and Hang Hau) 西貢公路，西貢中心小學外 Hiram's Highway, outside Sai Kung Central Primary School","(Sai Kung and Hang Hau) 響鐘村, 西貢公路 Heung Chung Village, Hiram's Highway",(Sai Kung and Hang Hau) 南圍 Nam Wai,"(Sai Kung and Hang Hau) 大學道，近香港科技大學 University Road, near The Hong Kong University of Science and Technology",(Sai Kung and Hang Hau) 大埔仔坳 Tai Po Tsai Kau,"(Sai Kung and Hang Hau) 清水灣道，松濤苑對面 Clear Water Bay Road, Opposite Las Pinadas","(Sai Kung and Hang Hau) 清水灣道，壁屋懲教署對面 Clear Water Bay Road, Opposite Pik Uk Correctional Institute","(Sai Kung and Hang Hau) 清水灣道，井欄樹 Clear Water Bay Road, Tseng Lan Shue","(Kwun Tong North) 新清水灣道，近香港扶幼會盛德中心學校 New Clear Water Bay Road, near Society of Boy's Centre Shing Tak Centre School","(Kwun Tong North) 利安道，近順利紀律部隊宿舍第六座 Lee On Road, near Shun Lee Disciplined Services Quarters Block 6",(Kwun Tong North) 利恒樓 Lee Hang House,"(Kwun Tong North) 順利邨道，近順利邨利康樓 Shun Lee Tsuen Road, near Lee Hong House, Shun Lee Estate","(Kwun Tong North) 順利邨道，近順安邨安頌樓 Shun Lee Tsuen Road, near On Chung House, Shun On Estate","(Kwun Tong North) 順利邨道，近順安邨安羣樓 Shun Lee Tsuen Road, near On Kwan House, Shun On Estate",(Kwun Tong North) 順天邨天衡樓 Tin Hang House Shun Tin Estate,"(Kwun Tong North) 秀茂坪道基督教聯合醫院對面 Sau Mau Ping Road, Opposite United Christian Hospital","(Kwun Tong North) 秀茂坪道，寧波第二中學外 Sau Mau Ping Road, outside Ning Po No. 2 College","(Kwun Tong North) 秀茂坪道，秀義樓對面 Sau Mau Ping Road, Opposite Sau Yee House","(Kwun Tong North) 秀茂坪道，秀程樓對面 Sau Mau Ping Road, Opposite Sau Ching House",,,,,,,,,,,,,,,,,,,,,
12,CMPattern_CM_GMBBus_12_2_8615,12.3,20.31216189,Tseung Kwan O North > Sai Kung and Hang Hau > Kwun Tong North > Sai Kung and Hang Hau,FALSE,寶琳公共運輸交滙處 Po Lam Station Public Transport Interchange,Tseung Kwan O North,"福民路小巴總站，經華樓外 Fuk Man Road Public Light Bus Terminus, outside King Wah Building",Sai Kung and Hang Hau,西貢 Sai Kung,(Tseung Kwan O North) 寶琳公共運輸交滙處 Po Lam Station Public Transport Interchange,"(Tseung Kwan O North) 寶琳北路，樂善堂劉德小學外 Po Lam Road North, outside Lok Sin Tong Lau Tak Primary School","(Tseung Kwan O North) 寶琳北路，寶琳邨寶仁樓外 Po Lam Road North, outside Po Yan House, Po Lam Estate","(Sai Kung and Hang Hau) 寶琳北路，近景明苑旭景閣 Po Lam Road North, near Yuk King House, King Ming Court","(Sai Kung and Hang Hau) 寶琳北路，康盛花園巴士總站對面 Po Lam Road North, Opposite Hong Sing Garden Bus Terminus","(Sai Kung and Hang Hau) 寶琳路，近馬游塘 Po Lam Road, near Ma Yau Tong","(Kwun Tong North) 寶琳路，寶達邨外 Po Lam Road, outside Po Tat Estate","(Kwun Tong North) 秀茂坪道，秀程樓外 Sau Mau Ping Road, outside Sau Ching House","(Kwun Tong North) 秀茂坪道，近秀茂坪邨基督教聖約教會堅樂小學 Sau Mau Ping Road, near The Mission Covenant Church Holm Glad Primary School, Sau Mau Ping Estate","(Kwun Tong North) 秀茂坪道，秀義樓外 Sau Mau Ping Road, outside Sau Yee House","(Kwun Tong North) 秀茂坪道，寧波第二中學對面 Sau Mau Ping Road, Opposite Ning Po No. 2 College","(Kwun Tong North) 順利邨道，近順安邨安羣樓 Shun Lee Tsuen Road, near On Kwan House, Shun On Estate","(Kwun Tong North) 順利邨道，近順利邨公園順利邨體育館 Shun Lee Tsuen Road, near Shun Lee Tsuen Sports Centre, Shun Lee Tsuen Park","(Kwun Tong North) 新清水灣道，近佐敦谷公園園藝學習中心 New Clear Water Bay Road, near Jordan Valley Park Horticultural Learning Centre",(Kwun Tong North) 德望學校 Good Hope School,"(Sai Kung and Hang Hau) 清水灣道，近萬景台 Clear Water Bay Road, near Man King Terrace","(Sai Kung and Hang Hau) 清水灣道，壁屋懲教所外 Clear Water Bay Road, outside Pik Uk Correctional Institute","(Sai Kung and Hang Hau) 清水灣道，松濤苑外 Clear Water Bay Road, outside Las Pinadas","(Sai Kung and Hang Hau) 大學道，近香港科技大學 University Road, near The Hong Kong University of Science and Technology","(Sai Kung and Hang Hau) 窩美, 新西貢公路 Wo Mei, New Hiram's Highway","(Sai Kung and Hang Hau) 南邊圍, 西貢公路 Nam Pin Wai, Hiram's Highway","(Sai Kung and Hang Hau) 西貢公路，西貢中心小學外 Hiram's Highway, outside Sai Kung Central Primary School","(Sai Kung and Hang Hau) 西貢公路，白沙灣遊艇會對面 Hiram's Highway, Opposite Hebe Haven Yacht Club",(Sai Kung and Hang Hau) 北港 Pak Kong,(Sai Kung and Hang Hau) 菠蘿輋 Po Lo Che,(Sai Kung and Hang Hau) 翠塘花園 Lake Side Garden,,,,,,,,,,,,,,,,,,,,,
403X,CMPattern_CM_GMBBus_403x_7299,12.3,21.3309537,Sha Tin South > Sha Tin West > Tsuen Wan Southeast > Kwai Chung East > Tsuen Wan Southeast > Sha Tin West > Sha Tin South,TRUE,大圍站公共運輸交滙處 Tai Wai Station Public Transport Interchange,Sha Tin South,大圍站公共運輸交滙處 Tai Wai Station Public Transport Interchange,Sha Tin South,大圍站公共運輸交滙處 - 東北葵涌（循環綫） Tai Wai Station Public Transport Interchange - Northeast Kwai Chung (Circular),(Sha Tin South) 大圍站公共運輸交滙處 Tai Wai Station Public Transport Interchange,"(Sha Tin South) 美田路，近海福花園福兆閣 Mei Tin Road, near Fook Siu Court, Holford Gardens","(Sha Tin West) 青沙公路，近沙田公立學校 Tsing Sha Highway, near Sha Tin Public School","(Tsuen Wan Southeast) 和宜合道，嗇色園可風中學外 Wo Yi Hop Road, outside Ho Fung College Sponsored By Sik Sik Yuen",(Kwai Chung East) 梨木樹邨 Lei Muk Shue Estate,"(Kwai Chung East) 和宜合道，北葵涌賽馬會公眾泳池外 Wo Yi Hop Road, outside North Kwai Chung Jockey Club Public Swimming Pool","(Kwai Chung East) 和宜合道，近石蔭梨木道公園 Wo Yi Hop Road, near Shek Yam Lei Muk Road Park","(Kwai Chung East) 梨木道，葵寶大廈對面 Lei Muk Road, Opposite Kwai Po Building","(Kwai Chung East) 梨木道，寧峰苑外 Lei Muk Road, outside Ning Fung Court",(Kwai Chung East) 大白田街 Fb0411 號電燈柱，石蔭邨外 Shek Yam Estate,"(Kwai Chung East) 石排街，安蔭邨盛蔭樓外 Shek Pai Street, outside Shing Yam House, On Yam Estate",(Kwai Chung East) 安蔭邨（安足街）小巴總站 On Yam Estate (On Chuk Street) Minibus Terminus,"(Kwai Chung East) 梨貝街巴士站，石籬邨石俊樓外 Lei Pui Street Bus Terminus, outside Shek Chun House, Shek Lei Estate","(Kwai Chung East) 梨貝街，石籬邨石佳樓外 Lei Pui Street, outside Shek Kai House, Shek Lei Estate",(Kwai Chung East) 石籬邨石佳樓 Shek Kai House Shek Lei Estate,"(Kwai Chung East) 圍乪街，石籬邨石安樓外 Wai Kek Street, outside Shek On House, Shek Lei Estate","(Kwai Chung East) 大隴街，石籬商場外 Tai Loong Street, outside Shek Lei Shopping Centre","(Kwai Chung East) 和宜合道，近打磚坪街 Wo Yi Hop Road, near Tai Chuen Ping Street","(Kwai Chung East) 和宜合道，長榮工業大廈外 Wo Yi Hop Road, outside Cheung Wing Industrial Building",(Kwai Chung East) 和宜合道，123號 No. 123 Wo Yi Hop Road,"(Kwai Chung East) 和宜合道，華寶工業大廈外 Wo Yi Hop Road, outside Grand Industrial Building","(Tsuen Wan Southeast) 和宜合道，北葵涌賽馬會公眾泳池對面 Wo Yi Hop Road, Opposite North Kwai Chung Jockey Club Public Swimming Pool","(Tsuen Wan Southeast) 和宜合道，伍若瑜夫人健康院對面 Wo Yi Hop Road, Opposite Mrs. Wu York Yu Health Centre",(Tsuen Wan Southeast) 和宜合道，梨木樹邨竹樹樓外 Wo Yip Hop Road outside Chuk Shue House of Lei Muk Shue Estate,"(Tsuen Wan Southeast) 和宜合道，近嗇色園主辦可風中學 Wo Yi Hop Road, near Ho Fung College Sponsored By Sik Sik Yuen","(Sha Tin West) 青沙公路，近穗禾學社 Tsing Sha Highway, near Sui Wo Study Centre",,,,,,,,,,,,,,,,,,,,,
44A,CMPattern_GMBBus44A_4019,18.1,28.2337991,Robin’s Nest > Tuen Mun North > Tuen Mun West > Tuen Mun East,FALSE,上水站小巴總站 Sheung Shui Station Public Light Bus Terminus,Robin’s Nest,屯門站公共運輸交滙處 Tuen Mun Station Public Transport Interchange,Tuen Mun East,屯門站 Tuen Mun Station,(Robin’s Nest) 上水站小巴總站 Sheung Shui Station Public Light Bus Terminus,"(Tuen Mun North) 青麟路，兆康苑兆麗閣外 Tsing Lun Road, outside Siu Lai House of Siu Hong Court","(Tuen Mun North) 青麟路，兆康苑兆賢閣外 Tsing Lun Road, outside Siu Yin House of Siu Hong Court",(Tuen Mun North) 屯門醫院 Tuen Mun Hospital,(Tuen Mun North) 寶怡花園 Blossom Garden,"(Tuen Mun North) 鳴琴路，盈豐園外 Ming Kum Road, outside Goodrich Garden",(Tuen Mun North) 田景路，良景巴士總站外 Tin King Road outside Leung King Bus Terminus,(Tuen Mun North) 田景邨田裕樓 Tin Yue House Tin King Estate,"(Tuen Mun West) 鳴琴路，石排站對面 Ming Kum Road, Opposite Shek Pai Stop","(Tuen Mun West) 石排頭路，德雅工業中心對面 Shek Pai Tau Road, Opposite Delya Industrial Centre","(Tuen Mun West) 石排頭路，保良局莊啟程第二小學外 Shek Pai Tau Road, Opposite Po Leung Kuk Vicwood K. T. Chong No. 2 Primary School","(Tuen Mun West) 震寰路，大興政府合署外 Tsun Wen Road, outside Tai Hing Government Offices","(Tuen Mun West) 震寰路，巴士廠對面 Tsun Wen Road, Opposite Bus Depot","(Tuen Mun West) 震寰路，屯門區總部及分區警署外 Tsun Wen Road, outside Tuen Mun District Headquarters & Division Police Station",(Tuen Mun East) 屯門站公共運輸交滙處 Tuen Mun Station Public Transport Interchange,,,,,,,,,,,,,,,,,,,,,,,,,,,,,,,,
803,CMPattern_GMBBus803_5288,8.3,12.75857534,Sha Tin South > Sha Tin East > Sha Tin North,FALSE,"顯田街，近梁文燕紀念中學 Hin Tin Street, near Helen Liang Memorial Secondary School (Shatin)",Sha Tin South,利安邨巴士總站 Lee On Estate Bus Terminus,Sha Tin North,利安 Lee On,"(Sha Tin South) 顯田街，近梁文燕紀念中學 Hin Tin Street, near Helen Liang Memorial Secondary School (Shatin)","(Sha Tin South) 顯徑街，顯徑邨顯慶樓外 Hin Keng Street, outside Hin Hing House, Hin Keng Estate",(Sha Tin South) 嘉徑苑 Ka Keng Court,"(Sha Tin South) 顯徑街，田心救護站外 Hin Keng Street, outside Tin Sum Ambulance Depot",(Sha Tin South) 雲疊花園 Carado Garden,"(Sha Tin South) 田心街，隆亨邨榮心樓對面 Tin Sam Street, Opposite Wing Sam House, Lung Hang Estate",(Sha Tin South) 新翠邨 Sun Chui Estate,"(Sha Tin South) 車公廟路，大圍站外 Che Kung Miu Road, outside Tai Wai Station","(Sha Tin South) 車公廟路，李屋村對面 Che Kung Miu Road, Opposite Lei Uk Tsuen","(Sha Tin South) 車公廟路，車公廟站外 Che Kung Miu Road, outside Che Kung Miu Station","(Sha Tin South) 大涌橋路，曾大屋遊樂場對面 Tai Chung Kiu Road, Opposite Tsang Tai Uk Recreation Ground","(Sha Tin South) 大涌橋路，愉城苑對面 Tai Chung Kiu Road, Opposite Yue Shing Court","(Sha Tin East) 大涌橋路，近河畔花園 Tai Chung Kiu Road, near Garden Rivera","(Sha Tin East) 大涌橋路，富豪花園對面 Tai Chung Kiu Road, Opposite Belair Gardens","(Sha Tin East) 大涌橋路，沙田第一城對面 Tai Chung Kiu Road, Opposite City One Shatin","(Sha Tin East) 大涌橋路，濱景花園外 Tai Chung Kiu Road, outside Ravana Garden","(Sha Tin East) 亞公角街北行綫，沙田醫院對面 A Kung Kok Street Northbound, Opposite Shatin Hospital","(Sha Tin East) 亞公角街，漁民新村對面 A Kung Kok Street, Opposite Fishermen Village","(Sha Tin East) 亞公角街，近富安花園 A Kung Kok Street, near Chevalier Garden",(Sha Tin North) 恒康街恒安邨外的巴士站 Hang Hong Street at The Bus Stop outside Heng On Estate,"(Sha Tin North) 恒康街，曾璧山中學對面 Hang Hong Street, Opposite Tsang Pik Shan Secondary School","(Sha Tin North) 西沙路，頌安邨頌和樓外 Sai Sha Road, outside Chung Wo House, Chung On Estate","(Sha Tin North) 西沙路，馬鞍山廣場外 Sai Sha Road, outside Ma On Shan Plaza","(Sha Tin North) 馬鞍山路，馬鞍山分區警署外 Ma On Shan Road, outside Ma On Shan Division Police Station & Nt South Regional Headquarters","(Sha Tin North) 錦英路，富寶花園外 Kam Ying Road, outside Saddle Ridge Garden",(Sha Tin North) 利安邨巴士總站 Lee On Estate Bus Terminus,,,,,,,,,,,,,,,,,,,,,
803,CMPattern_GMBBus803_6144,8.3,12.5960214,Sha Tin South > Sha Tin East > Sha Tin North,FALSE,"顯田街，近梁文燕紀念中學 Hin Tin Street, near Helen Liang Memorial Secondary School (Shatin)",Sha Tin South,利安邨巴士總站 Lee On Estate Bus Terminus,Sha Tin North,利安（經大老山公路） Lee On (via Tate's Cairn Highway),"(Sha Tin South) 顯田街，近梁文燕紀念中學 Hin Tin Street, near Helen Liang Memorial Secondary School (Shatin)","(Sha Tin South) 顯徑街，顯徑邨顯慶樓外 Hin Keng Street, outside Hin Hing House, Hin Keng Estate",(Sha Tin South) 嘉徑苑 Ka Keng Court,"(Sha Tin South) 顯徑街，田心救護站外 Hin Keng Street, outside Tin Sum Ambulance Depot","(Sha Tin South) 車公廟路，大圍站外 Che Kung Miu Road, outside Tai Wai Station","(Sha Tin South) 車公廟路，李屋村對面 Che Kung Miu Road, Opposite Lei Uk Tsuen","(Sha Tin South) 車公廟路，車公廟站外 Che Kung Miu Road, outside Che Kung Miu Station","(Sha Tin South) 大涌橋路，曾大屋遊樂場對面 Tai Chung Kiu Road, Opposite Tsang Tai Uk Recreation Ground","(Sha Tin South) 大涌橋路，愉城苑對面 Tai Chung Kiu Road, Opposite Yue Shing Court","(Sha Tin East) 大涌橋路，近河畔花園 Tai Chung Kiu Road, near Garden Rivera","(Sha Tin East) 大涌橋路，富豪花園對面 Tai Chung Kiu Road, Opposite Belair Gardens","(Sha Tin East) 大涌橋路，沙田第一城對面 Tai Chung Kiu Road, Opposite City One Shatin","(Sha Tin East) 大涌橋路，濱景花園外 Tai Chung Kiu Road, outside Ravana Garden",(Sha Tin North) 恒康街恒安邨外的巴士站 Hang Hong Street at The Bus Stop outside Heng On Estate,"(Sha Tin North) 恒康街，曾璧山中學對面 Hang Hong Street, Opposite Tsang Pik Shan Secondary School","(Sha Tin North) 西沙路，頌安邨頌和樓外 Sai Sha Road, outside Chung Wo House, Chung On Estate","(Sha Tin North) 西沙路，馬鞍山廣場外 Sai Sha Road, outside Ma On Shan Plaza","(Sha Tin North) 馬鞍山路，馬鞍山分區警署外 Ma On Shan Road, outside Ma On Shan Division Police Station & Nt South Regional Headquarters","(Sha Tin North) 錦英路，富寶花園外 Kam Ying Road, outside Saddle Ridge Garden",(Sha Tin North) 利安邨巴士總站 Lee On Estate Bus Terminus,,,,,,,,,,,,,,,,,,,,,,,,,,,
502,CMPattern_CM_GMBBus_502_6070,13.7,12.71436615,Robin’s Nest > Wu Tip Shan > Tai Po South > Tai Po North,FALSE,清河邨公共運輸交滙處 Ching Ho Estate Public Transport Interchange,Robin’s Nest,大埔那打素醫院 Tai Po Nethersole Hospital,Tai Po North,大埔那打素醫院（經北區醫院） Tai Po Nethersole Hospital (via North District Hospital),(Robin’s Nest) 清河邨公共運輸交滙處 Ching Ho Estate Public Transport Interchange,"(Robin’s Nest) 清曉路，曾梅千禧紀念學校外 Ching Hiu Road, outside Tsang Mui Millennium School",(Robin’s Nest) 北區醫院 North District Hospital,"(Robin’s Nest) 百和路，近上水官立中學 Pak Wo Road, near Sheung Shui Government Secondary School","(Wu Tip Shan) 百和路，欣翠花園外 Pak Wo Road, outside Cheerful Park","(Wu Tip Shan) 百和路，嘉盛苑外 Pak Wo Road, outside Ka Shing Court","(Wu Tip Shan) 百和路，基新中學對面 Pak Wo Road, Opposite Kei San Secondary School","(Wu Tip Shan) 百和路，近粉嶺站 Pak Wo Road, near Fanling Station","(Wu Tip Shan) 華明路，欣暉閣外 Wah Ming Road, outside Yan Fai House","(Wu Tip Shan) 華明路，康明樓外 Wah Ming Road, outside Hong Ming House","(Wu Tip Shan) 華明路，方樹泉小學外 Wah Ming Road, outside Fong Shu Chuen Primary School","(Wu Tip Shan) 和興路，和興村外 Wo Hing Road, outside Wo Hing Tsuen","(Wu Tip Shan) 大窩西支路，何家園 Tai Wo Service Road West, Ho Ka Yuen","(Tai Po South) 大窩西支路，九龍坑 Tai Wo Service Road West, Kau Lung Hang","(Tai Po South) 大窩西支路，南華莆 Tai Wo Service Road West, Nam Wah Po","(Tai Po South) 大窩西支路，大窩 Tai Wo Service Road West, Tai Wo","(Tai Po South) 大窩西支路，泰亨 Tai Wo Service Road West, Tai Hang","(Tai Po South) 大窩西支路，中心圍 Tai Wo Service Road West, Chung Sum Wai","(Tai Po South) 大窩西支路，近圍頭村 Tai Wo Service Road West, near Wai Tau Tsuen",(Tai Po North) 翠怡花園 Greenery Plaza,"(Tai Po North) 大埔太和路，大埔舊墟遊樂場外 Tai Po Tai Wo Road, outside Tai Po Old Market Playground","(Tai Po North) 大埔太和路，大埔中心外 Tai Po Tai Wo Road, outside Tai Po Centre","(Tai Po North) 南運路，大埔中心第十七座外 Nam Wan Road, outside Block 17, Tai Po Centre",(Tai Po North) 聖母聖心小學 Sacred Heart of Mary School,"(Tai Po North) 頌雅路，亨榮樓外 Chung Nga Road, outside Heng Wing House",(Tai Po North) 大埔那打素醫院 Tai Po Nethersole Hospital,,,,,,,,,,,,,,,,,,,,,
502,CMPattern_CM_GMBBus_502_6072,13.7,11.51017722,Robin’s Nest > Wu Tip Shan > Tai Po South > Tai Po North,FALSE,清河邨公共運輸交滙處 Ching Ho Estate Public Transport Interchange,Robin’s Nest,大埔那打素醫院 Tai Po Nethersole Hospital,Tai Po North,大埔那打素醫院 Tai Po Nethersole Hospital,(Robin’s Nest) 清河邨公共運輸交滙處 Ching Ho Estate Public Transport Interchange,"(Wu Tip Shan) 百和路，欣翠花園外 Pak Wo Road, outside Cheerful Park","(Wu Tip Shan) 百和路，嘉盛苑外 Pak Wo Road, outside Ka Shing Court","(Wu Tip Shan) 百和路，基新中學對面 Pak Wo Road, Opposite Kei San Secondary School","(Wu Tip Shan) 百和路，近粉嶺站 Pak Wo Road, near Fanling Station","(Wu Tip Shan) 華明路，欣暉閣外 Wah Ming Road, outside Yan Fai House","(Wu Tip Shan) 華明路，康明樓外 Wah Ming Road, outside Hong Ming House","(Wu Tip Shan) 華明路，方樹泉小學外 Wah Ming Road, outside Fong Shu Chuen Primary School","(Wu Tip Shan) 和興路，和興村外 Wo Hing Road, outside Wo Hing Tsuen","(Wu Tip Shan) 大窩西支路，何家園 Tai Wo Service Road West, Ho Ka Yuen","(Tai Po South) 大窩西支路，九龍坑 Tai Wo Service Road West, Kau Lung Hang","(Tai Po South) 大窩西支路，南華莆 Tai Wo Service Road West, Nam Wah Po","(Tai Po South) 大窩西支路，大窩 Tai Wo Service Road West, Tai Wo","(Tai Po South) 大窩西支路，泰亨 Tai Wo Service Road West, Tai Hang","(Tai Po South) 大窩西支路，中心圍 Tai Wo Service Road West, Chung Sum Wai","(Tai Po South) 大窩西支路，近圍頭村 Tai Wo Service Road West, near Wai Tau Tsuen",(Tai Po North) 翠怡花園 Greenery Plaza,"(Tai Po North) 大埔太和路，大埔舊墟遊樂場外 Tai Po Tai Wo Road, outside Tai Po Old Market Playground","(Tai Po North) 大埔太和路，大埔中心外 Tai Po Tai Wo Road, outside Tai Po Centre","(Tai Po North) 南運路，大埔中心第十七座外 Nam Wan Road, outside Block 17, Tai Po Centre",(Tai Po North) 聖母聖心小學 Sacred Heart of Mary School,"(Tai Po North) 頌雅路，亨榮樓外 Chung Nga Road, outside Heng Wing House",(Tai Po North) 大埔那打素醫院 Tai Po Nethersole Hospital,,,,,,,,,,,,,,,,,,,,,,,,
78,CMPattern_CM_GMBBus_78_5997,9.7,15.60399526,Yuen Long Rural East,FALSE,"八鄉路近大欖巴士轉車站 Pat Heung Road, near Tai Lam Bus-Bus Interchange",Yuen Long Rural East,落馬洲（新田）公共運輸交滙處 Lok Ma Chau (San Tin) Public Transport Interchange,Yuen Long Rural East,落馬洲新田公共交通交滙處 Lok Ma Chau (San Tin) Public Transport Interchange,"(Yuen Long Rural East) 八鄉路近大欖巴士轉車站 Pat Heung Road, near Tai Lam Bus-Bus Interchange",(Yuen Long Rural East) 富銀花園 Full Silver Garden,(Yuen Long Rural East) 田心村 Tin Sam Tsuen,"(Yuen Long Rural East) 錦上路，石湖學校外 Kam Sheung Road, outside Shek Wu School",(Yuen Long Rural East) 金錢圍 Kam Tsin Wai,"(Yuen Long Rural East) 錦上路，近吳家村 Kam Sheung Road, near Ng Ka Tsuen",(Yuen Long Rural East) 錦上路站公共運輸交滙處 Kam Sheung Road Station Public Transport Interchange,(Yuen Long Rural East) 波地路 Po Tei Road,(Yuen Long Rural East) 祠堂村 Tsz Tong Tsuen,(Yuen Long Rural East) 錦上路休憩處 Kam Sheung Road Sitting-Out Area,"(Yuen Long Rural East) 錦田公路，蒙養公立學校對面 Kam Tin Road, Opposite Kam Tin Public Mong Yuen Primary School",(Yuen Long Rural East) 高埔村 Ko Po Tsuen,(Yuen Long Rural East) 錦田公路，近下高埔村 Kam Tin Road near Ha Ko Po Tsuen,"(Yuen Long Rural East) 青山公路－潭尾段，近元朗菜聯聯誼會有限公司天光墟蔬菜批發市場 Castle Peak Road – Tam Mi, near Yuen Long Vegetable Union Association Limited Temporary Vegetable Wholesale Market","(Yuen Long Rural East) 青山公路－潭尾段，近雅麗花園 Castle Peak Road – Tam Mi, near Elite Garden",(Yuen Long Rural East) 錦繡花園 Fairview Park,(Yuen Long Rural East) 牛潭尾 Ngau Tam Mei,(Yuen Long Rural East) 青山公路近洋葵徑 Castle Peak Road near Geranium Path,"(Yuen Long Rural East) 青山公路，近加州花園 Castle Peak Road, near Palm Springs",(Yuen Long Rural East) 米埔 Mai Po,(Yuen Long Rural East) 新田公園 San Tin Park,"(Yuen Long Rural East) 青山公路，近新田郵政局 Castle Peak Road, near San Tin Post Office",(Yuen Long Rural East) 落馬洲（新田）公共運輸交滙處 Lok Ma Chau (San Tin) Public Transport Interchange,,,,,,,,,,,,,,,,,,,,,,,,
78,CMPattern_CM_GMBBus_78_5999,9.7,16.24005498,Yuen Long Rural East,FALSE,"八鄉路近大欖巴士轉車站 Pat Heung Road, near Tai Lam Bus-Bus Interchange",Yuen Long Rural East,落馬洲管制站 Lok Ma Chau Control Point,Yuen Long Rural East,落馬洲管制站 Lok Ma Chau Control Point,"(Yuen Long Rural East) 八鄉路近大欖巴士轉車站 Pat Heung Road, near Tai Lam Bus-Bus Interchange",(Yuen Long Rural East) 富銀花園 Full Silver Garden,(Yuen Long Rural East) 田心村 Tin Sam Tsuen,"(Yuen Long Rural East) 錦上路，石湖學校外 Kam Sheung Road, outside Shek Wu School",(Yuen Long Rural East) 金錢圍 Kam Tsin Wai,"(Yuen Long Rural East) 錦上路，近吳家村 Kam Sheung Road, near Ng Ka Tsuen",(Yuen Long Rural East) 錦上路站公共運輸交滙處 Kam Sheung Road Station Public Transport Interchange,(Yuen Long Rural East) 波地路 Po Tei Road,(Yuen Long Rural East) 祠堂村 Tsz Tong Tsuen,(Yuen Long Rural East) 錦上路休憩處 Kam Sheung Road Sitting-Out Area,"(Yuen Long Rural East) 錦田公路，蒙養公立學校對面 Kam Tin Road, Opposite Kam Tin Public Mong Yuen Primary School",(Yuen Long Rural East) 高埔村 Ko Po Tsuen,(Yuen Long Rural East) 錦田公路，近下高埔村 Kam Tin Road near Ha Ko Po Tsuen,"(Yuen Long Rural East) 青山公路－潭尾段，近元朗菜聯聯誼會有限公司天光墟蔬菜批發市場 Castle Peak Road – Tam Mi, near Yuen Long Vegetable Union Association Limited Temporary Vegetable Wholesale Market","(Yuen Long Rural East) 青山公路－潭尾段，近雅麗花園 Castle Peak Road – Tam Mi, near Elite Garden",(Yuen Long Rural East) 錦繡花園 Fairview Park,(Yuen Long Rural East) 牛潭尾 Ngau Tam Mei,(Yuen Long Rural East) 青山公路近洋葵徑 Castle Peak Road near Geranium Path,"(Yuen Long Rural East) 青山公路，近加州花園 Castle Peak Road, near Palm Springs",(Yuen Long Rural East) 米埔 Mai Po,(Yuen Long Rural East) 新田公園 San Tin Park,"(Yuen Long Rural East) 青山公路，近新田郵政局 Castle Peak Road, near San Tin Post Office",(Yuen Long Rural East) 落馬洲管制站 Lok Ma Chau Control Point,,,,,,,,,,,,,,,,,,,,,,,,
78,CMPattern_CM_GMBBus_78_6001,9.7,15.46050623,Yuen Long Rural East,FALSE,"八鄉路近大欖巴士轉車站 Pat Heung Road, near Tai Lam Bus-Bus Interchange",Yuen Long Rural East,落馬洲（新田）公共運輸交滙處 Lok Ma Chau (San Tin) Public Transport Interchange,Yuen Long Rural East,落馬洲新田公共交通交滙處（經新田公路） Lok Ma Chau (San Tin) Public Transport Interchange (via San Tin Highway),"(Yuen Long Rural East) 八鄉路近大欖巴士轉車站 Pat Heung Road, near Tai Lam Bus-Bus Interchange",(Yuen Long Rural East) 富銀花園 Full Silver Garden,(Yuen Long Rural East) 田心村 Tin Sam Tsuen,"(Yuen Long Rural East) 錦上路，石湖學校外 Kam Sheung Road, outside Shek Wu School",(Yuen Long Rural East) 金錢圍 Kam Tsin Wai,"(Yuen Long Rural East) 錦上路，近吳家村 Kam Sheung Road, near Ng Ka Tsuen",(Yuen Long Rural East) 錦上路站公共運輸交滙處 Kam Sheung Road Station Public Transport Interchange,(Yuen Long Rural East) 波地路 Po Tei Road,(Yuen Long Rural East) 祠堂村 Tsz Tong Tsuen,(Yuen Long Rural East) 錦上路休憩處 Kam Sheung Road Sitting-Out Area,"(Yuen Long Rural East) 錦田公路，蒙養公立學校對面 Kam Tin Road, Opposite Kam Tin Public Mong Yuen Primary School",(Yuen Long Rural East) 高埔村 Ko Po Tsuen,(Yuen Long Rural East) 錦田公路，近下高埔村 Kam Tin Road near Ha Ko Po Tsuen,"(Yuen Long Rural East) 青山公路－潭尾段，近元朗菜聯聯誼會有限公司天光墟蔬菜批發市場 Castle Peak Road – Tam Mi, near Yuen Long Vegetable Union Association Limited Temporary Vegetable Wholesale Market","(Yuen Long Rural East) 青山公路－潭尾段，近雅麗花園 Castle Peak Road – Tam Mi, near Elite Garden",(Yuen Long Rural East) 新田公園 San Tin Park,"(Yuen Long Rural East) 青山公路，近新田郵政局 Castle Peak Road, near San Tin Post Office",(Yuen Long Rural East) 落馬洲（新田）公共運輸交滙處 Lok Ma Chau (San Tin) Public Transport Interchange,,,,,,,,,,,,,,,,,,,,,,,,,,,,,
403P,CMPattern_CM_GMBBus_403p_6188,12.3,20.57056983,Kwai Chung East > Tsuen Wan Southeast > Sha Tin West > Tsuen Wan Southeast > Kwai Chung East,FALSE,"圍乪街，石籬邨石安樓外 Wai Kek Street, outside Shek On House, Shek Lei Estate",Kwai Chung East,"大隴街，石籬商場第2期外 Shek Lei Commercial Centre, Phase 2",Kwai Chung East,石籬圍乪街 - 沙田担杆莆街（循環綫） Shek Lei (Wai Kek Street) - Sha Tin (Tam Kok Po Street) (Circular),"(Kwai Chung East) 圍乪街，石籬邨石安樓外 Wai Kek Street, outside Shek On House, Shek Lei Estate","(Kwai Chung East) 大隴街，石籬商場外 Tai Loong Street, outside Shek Lei Shopping Centre","(Kwai Chung East) 和宜合道，近打磚坪街 Wo Yi Hop Road, near Tai Chuen Ping Street",(Kwai Chung East) 和宜合道，75-87號 No. 75-87 Wo Yi Hop Road,"(Kwai Chung East) 和宜合道，長榮工業大廈外 Wo Yi Hop Road, outside Cheung Wing Industrial Building",(Kwai Chung East) 和宜合道，123號 No. 123 Wo Yi Hop Road,"(Kwai Chung East) 和宜合道，達利中心外 Wo Yi Hop Road, outside Riley House","(Kwai Chung East) 和宜合道，華寶工業大廈外 Wo Yi Hop Road, outside Grand Industrial Building","(Tsuen Wan Southeast) 和宜合道，北葵涌賽馬會公眾泳池對面 Wo Yi Hop Road, Opposite North Kwai Chung Jockey Club Public Swimming Pool","(Tsuen Wan Southeast) 和宜合道，伍若瑜夫人健康院對面 Wo Yi Hop Road, Opposite Mrs. Wu York Yu Health Centre",(Tsuen Wan Southeast) 和宜合道，梨木樹邨竹樹樓外 Wo Yip Hop Road outside Chuk Shue House of Lei Muk Shue Estate,"(Tsuen Wan Southeast) 和宜合道，近嗇色園主辦可風中學 Wo Yi Hop Road, near Ho Fung College Sponsored By Sik Sik Yuen","(Sha Tin West) 担杆莆街，沙田大會堂外 Tam Kon Po Street, outside Sha Tin Town Hall","(Tsuen Wan Southeast) 和宜合道，嗇色園可風中學外 Wo Yi Hop Road, outside Ho Fung College Sponsored By Sik Sik Yuen",(Kwai Chung East) 梨木樹邨 Lei Muk Shue Estate,"(Kwai Chung East) 和宜合道，北葵涌賽馬會公眾泳池外 Wo Yi Hop Road, outside North Kwai Chung Jockey Club Public Swimming Pool",(Kwai Chung East) 和宜合道218號 No. 218 Wo Yi Hop Road,(Kwai Chung East) 和宜合道110號 No. 110 Wo Yi Hop Road,"(Kwai Chung East) 大隴街，石籬商場第2期外 Shek Lei Commercial Centre, Phase 2",,,,,,,,,,,,,,,,,,,,,,,,,,,,
502,CMPattern_CM_GMBBus_502_6074,13.7,11.79526452,Tai Po North > Tai Po South > Wu Tip Shan > Robin’s Nest,FALSE,"大埔太和路，大埔中心對面 Tai Po Tai Wo Road, Opposite Tai Po Centre",Tai Po North,清河邨公共運輸交滙處 Ching Ho Estate Public Transport Interchange,Robin’s Nest,清河邨 Ching Ho Estate,"(Tai Po North) 大埔太和路，大埔中心對面 Tai Po Tai Wo Road, Opposite Tai Po Centre","(Tai Po North) 大埔太和路，林村河畔 Tai Po Tai Wo Road, Lam Tsuen River Side","(Tai Po South) 大埔太和路，汀角路變電站外 Tai Po Tai Wo Road, outside CLP Ting Kok Road Substation",(Tai Po South) 帝欣苑 Parc Versailles,"(Tai Po South) 大埔公路，近康樂園 Tai Po Road, near Hong Lok Yuen","(Tai Po South) 大窩西支路，圍頭村外 Tai Wo Service Road West, outside Wai Tau Tsuen","(Tai Po South) 大窩西支路，中心圍 Tai Wo Service Road West, Chung Sum Wai","(Tai Po South) 大窩西支路，泰亨 Tai Wo Service Road West, Tai Hang","(Tai Po South) 大窩西支路，大窩 Tai Wo Service Road West, Tai Wo","(Tai Po South) 大窩西支路，南華莆 Tai Wo Service Road West, Nam Wah Po","(Wu Tip Shan) 大窩西支路，九龍坑 Tai Wo Service Road West, Kau Lung Hang","(Wu Tip Shan) 大窩西支路，何家園 Tai Wo Service Road West, Ho Ka Yuen","(Wu Tip Shan) 和興路，和興村對面 Wo Hing Road, Opposite Wo Hing Tsuen","(Wu Tip Shan) 華明路，華明邨對面 Wah Ming Road, Opposite Wah Ming Estate","(Wu Tip Shan) 華明路，昌濤閣外 Wah Ming Road, outside Cheong Tao House","(Wu Tip Shan) 華明路，欣盛苑對面 Wah Ming Road, Opposite Yan Shing Court","(Wu Tip Shan) 百和路，蓬瀛仙館外 Pak Wo Road, outside Fung Ying Sin Koon","(Wu Tip Shan) 百和路，基新中學外 Pak Wo Road, outside Kei San Secondary School","(Wu Tip Shan) 百和路，嘉盛苑對面 Pak Wo Road, Opposite Ka Shing Court","(Wu Tip Shan) 百和路，華慧園外 Pak Wo Road, outside Glamour Garden","(Robin’s Nest) 百和路，吳屋村外 Pak Wo Road, outside Ng Uk Tsuen",(Robin’s Nest) 北區醫院 North District Hospital,"(Robin’s Nest) 清曉路，御皇庭外 Ching Hiu Road, outside Royal Green",(Robin’s Nest) 清河邨公共運輸交滙處 Ching Ho Estate Public Transport Interchange,,,,,,,,,,,,,,,,,,,,,,,
56B,CMPattern_CM_GMBBus_56b_5992,11,9.293087612,Central > Wan Chai > Central,TRUE,"羅便臣道，秀麗閣對面 Robinson Road, Opposite Serene Court",Central,"羅便臣道，秀麗閣對面 Robinson Road, Opposite Serene Court",Central,半山區羅便臣道 - 灣仔（循環綫） Mid-Levels (Robinson Road) - Wan Chai (Circular),"(Central) 羅便臣道，秀麗閣對面 Robinson Road, Opposite Serene Court","(Central) 列堤頓道，近城西公園 Lyttelton Road, near West End Park","(Central) 列堤頓道，近聖士提反女子中學 Lyttelton Road, near St Stephen's Girls' College",(Central) 羅便臣道76號 No. 76 Robinson Road,(Central) 羅便臣道66號 No. 66 Robinson Road,(Central) 羅便臣道4號 No. 4 Robinson Road,(Central) 花園道 Garden Road,"(Central) 金鐘道，金鐘花園外 Queensway, outside Admiralty Garden",(Wan Chai) 皇后大道東及金鐘道交界 Queen's Road East Junction With Queensway,"(Wan Chai) 皇后大道東，合和中心對面 Queen's Road East, Opposite Hopewell Centre","(Wan Chai) 皇后大道東，近灣仔道 Queen's Road East, near Wan Chai Road",(Wan Chai) 皇后大道東231-233號 No. 231-233 Queen's Road East,"(Wan Chai) 皇后大道東，合和中心外 Queen's Road East, outside Hopewell Centre","(Wan Chai) 皇后大道東，太古廣場第三座外 Queen's Road East, outside Three Pacific Place","(Central) 金鐘道，太古廣場外 Queensway, outside Pacific Place","(Central) 紅棉路，香港壁球中心 Hong Kong Squash Centre, Cotton Tree Drive",(Central) 羅便臣道1號 No. 1 Robinson Road,(Central) 羅便臣道29號 No.29 Robinson Road,(Central) 羅便臣道65號 No. 65 Robinson Road,(Central) 羅便臣道101號 No. 101 Robinson Road,(Central) 屋蘭士街 Oaklands Avenue,"(Central) 列堤頓道，近巴炳頓道 Lyttelton Road, near Babington Road","(Central) 羅便臣道，秀麗閣對面 Robinson Road, Opposite Serene Court",,,,,,,,,,,,,,,,,,,,,,,,
811A,CMPattern_GMBBus811A_5945,10.2,11.29068645,Sha Tin West > Sha Tin East,FALSE,"穗禾路，近沙田渣甸山花園 Sui Wo Road, Ville De Jardin",Sha Tin West,碧濤花園 Pictorial Garden,Sha Tin East,碧濤花園（經穗禾苑巴士總站） Pictorial Garden (via Sui Wo Court Bus Terminus),"(Sha Tin West) 穗禾路，近沙田渣甸山花園 Sui Wo Road, Ville De Jardin","(Sha Tin West) 穗禾路，華翠園 Sui Wo Road, Greenwood Terrace",(Sha Tin West) 英基學校協會沙田小學 ESF Sha Tin Junior School,(Sha Tin West) 香港浸會大學職員宿舍 Hkbu Staff Quarters,(Sha Tin West) 豐景花園 Scenery Garden,(Sha Tin West) 碧霞花園 Sha Tin 33,"(Sha Tin West) 穗禾路，穗禾苑二期 Sui Wo Road, Sui Wo Court Phase II",(Sha Tin West) 穗禾苑巴士總站 Sui Wo Court Bus Terminus,"(Sha Tin West) 桂地街，近駿洋商場 Kwei Tei Street, near Chun Yeung Shopping Centre","(Sha Tin West) 松頭下路，富騰工業中心外 Tsung Tau Ha Road, outside Fo Tan Industrial Centre","(Sha Tin West) 松頭下路，拔子窩村對面 Tsung Tau Ha Road, Opposite Pat Tze Wo Village Resite Area",(Sha Tin West) 樂園徑 Lok Yuen Path,(Sha Tin West) 樂信徑迴旋處巴士灣 Bus Lay-By at Lok Shun Path Roundabout,"(Sha Tin West) 樂信徑，駿景園外 Lok Shun Path, outside Royal Ascot","(Sha Tin West) 樂信徑，近駿景園駿景廣場 Lok Shun Path, near Plaza Ascot, Royal Ascot",(Sha Tin West) 樂景街，銀禧花園外 Lok King Street outside Jubilee Garden,"(Sha Tin West) 樂景街火炭站對面 Lok King Street, Opposite Fo Tan Station","(Sha Tin East) 銀城街，沙田第一城外 Ngan Shing Street, outside City One Shatin","(Sha Tin East) 銀城街，五旬節林漢光中學外 Ngan Shing Street, outside Pentecostal Lam Hon Kwong School",(Sha Tin East) 威爾斯親王醫院 Prince of Wales Hospital,"(Sha Tin East) 插桅杆街，第一城站外 Chap Wai Kon Street, outside City One Station","(Sha Tin East) 插桅杆街，近小瀝源消防局 Chap Wai Kon Street, near Siu Lek Yuen Fire Station","(Sha Tin East) 安明街，石門站外 On Ming Street, outside Shek Mun Station",(Sha Tin East) 中華電力沙田中心 CLP Power Shatin Centre,(Sha Tin East) 濱景花園總站 Ravana Garden Bus Terminus,(Sha Tin East) 翠湖花園 Garden Vista,,,,,,,,,,,,,,,,,,,,,
811A,CMPattern_GMBBus811A_7036,10.2,10.89497181,Sha Tin West > Sha Tin East,FALSE,"穗禾路，近沙田渣甸山花園 Sui Wo Road, Ville De Jardin",Sha Tin West,碧濤花園 Pictorial Garden,Sha Tin East,碧濤花園 Pictorial Garden,"(Sha Tin West) 穗禾路，近沙田渣甸山花園 Sui Wo Road, Ville De Jardin","(Sha Tin West) 穗禾路，華翠園 Sui Wo Road, Greenwood Terrace",(Sha Tin West) 英基學校協會沙田小學 ESF Sha Tin Junior School,(Sha Tin West) 香港浸會大學職員宿舍 Hkbu Staff Quarters,(Sha Tin West) 豐景花園 Scenery Garden,(Sha Tin West) 碧霞花園 Sha Tin 33,"(Sha Tin West) 穗禾路，穗禾苑二期 Sui Wo Road, Sui Wo Court Phase II","(Sha Tin West) 桂地街，近駿洋商場 Kwei Tei Street, near Chun Yeung Shopping Centre","(Sha Tin West) 松頭下路，富騰工業中心外 Tsung Tau Ha Road, outside Fo Tan Industrial Centre","(Sha Tin West) 松頭下路，拔子窩村對面 Tsung Tau Ha Road, Opposite Pat Tze Wo Village Resite Area",(Sha Tin West) 樂園徑 Lok Yuen Path,(Sha Tin West) 樂信徑迴旋處巴士灣 Bus Lay-By at Lok Shun Path Roundabout,"(Sha Tin West) 樂信徑，駿景園外 Lok Shun Path, outside Royal Ascot","(Sha Tin West) 樂信徑，近駿景園駿景廣場 Lok Shun Path, near Plaza Ascot, Royal Ascot",(Sha Tin West) 樂景街，銀禧花園外 Lok King Street outside Jubilee Garden,"(Sha Tin West) 樂景街火炭站對面 Lok King Street, Opposite Fo Tan Station","(Sha Tin East) 銀城街，沙田第一城外 Ngan Shing Street, outside City One Shatin","(Sha Tin East) 銀城街，五旬節林漢光中學外 Ngan Shing Street, outside Pentecostal Lam Hon Kwong School",(Sha Tin East) 威爾斯親王醫院 Prince of Wales Hospital,"(Sha Tin East) 插桅杆街，第一城站外 Chap Wai Kon Street, outside City One Station","(Sha Tin East) 插桅杆街，近小瀝源消防局 Chap Wai Kon Street, near Siu Lek Yuen Fire Station","(Sha Tin East) 安明街，石門站外 On Ming Street, outside Shek Mun Station",(Sha Tin East) 中華電力沙田中心 CLP Power Shatin Centre,(Sha Tin East) 濱景花園總站 Ravana Garden Bus Terminus,(Sha Tin East) 翠湖花園 Garden Vista,(Sha Tin East) 碧濤花園 Pictorial Garden,,,,,,,,,,,,,,,,,,,,,
44A,CMPattern_GMBBus44A_4018,18.1,28.71954023,Tuen Mun East > Tuen Mun West > Tuen Mun North > Robin’s Nest,FALSE,屯門站公共運輸交滙處 Tuen Mun Station Public Transport Interchange,Tuen Mun East,上水站小巴總站 Sheung Shui Station Public Light Bus Terminus,Robin’s Nest,上水站 Sheung Shui Station,(Tuen Mun East) 屯門站公共運輸交滙處 Tuen Mun Station Public Transport Interchange,"(Tuen Mun West) 震寰路，屯門消防局外 Tsun Wen Road, outside Tuen Mun Fire Station",(Tuen Mun West) 河田街 Ho Tin Street,"(Tuen Mun West) 震寰路，大興政府合署對面 Tsun Wen Road, Opposite Tai Hing Government Offices","(Tuen Mun West) 石排頭路，翠林花園外 Shek Pai Tau Road, outside Greenland Garden","(Tuen Mun West) 石排頭路，康德花園外 Shek Pai Tau Road, outside Hong Tak Gardens","(Tuen Mun West) 石排頭路，偉昌工業中心外 Shek Pai Tau Road, outside Wai Cheung Industrial Centre","(Tuen Mun West) 鳴琴路，石排站外 Ming Kum Road, outside Shek Pai Stop","(Tuen Mun North) 田景路，新圍站外 Tin King Road, outside San Wai Stop","(Tuen Mun North) 田景路，田景站外 Tin King Road, outside Tin King Stop","(Tuen Mun North) 鳴琴路，寶田商場外 Ming Kum Road, outside Po Tin Shopping Centre","(Tuen Mun North) 震寰路，大興分區警署外 Tsun Wen Road, outside Tai Hing Divisional Police Station","(Tuen Mun North) 青麟路，麒麟站外 Tsing Lun Road, outside Kei Lun Stop","(Tuen Mun North) 青麟路，兆康苑兆基閣對面 Tsing Lun Road, Opposite Siu Kei House, Siu Hong Court",(Robin’s Nest) 上水站 Sheung Shui Station,(Robin’s Nest) 上水站小巴總站 Sheung Shui Station Public Light Bus Terminus,,,,,,,,,,,,,,,,,,,,,,,,,,,,,,,
403A,CMPattern_CM_GMBBus_403a_7240,12.3,19.974277,Kwai Chung East > Tsuen Wan Southeast > Sha Tin West > Tsuen Wan Southeast > Kwai Chung East,FALSE,"梨木道，近童子街 Lei Muk Road, near Tung Chi Street",Kwai Chung East,安蔭邨（安足街）小巴總站 On Yam Estate (On Chuk Street) Minibus Terminus,Kwai Chung East,安蔭安足街 On Yam (On Chuk Street),"(Kwai Chung East) 梨木道，近童子街 Lei Muk Road, near Tung Chi Street","(Kwai Chung East) 和宜合道，華寶工業大廈外 Wo Yi Hop Road, outside Grand Industrial Building","(Tsuen Wan Southeast) 和宜合道，北葵涌賽馬會公眾泳池對面 Wo Yi Hop Road, Opposite North Kwai Chung Jockey Club Public Swimming Pool",(Tsuen Wan Southeast) 和宜合道，梨木樹邨竹樹樓外 Wo Yip Hop Road outside Chuk Shue House of Lei Muk Shue Estate,"(Tsuen Wan Southeast) 和宜合道，近嗇色園主辦可風中學 Wo Yi Hop Road, near Ho Fung College Sponsored By Sik Sik Yuen","(Sha Tin West) 担杆莆街，沙田大會堂外 Tam Kon Po Street, outside Sha Tin Town Hall","(Tsuen Wan Southeast) 和宜合道，嗇色園可風中學外 Wo Yi Hop Road, outside Ho Fung College Sponsored By Sik Sik Yuen",(Kwai Chung East) 梨木樹邨 Lei Muk Shue Estate,"(Kwai Chung East) 和宜合道，北葵涌賽馬會公眾泳池外 Wo Yi Hop Road, outside North Kwai Chung Jockey Club Public Swimming Pool","(Kwai Chung East) 梨木道，葵寶大廈對面 Lei Muk Road, Opposite Kwai Po Building","(Kwai Chung East) 梨木道，寧峰苑外 Lei Muk Road, outside Ning Fung Court",(Kwai Chung East) 大白田街 Fb0411 號電燈柱，石蔭邨外 Shek Yam Estate,"(Kwai Chung East) 石排街，安蔭邨盛蔭樓外 Shek Pai Street, outside Shing Yam House, On Yam Estate",(Kwai Chung East) 安蔭邨（安足街）小巴總站 On Yam Estate (On Chuk Street) Minibus Terminus,,,,,,,,,,,,,,,,,,,,,,,,,,,,,,,,,
28,CMPattern_GMBBus28_1331,11.5,12.64714861,Southern District Northwest > Western > Central > Western > Central > Wan Chai,FALSE,"上碧瑤灣24座外 Baguio Villa (Upper), outside Block 24",Southern District Northwest,"新會道，近京城大廈 Sun Wui Road, near Capital Building",Wan Chai,銅鑼灣新會道 Causeway Bay (Sun Wui Road),"(Southern District Northwest) 上碧瑤灣24座外 Baguio Villa (Upper), outside Block 24",(Southern District Northwest) 碧麗苑 Provident Villas,"(Southern District Northwest) 沙宣道，近羅富國徑 Sassoon Road, near Northcote Close","(Southern District Northwest) 沙宣道，近香港大學利銘澤堂 Sassoon Road, near The University of Hong Kong R. C. Lee Hall","(Southern District Northwest) 薄扶林道，啟明寺 Pok Fu Lam Road, Kai Ming Temple","(Western) 薄扶林道，蒲飛路巴士總站對面 Pok Fu Lam Road, Opposite Pokfield Road Bus Terminus","(Central) 薄扶林道，寶翠園 Pok Fu Lam Road, Belcher Gardens",(Western) 英皇書院 King's College,(Western) 寧養台 Ning Yeung Terrace,"(Western) 般咸道，近西營盤站 C 出口 Bonham Road, near Sai Ying Pun Station Exit C","(Central) 般咸道，醫院道 Bonham Road, Hospital Road","(Central) 堅道，樓梯街 Caine Road, Ladder Street","(Central) 堅道，城皇街 Caine Road, Shing Wong Street",(Central) 鴨巴甸街 Aberdeen Street,"(Central) 堅道，卑利街 Caine Road, Peel Street",(Central) 奧卑利街 Old Bailey Street,(Central) 明愛中心 Caritas Centre,(Central) 歷山大廈 Alexandra House,"(Central) 遮打道，近昃臣道 Chater Road, near Jackson Road","(Central) 遮打道，麗嘉酒店外 Chater Road, outside Ritz Carlton Hotel","(Central) 美利道，美利道多層停車場大廈外 Murry Road, outside Murray Road Multi-Story Car Park","(Central) 紅棉路，香港壁球中心 Hong Kong Squash Centre, Cotton Tree Drive",(Central) 堅尼地道1號 No. 1 Kennedy Road,(Central) 堅尼地道 32a 號對面 Opposite To No. 32a Kennedy Road,(Central) 堅尼地道42號對面 Opposite To No. 42 Kennedy Road,"(Central) 堅尼地道，近羅拔時樓，母親的抉擇對面 Kennedy Road, Opposite Roberts Block, Mother's Choice",(觀塘區) 秀明道觀塘官立小學(秀明道)對面,(觀塘區) 曉光街上秀茂坪巴士總站對面,(觀塘區) 連德道 - 康華苑怡康閣對面,(觀塘區) 連德道 - 美田樓對面,(觀塘區) 安田街藍田聖保祿中學對面,(觀塘區) 平田公共運輸交匯處,,,,,,,,,,,,,,,
28,CMPattern_GMBBus28_5868,11.5,12.23707955,Southern District Northwest > Western > Central > Wan Chai,FALSE,"上碧瑤灣24座外 Baguio Villa (Upper), outside Block 24",Southern District Northwest,"新會道，近京城大廈 Sun Wui Road, near Capital Building",Wan Chai,銅鑼灣新會道（經山道天橋） Causeway Bay (Sun Wui Road) (via Hill Road Flyover),"(Southern District Northwest) 上碧瑤灣24座外 Baguio Villa (Upper), outside Block 24",(Southern District Northwest) 碧麗苑 Provident Villas,"(Southern District Northwest) 沙宣道21號對面 Sassoon Road, Opposite House No. 21","(Southern District Northwest) 沙宣道，近香港大學利銘澤堂 Sassoon Road, near The University of Hong Kong R. C. Lee Hall","(Southern District Northwest) 薄扶林道，啟明寺 Pok Fu Lam Road, Kai Ming Temple","(Western) 薄扶林道，蒲飛路巴士總站對面 Pok Fu Lam Road, Opposite Pokfield Road Bus Terminus","(Central) 薄扶林道，寶翠園 Pok Fu Lam Road, Belcher Gardens","(Central) 紅棉路，香港壁球中心 Hong Kong Squash Centre, Cotton Tree Drive",(Central) 堅尼地道1號 No. 1 Kennedy Road,(Central) 堅尼地道 32a 號對面 Opposite To No. 32a Kennedy Road,(Central) 堅尼地道42號對面 Opposite To No. 42 Kennedy Road,"(Central) 堅尼地道，近羅拔時樓，母親的抉擇對面 Kennedy Road, Opposite Roberts Block, Mother's Choice",(Central) 堅尼地道 9a 號 No. 9a Kennedy Road,(Central) 堅尼地道，燈柱22424 Kennedy Road Lamp Post No. 22424,"(Central) 堅尼地道，近萬茂台 Kennedy Road, near Monmouth Terrace","(Wan Chai) 堅尼地道，嘉諾撒聖方濟各書院外 Kennedy Road, outside St. Francis' Cannossian College","(Wan Chai) 堅尼地道，合和中心外 Kennedy Road, outside Hopewell Centre","(Wan Chai) 堅尼地道，近鳳凰台 Kennedy Road, near Fung Wong Terrace","(Wan Chai) 堅尼地道，聖公會聖雅各小學對面 Kennedy Road, Layby Opposite To St. Jame's Primary School",(Wan Chai) 灣仔分科診所 Wan Chai Polyclinic,"(Wan Chai) 皇后大道東，聖若瑟小學 Queen's Road East, outside St Joseph's Primary School","(Wan Chai) 皇后大道東，伊利沙伯體育館外 Queen's Road East, outside Queen Elizabeth Stadium","(Wan Chai) 摩理臣山道，禮頓道 Morrison Hill Road, Leighton Road","(Wan Chai) 禮頓道，禮頓中心外 Leighton Road, outside Leighton Centre","(Wan Chai) 新會道，近京城大廈 Sun Wui Road, near Capital Building",,,,,,,,,,,,,,,,,,,,,,
22S,CMPattern_CM_GMBBus_22s_6145,9.2,9.196231484,Southern District Northwest > Western > Central > Western > Central,FALSE,"利牧徑，薄扶林花園 Claymore Avenue, Pok Fu Lam Garden",Southern District Northwest,中環（中環碼頭） Central (Central Ferry Piers),Central,中環中環碼頭（經雅緻洋房） Central (Central Ferry Piers) (via Yat Chee Villas),"(Southern District Northwest) 利牧徑，薄扶林花園 Claymore Avenue, Pok Fu Lam Garden",(Southern District Northwest) 富明苑 Fu Ming Yuen,(Southern District Northwest) 富俊苑 Fu Chun Yuen,"(Southern District Northwest) 置富道第10座外 Chi Fu Road, outside Block No. 10",(Southern District Northwest) 雅緻洋房 Yat Chee Villas,(Southern District Northwest) 薄扶林村 Pok Fu Lam Village,"(Southern District Northwest) 薄扶林道141號 Pok Fu Lam Road, House No. 141","(Southern District Northwest) 薄扶林道，心光學校 Ebenezer School, Pok Fu Lam Road","(Southern District Northwest) 薄扶林道，瑪麗醫院對面 Pok Fu Lam Road, Opposite Queen Mary Hospital","(Southern District Northwest) 薄扶林道，啟明寺 Pok Fu Lam Road, Kai Ming Temple","(Western) 薄扶林道，蒲飛路 Pok Fu Lam Road, Pokfield Road","(Central) 薄扶林道，寶翠園 Pok Fu Lam Road, Belcher Gardens",(Central) 薄扶林道山道天橋以西巴士停車處西端 Pok Fu Lam Road Western End of Bus Bay West of Hill Road Flyover,(Western) 般咸道71號 No. 71 Bonham Road,(Western) 英皇書院 King's College,(Western) 寧養台 Ning Yeung Terrace,"(Western) 般咸道，正街 Bonham Road, Centre Street","(Western) 般咸道停車處，鄰近香港政府戴麟趾康復中心 Bonham Road, Layby outside David Trench Rehabilitation Centre","(Western) 般咸道，錦翠園 Bonham Road, Kenyon Street","(Western) 般咸道，豫苑 Bonham Road, Euston Court","(Central) 般咸道，高街 Bonham Road, High Street","(Central) 般咸道，醫院道 Bonham Road, Hospital Road","(Central) 堅道，樓梯街 Caine Road, Ladder Street","(Central) 堅道，城皇街 Caine Road, Shing Wong Street",(Central) 鴨巴甸街 Aberdeen Street,"(Central) 堅道，卑利街 Caine Road, Peel Street",,,,,,,,,,,,,,,,,,,,,
22S,CMPattern_CM_GMBBus_22s_6146,9.2,7.955080441,Southern District Northwest > Western > Central > Western > Central,FALSE,"利牧徑，薄扶林花園 Claymore Avenue, Pok Fu Lam Garden",Southern District Northwest,中環（中環碼頭） Central (Central Ferry Piers),Central,中環中環碼頭 Central (Central Ferry Piers),"(Southern District Northwest) 利牧徑，薄扶林花園 Claymore Avenue, Pok Fu Lam Garden",(Southern District Northwest) 薄扶林村 Pok Fu Lam Village,"(Southern District Northwest) 薄扶林道141號 Pok Fu Lam Road, House No. 141","(Southern District Northwest) 薄扶林道，心光學校 Ebenezer School, Pok Fu Lam Road","(Southern District Northwest) 薄扶林道，瑪麗醫院對面 Pok Fu Lam Road, Opposite Queen Mary Hospital","(Southern District Northwest) 薄扶林道，啟明寺 Pok Fu Lam Road, Kai Ming Temple","(Western) 薄扶林道，蒲飛路 Pok Fu Lam Road, Pokfield Road","(Central) 薄扶林道，寶翠園 Pok Fu Lam Road, Belcher Gardens",(Central) 薄扶林道山道天橋以西巴士停車處西端 Pok Fu Lam Road Western End of Bus Bay West of Hill Road Flyover,(Western) 般咸道71號 No. 71 Bonham Road,(Western) 英皇書院 King's College,(Western) 寧養台 Ning Yeung Terrace,"(Western) 般咸道，正街 Bonham Road, Centre Street","(Western) 般咸道停車處，鄰近香港政府戴麟趾康復中心 Bonham Road, Layby outside David Trench Rehabilitation Centre","(Western) 般咸道，錦翠園 Bonham Road, Kenyon Street","(Western) 般咸道，豫苑 Bonham Road, Euston Court","(Central) 般咸道，高街 Bonham Road, High Street","(Central) 般咸道，醫院道 Bonham Road, Hospital Road","(Central) 堅道，樓梯街 Caine Road, Ladder Street","(Central) 堅道，城皇街 Caine Road, Shing Wong Street",(Central) 鴨巴甸街 Aberdeen Street,"(Central) 堅道，卑利街 Caine Road, Peel Street","(Central) 奧卑利街，近荷李活道22號 Old Bailey Street, near No. 22 Hollywood Road","(Central) 荷李活道，歐氏大廈外 Hollywood Road, outside Aus Building","(Central) 荷李活道，郵政局外 Hollywood Road, outside Post Office","(Central) 雲咸街41號 Wyndham Street, House No. 41",,,,,,,,,,,,,,,,,,,,,
73,CMPattern_CM_GMBBus_73_6016,7.9,10.13724444,Sham Shui Po East > Kowloon City North > Wong Tai Sin West > Wong Tai Sin East > Wong Tai Sin West > Kowloon City North > Sham Shui Po East,TRUE,"達之路，又一城地面 Tat Chee Avenue, Ground Floor of The Festival Walk",Sham Shui Po East,"達之路，又一城地面 Tat Chee Avenue, Ground Floor of The Festival Walk",Sham Shui Po East,又一城公共交通總站 - 慈雲山中心（循環綫） Festival Walk Public Transport Terminus - Tsz Wan Shan Centre (Circular),"(Sham Shui Po East) 達之路，又一城地面 Tat Chee Avenue, Ground Floor of The Festival Walk","(Sham Shui Po East) 歌和老街畢架山峰外 Cornwall Street, outside Cornwall Street",(Kowloon City North) 歌和老街10號 No. 10 Cornwall Street,"(Kowloon City North) 歌和老街，歌和台外 Cornwall Street, outside Cornwall Terrace","(Kowloon City North) 聯合道，金城道遊樂場外 Junction Road, outside Kam Shing Road Recreation Ground","(Kowloon City North) 竹園道，近富美街 Chuk Yuen Road, near Fu Mei Street","(Wong Tai Sin West) 竹園道，天宏苑停車場對面 Chuk Yuen Road, Opposite Tin Wang Court Car Park","(Wong Tai Sin West) 竹園道，鵬程苑外 Chuk Yuen Road, outside Pang Ching Court","(Wong Tai Sin West) 竹園道，竹園室內運動場外 Chuk Yuen Road, outside Chuk Yuen Indoor Games Hall","(Wong Tai Sin West) 沙田㘭道，近盈福苑 Shatin Pass Road, near Ying Fuk Court",(Wong Tai Sin West) 法藏寺 Fat Chong Temple,"(Wong Tai Sin West) 慈雲山道，沙田坳邨和田樓外 Tsz Wan Shan Road, outside Wo Tin House, Shatin Pass Estate","(Wong Tai Sin West) 慈雲山道，沙田坳邨順田樓外 Tsz Wan Shan Road, outside Shun Tin House, Shatin Pass Estate","(Wong Tai Sin West) 慈雲山道，伊斯蘭鮑伯濤紀念小學對面 Tsz Wan Shan Road, Opposite Islamic Dharwood Pau Memorial School",(Wong Tai Sin West) 慈雲山（北）（巴士站） Tsz Wan Shan (North) Bus Terminus,"(Wong Tai Sin West) 慈雲山道，慈正邨正暉樓外 Tsz Wan Shan Road, outside Ching Fai House, Tsz Ching Estate","(Wong Tai Sin West) 惠華街，慈雲山中心外 Wai Wah Street, outside Tsz Wan Shan Shopping Centre",(Wong Tai Sin West) 慈雲山邨中央遊樂場 Tsz Wan Shan Estate Central Playground,"(Wong Tai Sin West) 慈雲山道，慈愛苑愛賢閣外 Tsz Wan Shan Road, outside Oi Yin House, Tsz Oi Court","(Wong Tai Sin West) 慈雲山道，伊斯蘭鮑伯濤紀念小學外 Tsz Wan Shan Road, outside Islamic Dharwood Pau Memorial School","(Wong Tai Sin West) 慈雲山道，沙田坳邨順田樓對面 Tsz Wan Shan Road, Opposite Shun Tin House, Shatin Pass Estate","(Wong Tai Sin West) 慈雲山道，中電電力站對面 Tsz Wan Shan Road, Opposite Electric Sub-Station","(Wong Tai Sin East) 沙田坳道，東華三院黃大仙醫院外 Shatin Pass Road, outside Wong Tai Sin Hospital","(Wong Tai Sin West) 竹園道，竹園室內運動場對面 Chuk Yuen Road, Opposite Chuk Yuen Indoor Games Hall","(Wong Tai Sin West) 竹園道，浸信會天虹小學外 Chuk Yuen Road, outside Baptist Rainbow Primary School","(Wong Tai Sin West) 竹園道，天宏苑宏景閣外 Chuk Yuen Road, outside Wang King House, Tin Wang Court",,,,,,,,,,,,,,,,,,,,,
803,CMPattern_GMBBus803_5287,8.3,11.85350543,Sha Tin North > Sha Tin East > Sha Tin South,FALSE,利安邨巴士總站 Lee On Estate Bus Terminus,Sha Tin North,"顯田街，近梁文燕紀念中學 Hin Tin Street, near Helen Liang Memorial Secondary School (Shatin)",Sha Tin South,顯徑 Hin Keng,(Sha Tin North) 利安邨巴士總站 Lee On Estate Bus Terminus,"(Sha Tin North) 錦英路，錦龍苑對面 Kam Ying Road, Opposite Kam Lung Court Lung Yiu House","(Sha Tin North) 西沙路南行綫，雅典居對面 Sai Sha Road Southbound, Opposite Villa Athena","(Sha Tin North) 西沙路，新港城外 Sai Sha Road, outside Sunshine City","(Sha Tin North) 西沙路，頌安邨頌和樓對面 Sai Sha Road, Opposite Chung Wo House, Chung On Estate",(Sha Tin North) 曾璧山中學 Tsang Pik Shan Secondary School,"(Sha Tin North) 恒康街，耀安邨耀平樓外 Hang Hong Street, outside Yiu On Estate Bus Terminus","(Sha Tin East) 恒德街南行綫，近大水坑站 Hang Tak Street Southbound, near Tai Shui Hang Station","(Sha Tin East) 亞公角街，沙田醫院外 A Kung Kok Street, outside Shatin Hospital","(Sha Tin East) 大涌橋路，濱景花園對面 Tai Chung Kiu Road, Opposite Ravana Garden","(Sha Tin East) 大涌橋路，沙田第一城外 Tai Chung Kiu Road, outside City One Shatin","(Sha Tin East) 大涌橋路，富豪花園外 Tai Chung Kiu Road, outside Belair Gardens","(Sha Tin East) 大涌橋路，近河畔花園 Tai Chung Kiu Road, near Garden Rivera","(Sha Tin South) 大涌橋路，乙明村外 Tai Chung Kiu Road, Jat Min Chuen","(Sha Tin South) 大涌橋路，曾大屋遊樂場外 Tai Chung Kiu Road, Tsang Tai Uk Recreation Ground",(Sha Tin South) 秦石邨 Chun Shek Estate,"(Sha Tin South) 車公廟路，李屋村外 Che Kung Miu Road, outside Lei Uk Tsuen","(Sha Tin South) 車公廟路，新翠邨外 Che Kung Miu Road, outside Sun Chui Estate","(Sha Tin South) 車公廟路，車公廟路遊樂場外 Che Kung Miu Road, outside Che Kung Miu Road Playground",(Sha Tin South) 雲疊花園 Carado Garden,"(Sha Tin South) 顯徑街，近下徑口德安苑 Hin Keng Street, near Ha Keng Hau",(Sha Tin South) 上徑口村 Sheung Keng Hau Village,"(Sha Tin South) 顯田街，近梁文燕紀念中學 Hin Tin Street, near Helen Liang Memorial Secondary School (Shatin)",,,,,,,,,,,,,,,,,,,,,,,,
803,CMPattern_GMBBus803_6145,8.3,11.82701786,Sha Tin North > Sha Tin East > Sha Tin South,FALSE,利安邨巴士總站 Lee On Estate Bus Terminus,Sha Tin North,"顯田街，近梁文燕紀念中學 Hin Tin Street, near Helen Liang Memorial Secondary School (Shatin)",Sha Tin South,顯徑（經大老山公路） Hin Keng (via Tate's Cairn Highway),(Sha Tin North) 利安邨巴士總站 Lee On Estate Bus Terminus,"(Sha Tin North) 錦英路，錦龍苑對面 Kam Ying Road, Opposite Kam Lung Court Lung Yiu House","(Sha Tin North) 西沙路南行綫，雅典居對面 Sai Sha Road Southbound, Opposite Villa Athena","(Sha Tin North) 西沙路，新港城外 Sai Sha Road, outside Sunshine City","(Sha Tin North) 西沙路，頌安邨頌和樓對面 Sai Sha Road, Opposite Chung Wo House, Chung On Estate",(Sha Tin North) 曾璧山中學 Tsang Pik Shan Secondary School,"(Sha Tin North) 恒康街，耀安邨耀平樓外 Hang Hong Street, outside Yiu On Estate Bus Terminus","(Sha Tin East) 大涌橋路，濱景花園對面 Tai Chung Kiu Road, Opposite Ravana Garden","(Sha Tin East) 大涌橋路，沙田第一城外 Tai Chung Kiu Road, outside City One Shatin","(Sha Tin East) 大涌橋路，富豪花園外 Tai Chung Kiu Road, outside Belair Gardens","(Sha Tin East) 大涌橋路，近河畔花園 Tai Chung Kiu Road, near Garden Rivera","(Sha Tin South) 大涌橋路，乙明村外 Tai Chung Kiu Road, Jat Min Chuen","(Sha Tin South) 大涌橋路，曾大屋遊樂場外 Tai Chung Kiu Road, Tsang Tai Uk Recreation Ground",(Sha Tin South) 秦石邨 Chun Shek Estate,"(Sha Tin South) 車公廟路，李屋村外 Che Kung Miu Road, outside Lei Uk Tsuen","(Sha Tin South) 車公廟路，新翠邨外 Che Kung Miu Road, outside Sun Chui Estate","(Sha Tin South) 車公廟路，車公廟路遊樂場外 Che Kung Miu Road, outside Che Kung Miu Road Playground",(Sha Tin South) 雲疊花園 Carado Garden,"(Sha Tin South) 顯徑街，近下徑口德安苑 Hin Keng Street, near Ha Keng Hau",(Sha Tin South) 上徑口村 Sheung Keng Hau Village,"(Sha Tin South) 顯田街，近梁文燕紀念中學 Hin Tin Street, near Helen Liang Memorial Secondary School (Shatin)",,,,,,,,,,,,,,,,,,,,,,,,,,
1,CMPattern_CM_GMBBus_1_1_8188,10.9,16.33374563,Kwun Tong West > Wong Tai Sin East > Sai Kung and Hang Hau,FALSE,"德福花園德福廣場 Telford Plaza, Telford Gardens",Kwun Tong West,"福民路小巴總站，經華樓外 Fuk Man Road Public Light Bus Terminus, outside King Wah Building",Sai Kung and Hang Hau,西貢（經牛池灣村） Sai Kung (via Ngau Chi Wan Village),"(Kwun Tong West) 德福花園德福廣場 Telford Plaza, Telford Gardens","(Wong Tai Sin East) 清水灣道，牛池灣文娛中心外 Clear Water Bay Road, outside Ngau Chi Wan Civic Centre","(Wong Tai Sin East) 清水灣道，彩雲商場 Clear Water Bay Road, outside Choi Wan Commercial Complex","(Wong Tai Sin East) 清水灣道，德望學校外 Clear Water Bay Road, outside Good Hope School","(Sai Kung and Hang Hau) 清水灣道，近萬景台 Clear Water Bay Road, near Man King Terrace","(Sai Kung and Hang Hau) 清水灣道，壁屋懲教所外 Clear Water Bay Road, outside Pik Uk Correctional Institute","(Sai Kung and Hang Hau) 清水灣道，松濤苑外 Clear Water Bay Road, outside Las Pinadas","(Sai Kung and Hang Hau) 西貢公路，鄭植之中學對面 Hiram's Highway, Opposite Cheng Chek Chee Secondary School","(Sai Kung and Hang Hau) 窩美, 新西貢公路 Wo Mei, New Hiram's Highway","(Sai Kung and Hang Hau) 西貢公路，西貢中心小學外 Hiram's Highway, outside Sai Kung Central Primary School","(Sai Kung and Hang Hau) 西貢公路，匡湖居對面 Hiram's Highway, Opposite Marina Cove","(Sai Kung and Hang Hau) 西貢公路，白沙灣遊艇會對面 Hiram's Highway, Opposite Hebe Haven Yacht Club",(Sai Kung and Hang Hau) 北港 Pak Kong,(Sai Kung and Hang Hau) 菠蘿輋 Po Lo Che,(Sai Kung and Hang Hau) 翠塘花園 Lake Side Garden,(Sai Kung and Hang Hau) 西貢大會堂 Sai Kung Town Hall,"(Sai Kung and Hang Hau) 福民路小巴總站，經華樓外 Fuk Man Road Public Light Bus Terminus, outside King Wah Building",,,,,,,,,,,,,,,,,,,,,,,,,,,,,,
1,CMPattern_CM_GMBBus_1_1_8189,10.9,14.67860974,Kwun Tong West > Wong Tai Sin East > Sai Kung and Hang Hau,FALSE,"德福花園德福廣場 Telford Plaza, Telford Gardens",Kwun Tong West,"福民路小巴總站，經華樓外 Fuk Man Road Public Light Bus Terminus, outside King Wah Building",Sai Kung and Hang Hau,西貢 Sai Kung,"(Kwun Tong West) 德福花園德福廣場 Telford Plaza, Telford Gardens","(Wong Tai Sin East) 清水灣道，彩雲商場 Clear Water Bay Road, outside Choi Wan Commercial Complex","(Wong Tai Sin East) 清水灣道，德望學校外 Clear Water Bay Road, outside Good Hope School","(Sai Kung and Hang Hau) 清水灣道，近萬景台 Clear Water Bay Road, near Man King Terrace","(Sai Kung and Hang Hau) 清水灣道，壁屋懲教所外 Clear Water Bay Road, outside Pik Uk Correctional Institute","(Sai Kung and Hang Hau) 清水灣道，松濤苑外 Clear Water Bay Road, outside Las Pinadas","(Sai Kung and Hang Hau) 西貢公路，鄭植之中學對面 Hiram's Highway, Opposite Cheng Chek Chee Secondary School","(Sai Kung and Hang Hau) 窩美, 新西貢公路 Wo Mei, New Hiram's Highway","(Sai Kung and Hang Hau) 西貢公路，西貢中心小學外 Hiram's Highway, outside Sai Kung Central Primary School","(Sai Kung and Hang Hau) 西貢公路，匡湖居對面 Hiram's Highway, Opposite Marina Cove","(Sai Kung and Hang Hau) 西貢公路，白沙灣遊艇會對面 Hiram's Highway, Opposite Hebe Haven Yacht Club",(Sai Kung and Hang Hau) 北港 Pak Kong,(Sai Kung and Hang Hau) 菠蘿輋 Po Lo Che,(Sai Kung and Hang Hau) 翠塘花園 Lake Side Garden,(Sai Kung and Hang Hau) 西貢大會堂 Sai Kung Town Hall,"(Sai Kung and Hang Hau) 福民路小巴總站，經華樓外 Fuk Man Road Public Light Bus Terminus, outside King Wah Building",,,,,,,,,,,,,,,,,,,,,,,,,,,,,,,
55K,CMPattern_CM_GMBBus_55k_6191,11.5,13.85068749,Robin’s Nest > Wu Tip Shan > Robin’s Nest,FALSE,上水站小巴總站 Sheung Shui Station Public Light Bus Terminus,Robin’s Nest,沙頭角小巴總站 Sha Tau Kok Public Light Bus Terminus,Robin’s Nest,沙頭角順隆街 Sha Tau Kok (Shun Lung Street),(Robin’s Nest) 上水站小巴總站 Sheung Shui Station Public Light Bus Terminus,"(Robin’s Nest) 龍琛路，上水花園第一號對面 Lung Sum Avenue, Opposite Sheung Shui Garden No. 1","(Robin’s Nest) 馬會道，天平邨外 Jockey Club Road, outside Tin Ping Estate","(Wu Tip Shan) 馬會道，芬園外 Jockey Club Road, outside Fan Gardens","(Wu Tip Shan) 馬會道，粉嶺樓外 Jockey Club Road, outside Fan Leng Lau","(Wu Tip Shan) 沙頭角公路，粉嶺樓外 Sha Tau Kok Road, outside Fanling Lau","(Wu Tip Shan) 粉嶺樓路，粉嶺禮賢會中學對面 Fan Leng Lau Road, Opposite Fanling Rhenish Church Secondary School","(Wu Tip Shan) 和睦路，粉嶺樓路遊樂場外 Wo Muk Road, outside Fan Leng Lau Road Playground",(Wu Tip Shan) 和滿街小巴總站 Wo Mun Street Public Light Bus Terminus,"(Wu Tip Shan) 新屋村／覲龍圍，沙頭角公路 San Uk Tsuen / Kan Lung Wai, Sha Tau Kok Road",(Wu Tip Shan) 新圍軍營 San Wai Barracks,(Wu Tip Shan) 沙頭角路近軍地 Sha Tau Kok Road near Kwan Tei,"(Wu Tip Shan) 流水響，沙頭角公路 Lau Shui Heung, Sha Tau Kok Road",(Wu Tip Shan) 坪輋路 Ping Che Road,"(Wu Tip Shan) 沙頭角公路，坪輋路 Sha Tau Kok Road, Ping Che Road","(Robin’s Nest) 沙頭角公路，馬尾下 Sha Tau Kok Road, Ma Mei Ha","(Robin’s Nest) 沙頭角公路，萊洞 Sha Tau Kok Road, Loi Tung","(Robin’s Nest) 沙頭角公路，萬屋邊 Sha Tau Kok Road, Man Uk Pin","(Robin’s Nest) 沙頭角公路，上禾坑 Sha Tau Kok Road, Sheung Wo Hang",(Robin’s Nest) 麻雀嶺 Ma Tseuk Leng,(Robin’s Nest) 鹽灶下 Yim Tso Ha,"(Robin’s Nest) 沙頭角公路，鹿頸路 Sha Tau Kok Road, Luk Keng Road",(Robin’s Nest) 沙頭角診所 Sha Tau Kok Clinic,(Robin’s Nest) 塘肚 Tong To,(Robin’s Nest) 木棉頭 Muk Min Tau,(Robin’s Nest) 担水坑 Tam Shui Hang,,,,,,,,,,,,,,,,,,,,,
22,CMPattern_CM_GMBBus_22_6119,9.2,8.514319672,Southern District Northwest > Western > Central > Western > Central,FALSE,"利牧徑，薄扶林花園 Claymore Avenue, Pok Fu Lam Garden",Southern District Northwest,中環（交易廣場） Central (Exchange Square),Central,中環交易廣場（經雅緻洋房） Central (Exchange Square) (via Yat Chee Villas),"(Southern District Northwest) 利牧徑，薄扶林花園 Claymore Avenue, Pok Fu Lam Garden",(Southern District Northwest) 富明苑 Fu Ming Yuen,(Southern District Northwest) 富俊苑 Fu Chun Yuen,"(Southern District Northwest) 置富道第10座外 Chi Fu Road, outside Block No. 10",(Southern District Northwest) 雅緻洋房 Yat Chee Villas,(Southern District Northwest) 薄扶林村 Pok Fu Lam Village,"(Southern District Northwest) 薄扶林道141號 Pok Fu Lam Road, House No. 141","(Southern District Northwest) 薄扶林道，心光學校 Ebenezer School, Pok Fu Lam Road","(Southern District Northwest) 薄扶林道，瑪麗醫院對面 Pok Fu Lam Road, Opposite Queen Mary Hospital","(Southern District Northwest) 薄扶林道，啟明寺 Pok Fu Lam Road, Kai Ming Temple","(Western) 薄扶林道，蒲飛路 Pok Fu Lam Road, Pokfield Road","(Central) 薄扶林道，寶翠園 Pok Fu Lam Road, Belcher Gardens",(Central) 薄扶林道山道天橋以西巴士停車處西端 Pok Fu Lam Road Western End of Bus Bay West of Hill Road Flyover,(Western) 般咸道71號 No. 71 Bonham Road,(Western) 英皇書院 King's College,(Western) 寧養台 Ning Yeung Terrace,"(Western) 般咸道，正街 Bonham Road, Centre Street","(Western) 般咸道，近西營盤站 C 出口 Bonham Road, near Sai Ying Pun Station Exit C","(Western) 般咸道，錦翠園 Bonham Road, Kenyon Street","(Western) 般咸道，豫苑 Bonham Road, Euston Court","(Central) 般咸道，高街 Bonham Road, High Street","(Central) 般咸道，醫院道 Bonham Road, Hospital Road","(Central) 堅道，樓梯街 Caine Road, Ladder Street","(Central) 堅道，城皇街 Caine Road, Shing Wong Street",(Central) 鴨巴甸街 Aberdeen Street,"(Central) 堅道，卑利街 Caine Road, Peel Street",,,,,,,,,,,,,,,,,,,,,
22,CMPattern_CM_GMBBus_22_6120,9.2,7.273168629,Southern District Northwest > Western > Central > Western > Central,FALSE,"利牧徑，薄扶林花園 Claymore Avenue, Pok Fu Lam Garden",Southern District Northwest,中環（交易廣場） Central (Exchange Square),Central,中環交易廣場 Central (Exchange Square),"(Southern District Northwest) 利牧徑，薄扶林花園 Claymore Avenue, Pok Fu Lam Garden",(Southern District Northwest) 薄扶林村 Pok Fu Lam Village,"(Southern District Northwest) 薄扶林道141號 Pok Fu Lam Road, House No. 141","(Southern District Northwest) 薄扶林道，心光學校 Ebenezer School, Pok Fu Lam Road","(Southern District Northwest) 薄扶林道，瑪麗醫院對面 Pok Fu Lam Road, Opposite Queen Mary Hospital","(Southern District Northwest) 薄扶林道，啟明寺 Pok Fu Lam Road, Kai Ming Temple","(Western) 薄扶林道，蒲飛路 Pok Fu Lam Road, Pokfield Road","(Central) 薄扶林道，寶翠園 Pok Fu Lam Road, Belcher Gardens",(Central) 薄扶林道山道天橋以西巴士停車處西端 Pok Fu Lam Road Western End of Bus Bay West of Hill Road Flyover,(Western) 般咸道71號 No. 71 Bonham Road,(Western) 英皇書院 King's College,(Western) 寧養台 Ning Yeung Terrace,"(Western) 般咸道，正街 Bonham Road, Centre Street","(Western) 般咸道，近西營盤站 C 出口 Bonham Road, near Sai Ying Pun Station Exit C","(Western) 般咸道，錦翠園 Bonham Road, Kenyon Street","(Western) 般咸道，豫苑 Bonham Road, Euston Court","(Central) 般咸道，高街 Bonham Road, High Street","(Central) 般咸道，醫院道 Bonham Road, Hospital Road","(Central) 堅道，樓梯街 Caine Road, Ladder Street","(Central) 堅道，城皇街 Caine Road, Shing Wong Street",(Central) 鴨巴甸街 Aberdeen Street,"(Central) 堅道，卑利街 Caine Road, Peel Street","(Central) 奧卑利街，近荷李活道22號 Old Bailey Street, near No. 22 Hollywood Road","(Central) 荷李活道，歐氏大廈外 Hollywood Road, outside Aus Building","(Central) 荷李活道，郵政局外 Hollywood Road, outside Post Office","(Central) 雲咸街41號 Wyndham Street, House No. 41",,,,,,,,,,,,,,,,,,,,,
68,CMPattern_CM_GMBBus_68_1_8395,6.7,11.59245536,Wong Tai Sin East > Kwun Tong West > Kwun Tong Central > Kwun Tong West > Kwun Tong Central > Kwun Tong West > Wong Tai Sin East,TRUE,"豐盛街，近彩雲邨彩雲（一）邨觀日樓 Fung Shing Street, near Koon Yat House, Choi Wan (I) Estate, Choi Wan Estate",Wong Tai Sin East,"豐盛街，近彩雲邨彩雲（一）邨觀日樓 Fung Shing Street, near Koon Yat House, Choi Wan (I) Estate, Choi Wan Estate",Wong Tai Sin East,彩雲邨 - 九龍灣（循環綫） Choi Wan Estate - Kowloon Bay (Circular),"(Wong Tai Sin East) 豐盛街，近彩雲邨彩雲（一）邨觀日樓 Fung Shing Street, near Koon Yat House, Choi Wan (I) Estate, Choi Wan Estate","(Wong Tai Sin East) 清水灣道，彩雲商場2期 B 對出 Clear Water Bay Road, outside Choi Wan Commercial Complex Phase IIB","(Kwun Tong West) 清水灣道坪石邨鑽石樓外 Clear Water Bay Road, outside Tsuen Shek House, Ping Shek Estate","(Kwun Tong West) 彩石里，近聖若瑟英文小學 Choi Shek Lane, near St. Joseph's Anglo-Chinese Primary School","(Kwun Tong West) 觀塘道，近德福花園 T1 座 Kwun Tong Road, near Telford Gardens Block T1","(Kwun Tong West) 觀塘道，近牛頭角下邨貴亮樓 Kwun Tong Road, near Kwai Leung House, Lower Ngau Tau Kok Estate","(Kwun Tong West) 牛頭角道，近牛頭角上邨常興樓 Ngau Tau Kok Road, near Sheung Hing House, Upper Ngau Tau Kok Estate","(Kwun Tong Central) 牛頭角道，近花園大廈喜鵲樓 Ngau Tau Kok Road, near Hay Cheuk Lau, Garden Estate","(Kwun Tong Central) 勵業街，近翠華集團中心 Lai Yip Street, near Tsui Wah Group Centre","(Kwun Tong Central) 海濱道123號，香港綠景 Neo 對面 123 Hoi Bun Road, Opposite Hong Kong Lvgem Neo",(Kwun Tong Central) 海濱道 One Bay East 對面 Hoi Bun Road Opposite To One Bay East,"(Kwun Tong Central) 啓興道，近太平洋貿易中心 Kai Hing Road, near Pacific Trade Centre",(Kwun Tong West) Megabox 內的避車處 The Layby Inside Megabox,(Kwun Tong West) 企業廣場 Enterprise Square,"(Kwun Tong Central) 海濱道，近鴻業街 Hoi Bun Road, near Hung Yip Street",(Kwun Tong Central) 海濱道近 One Bay East Hoi Bun Road near One Bay East,(Kwun Tong Central) 綠景 Neo,"(Kwun Tong Central) 牛頭角道，近觀塘官立小學 Ngau Tau Kok Road, near Kwun Tong Government Primary School","(Kwun Tong Central) 牛頭角道，安德大廈外 Ngau Tau Kok Road, outside On Tak Building","(Kwun Tong West) 牛頭角道，牛頭角市政大廈對面 Ngau Tau Kok Road, Opposite Ngau Tau Kok Municipal Services Building","(Kwun Tong West) 牛頭角道，近淘大花園 I 座 Ngau Tau Kok Road, near Amoy Gardens Block I",(Wong Tai Sin East) 牛池灣街市 Ngau Chi Wan Market,(Wong Tai Sin East) 牛池灣公共交通總站 Ngau Chi Wan Public Transport Terminus,(Wong Tai Sin East) 白虹樓 Pak Hung House,"(Wong Tai Sin East) 豐盛街，近彩雲邨彩雲（一）邨觀日樓 Fung Shing Street, near Koon Yat House, Choi Wan (I) Estate, Choi Wan Estate",,,,,,,,,,,,,,,,,,,,,,
811A,CMPattern_GMBBus811A_5944,10.2,10.38942979,Sha Tin East > Sha Tin West,FALSE,碧濤花園 Pictorial Garden,Sha Tin East,"穗禾路，近沙田渣甸山花園 Sui Wo Road, Ville De Jardin",Sha Tin West,華翠園 Greenwood Terrace,(Sha Tin East) 碧濤花園 Pictorial Garden,"(Sha Tin East) 安耀街，滙達大廈外 On Yiu Street, outside Delta House","(Sha Tin East) 安明街，石門站對面 On Ming Street, Opposite Shek Mun Station","(Sha Tin East) 插桅杆街，近沙田工業中心 A-B 座 Chap Wai Kon Street, near Shatin Industrial Centre Block A-B","(Sha Tin East) 插桅杆街，第一城站對面 Chap Wai Kon Street, Opposite City One Station",(Sha Tin East) 威爾斯親王醫院 Prince of Wales Hospital,"(Sha Tin East) 銀城街，圓洲角普通科門診診所外 Ngan Shing Street, outside Yuen Chau Kok General Out-Patient Clinic","(Sha Tin East) 銀城街，銀城商場外 Ngan Shing Street, outside Ngan Shing Commercial Centre","(Sha Tin East) 大涌橋路，沙田第一城外 Tai Chung Kiu Road, outside City One Shatin",(Sha Tin West) 火炭站 Fo Tan Station,"(Sha Tin West) 樂景街，銀禧花園對面 Lok King Street, Opposite Jubilee Garden",(Sha Tin West) 樂信徑迴旋處巴士灣 Bus Lay-By at Lok Shun Path Roundabout,"(Sha Tin West) 樂信徑，駿景園外 Lok Shun Path, outside Royal Ascot",(Sha Tin West) 雅士閣 Ascot Heights,(Sha Tin West) 樂霞坊 Lok Ha Square,"(Sha Tin West) 松頭下路，拔子窩村外 Tsung Tau Ha Road, outside Pat Tze Wo Village Resite Area","(Sha Tin West) 桂地街，華耀工業中心外 Kwei Tei Street, outside Wah Yiu Industrial Centre","(Sha Tin West) 桂地街，近華衞工貿中心 Kwei Tei Street, near Wah Wai Centre",(Sha Tin West) 長瀝尾街 Cheung Lek Mei Street,(Sha Tin West) 嘉里貨倉（沙田） Kerry Warehouse (Shatin),"(Sha Tin West) 穗禾路，穗禾苑二期 Sui Wo Road, Sui Wo Court Phase II",(Sha Tin West) 碧霞花園 Sha Tin 33,(Sha Tin West) 豐景花園 Scenery Garden,(Sha Tin West) 香港浸會大學職員宿舍 Hkbu Staff Quarters,(Sha Tin West) 英基學校協會沙田小學 ESF Sha Tin Junior School,"(Sha Tin West) 穗禾路，華翠園第25座 Siu Wo Road, Greenwood Terrace Block 25",,,,,,,,,,,,,,,,,,,,,
811A,CMPattern_GMBBus811A_5946,10.2,10.78643527,Sha Tin East > Sha Tin West,FALSE,碧濤花園 Pictorial Garden,Sha Tin East,"穗禾路，近沙田渣甸山花園 Sui Wo Road, Ville De Jardin",Sha Tin West,華翠園（經穗禾苑巴士總站） Greenwood Terrace (via Sui Wo Court Bus Terminus),(Sha Tin East) 碧濤花園 Pictorial Garden,"(Sha Tin East) 安耀街，滙達大廈外 On Yiu Street, outside Delta House","(Sha Tin East) 安明街，石門站對面 On Ming Street, Opposite Shek Mun Station","(Sha Tin East) 插桅杆街，近沙田工業中心 A-B 座 Chap Wai Kon Street, near Shatin Industrial Centre Block A-B","(Sha Tin East) 插桅杆街，第一城站對面 Chap Wai Kon Street, Opposite City One Station",(Sha Tin East) 威爾斯親王醫院 Prince of Wales Hospital,"(Sha Tin East) 銀城街，圓洲角普通科門診診所外 Ngan Shing Street, outside Yuen Chau Kok General Out-Patient Clinic","(Sha Tin East) 銀城街，銀城商場外 Ngan Shing Street, outside Ngan Shing Commercial Centre","(Sha Tin East) 大涌橋路，沙田第一城外 Tai Chung Kiu Road, outside City One Shatin",(Sha Tin West) 火炭站 Fo Tan Station,"(Sha Tin West) 樂景街，銀禧花園對面 Lok King Street, Opposite Jubilee Garden",(Sha Tin West) 樂信徑迴旋處巴士灣 Bus Lay-By at Lok Shun Path Roundabout,"(Sha Tin West) 樂信徑，駿景園外 Lok Shun Path, outside Royal Ascot",(Sha Tin West) 雅士閣 Ascot Heights,(Sha Tin West) 樂霞坊 Lok Ha Square,"(Sha Tin West) 松頭下路，拔子窩村外 Tsung Tau Ha Road, outside Pat Tze Wo Village Resite Area","(Sha Tin West) 桂地街，華耀工業中心外 Kwei Tei Street, outside Wah Yiu Industrial Centre","(Sha Tin West) 桂地街，近華衞工貿中心 Kwei Tei Street, near Wah Wai Centre",(Sha Tin West) 長瀝尾街 Cheung Lek Mei Street,(Sha Tin West) 嘉里貨倉（沙田） Kerry Warehouse (Shatin),(Sha Tin West) 穗禾苑巴士總站 Sui Wo Court Bus Terminus,"(Sha Tin West) 穗禾路，穗禾苑二期 Sui Wo Road, Sui Wo Court Phase II",(Sha Tin West) 碧霞花園 Sha Tin 33,(Sha Tin West) 豐景花園 Scenery Garden,(Sha Tin West) 香港浸會大學職員宿舍 Hkbu Staff Quarters,(Sha Tin West) 英基學校協會沙田小學 ESF Sha Tin Junior School,,,,,,,,,,,,,,,,,,,,,
25B,CMPattern_CM_GMBBus_25b_1_8744,7.2,12.33885224,Tai Po South > Tai Po North > Tai Po South > Tai Po North > Tai Po South > Tai Po North > Tai Po South,TRUE,大埔墟（寶鄕街大埔社區中心外）總站 Tai Po Market (Po Heung Street outside Tai Po Community Centre) Terminus,Tai Po South,大埔墟（寶鄕街大埔社區中心外）總站 Tai Po Market (Po Heung Street outside Tai Po Community Centre) Terminus,Tai Po South,大埔墟 - 九龍坑／元嶺（循環綫） Tai Po Market - Kau Lung Hang / Yuen Leng (Circular),(Tai Po South) 大埔墟（寶鄕街大埔社區中心外）總站 Tai Po Market (Po Heung Street outside Tai Po Community Centre) Terminus,"(Tai Po South) 寶鄉街，近寶鄉橋休憩處 Po Heung Street, near Po Heung Bridge Sitting-Out Area","(Tai Po North) 大埔太和路，林村河畔 Tai Po Tai Wo Road, Lam Tsuen River Side",(Tai Po South) 太和廣場 Tai Wo Plaza,(Tai Po South) 水圍 Shui Wai,(Tai Po South) 帝欣苑 Parc Versailles,"(Tai Po South) 大窩西支路，圍頭 Tai Wo Service Road West, Wai Tau","(Tai Po South) 大窩西支路，泰亨 Tai Wo Service Road West, Tai Hang",(Tai Po North) 元嶺 Yuen Leng,(Tai Po North) 金峯花園 Kam Fung Garden,(Tai Po North) 九龍坑 Kau Lung Hang,(Tai Po North) 金峯花園 Kam Fung Garden,(Tai Po North) 元嶺 Yuen Leng,"(Tai Po South) 大窩西支路，大窩 Tai Wo Service Road West, Tai Wo","(Tai Po South) 大窩西支路，泰亨 Tai Wo Service Road West, Tai Hang","(Tai Po South) 大窩西支路，圍頭 Tai Wo Service Road West, Wai Tau",(Tai Po South) 帝欣苑 Parc Versailles,(Tai Po South) 水圍 Shui Wai,"(Tai Po South) 太和邨太和廣場西翼 Tai Wo Plaza West Wing, Tai Wo Estate","(Tai Po South) 汀角路，近大埔政府合署 Ting Kok Road, near Tai Po Government Offices","(Tai Po North) 大埔太和路，大埔舊墟遊樂場外 Tai Po Tai Wo Road, outside Tai Po Old Market Playground","(Tai Po South) 寶鄉街，近寶鄉橋 Po Heung Street, near Po Heung Bridge",(Tai Po South) 懷義街 Wai Yee Street,(Tai Po South) 大埔墟（寶鄕街大埔社區中心外）總站 Tai Po Market (Po Heung Street outside Tai Po Community Centre) Terminus,,,,,,,,,,,,,,,,,,,,,,,
1A,CMPattern_GMBBus1A_1_4002,10.9,13.87863802,Sai Kung and Hang Hau > Kwun Tong North > Wong Tai Sin East > Kwun Tong West > Wong Tai Sin East > Wong Tai Sin West > Wong Tai Sin East,FALSE,"福民路小巴總站，經華樓外 Fuk Man Road Public Light Bus Terminus, outside King Wah Building",Sai Kung and Hang Hau,鑽石山(彩虹道)公共運輸交匯處 Diamond Hill (Choi Hung Road) Pti,Wong Tai Sin East,彩虹新蒲崗 Choi Hung (San Po Kong),"(Sai Kung and Hang Hau) 福民路小巴總站，經華樓外 Fuk Man Road Public Light Bus Terminus, outside King Wah Building","(Sai Kung and Hang Hau) 普通道，西貢賽馬會大會堂外 Po Tung Road, Sai Kung Town Hall",(Sai Kung and Hang Hau) 翠塘花園 Lake Side Garden,(Sai Kung and Hang Hau) 菠蘿輋 Po Lo Che,"(Sai Kung and Hang Hau) 北港, 西貢公路 Pak Kong, Hiram's Highway","(Sai Kung and Hang Hau) 西貢公路，白沙灣遊艇會外 Hiram's Highway, outside Hebe Haven Yacht Club",(Sai Kung and Hang Hau) 匡湖居 Marina Cove,(Sai Kung and Hang Hau) 匡湖居 Marina Cove,(Sai Kung and Hang Hau) 南邊圍 Nam Pin Wai,"(Sai Kung and Hang Hau) 響鐘村, 西貢公路 Heung Chung Village, Hiram's Highway",(Sai Kung and Hang Hau) 南圍 Nam Wai,"(Sai Kung and Hang Hau) 西貢公路，鄭植之中學外 Hiram's Highway, outside Cheng Chek Chee Secondary School","(Sai Kung and Hang Hau) 清水灣道，松濤苑對面 Clear Water Bay Road, Opposite Las Pinadas","(Sai Kung and Hang Hau) 清水灣道，壁屋懲教署對面 Clear Water Bay Road, Opposite Pik Uk Correctional Institute","(Sai Kung and Hang Hau) 清水灣道，金苑對面 Clear Water Bay Road, Opposite Gold Villa","(Sai Kung and Hang Hau) 清水灣道，井欄樹 Clear Water Bay Road, Tseng Lan Shue",(Kwun Tong North) 飛鵝山道 Fei Ngo Shan Road,"(Kwun Tong North) 清水灣道，德望學校對面 Clear Water Bay Road, Opposite Good Hope School","(Wong Tai Sin East) 清水灣道，彩雲商場2期 B 對出 Clear Water Bay Road, outside Choi Wan Commercial Complex Phase IIB","(Kwun Tong West) 清水灣道坪石邨鑽石樓外 Clear Water Bay Road, outside Tsuen Shek House, Ping Shek Estate","(Wong Tai Sin East) 龍翔道，彩虹邨紅萼樓外 Lung Cheung Road, outside Hung Ngok House, Choi Hung Estate",(Wong Tai Sin East) 斧山道南行綫，龍翔道及彩虹迴旋處之間 Hammer Hill Road (Southbound Section Between Lung Cheung Road and Choi Hung Roundabout),(Wong Tai Sin West) 新蒲崗公共運輸總站 San Po Kong Public Transport Terminus,(Wong Tai Sin East) 鑽石山(彩虹道)公共運輸交匯處 Diamond Hill (Choi Hung Road) Pti,,,,,,,,,,,,,,,,,,,,,,,
1A,CMPattern_GMBBus1A_1_4001,10.9,13.66419455,Wong Tai Sin East > Sai Kung and Hang Hau,FALSE,鑽石山(彩虹道)公共運輸交匯處 Diamond Hill (Choi Hung Road) Pti,Wong Tai Sin East,"福民路小巴總站，經華樓外 Fuk Man Road Public Light Bus Terminus, outside King Wah Building",Sai Kung and Hang Hau,西貢 Sai Kung,(Wong Tai Sin East) 鑽石山(彩虹道)公共運輸交匯處 Diamond Hill (Choi Hung Road) Pti,"(Wong Tai Sin East) 清水灣道，牛池灣文娛中心外 Clear Water Bay Road, outside Ngau Chi Wan Civic Centre","(Wong Tai Sin East) 清水灣道，彩雲商場 Clear Water Bay Road, outside Choi Wan Commercial Complex","(Wong Tai Sin East) 清水灣道，德望學校外 Clear Water Bay Road, outside Good Hope School",(Sai Kung and Hang Hau) 井欄樹 Tseng Lan Shue,"(Sai Kung and Hang Hau) 清水灣道，金苑外 Clear Water Bay Road, outside Gold Villa","(Sai Kung and Hang Hau) 清水灣道，壁屋懲教所外 Clear Water Bay Road, outside Pik Uk Correctional Institute","(Sai Kung and Hang Hau) 清水灣道，松濤苑外 Clear Water Bay Road, outside Las Pinadas","(Sai Kung and Hang Hau) 西貢公路，鄭植之中學對面 Hiram's Highway, Opposite Cheng Chek Chee Secondary School",(Sai Kung and Hang Hau) 窩美 Wo Mei,"(Sai Kung and Hang Hau) 南邊圍, 西貢公路 Nam Pin Wai, Hiram's Highway",(Sai Kung and Hang Hau) 匡湖居 Marina Cove,"(Sai Kung and Hang Hau) 西貢公路，匡湖居對面 Hiram's Highway, Opposite Marina Cove","(Sai Kung and Hang Hau) 西貢公路，白沙灣遊艇會對面 Hiram's Highway, Opposite Hebe Haven Yacht Club",(Sai Kung and Hang Hau) 北港 Pak Kong,(Sai Kung and Hang Hau) 菠蘿輋 Po Lo Che,(Sai Kung and Hang Hau) 翠塘花園 Lake Side Garden,(Sai Kung and Hang Hau) 西貢大會堂 Sai Kung Town Hall,"(Sai Kung and Hang Hau) 福民路小巴總站，經華樓外 Fuk Man Road Public Light Bus Terminus, outside King Wah Building",,,,,,,,,,,,,,,,,,,,,,,,,,,,
1,CMPattern_CM_GMBBus_1_1_8187,10.9,14.47867651,Sai Kung and Hang Hau > Kwun Tong North > Wong Tai Sin East > Kwun Tong West,FALSE,"福民路小巴總站，經華樓外 Fuk Man Road Public Light Bus Terminus, outside King Wah Building",Sai Kung and Hang Hau,"德福花園德福廣場 Telford Plaza, Telford Gardens",Kwun Tong West,九龍灣德福花園 Kowloon Bay (Telford Gardens),"(Sai Kung and Hang Hau) 福民路小巴總站，經華樓外 Fuk Man Road Public Light Bus Terminus, outside King Wah Building","(Sai Kung and Hang Hau) 普通道，西貢賽馬會大會堂外 Po Tung Road, Sai Kung Town Hall",(Sai Kung and Hang Hau) 翠塘花園 Lake Side Garden,(Sai Kung and Hang Hau) 菠蘿輋 Po Lo Che,"(Sai Kung and Hang Hau) 北港, 西貢公路 Pak Kong, Hiram's Highway","(Sai Kung and Hang Hau) 西貢公路，白沙灣遊艇會外 Hiram's Highway, outside Hebe Haven Yacht Club",(Sai Kung and Hang Hau) 匡湖居 Marina Cove,"(Sai Kung and Hang Hau) 西貢公路，西貢中心小學外 Hiram's Highway, outside Sai Kung Central Primary School","(Sai Kung and Hang Hau) 響鐘村, 西貢公路 Heung Chung Village, Hiram's Highway",(Sai Kung and Hang Hau) 南圍 Nam Wai,"(Sai Kung and Hang Hau) 西貢公路，鄭植之中學外 Hiram's Highway, outside Cheng Chek Chee Secondary School","(Sai Kung and Hang Hau) 清水灣道，松濤苑對面 Clear Water Bay Road, Opposite Las Pinadas","(Sai Kung and Hang Hau) 清水灣道，壁屋懲教署對面 Clear Water Bay Road, Opposite Pik Uk Correctional Institute","(Sai Kung and Hang Hau) 清水灣道，井欄樹 Clear Water Bay Road, Tseng Lan Shue",(Kwun Tong North) 飛鵝山道 Fei Ngo Shan Road,"(Kwun Tong North) 清水灣道，德望學校對面 Clear Water Bay Road, Opposite Good Hope School","(Wong Tai Sin East) 清水灣道，彩雲商場2期 B 對出 Clear Water Bay Road, outside Choi Wan Commercial Complex Phase IIB","(Kwun Tong West) 清水灣道坪石邨鑽石樓外 Clear Water Bay Road, outside Tsuen Shek House, Ping Shek Estate","(Kwun Tong West) 德福花園德福廣場 Telford Plaza, Telford Gardens",,,,,,,,,,,,,,,,,,,,,,,,,,,,
44A,CMPattern_GMBBus44A_5875,18.1,26.96505936,Tuen Mun West > Tuen Mun North > Robin’s Nest,FALSE,"鳴琴路，石排站外 Ming Kum Road, outside Shek Pai Stop",Tuen Mun West,上水站小巴總站 Sheung Shui Station Public Light Bus Terminus,Robin’s Nest,上水站 Sheung Shui Station,"(Tuen Mun West) 鳴琴路，石排站外 Ming Kum Road, outside Shek Pai Stop","(Tuen Mun North) 田景路，新圍站外 Tin King Road, outside San Wai Stop","(Tuen Mun North) 田景路，田景站外 Tin King Road, outside Tin King Stop","(Tuen Mun North) 鳴琴路，寶田商場外 Ming Kum Road, outside Po Tin Shopping Centre","(Tuen Mun North) 震寰路，大興分區警署外 Tsun Wen Road, outside Tai Hing Divisional Police Station","(Tuen Mun North) 青麟路，麒麟站外 Tsing Lun Road, outside Kei Lun Stop","(Tuen Mun North) 青麟路，兆康苑兆基閣對面 Tsing Lun Road, Opposite Siu Kei House, Siu Hong Court",(Robin’s Nest) 上水站 Sheung Shui Station,(Robin’s Nest) 上水站小巴總站 Sheung Shui Station Public Light Bus Terminus,,,,,,,,,,,,,,,,,,,,,,,,,,,,,,,,,,,,,,
1A,CMPattern_GMBBus1A_1_5861,10.9,13.86364482,Sai Kung and Hang Hau > Kwun Tong North > Wong Tai Sin East > Kwun Tong West > Wong Tai Sin East > Wong Tai Sin West > Wong Tai Sin East,FALSE,西貢北（西貢警署） Sai Kung North (Sai Kung Police Station),Sai Kung and Hang Hau,鑽石山(彩虹道)公共運輸交匯處 Diamond Hill (Choi Hung Road) Pti,Wong Tai Sin East,彩虹新蒲崗 Choi Hung (San Po Kong),(Sai Kung and Hang Hau) 西貢北（西貢警署） Sai Kung North (Sai Kung Police Station),"(Sai Kung and Hang Hau) 普通道，西貢賽馬會大會堂外 Po Tung Road, Sai Kung Town Hall",(Sai Kung and Hang Hau) 翠塘花園 Lake Side Garden,(Sai Kung and Hang Hau) 菠蘿輋 Po Lo Che,"(Sai Kung and Hang Hau) 北港, 西貢公路 Pak Kong, Hiram's Highway","(Sai Kung and Hang Hau) 西貢公路，白沙灣遊艇會外 Hiram's Highway, outside Hebe Haven Yacht Club",(Sai Kung and Hang Hau) 匡湖居 Marina Cove,(Sai Kung and Hang Hau) 匡湖居 Marina Cove,(Sai Kung and Hang Hau) 南邊圍 Nam Pin Wai,"(Sai Kung and Hang Hau) 響鐘村, 西貢公路 Heung Chung Village, Hiram's Highway",(Sai Kung and Hang Hau) 南圍 Nam Wai,"(Sai Kung and Hang Hau) 西貢公路，鄭植之中學外 Hiram's Highway, outside Cheng Chek Chee Secondary School","(Sai Kung and Hang Hau) 清水灣道，松濤苑對面 Clear Water Bay Road, Opposite Las Pinadas","(Sai Kung and Hang Hau) 清水灣道，壁屋懲教署對面 Clear Water Bay Road, Opposite Pik Uk Correctional Institute","(Sai Kung and Hang Hau) 清水灣道，金苑對面 Clear Water Bay Road, Opposite Gold Villa","(Sai Kung and Hang Hau) 清水灣道，井欄樹 Clear Water Bay Road, Tseng Lan Shue",(Kwun Tong North) 飛鵝山道 Fei Ngo Shan Road,"(Kwun Tong North) 清水灣道，德望學校對面 Clear Water Bay Road, Opposite Good Hope School","(Wong Tai Sin East) 清水灣道，彩雲商場2期 B 對出 Clear Water Bay Road, outside Choi Wan Commercial Complex Phase IIB","(Kwun Tong West) 清水灣道坪石邨鑽石樓外 Clear Water Bay Road, outside Tsuen Shek House, Ping Shek Estate","(Wong Tai Sin East) 龍翔道，彩虹邨紅萼樓外 Lung Cheung Road, outside Hung Ngok House, Choi Hung Estate",(Wong Tai Sin East) 斧山道南行綫，龍翔道及彩虹迴旋處之間 Hammer Hill Road (Southbound Section Between Lung Cheung Road and Choi Hung Roundabout),(Wong Tai Sin West) 新蒲崗公共運輸總站 San Po Kong Public Transport Terminus,(Wong Tai Sin East) 鑽石山(彩虹道)公共運輸交匯處 Diamond Hill (Choi Hung Road) Pti,,,,,,,,,,,,,,,,,,,,,,,
76,CMPattern_GMBBus76_6888,7.5,11.45599371,Yuen Long Town Centre > Yuen Long Rural East,FALSE,"福康街，金寶樓外小巴總站 Fook Hong Street Public Light Bus Terminus, outside Kam Po Building",Yuen Long Town Centre,"嘉龍路，新田軍營外 Ka Lung Road, outside San Tin Barracks",Yuen Long Rural East,小磡村 Siu Hum Tsuen,"(Yuen Long Town Centre) 福康街，金寶樓外小巴總站 Fook Hong Street Public Light Bus Terminus, outside Kam Po Building","(Yuen Long Town Centre) 青山公路元朗段，金豐大廈外 Castle Peak Road-Yuen Long, outside Kam Fung Building",(Yuen Long Town Centre) 元朗站 Yuen Long Station,(Yuen Long Rural East) 東成里 Tung Shing Lei,"(Yuen Long Rural East) 青山公路－潭尾段，近元朗菜聯聯誼會有限公司天光墟蔬菜批發市場 Castle Peak Road – Tam Mi, near Yuen Long Vegetable Union Association Limited Temporary Vegetable Wholesale Market","(Yuen Long Rural East) 青山公路，近悅富豪苑 Castle Peak Road, near Merry Garden",(Yuen Long Rural East) 錦繡花園 Fairview Park,(Yuen Long Rural East) 牛潭尾 Ngau Tam Mei,(Yuen Long Rural East) 青山公路近洋葵徑 Castle Peak Road near Geranium Path,(Yuen Long Rural East) 加州花園 Palm Springs,(Yuen Long Rural East) 米埔 Mai Po,(Yuen Long Rural East) 合盛圍 Hip Shing Wai,(Yuen Long Rural East) 新田公園 San Tin Park,(Yuen Long Rural East) 青山公路近油站 Castle Peak Road near The Petrol Station,(Yuen Long Rural East) 文天祥公園 Man Tin Cheung Park,(Yuen Long Rural East) 小磡村 Siu Hum Tsuen,"(Yuen Long Rural East) 嘉龍路，新田軍營外 Ka Lung Road, outside San Tin Barracks",,,,,,,,,,,,,,,,,,,,,,,,,,,,,,
44A,CMPattern_GMBBus44A_6343,18.1,25.4858021,Tuen Mun North > Robin’s Nest,FALSE,"鳴琴路，寶田商場外 Ming Kum Road, outside Po Tin Shopping Centre",Tuen Mun North,上水站小巴總站 Sheung Shui Station Public Light Bus Terminus,Robin’s Nest,上水站 Sheung Shui Station,"(Tuen Mun North) 鳴琴路，寶田商場外 Ming Kum Road, outside Po Tin Shopping Centre","(Tuen Mun North) 震寰路，大興分區警署外 Tsun Wen Road, outside Tai Hing Divisional Police Station","(Tuen Mun North) 青麟路，麒麟站外 Tsing Lun Road, outside Kei Lun Stop","(Tuen Mun North) 青麟路，兆康苑兆基閣對面 Tsing Lun Road, Opposite Siu Kei House, Siu Hong Court",(Robin’s Nest) 上水站 Sheung Shui Station,(Robin’s Nest) 上水站小巴總站 Sheung Shui Station Public Light Bus Terminus,,,,,,,,,,,,,,,,,,,,,,,,,,,,,,,,,,,,,,,,,
52,CMPattern_CM_GMBBus_52_6110,10.1,13.26807936,Southern District Southeast > Southern District Northwest > Southern District Southeast > Southern District Northwest,FALSE,赤柱監獄 Stanley Prison,Southern District Southeast,石排灣邨公共運輸交滙處 Shek Pai Wan Estate Public Transport Interchange,Southern District Northwest,香港仔石排灣 Aberdeen (Shek Pai Wan),(Southern District Southeast) 赤柱監獄 Stanley Prison,(Southern District Southeast) 聖士提反書院 St. Stephen's College,"(Southern District Southeast) 舊赤柱警署，赤柱村道 Old Stanley Police Station, Stanley Village Road","(Southern District Southeast) 佳美道，赤柱廣場外 Carmel Road, outside Stanley Plaza","(Southern District Southeast) 環角道，駿馬樓外 Cape Road, outside Chun Ma House","(Southern District Southeast) 環角道，龍騰閣外 Cape Road, outside Lung Tan House","(Southern District Southeast) 環角道，觀馬樓外 Cape Road, outside Koon Ma House","(Southern District Southeast) 環角道，柏濤小築 Cypresswaver Villas, Cape Road",(Southern District Southeast) 環角徑 Cape Drive,(Southern District Southeast) 海天徑 Horizon Drive,"(Southern District Southeast) 舂墈角道，舂墈角消防局對面 Opposite To Chung Hom Kok Fire Station, Chung Hom Kok Road",(Southern District Southeast) 赫蘭道 Headland Road,"(Southern District Southeast) 淺水灣道，海堤花園 Hacienda, Repulse Bay Road",(Southern District Southeast) 淺水灣別墅 Repulse Bay Villas,"(Southern District Southeast) 淺水灣道，淺水灣海灘 Repulse Bay Beach, Repulse Bay Road",(Southern District Southeast) 麗景道 Belleview Drive,(Southern District Southeast) 香島小築 Island Club,"(Southern District Southeast) 香島道，蒲苑 Deepdene, Island Road","(Southern District Southeast) 香島道，深水灣 Deep Water Bay, Island Road","(Southern District Southeast) 香島道，鄉村俱樂部 The Hong Kong Country Club, Island Road","(Southern District Southeast) 黃竹坑道，黃竹坑新圍對面 Opposite To Wong Chuk Hang San Wai, Wong Chuk Hang Road","(Southern District Southeast) 黃竹坑道，南朗山道 Nam Long Shan Road, Wong Chuk Hang Road","(Southern District Southeast) 黃竹坑道16號，勝利工業大廈 Wong Chuk Hang Road, outside House No. 16, Victory Factory Building","(Southern District Southeast) 香港仔海傍道，逸港居外 Aberdeen Praya Road, outside Ocean Court","(Southern District Northwest) 香港仔海傍道，香港仔海濱公園外 Aberdeen Praya Road, outside Aberdeen Promenade","(Southern District Northwest) 香港仔大道，金豐大廈外 Aberdeen Main Road, outside Kam Fung Building",,,,,,,,,,,,,,,,,,,,,
44A,CMPattern_GMBBus44A_6344,18.1,25.00919151,Tuen Mun North > Robin’s Nest,FALSE,"震寰路，大興分區警署外 Tsun Wen Road, outside Tai Hing Divisional Police Station",Tuen Mun North,上水站小巴總站 Sheung Shui Station Public Light Bus Terminus,Robin’s Nest,上水站 Sheung Shui Station,"(Tuen Mun North) 震寰路，大興分區警署外 Tsun Wen Road, outside Tai Hing Divisional Police Station","(Tuen Mun North) 青麟路，麒麟站外 Tsing Lun Road, outside Kei Lun Stop","(Tuen Mun North) 青麟路，兆康苑兆基閣對面 Tsing Lun Road, Opposite Siu Kei House, Siu Hong Court",(Robin’s Nest) 上水站 Sheung Shui Station,(Robin’s Nest) 上水站小巴總站 Sheung Shui Station Public Light Bus Terminus,,,,,,,,,,,,,,,,,,,,,,,,,,,,,,,,,,,,,,,,,,
76,CMPattern_GMBBus76_6889,7.5,11.97231116,Yuen Long Rural East > Yuen Long Town Centre,FALSE,"嘉龍路，新田軍營外 Ka Lung Road, outside San Tin Barracks",Yuen Long Rural East,"福康街，金寶樓外小巴總站 Fook Hong Street Public Light Bus Terminus, outside Kam Po Building",Yuen Long Town Centre,元朗福康街 Yuen Long (Fook Hong Street),"(Yuen Long Rural East) 嘉龍路，新田軍營外 Ka Lung Road, outside San Tin Barracks",(Yuen Long Rural East) 小磡村 Siu Hum Tsuen,(Yuen Long Rural East) 文天祥公園 Man Tin Cheung Park,"(Yuen Long Rural East) 青山公路，近文天祥紀念公園 Castle Peak Road, near Man Tin Cheung Park",(Yuen Long Rural East) 合盛圍 Hip Shing Wai,(Yuen Long Rural East) 米埔 Mai Po,"(Yuen Long Rural East) 青山公路，近加州花園 Castle Peak Road, near Palm Springs",(Yuen Long Rural East) 牛潭尾 Ngau Tam Mei,(Yuen Long Rural East) 錦綉花園 Fairview Park,(Yuen Long Rural East) 壆圍 Pok Wai,(Yuen Long Rural East) 紅毛橋 Hung Mo Kiu,"(Yuen Long Rural East) 青山公路，近楊屋村 Castle Peak Road, near Yeung Uk Tsuen","(Yuen Long Town Centre) 青山公路元朗段，近 Yoho Midtown Castle Peak Road-Yuen Long, near Yoho Midtown","(Yuen Long Town Centre) 壽富街，元朗政府合署外 Sau Fu Street, Opposite Yuen Long Government Offices","(Yuen Long Town Centre) 福康街，金寶樓外小巴總站 Fook Hong Street Public Light Bus Terminus, outside Kam Po Building",,,,,,,,,,,,,,,,,,,,,,,,,,,,,,,,
76,CMPattern_GMBBus76_9688,7.5,12.09681768,Yuen Long Rural East > Yuen Long Town Centre,FALSE,"嘉龍路，新田軍營外 Ka Lung Road, outside San Tin Barracks",Yuen Long Rural East,"福康街，金寶樓外小巴總站 Fook Hong Street Public Light Bus Terminus, outside Kam Po Building",Yuen Long Town Centre,元朗福康街（經元朗西） Yuen Long (Fook Hong Street) (via Yuen Long West),"(Yuen Long Rural East) 嘉龍路，新田軍營外 Ka Lung Road, outside San Tin Barracks",(Yuen Long Rural East) 小磡村 Siu Hum Tsuen,(Yuen Long Rural East) 文天祥公園 Man Tin Cheung Park,"(Yuen Long Rural East) 青山公路，近文天祥紀念公園 Castle Peak Road, near Man Tin Cheung Park",(Yuen Long Rural East) 合盛圍 Hip Shing Wai,(Yuen Long Rural East) 米埔 Mai Po,"(Yuen Long Rural East) 青山公路，近加州花園 Castle Peak Road, near Palm Springs",(Yuen Long Rural East) 牛潭尾 Ngau Tam Mei,(Yuen Long Rural East) 錦綉花園 Fairview Park,(Yuen Long Rural East) 壆圍 Pok Wai,(Yuen Long Rural East) 紅毛橋 Hung Mo Kiu,"(Yuen Long Rural East) 青山公路，近楊屋村 Castle Peak Road, near Yeung Uk Tsuen","(Yuen Long Town Centre) 青山公路元朗段，近 Yoho Midtown Castle Peak Road-Yuen Long, near Yoho Midtown","(Yuen Long Town Centre) 青山公路，又新街 Castle Peak Road, Yau San Street","(Yuen Long Town Centre) 青山公路，大棠路 Castle Peak Road, Tai Tong Road",(Yuen Long Town Centre) 擊壤路 Kik Yeung Rd,"(Yuen Long Town Centre) 壽富街，元朗政府合署外 Sau Fu Street, Opposite Yuen Long Government Offices","(Yuen Long Town Centre) 福康街，金寶樓外小巴總站 Fook Hong Street Public Light Bus Terminus, outside Kam Po Building",,,,,,,,,,,,,,,,,,,,,,,,,,,,,
12,CMPattern_CM_GMBBus_12_7282,5.7,7.338967295,Western > Central > Western,TRUE,"龍華街，近觀龍樓 B 座 Lung Wah Street, near Kwun Lung Lau Block B",Western,"龍華街，近觀龍樓 B 座 Lung Wah Street, near Kwun Lung Lau Block B",Western,觀龍樓 - 西營盤（循環綫） Kwun Lung Lau - Sai Ying Pun (Circular),"(Western) 龍華街，近觀龍樓 B 座 Lung Wah Street, near Kwun Lung Lau Block B",(Western) 士美菲園 Smithfield Garden,(Western) 堅尼地城站 Kennedy Town Station,(Western) 香港帝盛酒店 Dorsett Regency Hong Kong,(Western) 吉席街71號 No.71 Catchick Street,"(Western) 堅彌地城海旁，近卑路乍灣公園 Praya, Kennedy Town, near Belcher Bay Park","(Western) 堅彌地城海旁20-21號對面 Opposite To Praya Kennedy Town, House Nos. 20-21","(Western) 德輔道西，近均益大廈第一期 Des Voeux Road West, near Kwan Yick Building Phase I","(Western) 德輔道西，香港商業中心東端 Des Voeux Road West, Eastern End of Hong Kong Plaza",(Western) 德輔道西，均益大廈二期外 Des Voeux Road West outside Kwan Yick Building Phase 2,(Western) 正街，港島太平洋酒店對面 Centre Street Opposite Pacific Hotel,(Western) 救恩學校 Kau Yan School,(Western) 正街 Centre Street,(Central) 高街，西營盤社區綜合大樓對面 High Street Opposite Sai Ying Pun Community Complex,(Central) 滙賢居 Centre Place,(Central) 般含臺 Bonham Terrace,(Central) 中西區聖安多尼學校 Central and Western District St. Anthony's School,(Central) 樂善堂梁銶琚書院 Lok Sin Tong Leung Kau Kui College,(Central) 贊育醫院 Tsan Yuk Hospital,(Western) 西營盤街市 Sai Ying Pun Market,(Western) 正街，正街街市外 Centre Street outside Centre Street Market,(Western) 皇后大道西300號 No. 300 Queen's Road West,(Western) 皇后大道西414號 No. 414 Queen's Road West,(Western) 創業商場 Chong Yip Shopping Centre,(Western) 皇后大道西520號 No. 520 Queen's Road West,(Western) 皇后大道西524號 No. 524 Queen's Road West,,,,,,,,,,,,,,,,,,,,,
1,CMPattern_CM_GMBBus_1_7502,11.8,7.190639596,Central,FALSE,香港站小巴總站 Hong Kong Station Minibus Terminus,Central,山頂廣場（下層巴士總站） The Peak Galleria (Bus Terminus Under),Central,山頂公共交通總站 The Peak (Public Transport Terminus),(Central) 香港站小巴總站 Hong Kong Station Minibus Terminus,"(Central) 干諾道中，近大會堂 Connaught Road Central, near City Hall","(Central) 紅棉路，香港壁球中心 Hong Kong Squash Centre, Cotton Tree Drive",(Central) 寶雲道 Bowen Road,(Central) 馬己仙峽道9號 9 Magazine Gap Road,(Central) 馬己仙峽道15號 15 Magazine Gap Road,(Central) 馬己仙峽道26號 26 Magazine Gap Road,"(Central) 山頂道，近摘星閣第7座 Peak Road, near Sky Court Block 7",(Central) 忌利文道 Craigmin Road,(Central) 十間 Stewart Terrace,(Central) 加列山道 Mount Kellett Road,(Central) 山頂廣場（下層巴士總站） The Peak Galleria (Bus Terminus Under),,,,,,,,,,,,,,,,,,,,,,,,,,,,,,,,,,,
1,CMPattern_CM_GMBBus_1_7503,11.8,9.216614899,Central,FALSE,香港站小巴總站 Hong Kong Station Minibus Terminus,Central,山頂廣場（下層巴士總站） The Peak Galleria (Bus Terminus Under),Central,山頂公共交通總站（經加列山道） The Peak (Public Transport Terminus) (via Mount Kellett Road),(Central) 香港站小巴總站 Hong Kong Station Minibus Terminus,"(Central) 干諾道中，近大會堂 Connaught Road Central, near City Hall","(Central) 紅棉路，香港壁球中心 Hong Kong Squash Centre, Cotton Tree Drive",(Central) 寶雲道 Bowen Road,(Central) 馬己仙峽道9號 9 Magazine Gap Road,(Central) 馬己仙峽道15號 15 Magazine Gap Road,(Central) 馬己仙峽道26號 26 Magazine Gap Road,"(Central) 山頂道，近摘星閣第7座 Peak Road, near Sky Court Block 7",(Central) 忌利文道 Craigmin Road,(Central) 十間 Stewart Terrace,(Central) 英基學校協會山頂小學 ESF Peak School,(Central) 加列山道14號 14 Mount Kellett Road,"(Central) 加列山道，近明德國際醫院 Sharp House Mount Kellett Road, near Matilda International Hospital Sharp House",(Central) 加列山道44號 44 Mount Kellett Road,(Central) 加列山道 Mount Kellett Road,(Central) 山頂廣場（下層巴士總站） The Peak Galleria (Bus Terminus Under),,,,,,,,,,,,,,,,,,,,,,,,,,,,,,,
1,CMPattern_CM_GMBBus_1_7504,11.8,10.27134176,Central,FALSE,香港站小巴總站 Hong Kong Station Minibus Terminus,Central,山頂廣場（下層巴士總站） The Peak Galleria (Bus Terminus Under),Central,山頂公共交通總站（經文輝道及加列山道） The Peak (Public Transport Terminus) (via Mansfield Road and Mount Kellett Road),(Central) 香港站小巴總站 Hong Kong Station Minibus Terminus,"(Central) 干諾道中，近大會堂 Connaught Road Central, near City Hall","(Central) 紅棉路，香港壁球中心 Hong Kong Squash Centre, Cotton Tree Drive",(Central) 寶雲道 Bowen Road,(Central) 馬己仙峽道9號 9 Magazine Gap Road,(Central) 馬己仙峽道15號 15 Magazine Gap Road,(Central) 馬己仙峽道26號 26 Magazine Gap Road,(Central) 僑福道與山頂道交界 Junction of Guildford Road and Peak Road,(Central) 僑福閣 Guildford Court,(Central) 樂善美道 Rosmead Road,(Central) 文輝道6號 6 Mansfield Road,(Central) 文輝道2號 2 Mansfield Road,"(Central) 山頂道，近摘星閣第7座 Peak Road, near Sky Court Block 7",(Central) 忌利文道 Craigmin Road,(Central) 十間 Stewart Terrace,(Central) 英基學校協會山頂小學 ESF Peak School,(Central) 加列山道14號 14 Mount Kellett Road,"(Central) 加列山道，近明德國際醫院 Sharp House Mount Kellett Road, near Matilda International Hospital Sharp House",(Central) 加列山道44號 44 Mount Kellett Road,(Central) 加列山道 Mount Kellett Road,(Central) 山頂廣場（下層巴士總站） The Peak Galleria (Bus Terminus Under),,,,,,,,,,,,,,,,,,,,,,,,,,
56B,CMPattern_CM_GMBBus_56b_5990,11,7.702589768,Central > Western > Central > Wan Chai,FALSE,"羅便臣道，秀麗閣對面 Robinson Road, Opposite Serene Court",Central,天后公共運輸交滙處 Tin Hau Public Transport Interchange,Wan Chai,天后站 Tin Hau Station,"(Central) 羅便臣道，秀麗閣對面 Robinson Road, Opposite Serene Court","(Central) 列堤頓道，近城西公園 Lyttelton Road, near West End Park","(Central) 列堤頓道，近聖士提反女子中學 Lyttelton Road, near St Stephen's Girls' College","(Central) 柏道8號對面 Park Road, Opposite No. 8",(Central) 俊傑花園 Scholastic Garden,(Central) 漢寧頓道 Honiton Road,(Western) 寧養台 Ning Yeung Terrace,"(Western) 般咸道，正街 Bonham Road, Centre Street","(Western) 般咸道停車處，鄰近香港政府戴麟趾康復中心 Bonham Road, Layby outside David Trench Rehabilitation Centre","(Central) 般咸道，高街 Bonham Road, High Street","(Central) 般咸道，醫院道 Bonham Road, Hospital Road","(Central) 堅道，樓梯街 Caine Road, Ladder Street","(Central) 堅道，城皇街 Caine Road, Shing Wong Street",(Central) 鴨巴甸街 Aberdeen Street,"(Central) 堅道，卑利街 Caine Road, Peel Street",(Central) 堅道19號 No. 19 Caine Road,(Central) 明愛中心 Caritas Centre,(Central) 香港禮賓府 Government House,(Central) 花園道 Garden Road,"(Central) 金鐘道，金鐘花園外 Queensway, outside Admiralty Garden",(Wan Chai) 皇后大道東及金鐘道交界 Queen's Road East Junction With Queensway,"(Wan Chai) 皇后大道東，合和中心對面 Queen's Road East, Opposite Hopewell Centre","(Wan Chai) 皇后大道東，近灣仔道 Queen's Road East, near Wan Chai Road","(Wan Chai) 皇后大道東，聖若瑟小學 Queen's Road East, outside St Joseph's Primary School","(Wan Chai) 皇后大道東，伊利沙伯體育館外 Queen's Road East, outside Queen Elizabeth Stadium","(Wan Chai) 摩理臣山道，禮頓道 Morrison Hill Road, Leighton Road",,,,,,,,,,,,,,,,,,,,,
20C,CMPattern_CM_GMBBus_20c_8657,8.8,10.88388222,Tai Po South > Tai Po North,FALSE,大埔墟站專綫小巴總站 Tai Po Market Station Minibus Terminus,Tai Po South,大美督公共運輸交滙處 Tai Mei Tuk Public Transport Interchange,Tai Po North,大尾篤 Tai Mei Tuk,(Tai Po South) 大埔墟站專綫小巴總站 Tai Po Market Station Minibus Terminus,(Tai Po South) 運頭塘邨 Wan Tau Tong Estate,"(Tai Po South) 鄉事會街，大埔綜合大樓 Heung Sze Wui Street, Tai Po Complex",(Tai Po South) 寶鄉街 Po Heung Street,"(Tai Po South) 寶鄉街，近寶鄉橋 Po Heung Street, near Po Heung Bridge","(Tai Po North) 安慈路，八號花園外 On Chee Road, outside Eightland Gardens",(Tai Po North) 汀角路，榮暉花園外 Ting Kok Road outside Wing Fai Garden,"(Tai Po North) 汀角路，太平工業中心外 Ting Kok Road, outside Tai Ping Industrial Centre","(Tai Po North) 汀角路，富亨邨 Ting Kok Road, Fu Heng Estate","(Tai Po North) 汀角路，中華聖潔會靈風中學外 Ting Kok Road, outside China Holiness Church Living Spirit College","(Tai Po North) 汀角路，近漁角 Ting Kok Road, near Yue Kok",(Tai Po North) 鳳園路 Fung Yuen Road,(Tai Po North) 下坑 Ha Hang,"(Tai Po North) 汀角路，近大貴街 Ting Kok Road, near Dai Kwai Street","(Tai Po North) 汀角路，露輝路 Ting Kok Road, near Lo Fai Road",(Tai Po North) 雅景花園 Fortune Garden,"(Tai Po North) 汀角路，近三門仔路 Ting Kok Road, near Sam Mun Tsai Road","(Tai Po North) 汀角路，詹屋 Ting Kok Road, Chim Uk","(Tai Po North) 汀角路，近洞梓路 Ting Kok Road, near Tung Tsz Road","(Tai Po North) 汀角路，散頭角 Ting Kok Road, San Tau Kok",(Tai Po North) 布心排 Po Sum Pai,"(Tai Po North) 汀角路，犁壁山 Ting Kok Road, Lai Pek Shan","(Tai Po North) 汀角路，映月灣 Ting Kok Road, Green Cove",(Tai Po North) 汀角 Ting Kok,(Tai Po North) 山寮 Shan Liu,(Tai Po North) 蘆慈田 Lo Tsz Tin,,,,,,,,,,,,,,,,,,,,,
20C,CMPattern_CM_GMBBus_20c_8659,8.8,11.97165848,Tai Po South > Tai Po North,FALSE,大埔墟站專綫小巴總站 Tai Po Market Station Minibus Terminus,Tai Po South,大美督公共運輸交滙處 Tai Mei Tuk Public Transport Interchange,Tai Po North,大尾篤（經山寮路） Tai Mei Tuk (via Shan Liu Road),(Tai Po South) 大埔墟站專綫小巴總站 Tai Po Market Station Minibus Terminus,(Tai Po South) 運頭塘邨 Wan Tau Tong Estate,"(Tai Po South) 鄉事會街，大埔綜合大樓 Heung Sze Wui Street, Tai Po Complex",(Tai Po South) 寶鄉街 Po Heung Street,"(Tai Po South) 寶鄉街，近寶鄉橋 Po Heung Street, near Po Heung Bridge","(Tai Po North) 安慈路，八號花園外 On Chee Road, outside Eightland Gardens",(Tai Po North) 汀角路，榮暉花園外 Ting Kok Road outside Wing Fai Garden,"(Tai Po North) 汀角路，太平工業中心外 Ting Kok Road, outside Tai Ping Industrial Centre","(Tai Po North) 汀角路，富亨邨 Ting Kok Road, Fu Heng Estate","(Tai Po North) 汀角路，中華聖潔會靈風中學外 Ting Kok Road, outside China Holiness Church Living Spirit College","(Tai Po North) 汀角路，近漁角 Ting Kok Road, near Yue Kok",(Tai Po North) 鳳園路 Fung Yuen Road,(Tai Po North) 下坑 Ha Hang,"(Tai Po North) 汀角路，近大貴街 Ting Kok Road, near Dai Kwai Street","(Tai Po North) 汀角路，露輝路 Ting Kok Road, near Lo Fai Road",(Tai Po North) 雅景花園 Fortune Garden,"(Tai Po North) 汀角路，近三門仔路 Ting Kok Road, near Sam Mun Tsai Road","(Tai Po North) 汀角路，詹屋 Ting Kok Road, Chim Uk","(Tai Po North) 汀角路，近洞梓路 Ting Kok Road, near Tung Tsz Road","(Tai Po North) 汀角路，散頭角 Ting Kok Road, San Tau Kok",(Tai Po North) 布心排 Po Sum Pai,"(Tai Po North) 汀角路，犁壁山 Ting Kok Road, Lai Pek Shan","(Tai Po North) 汀角路，映月灣 Ting Kok Road, Green Cove",(Tai Po North) 汀角 Ting Kok,(Tai Po North) 山南路 Shan Nam Road,(Tai Po North) 汀角村223號 223 Ting Kok Village,,,,,,,,,,,,,,,,,,,,,
59K,CMPattern_CM_GMBBus_59k_8877,9.9,11.94688377,Robin’s Nest,FALSE,蓮麻坑小巴總站 Lin Ma Hang Minibus Terminus,Robin’s Nest,上水站小巴總站 Sheung Shui Station Public Light Bus Terminus,Robin’s Nest,上水站 Sheung Shui Station,(Robin’s Nest) 蓮麻坑小巴總站 Lin Ma Hang Minibus Terminus,"(Robin’s Nest) 蓮麻坑路，近松園下 Lin Ma Hang Road, near Tsung Yuen Ha",(Robin’s Nest) 松園下 Tsung Yuen Ha,(Robin’s Nest) 竹園 Chuk Yuen,(Robin’s Nest) 較寮 Kaw Liu,"(Robin’s Nest) 蓮麻坑路，近打鼓嶺警署 Lin Ma Hang Road, near Ta Kwu Ling Police Station",(Robin’s Nest) 打鼓嶺村 Ta Kwu Ling Village,(Robin’s Nest) 鳳凰湖 Fung Wong Wu,"(Robin’s Nest) 蓮麻坑路，近瓦窰村兒童遊樂場 Lin Ma Hang Road, near Nga Yiu Village Children's Playground",(Robin’s Nest) 木湖 Muk Wu,(Robin’s Nest) 新屋嶺 San Uk Ling,"(Robin’s Nest) 文錦渡路，近新屋嶺 Man Kam To Road, near San Uk Ling",(Robin’s Nest) 沙嶺 Sandy Ridge,(Robin’s Nest) 羅湖道 Lo Wu Station Road,(Robin’s Nest) 長甫頭 Cheung Po Tau,(Robin’s Nest) 虎地坳 Fu Tei Au,(Robin’s Nest) 鳳溪第一中學 Fung Kai No. 1 Secondary School,"(Robin’s Nest) 寶石湖路，近莆上村 Po Shek Wu Road, near Po Sheung Tsuen","(Robin’s Nest) 新豐路，石湖墟郵政局 San Fung Avenue, Shek Wu Hui Post Office",(Robin’s Nest) 上水站小巴總站 Sheung Shui Station Public Light Bus Terminus,,,,,,,,,,,,,,,,,,,,,,,,,,,
33,CMPattern_CM_GMBBus_33_1_8754,12.7,14.20838443,Yuen Long Town Centre > Tin Shui Wai South and Ping Ha > Yuen Long Rural East > Tin Shui Wai South and Ping Ha,FALSE,"泰豐街，近泰豐樓 Tai Fung Street, near Tai Fung House",Yuen Long Town Centre,下白泥（稔灣路）小巴總站 Ha Pak Nai (Nim Wan Road) Minibus Terminus,Tin Shui Wai South and Ping Ha,下白泥 Ha Pak Nai,"(Yuen Long Town Centre) 泰豐街，近泰豐樓 Tai Fung Street, near Tai Fung House",(Yuen Long Town Centre) 啟信學校 ELCHK Lutheran School,(Yuen Long Town Centre) 水邊圍邨康水樓 Hong Shui House Shui Pin Wai Estate,"(Tin Shui Wai South and Ping Ha) 媽橫路，朗庭園外 Ma Wang Road, outside Villa By The Park",(Yuen Long Rural East) 朗邊 Long Bin,"(Tin Shui Wai South and Ping Ha) 屏廈路，近世紀中心 Ping Ha Road, near Century Centre",(Tin Shui Wai South and Ping Ha) 坑尾村 Hang Mei Tsuen,"(Tin Shui Wai South and Ping Ha) 屏廈路，近屏欣苑屏欣商場 Ping Ha Road, near Ping Yan Shopping Centre, Ping Yan Court","(Tin Shui Wai South and Ping Ha) 屏廈路，近天水圍站 Ping Ha Road, near Tin Shui Wai Station","(Tin Shui Wai South and Ping Ha) 屏廈路，近廈村市富怡花園第二期第十座 Ping Ha Road, near Fu Yee Garden Phase 2 Block 10, Ha Tsuen Shi",(Tin Shui Wai South and Ping Ha) 廈村 Ha Tsuen,(Tin Shui Wai South and Ping Ha) 錫降圍 Shek Kong Wai,(Tin Shui Wai South and Ping Ha) 羅屋村 Lo Uk Tsuen,(Tin Shui Wai South and Ping Ha) 東頭村 Tung Tau Tsuen,(Tin Shui Wai South and Ping Ha) 鳳降村 Fung Kong Tsuen,"(Tin Shui Wai South and Ping Ha) 流浮山道，近金莎花園 Lau Fau Shan Road, near Windsor Villa",(Tin Shui Wai South and Ping Ha) 新慶村 San Hing Tsuen,(Tin Shui Wai South and Ping Ha) 流浮山小巴總站 Lau Fau Shan Minibus Terminus,(Tin Shui Wai South and Ping Ha) 深灣畔 Deep Bay Grove,(Tin Shui Wai South and Ping Ha) 沙江村 Sha Kong Tsuen,(Tin Shui Wai South and Ping Ha) 廈村鄉白坭村公所 Ha Tsuen Pak Nai Village Office,(Tin Shui Wai South and Ping Ha) 上白泥 Sheung Pak Nai,"(Tin Shui Wai South and Ping Ha) 稔灣路，近未命名通道 Nim Wan Road, near Unnamed Access Road",(Tin Shui Wai South and Ping Ha) 白泥 Pak Nai,"(Tin Shui Wai South and Ping Ha) 稔灣路，近慈航佛恩堂 Nim Wan Road, near Chi Hong Buddhist Temple",(Tin Shui Wai South and Ping Ha) 浪濯坑 Long Jok Hang,,,,,,,,,,,,,,,,,,,,,
33,CMPattern_CM_GMBBus_33_1_8755,12.7,14.09222111,Tin Shui Wai South and Ping Ha > Yuen Long Town Centre,FALSE,下白泥（稔灣路）小巴總站 Ha Pak Nai (Nim Wan Road) Minibus Terminus,Tin Shui Wai South and Ping Ha,"泰豐街，近泰豐樓 Tai Fung Street, near Tai Fung House",Yuen Long Town Centre,元朗泰豐街 Yuen Long (Tai Fung Street),(Tin Shui Wai South and Ping Ha) 下白泥（稔灣路）小巴總站 Ha Pak Nai (Nim Wan Road) Minibus Terminus,(Tin Shui Wai South and Ping Ha) 浪濯坑 Long Jok Hang,"(Tin Shui Wai South and Ping Ha) 稔灣路，近慈航佛恩堂 Nim Wan Road, near Chi Hong Buddhist Temple",(Tin Shui Wai South and Ping Ha) 白泥 Pak Nai,"(Tin Shui Wai South and Ping Ha) 稔灣路，近未命名通道 Nim Wan Road, near Unnamed Access Road",(Tin Shui Wai South and Ping Ha) 上白泥 Sheung Pak Nai,(Tin Shui Wai South and Ping Ha) 廈村鄉白坭村公所 Ha Tsuen Pak Nai Village Office,(Tin Shui Wai South and Ping Ha) 沙江村 Sha Kong Tsuen,(Tin Shui Wai South and Ping Ha) 深灣畔 Deep Bay Grove,(Tin Shui Wai South and Ping Ha) 流浮山小巴總站 Lau Fau Shan Minibus Terminus,(Tin Shui Wai South and Ping Ha) 新慶村 San Hing Tsuen,"(Tin Shui Wai South and Ping Ha) 流浮山道，近金莎花園 Lau Fau Shan Road, near Windsor Villa",(Tin Shui Wai South and Ping Ha) 屏廈路，近榮江園 Ping Ha Road,(Tin Shui Wai South and Ping Ha) 東頭村 Tung Tau Tsuen,(Tin Shui Wai South and Ping Ha) 羅屋村 Lo Uk Tsuen,(Tin Shui Wai South and Ping Ha) 錫降圍 Shek Kong Wai,"(Tin Shui Wai South and Ping Ha) 屏廈路，近廈村市富怡花園第二期第十座 Ping Ha Road, near Fu Yee Garden Phase 2 Block 10, Ha Tsuen Shi",(Tin Shui Wai South and Ping Ha) 沙洲里村 Sha Chau Lei Tsuen,"(Tin Shui Wai South and Ping Ha) 屏廈路，元朗公立中學校友會鄧兆棠中學外 Ping Ha Road, outside Ylpmsaa Tang Siu Tong Secondary School","(Tin Shui Wai South and Ping Ha) 屏廈路，近上章圍一號及二號雨水泵房 Ping Ha Road, near Sheung Cheung Wai No. 1 and No. 2 Stormwater Pumping Station",(Tin Shui Wai South and Ping Ha) 坑尾村 Hang Mei Tsuen,"(Tin Shui Wai South and Ping Ha) 屏廈路，近世紀中心 Ping Ha Road, near Century Centre","(Tin Shui Wai South and Ping Ha) 青山公路，近屏山站 Castle Peak Road, near Ping Shan Stop",(Tin Shui Wai South and Ping Ha) 朗庭園 Villa By The Park,"(Yuen Long Town Centre) 青山公路，元朗天主教中學外 Castle Peak Road, outside Yuen Long Catholic Secondary School","(Yuen Long Town Centre) 青山公路元朗段, 元朗廣場對出 Castle Peak Road-Yuen Long, outside Yuen Long Plaza",,,,,,,,,,,,,,,,,,,,,
56K,CMPattern_CM_GMBBus_56k_6200,10.5,11.40489961,Wu Tip Shan > Robin’s Nest,FALSE,粉嶺站專綫小巴總站 Public Light Bus (Scheduled) Service Terminus at Fanling Station,Wu Tip Shan,"鹿頸路，近鹿頸黃屋 Luk Keng Road, near Luk Keng Wong Uk",Robin’s Nest,鹿頸 Luk Keng,(Wu Tip Shan) 粉嶺站專綫小巴總站 Public Light Bus (Scheduled) Service Terminus at Fanling Station,"(Wu Tip Shan) 聯和墟球場，沙頭角公路 Luen Wo Hui Playground, Sha Tau Kok Road","(Wu Tip Shan) 新屋村／覲龍圍，沙頭角公路 San Uk Tsuen / Kan Lung Wai, Sha Tau Kok Road",(Wu Tip Shan) 新圍軍營 San Wai Barracks,(Wu Tip Shan) 沙頭角路近軍地 Sha Tau Kok Road near Kwan Tei,"(Wu Tip Shan) 流水響，沙頭角公路 Lau Shui Heung, Sha Tau Kok Road",(Wu Tip Shan) 坪輋路 Ping Che Road,"(Wu Tip Shan) 沙頭角公路，坪輋路 Sha Tau Kok Road, Ping Che Road","(Robin’s Nest) 沙頭角公路，馬尾下 Sha Tau Kok Road, Ma Mei Ha","(Robin’s Nest) 沙頭角公路，萊洞 Sha Tau Kok Road, Loi Tung","(Robin’s Nest) 沙頭角公路，萬屋邊 Sha Tau Kok Road, Man Uk Pin","(Robin’s Nest) 沙頭角公路，上禾坑 Sha Tau Kok Road, Sheung Wo Hang",(Robin’s Nest) 麻雀嶺 Ma Tseuk Leng,(Robin’s Nest) 鹽灶下 Yim Tso Ha,"(Robin’s Nest) 沙頭角公路，鹿頸路 Sha Tau Kok Road, Luk Keng Road",(Robin’s Nest) 南涌 Nam Chung,"(Robin’s Nest) 鹿頸路，近鹿頸黃屋 Luk Keng Road, near Luk Keng Wong Uk",,,,,,,,,,,,,,,,,,,,,,,,,,,,,,
55K,CMPattern_CM_GMBBus_55k_6192,11.5,13.64471972,Robin’s Nest > Wu Tip Shan > Robin’s Nest,FALSE,沙頭角小巴總站 Sha Tau Kok Public Light Bus Terminus,Robin’s Nest,上水站小巴總站 Sheung Shui Station Public Light Bus Terminus,Robin’s Nest,上水站 Sheung Shui Station,(Robin’s Nest) 沙頭角小巴總站 Sha Tau Kok Public Light Bus Terminus,(Robin’s Nest) 担水坑 Tam Shui Hang,(Robin’s Nest) 木棉頭 Muk Min Tau,(Robin’s Nest) 塘肚 Tong To,(Robin’s Nest) 沙頭角診所 Sha Tau Kok Clinic,"(Robin’s Nest) 沙頭角公路，鹿頸路 Sha Tau Kok Road, Luk Keng Road",(Robin’s Nest) 鹽灶下 Yim Tso Ha,(Robin’s Nest) 麻雀嶺 Ma Tseuk Leng,"(Robin’s Nest) 沙頭角公路，上禾坑 Sha Tau Kok Road, Sheung Wo Hang","(Robin’s Nest) 沙頭角公路，萬屋邊 Sha Tau Kok Road, Man Uk Pin","(Robin’s Nest) 沙頭角公路，萊洞 Sha Tau Kok Road, Loi Tung","(Robin’s Nest) 沙頭角公路，馬尾下 Sha Tau Kok Road, Ma Mei Ha",(Wu Tip Shan) 孔嶺村 Hung Leng Tsuen,"(Wu Tip Shan) 沙頭角公路，坪輋路 Sha Tau Kok Road, Ping Che Road","(Wu Tip Shan) 流水響，沙頭角公路 Lau Shui Heung, Sha Tau Kok Road",(Wu Tip Shan) 沙頭角路近軍地 Sha Tau Kok Road near Kwan Tei,(Wu Tip Shan) 新圍軍營 San Wai Barracks,"(Wu Tip Shan) 新屋村／覲龍圍，沙頭角公路 San Uk Tsuen / Kan Lung Wai, Sha Tau Kok Road",(Wu Tip Shan) 和滿街小巴總站 Wo Mun Street Public Light Bus Terminus,"(Wu Tip Shan) 聯和道，聯和墟街市外 Luen Wo Road, outside Luen Wo Hui Market","(Wu Tip Shan) 沙頭角公路，上水分區警署外 Sha Tau Kok Road, outside Sheung Shui Divisional Police Station","(Wu Tip Shan) 馬會道，近粉嶺裁判法院 Jockey Club Road, near Fanling Magistrates' Courts","(Wu Tip Shan) 馬會道，信義會心誠中學外 Jockey Club Road, outside Fanling Lutheran Secondary School","(Wu Tip Shan) 馬會道，近粉嶺北圍 Jockey Club Road, near Fan Leng Pak Wai","(Robin’s Nest) 馬會道，順欣花園外 Jockey Club Road, outside Sunningdale Garden","(Robin’s Nest) 馬會道，東莞小學外 Jockey Club Road, outside Tonguan Primary School",,,,,,,,,,,,,,,,,,,,,
55K,CMPattern_CM_GMBBus_55k_6193,11.5,16.44287319,Robin’s Nest,FALSE,沙頭角小巴總站 Sha Tau Kok Public Light Bus Terminus,Robin’s Nest,上水站小巴總站 Sheung Shui Station Public Light Bus Terminus,Robin’s Nest,上水站（經龍山隧道） Sheung Shui Station (via Lung Shan Tunnel),(Robin’s Nest) 沙頭角小巴總站 Sha Tau Kok Public Light Bus Terminus,(Robin’s Nest) 担水坑 Tam Shui Hang,(Robin’s Nest) 木棉頭 Muk Min Tau,(Robin’s Nest) 塘肚 Tong To,(Robin’s Nest) 沙頭角診所 Sha Tau Kok Clinic,"(Robin’s Nest) 沙頭角公路，鹿頸路 Sha Tau Kok Road, Luk Keng Road",(Robin’s Nest) 鹽灶下 Yim Tso Ha,(Robin’s Nest) 麻雀嶺 Ma Tseuk Leng,"(Robin’s Nest) 沙頭角公路，上禾坑 Sha Tau Kok Road, Sheung Wo Hang","(Robin’s Nest) 沙頭角公路，萬屋邊 Sha Tau Kok Road, Man Uk Pin","(Robin’s Nest) 沙頭角公路，萊洞 Sha Tau Kok Road, Loi Tung","(Robin’s Nest) 馬會道，順欣花園外 Jockey Club Road, outside Sunningdale Garden","(Robin’s Nest) 馬會道，東莞小學外 Jockey Club Road, outside Tonguan Primary School","(Robin’s Nest) 龍琛路，龍豐花園外 Lung Sum Avenue, outside Lung Fung Garden",(Robin’s Nest) 上水站小巴總站 Sheung Shui Station Public Light Bus Terminus,,,,,,,,,,,,,,,,,,,,,,,,,,,,,,,,
2,CMPattern_CM_GMBBus_2_5919,7.9,7.09585357,Kowloon City South > Kowloon City North > Kowloon City South > Sham Shui Po East,FALSE,黃埔花園小巴總站 Whampoa Garden Minibus Terminus,Kowloon City South,"達之路，又一城地面 Tat Chee Avenue, Ground Floor of The Festival Walk",Sham Shui Po East,又一城公共交通交滙處 Tat Chee Avenue (Public Transport Interchange),(Kowloon City South) 黃埔花園小巴總站 Whampoa Garden Minibus Terminus,"(Kowloon City South) 德民街，景富樓外 Tak Man Street, outside King Fu Building",(Kowloon City South) 明安街 Ming On Street,"(Kowloon City South) 蕪湖街，紅磡大廈外 Wuhu Street, outside Hung Hom Mansion","(Kowloon City South) 馬頭圍道，家義樓外 Ma Tau Wai Road, outside Ka Yee Lau","(Kowloon City South) 馬頭圍道，中華電力有限公司外 Ma Tau Wai Road, outside China Light and Power Company Limited",(Kowloon City South) 馬頭圍道北拱街後 Ma Tau Wai Road After Junction With Pak Kung Street,"(Kowloon City North) 馬頭圍道232號 No. 232, Ma Tau Wai Road",(Kowloon City North) 馬頭圍道440號 No. 440 Ma Tau Wai Road,"(Kowloon City North) 馬頭圍道，馬頭圍道遊樂場外 Ma Tau Wai Road, outside Ma Tau Wai Road Playground",(Kowloon City North) 馬頭涌道56-61號外 Ma Tau Chung Road No. 56-61,(Kowloon City North) 馬頭涌道105號外 Ma Tau Chung Road No. 105,(Kowloon City North) 亞皆老街遊樂場 Argyle Street Playground,"(Kowloon City North) 太子道西，蘭苑外 Prince Edward Road West, outside Lan Yuen","(Kowloon City North) 太子道西，聖德肋撒法國醫院外 Prince Edward Road West, outside St. Teresa's Hospital","(Kowloon City North) 太子道西，愛華閣第二期外 Prince Edward Road West, outside Edwardian Heights Phase II",(Kowloon City North) 伯爵街 Earl Street,(Kowloon City South) 聖德肋撒堂 St. Teresa's Church,(Kowloon City South) 基堤道 Embankment Road,"(Sham Shui Po East) 大坑東道，蘭芳閣對面 Tai Hang Tung Road, Opposite Royal Magnolia",(Sham Shui Po East) 棠蔭街15號 Tong Yam Street No. 15,(Sham Shui Po East) 大坑東道112號 Tai Hang Tung Road No. 112,(Sham Shui Po East) 大坑東道南泰樓 Nam Tai House,(Sham Shui Po East) 桃源街33號 To Yuen Street No. 33,"(Sham Shui Po East) 達之路，又一城地面 Tat Chee Avenue, Ground Floor of The Festival Walk",,,,,,,,,,,,,,,,,,,,,,
106,CMPattern_CM_GMBBus_106_7493,11.4,9.985955634,Kwun Tong West > Kwun Tong Central > Kwun Tong North > Sai Kung and Hang Hau > Tseung Kwan O North,FALSE,企業廣場 Enterprise Square,Kwun Tong West,寶琳公共運輸交滙處 Po Lam Station Public Transport Interchange,Tseung Kwan O North,寶琳 Po Lam,(Kwun Tong West) 企業廣場 Enterprise Square,(Kwun Tong West) 常怡道 Sheung Yee Road,"(Kwun Tong Central) 牛頭角道，近花園大廈喜鵲樓 Ngau Tau Kok Road, near Hay Cheuk Lau, Garden Estate","(Kwun Tong Central) 牛頭角道，玉蓮臺外 Ngau Tau Kok Road, outside Lotus Tower","(Kwun Tong Central) 牛頭角道，琼林大廈外 Ngau Tau Kok Road, outside Kentlum Mansion","(Kwun Tong Central) 康寧道，康寧閣外 Hong Ning Road, outside Hong Ning Court","(Kwun Tong Central) 康寧道，康寧道公園一期對面 Hong Ning Road, Opposite Hong Ning Road Park I","(Kwun Tong North) 康寧道，高雷中學對面 Hong Ning Road, Opposite Ko Lui Secondary School","(Kwun Tong North) 秀茂坪道，秀義樓對面 Sau Mau Ping Road, Opposite Sau Yee House","(Kwun Tong North) 秀茂坪道，秀程樓對面 Sau Mau Ping Road, Opposite Sau Ching House","(Kwun Tong North) 寶琳路，寶達邨對面 Po Lam Road, Opposite Po Tat Estate","(Sai Kung and Hang Hau) 寶琳路，近馬游塘 Po Lam Road, near Ma Yau Tong","(Sai Kung and Hang Hau) 寶琳路，茅湖仔對面 Po Lam Road, Opposite Mau Wu Tsai","(Sai Kung and Hang Hau) 寶琳北路，康盛花園外 Po Lam Road North, outside Hong Sing Garden","(Sai Kung and Hang Hau) 寶琳北路，景明苑旭景閣外 Po Lam Road North, outside Yuk King House, King Ming Court","(Sai Kung and Hang Hau) 寶琳北路，近寶林消防局 Po Lam Road North, near Po Lam Fire Station","(Tseung Kwan O North) 寶琳北路，樂善堂劉德小學對面 Po Lam Road North, Opposite Lok Sin Tong Lau Tak Primary School",(Tseung Kwan O North) 寶琳公共運輸交滙處 Po Lam Station Public Transport Interchange,,,,,,,,,,,,,,,,,,,,,,,,,,,,,
106,CMPattern_CM_GMBBus_106_7494,11.4,10.71601099,Kwun Tong West > Kwun Tong North > Sai Kung and Hang Hau > Tseung Kwan O North,FALSE,企業廣場 Enterprise Square,Kwun Tong West,寶琳公共運輸交滙處 Po Lam Station Public Transport Interchange,Tseung Kwan O North,寶琳（經觀塘繞道） Po Lam (via Kwun Tong Bypass),(Kwun Tong West) 企業廣場 Enterprise Square,(Kwun Tong West) 常怡道 Sheung Yee Road,"(Kwun Tong North) 寶琳路，寶達邨對面 Po Lam Road, Opposite Po Tat Estate","(Sai Kung and Hang Hau) 寶琳路，近馬游塘 Po Lam Road, near Ma Yau Tong","(Sai Kung and Hang Hau) 寶琳路，茅湖仔對面 Po Lam Road, Opposite Mau Wu Tsai","(Sai Kung and Hang Hau) 寶琳北路，康盛花園外 Po Lam Road North, outside Hong Sing Garden","(Sai Kung and Hang Hau) 寶琳北路，景明苑旭景閣外 Po Lam Road North, outside Yuk King House, King Ming Court","(Sai Kung and Hang Hau) 寶琳北路，近寶林消防局 Po Lam Road North, near Po Lam Fire Station","(Tseung Kwan O North) 寶琳北路，樂善堂劉德小學對面 Po Lam Road North, Opposite Lok Sin Tong Lau Tak Primary School",(Tseung Kwan O North) 寶琳公共運輸交滙處 Po Lam Station Public Transport Interchange,,,,,,,,,,,,,,,,,,,,,,,,,,,,,,,,,,,,,
2,CMPattern_CM_GMBBus_2_2_8484,7.2,13.18497315,Sai Kung and Hang Hau,TRUE,"宜春街，西貢街市對面 Yi Chun Street, Opposite Sai Kung Market",Sai Kung and Hang Hau,"宜春街，西貢街市對面 Yi Chun Street, Opposite Sai Kung Market",Sai Kung and Hang Hau,西貢宜春街 - 界咸（循環綫） Sai Kung (Yi Chun Street) - Kai Ham (Circular),"(Sai Kung and Hang Hau) 宜春街，西貢街市對面 Yi Chun Street, Opposite Sai Kung Market",(Sai Kung and Hang Hau) 翠塘花園 Lake Side Garden,(Sai Kung and Hang Hau) 菠蘿輋 Po Lo Che,"(Sai Kung and Hang Hau) 北港, 西貢公路 Pak Kong, Hiram's Highway","(Sai Kung and Hang Hau) 西貢公路，白沙灣遊艇會外 Hiram's Highway, outside Hebe Haven Yacht Club",(Sai Kung and Hang Hau) 匡湖居 Marina Cove,"(Sai Kung and Hang Hau) 西貢公路，西貢中心小學外 Hiram's Highway, outside Sai Kung Central Primary School","(Sai Kung and Hang Hau) 蠔涌路，蠔涌外 Ho Chung Road, outside Ho Chung",(Sai Kung and Hang Hau) 水口村 Shui Hau Village,(Sai Kung and Hang Hau) 栢濤軒 Venice Villa,(Sai Kung and Hang Hau) 山薯窩 Shan Shu Wo,(Sai Kung and Hang Hau) 大窩村 Tai Wo Village,(Sai Kung and Hang Hau) 橫輋村 Wang Che Village,(Sai Kung and Hang Hau) 田寮 Tin Liu,"(Sai Kung and Hang Hau) 蠔涌路，界咸 Ho Chung Road, Kai Ham",(Sai Kung and Hang Hau) 田寮 Tin Liu,(Sai Kung and Hang Hau) 橫輋村 Wang Che Village,(Sai Kung and Hang Hau) 大窩村 Tai Wo Village,(Sai Kung and Hang Hau) 山薯窩 Shan Shu Wo,(Sai Kung and Hang Hau) 栢濤軒 Venice Villa,(Sai Kung and Hang Hau) 水口村 Shui Hau Village,(Sai Kung and Hang Hau) 蠔涌村 Ho Chung Village,"(Sai Kung and Hang Hau) 西貢公路，匡湖居對面 Hiram's Highway, Opposite Marina Cove","(Sai Kung and Hang Hau) 西貢公路，白沙灣遊艇會對面 Hiram's Highway, Opposite Hebe Haven Yacht Club",(Sai Kung and Hang Hau) 北港 Pak Kong,(Sai Kung and Hang Hau) 菠蘿輋 Po Lo Che,,,,,,,,,,,,,,,,,,,,,
25A,CMPattern_CM_GMBBus_25a_1_8737,6.7,10.86345263,Tai Po South > Tai Po North > Tai Po South > Tai Po North > Tai Po South,TRUE,大埔墟（靖遠街）總站 Tai Po Market (Tsing Yuen Street) Terminus,Tai Po South,大埔墟（靖遠街）總站 Tai Po Market (Tsing Yuen Street) Terminus,Tai Po South,大埔墟 - 南華莆（循環綫） Tai Po Market - Nam Wa Po (Circular),(Tai Po South) 大埔墟（靖遠街）總站 Tai Po Market (Tsing Yuen Street) Terminus,"(Tai Po South) 普益街，近美德大廈 Po Yick Street, near Mei Tak Building","(Tai Po South) 寶鄉街，近寶鄉橋休憩處 Po Heung Street, near Po Heung Bridge Sitting-Out Area","(Tai Po North) 大埔太和路，林村河畔 Tai Po Tai Wo Road, Lam Tsuen River Side",(Tai Po South) 太和廣場 Tai Wo Plaza,(Tai Po South) 水圍 Shui Wai,(Tai Po South) 帝欣苑 Parc Versailles,"(Tai Po South) 大窩西支路，圍頭 Tai Wo Service Road West, Wai Tau",(Tai Po South) 泰亨灰沙圍112號 112 Tai Hang Fui Sha Wai,(Tai Po South) 泰亨灰沙圍14號 14 Tai Hang Fui Sha Wai,(Tai Po South) 泰亨鄉公所 Tai Hang Village Office,(Tai Po South) 俊亨豪園 Prince Garden,(Tai Po South) 泰亨灰沙圍200號 200 Tai Hang Fui Sha Wai,(Tai Po South) 卓爾新城 Prosperous City,(Tai Po South) 好時花園 Blossom Villas,(Tai Po South) 南華莆遊樂場 Nam Wah Po Playground,(Tai Po South) 主恩路 Grace Pavilion,(Tai Po South) 南華莆 Nam Wa Po,"(Tai Po South) 大窩西支路，大窩 Tai Wo Service Road West, Tai Wo","(Tai Po South) 大窩西支路，泰亨 Tai Wo Service Road West, Tai Hang","(Tai Po South) 大窩西支路，圍頭 Tai Wo Service Road West, Wai Tau",(Tai Po South) 帝欣苑 Parc Versailles,(Tai Po South) 水圍 Shui Wai,"(Tai Po South) 太和邨太和廣場西翼 Tai Wo Plaza West Wing, Tai Wo Estate","(Tai Po South) 汀角路，近大埔政府合署 Ting Kok Road, near Tai Po Government Offices","(Tai Po North) 大埔太和路，大埔舊墟遊樂場外 Tai Po Tai Wo Road, outside Tai Po Old Market Playground",(荃灣區) 青山公路-深井段麗都花園外的停車灣,(荃灣區) 豪景花園,,,,,,,,,,,,,,,,,,,
22S,CMPattern_CM_GMBBus_22s_6147,9.2,8.411541125,Central > Southern District Northwest,FALSE,中環（中環碼頭） Central (Central Ferry Piers),Central,"利牧徑，薄扶林花園 Claymore Avenue, Pok Fu Lam Garden",Southern District Northwest,薄扶林花園 Pok Fu Lam Gardens,(Central) 中環（中環碼頭） Central (Central Ferry Piers),"(Central) 紅棉路，香港壁球中心 Hong Kong Squash Centre, Cotton Tree Drive","(Central) 堅尼地道，堅麗閣 Kennedy Heights, Kennedy Road","(Central) 堅道，明愛中心 Caine Road, Caritas House","(Central) 堅道，些利街 Caine Road, Shelly Street","(Central) 堅道，城皇街 Caine Road, Shing Wong Street",(Central) 樓梯街 Ladder Street,(Central) 西摩道 Seymour Road,"(Central) 般咸道，豫苑 Bonham Road, Euston Court","(Central) 般咸道，東邊街 Bonham Road, Eastern Street","(Central) 般咸道，正街 Centre Street, Bonham Road","(Central) 薄扶林道，香港大學東閘 Pok Fu Lam Road, East Gate of University of Hong Kong","(Central) 薄扶林道，香港大學西閘 Pok Fu Lam Road, West Gate of University of Hong Kong","(Central) 薄扶林道，寶翠園對面 Pok Fu Lam Road, Opposite The Belcher","(Central) 薄扶林道，蒲飛路巴士總站 Pok Fu Lam Road, Pokfield Road Bus Terminus","(Central) 薄扶林道，薄扶林遊樂場 Pok Fu Lam Playground, Pok Fu Lam Road","(Southern District Northwest) 薄扶林道，瑪麗醫院 Pok Fu Lam Road, Queen Mary Hospital","(Southern District Northwest) 薄扶林道，心光學校 Ebenezer School, Pok Fu Lam Road","(Southern District Northwest) 薄扶林道，薄扶林水塘道 Pok Fu Lam Reservoir Road, Pok Fu Lam Road","(Southern District Northwest) 薄扶林道，薄扶林村 Pok Fu Lam Village, Pok Fu Lam Road","(Southern District Northwest) 利牧徑，薄扶林花園 Claymore Avenue, Pok Fu Lam Garden",,,,,,,,,,,,,,,,,,,,,,,,,,
22S,CMPattern_CM_GMBBus_22s_6148,9.2,9.840914543,Central > Southern District Northwest,FALSE,中環（中環碼頭） Central (Central Ferry Piers),Central,"利牧徑，薄扶林花園 Claymore Avenue, Pok Fu Lam Garden",Southern District Northwest,薄扶林花園（經郵政總局） Pok Fu Lam Gardens (via General Post Office),(Central) 中環（中環碼頭） Central (Central Ferry Piers),(Central) 郵政總局 General Post Office,"(Central) 紅棉路，香港壁球中心 Hong Kong Squash Centre, Cotton Tree Drive","(Central) 堅尼地道，堅麗閣 Kennedy Heights, Kennedy Road","(Central) 堅道，明愛中心 Caine Road, Caritas House","(Central) 堅道，些利街 Caine Road, Shelly Street","(Central) 堅道，城皇街 Caine Road, Shing Wong Street",(Central) 樓梯街 Ladder Street,(Central) 西摩道 Seymour Road,"(Central) 般咸道，豫苑 Bonham Road, Euston Court","(Central) 般咸道，東邊街 Bonham Road, Eastern Street","(Central) 般咸道，正街 Centre Street, Bonham Road","(Central) 薄扶林道，香港大學東閘 Pok Fu Lam Road, East Gate of University of Hong Kong","(Central) 薄扶林道，香港大學西閘 Pok Fu Lam Road, West Gate of University of Hong Kong","(Central) 薄扶林道，寶翠園對面 Pok Fu Lam Road, Opposite The Belcher","(Central) 薄扶林道，蒲飛路巴士總站 Pok Fu Lam Road, Pokfield Road Bus Terminus","(Central) 薄扶林道，薄扶林遊樂場 Pok Fu Lam Playground, Pok Fu Lam Road","(Southern District Northwest) 薄扶林道，瑪麗醫院 Pok Fu Lam Road, Queen Mary Hospital","(Southern District Northwest) 薄扶林道，心光學校 Ebenezer School, Pok Fu Lam Road","(Southern District Northwest) 薄扶林道，薄扶林水塘道 Pok Fu Lam Reservoir Road, Pok Fu Lam Road","(Southern District Northwest) 薄扶林道，薄扶林村 Pok Fu Lam Village, Pok Fu Lam Road","(Southern District Northwest) 置富道，近置富花園富麗苑 Chi Fu Road, near Fu Lai Yuen, Chi Fu Fa Yuen","(Southern District Northwest) 置富道第9座外 Chi Fu Road, outside Block No. 9",(Southern District Northwest) 富嘉苑 Fu Kar Yuen,(Southern District Northwest) 置富花園網球場 Chi Fu Fa Yuen Tennis Court,"(Southern District Northwest) 利牧徑，薄扶林花園 Claymore Avenue, Pok Fu Lam Garden",,,,,,,,,,,,,,,,,,,,,
22S,CMPattern_CM_GMBBus_22s_6150,9.2,10.42103548,Central > Southern District Northwest,FALSE,中環（中環碼頭） Central (Central Ferry Piers),Central,"利牧徑，薄扶林花園 Claymore Avenue, Pok Fu Lam Garden",Southern District Northwest,薄扶林花園（經中環交易廣場） Pok Fu Lam Gardens (via Central (Exchange Square)),(Central) 中環（中環碼頭） Central (Central Ferry Piers),(Central) 中環（交易廣場） Central (Exchange Square),"(Central) 紅棉路，香港壁球中心 Hong Kong Squash Centre, Cotton Tree Drive","(Central) 堅尼地道，堅麗閣 Kennedy Heights, Kennedy Road","(Central) 堅道，明愛中心 Caine Road, Caritas House","(Central) 堅道，些利街 Caine Road, Shelly Street","(Central) 堅道，城皇街 Caine Road, Shing Wong Street",(Central) 樓梯街 Ladder Street,(Central) 西摩道 Seymour Road,"(Central) 般咸道，豫苑 Bonham Road, Euston Court","(Central) 般咸道，東邊街 Bonham Road, Eastern Street","(Central) 般咸道，正街 Centre Street, Bonham Road","(Central) 薄扶林道，香港大學東閘 Pok Fu Lam Road, East Gate of University of Hong Kong","(Central) 薄扶林道，香港大學西閘 Pok Fu Lam Road, West Gate of University of Hong Kong","(Central) 薄扶林道，寶翠園對面 Pok Fu Lam Road, Opposite The Belcher","(Central) 薄扶林道，蒲飛路巴士總站 Pok Fu Lam Road, Pokfield Road Bus Terminus","(Central) 薄扶林道，薄扶林遊樂場 Pok Fu Lam Playground, Pok Fu Lam Road","(Southern District Northwest) 薄扶林道，瑪麗醫院 Pok Fu Lam Road, Queen Mary Hospital","(Southern District Northwest) 薄扶林道，心光學校 Ebenezer School, Pok Fu Lam Road","(Southern District Northwest) 薄扶林道，薄扶林水塘道 Pok Fu Lam Reservoir Road, Pok Fu Lam Road","(Southern District Northwest) 薄扶林道，薄扶林村 Pok Fu Lam Village, Pok Fu Lam Road","(Southern District Northwest) 置富道，近置富花園富麗苑 Chi Fu Road, near Fu Lai Yuen, Chi Fu Fa Yuen","(Southern District Northwest) 置富道第9座外 Chi Fu Road, outside Block No. 9",(Southern District Northwest) 富嘉苑 Fu Kar Yuen,(Southern District Northwest) 置富花園網球場 Chi Fu Fa Yuen Tennis Court,"(Southern District Northwest) 利牧徑，薄扶林花園 Claymore Avenue, Pok Fu Lam Garden",,,,,,,,,,,,,,,,,,,,,
54S,CMPattern_CM_GMBBus_54s_6264,6.5,9.597693702,Kwun Tong North > Kwun Tong West > Wong Tai Sin East > Kwun Tong West > Wong Tai Sin East > Kwun Tong North,TRUE,"利安里，近香港扶幼會盛德中心學校 Lee On Lane, near Society of Boy's Centre Shing Tak Centre School",Kwun Tong North,"利安里，近香港扶幼會盛德中心學校 Lee On Lane, near Society of Boy's Centre Shing Tak Centre School",Kwun Tong North,順利紀律部隊宿舍 - 黃大仙沙田坳道（循環綫） Shun Lee Disciplined Services Quarters - Wong Tai Sin (Shatin Pass Road) (Circular),"(Kwun Tong North) 利安里，近香港扶幼會盛德中心學校 Lee On Lane, near Society of Boy's Centre Shing Tak Centre School","(Kwun Tong West) 新清水灣道，近聖言中學 New Clear Water Bay Road, near Sing Yin Secondary School","(Kwun Tong West) 清水灣道坪石邨鑽石樓外 Clear Water Bay Road, outside Tsuen Shek House, Ping Shek Estate","(Wong Tai Sin East) 龍翔道，彩虹邨紅萼樓外 Lung Cheung Road, outside Hung Ngok House, Choi Hung Estate",(Wong Tai Sin East) 鑽石山站 Diamond Hill Station,"(Wong Tai Sin East) 正德街，近黃大仙下邨（二區）龍樂樓 Ching Tak Street, near Lung Lok House, Lower Wong Tai Sin (II) Estate, Lower Wong Tai Sin Estate","(Wong Tai Sin East) 正德街，黃大仙中心外 Ching Tak Street, outside Wong Tai Sin Shopping Centre","(Wong Tai Sin East) 沙田㘭道，近睦鄰街遊樂場 Shatin Pass Road, near Muk Lun Street Playground","(Wong Tai Sin East) 大磡道，近南蓮園池 Tai Hom Road, near Nan Lian Garden","(Wong Tai Sin East) 清水灣道，牛池灣文娛中心外 Clear Water Bay Road, outside Ngau Chi Wan Civic Centre",(Kwun Tong West) 坪石公共運輸交滙處一樓平台 Ping Shek Public Transport Interchange Podium,(Wong Tai Sin East) 白虹樓 Pak Hung House,(Kwun Tong North) 順利邨利恒樓 Lee Hang House Shun Lee Estate,"(Kwun Tong North) 利安道近利恒樓 Lee On Road, outside Lee Hang House","(Kwun Tong North) 利安里，近香港扶幼會盛德中心學校 Lee On Lane, near Society of Boy's Centre Shing Tak Centre School",,,,,,,,,,,,,,,,,,,,,,,,,,,,,,,,
54,CMPattern_CM_GMBBus_54_7726,8.8,9.385984159,Southern District Northwest > Western > Central,FALSE,"瑪麗醫院 J 座 Queen Mary Hopital, Block J",Southern District Northwest,中環（中環碼頭） Central (Central Ferry Piers),Central,中環碼頭 Central (Ferry Piers),"(Southern District Northwest) 瑪麗醫院 J 座 Queen Mary Hopital, Block J","(Southern District Northwest) 薄扶林道，啟明寺 Pok Fu Lam Road, Kai Ming Temple",(Southern District Northwest) 摩星嶺道，怡林閣對面 Mt. Davis Road Opposite Greenery Garden,"(Southern District Northwest) 摩星嶺道，近聖嘉勒女書院 Mount Davis Road, near St. Clare's Girls' School",(Southern District Northwest) 翠海別墅 Cape Mansions,(Western) 摩星嶺道與域多利道交界 Junction of Mt. Davis Road and Victoria Road,(Western) 摩星嶺徑 Mount Davis Path,(Western) 明愛賽馬會宿舍 Caritas Jockey Club Hostel,"(Western) 域多利道，近傲翔灣畔 Victoria Road, near The Sail at Victoria",(Western) 域多利道堅尼地城總站外 Victoria Road outside Kennedy Town Terminus,(Western) 西市街 Sai See Street,(Western) 吉席街近泓都 Catchick Street near The Merton,(Western) 吉席街71號 No.71 Catchick Street,"(Western) 堅彌地城海旁，近卑路乍灣公園 Praya, Kennedy Town, near Belcher Bay Park","(Western) 堅彌地城海旁20-21號對面 Opposite To Praya Kennedy Town, House Nos. 20-21","(Western) 德輔道西，近均益大廈第一期 Des Voeux Road West, near Kwan Yick Building Phase I","(Western) 干諾道西，近光前大廈第2座 Connaught Road West, near Kong Chian Tower Tower 2","(Western) 干諾道西，近中山紀念公園游泳池 Connaught Road West, near Sun Yat Sen Memorial Park Swimming Pool","(Central) 干諾道中，近信德中心西座 Connaught Road Central, near Shun Tak Centre West Tower",(Central) 海港政府大樓 Harbour Building,"(Central) 康樂廣場，交易廣場外 Connaught Place, outside Exchange Square","(Central) 民耀街，近國際金融中心二期 Man Yiu Street, near Two International Finance Centre",(Central) 中環（中環碼頭） Central (Central Ferry Piers),,,,,,,,,,,,,,,,,,,,,,,,
13,CMPattern_CM_GMBBus_13_6101,8.8,7.319955937,Kowloon City North > Wong Tai Sin West > Kowloon City North > Kowloon City South > Kowloon City North > Kowloon City South,FALSE,"廣播道，雅麗園 B 座外 Broadcast Drive, outside Block B, Alice Court",Kowloon City North,紅磡（紅鸞道）小巴總站 Hung Hom (Hung Luen Road) GMB Terminus,Kowloon City South,紅磡紅鸞道（經嘉強苑） Hung Hom (Hung Luen Road) (via Ka Keung Court),"(Kowloon City North) 廣播道，雅麗園 B 座外 Broadcast Drive, outside Block B, Alice Court","(Kowloon City North) 廣播道，星輝豪庭外 Broadcast Drive, outside Peninsular Heights",(Kowloon City North) 嘉皇臺 The Palace,(Kowloon City North) 廣播道近馬可尼道 Broadcast Drive near Marconi Road,(Kowloon City North) 馬可尼道 Marconi Road,(Wong Tai Sin West) 嘉強苑 Ka Keung Court,"(Wong Tai Sin West) 橫頭磡中道，近橫頭磡邨宏顯樓 Wang Tau Hom Central Road, near Wang Hin House, Wang Tau Hom Estate","(Wong Tai Sin West) 橫頭磡東道，橫頭磡邨宏德樓外 Wang Tau Hom East Road, outside Wang Tak House, Wang Tau Hom Estate","(Wong Tai Sin West) 橫頭磡東道樂富站外 Wang Tau Hom East Road, outside Lok Fu Station",(Wong Tai Sin West) 樂富遊樂場 Lok Fu Recreation Ground,(Wong Tai Sin West) 杏林街 Heng Lam Street,(Wong Tai Sin West) 美東邨美仁樓 Mei Yan House Mei Tung Estate,(Kowloon City North) 嘉諾撒聖家學校 Holy Family Canossian School,(Kowloon City North) 聯合道88號 No. 88 Junction Road,(Kowloon City North) 聯合道26號 No. 26 Junction Road,(Kowloon City North) 露明道 Lomond Road,(Kowloon City North) 雅士花園 The Astoria,(Kowloon City North) 天光道近農圃道 Tin Kwong Road near Farm Road,(Kowloon City North) 馬頭圍道187號 No. 187 Ma Tau Wai Road,"(Kowloon City North) 上鄉道，炮仗街 Sheung Heung Road, Pau Chung Street",(Kowloon City South) 落山道 Lok Shan Road,(Kowloon City North) 土瓜灣道243號 No. 243 To Kwa Wan Road,(Kowloon City North) 土瓜灣道25號 No. 25 To Kwa Wan Road,(Kowloon City North) 馬頭圍道103號 Ma Tau Wai Road No. 103,(Kowloon City South) 馬頭圍道39號外 Ma Tau Wai Road No. 39,"(Kowloon City South) 馬頭圍道，家維邨家廉樓對面 Ma Tau Wai Road, Opposite Ka Lim Lau, Ka Wai Chuen",,,,,,,,,,,,,,,,,,,,,
13,CMPattern_CM_GMBBus_13_6102,8.8,7.884288462,Kowloon City North > Wong Tai Sin West > Kowloon City North > Kowloon City South > Kowloon City North > Kowloon City South,FALSE,"廣播道，雅麗園 B 座外 Broadcast Drive, outside Block B, Alice Court",Kowloon City North,紅磡（紅鸞道）小巴總站 Hung Hom (Hung Luen Road) GMB Terminus,Kowloon City South,紅磡紅鸞道 Hung Hom (Hung Luen Road),"(Kowloon City North) 廣播道，雅麗園 B 座外 Broadcast Drive, outside Block B, Alice Court","(Kowloon City North) 廣播道，星輝豪庭外 Broadcast Drive, outside Peninsular Heights",(Kowloon City North) 嘉皇臺 The Palace,(Kowloon City North) 廣播道近馬可尼道 Broadcast Drive near Marconi Road,(Kowloon City North) 馬可尼道 Marconi Road,"(Wong Tai Sin West) 橫頭磡中道，近橫頭磡邨宏顯樓 Wang Tau Hom Central Road, near Wang Hin House, Wang Tau Hom Estate","(Wong Tai Sin West) 橫頭磡東道，橫頭磡邨宏德樓外 Wang Tau Hom East Road, outside Wang Tak House, Wang Tau Hom Estate","(Wong Tai Sin West) 橫頭磡東道樂富站外 Wang Tau Hom East Road, outside Lok Fu Station",(Wong Tai Sin West) 樂富遊樂場 Lok Fu Recreation Ground,(Wong Tai Sin West) 杏林街 Heng Lam Street,(Wong Tai Sin West) 美東邨美仁樓 Mei Yan House Mei Tung Estate,(Kowloon City North) 嘉諾撒聖家學校 Holy Family Canossian School,(Kowloon City North) 聯合道88號 No. 88 Junction Road,(Kowloon City North) 聯合道26號 No. 26 Junction Road,(Kowloon City North) 露明道 Lomond Road,(Kowloon City North) 雅士花園 The Astoria,(Kowloon City North) 天光道近農圃道 Tin Kwong Road near Farm Road,(Kowloon City North) 馬頭圍道187號 No. 187 Ma Tau Wai Road,"(Kowloon City North) 上鄉道，炮仗街 Sheung Heung Road, Pau Chung Street",(Kowloon City South) 落山道 Lok Shan Road,(Kowloon City North) 土瓜灣道243號 No. 243 To Kwa Wan Road,(Kowloon City North) 土瓜灣道25號 No. 25 To Kwa Wan Road,(Kowloon City North) 馬頭圍道103號 Ma Tau Wai Road No. 103,(Kowloon City South) 馬頭圍道39號外 Ma Tau Wai Road No. 39,"(Kowloon City South) 馬頭圍道，家維邨家廉樓對面 Ma Tau Wai Road, Opposite Ka Lim Lau, Ka Wai Chuen",(Kowloon City South) 蕪湖街28號 No. 28 Wuhu Street,,,,,,,,,,,,,,,,,,,,,
106,CMPattern_CM_GMBBus_106_7492,11.4,9.662692398,Tseung Kwan O North > Sai Kung and Hang Hau > Kwun Tong North > Kwun Tong West > Kwun Tong Central > Kwun Tong West,FALSE,寶琳公共運輸交滙處 Po Lam Station Public Transport Interchange,Tseung Kwan O North,企業廣場 Enterprise Square,Kwun Tong West,九龍灣 Kowloon Bay,(Tseung Kwan O North) 寶琳公共運輸交滙處 Po Lam Station Public Transport Interchange,"(Tseung Kwan O North) 寶琳北路，樂善堂劉德小學外 Po Lam Road North, outside Lok Sin Tong Lau Tak Primary School","(Tseung Kwan O North) 寶琳北路，寶琳邨寶仁樓外 Po Lam Road North, outside Po Yan House, Po Lam Estate","(Sai Kung and Hang Hau) 寶琳北路，近景明苑旭景閣 Po Lam Road North, near Yuk King House, King Ming Court","(Sai Kung and Hang Hau) 寶琳北路，翠林邨對面 Po Lam Road North, near Tsui Lam Estate","(Sai Kung and Hang Hau) 寶琳北路，康盛花園巴士總站對面 Po Lam Road North, Opposite Hong Sing Garden Bus Terminus",(Sai Kung and Hang Hau) 茅湖仔 Mau Wu Tsai,"(Sai Kung and Hang Hau) 寶琳路，近馬游塘 Po Lam Road, near Ma Yau Tong","(Kwun Tong North) 寶琳路，寶達邨外 Po Lam Road, outside Po Tat Estate","(Kwun Tong North) 秀茂坪道，秀程樓外 Sau Mau Ping Road, outside Sau Ching House","(Kwun Tong North) 秀茂坪道，秀義樓外 Sau Mau Ping Road, outside Sau Yee House","(Kwun Tong West) 康寧道，高雷中學外 Hong Ning Road, outside Ko Lui Secondary School","(Kwun Tong West) 康寧道，秀茂坪紀律部隊宿舍外 Hong Ning Road, outside Sau Mau Ping Disciplined Services Quarters","(Kwun Tong West) 康寧道，康寧道公園一期外，康濤閣對面 Hong Ning Road, outside Hong Ning Road Park I, Opposite Hamden Court",(Kwun Tong Central) 康寧道門牌60號外 Hong Ning Road outside House No. 60,"(Kwun Tong Central) 牛頭角道，裕民中心外 Ngau Tau Kok Road, outside Yue Man Centre","(Kwun Tong Central) 牛頭角道，玉蓮臺對面 Ngau Tau Kok Road, outside Lotus Tower","(Kwun Tong Central) 牛頭角道，近觀塘官立小學 Ngau Tau Kok Road, near Kwun Tong Government Primary School","(Kwun Tong West) 宏照道，國際交易中心對面 Wang Chiu Road, Opposite Exchange Tower",(Kwun Tong West) 企業廣場 Enterprise Square,,,,,,,,,,,,,,,,,,,,,,,,,,,
810,CMPattern_CM_GMBBus_810_9162,7,10.12701291,Sha Tin North > Sha Tin East > Sha Tin West,FALSE,"鞍駿街，近雅典居第4座 On Chun Street, near Villa Athena Block 4",Sha Tin North,"沙田正街，近偉華中心第2座 Sha Tin Centre Street, near Wai Wah Centre Block 2",Sha Tin West,沙田市中心 Sha Tin Central,"(Sha Tin North) 鞍駿街，近雅典居第4座 On Chun Street, near Villa Athena Block 4","(Sha Tin North) 西沙路，新港城外 Sai Sha Road, outside Sunshine City","(Sha Tin North) 西沙路，頌安邨頌和樓對面 Sai Sha Road, Opposite Chung Wo House, Chung On Estate","(Sha Tin North) 西沙路，馬鞍山運動場外 Sai Sha Road Southbound, outside Ma On Shan Sports Ground","(Sha Tin North) 西沙路，錦鞍苑外 Sai Sha Road, outside Kam On Court","(Sha Tin North) 恒健街，近錦暉苑 Hang Kin Street, near Kam Fai Court",(Sha Tin North) 保泰街 Po Tai Street,"(Sha Tin East) 寧泰路，德信中學外 Ning Tai Road, outside Tak Shun Secondary School","(Sha Tin East) 寧泰路，錦泰苑外 Ning Tai Road, outside Kam Tai Court","(Sha Tin East) 亞公角街南行綫，近漁民新村 A Kung Kok Street Southbound, near Fishermen's New Village","(Sha Tin East) 亞公角街，沙田醫院外 A Kung Kok Street, outside Shatin Hospital","(Sha Tin East) 大涌橋路，濱景花園對面 Tai Chung Kiu Road, Opposite Ravana Garden","(Sha Tin East) 大涌橋路，沙田第一城外 Tai Chung Kiu Road, outside City One Shatin","(Sha Tin West) 源禾路，沙田運動場外 Yuen Wo Road, Otuside Sha Tin Sports Ground","(Sha Tin West) 源禾路，沙田賽馬會泳池外 Yuen Wo Road, outside Sha Tin Jockey Club Swimming Pool","(Sha Tin West) 担杆莆街，沙田大會堂外 Tam Kon Po Street, outside Sha Tin Town Hall","(Sha Tin West) 沙田正街，近偉華中心第2座 Sha Tin Centre Street, near Wai Wah Centre Block 2",,,,,,,,,,,,,,,,,,,,,,,,,,,,,,
810,CMPattern_CM_GMBBus_810_9163,7,9.928789525,Sha Tin North > Sha Tin East > Sha Tin West,FALSE,"鞍駿街，近雅典居第4座 On Chun Street, near Villa Athena Block 4",Sha Tin North,"沙田正街，近偉華中心第2座 Sha Tin Centre Street, near Wai Wah Centre Block 2",Sha Tin West,沙田市中心（不經保泰街） Sha Tin Central (omit Po Tai Street),"(Sha Tin North) 鞍駿街，近雅典居第4座 On Chun Street, near Villa Athena Block 4","(Sha Tin North) 西沙路，新港城外 Sai Sha Road, outside Sunshine City","(Sha Tin North) 西沙路，頌安邨頌和樓對面 Sai Sha Road, Opposite Chung Wo House, Chung On Estate","(Sha Tin North) 西沙路，馬鞍山運動場外 Sai Sha Road Southbound, outside Ma On Shan Sports Ground","(Sha Tin North) 西沙路，錦鞍苑外 Sai Sha Road, outside Kam On Court","(Sha Tin North) 恒健街，近錦暉苑 Hang Kin Street, near Kam Fai Court","(Sha Tin East) 寧泰路，德信中學外 Ning Tai Road, outside Tak Shun Secondary School","(Sha Tin East) 寧泰路，錦泰苑外 Ning Tai Road, outside Kam Tai Court","(Sha Tin East) 亞公角街南行綫，近漁民新村 A Kung Kok Street Southbound, near Fishermen's New Village","(Sha Tin East) 亞公角街，沙田醫院外 A Kung Kok Street, outside Shatin Hospital","(Sha Tin East) 大涌橋路，濱景花園對面 Tai Chung Kiu Road, Opposite Ravana Garden","(Sha Tin East) 大涌橋路，沙田第一城外 Tai Chung Kiu Road, outside City One Shatin","(Sha Tin West) 源禾路，沙田運動場外 Yuen Wo Road, Otuside Sha Tin Sports Ground","(Sha Tin West) 源禾路，沙田賽馬會泳池外 Yuen Wo Road, outside Sha Tin Jockey Club Swimming Pool","(Sha Tin West) 担杆莆街，沙田大會堂外 Tam Kon Po Street, outside Sha Tin Town Hall","(Sha Tin West) 沙田正街，近偉華中心第2座 Sha Tin Centre Street, near Wai Wah Centre Block 2",,,,,,,,,,,,,,,,,,,,,,,,,,,,,,,
810,CMPattern_CM_GMBBus_810_9165,7,9.738815624,Sha Tin North > Sha Tin East > Sha Tin West,FALSE,"鞍駿街，近雅典居第4座 On Chun Street, near Villa Athena Block 4",Sha Tin North,"沙田正街，近偉華中心第2座 Sha Tin Centre Street, near Wai Wah Centre Block 2",Sha Tin West,沙田市中心（不經保泰街及寧泰路） Sha Tin Central (omit Po Tai Street and Ning Tai Road),"(Sha Tin North) 鞍駿街，近雅典居第4座 On Chun Street, near Villa Athena Block 4","(Sha Tin North) 西沙路，新港城外 Sai Sha Road, outside Sunshine City","(Sha Tin North) 西沙路，頌安邨頌和樓對面 Sai Sha Road, Opposite Chung Wo House, Chung On Estate","(Sha Tin North) 西沙路，馬鞍山運動場外 Sai Sha Road Southbound, outside Ma On Shan Sports Ground","(Sha Tin North) 西沙路，錦鞍苑外 Sai Sha Road, outside Kam On Court","(Sha Tin North) 恒健街，近錦暉苑 Hang Kin Street, near Kam Fai Court","(Sha Tin East) 亞公角街南行綫，近漁民新村 A Kung Kok Street Southbound, near Fishermen's New Village","(Sha Tin East) 亞公角街，沙田醫院外 A Kung Kok Street, outside Shatin Hospital","(Sha Tin East) 大涌橋路，濱景花園對面 Tai Chung Kiu Road, Opposite Ravana Garden","(Sha Tin East) 大涌橋路，沙田第一城外 Tai Chung Kiu Road, outside City One Shatin","(Sha Tin West) 源禾路，沙田運動場外 Yuen Wo Road, Otuside Sha Tin Sports Ground","(Sha Tin West) 源禾路，沙田賽馬會泳池外 Yuen Wo Road, outside Sha Tin Jockey Club Swimming Pool","(Sha Tin West) 担杆莆街，沙田大會堂外 Tam Kon Po Street, outside Sha Tin Town Hall","(Sha Tin West) 沙田正街，近偉華中心第2座 Sha Tin Centre Street, near Wai Wah Centre Block 2",,,,,,,,,,,,,,,,,,,,,,,,,,,,,,,,,
1,CMPattern_CM_GMBBus_1_7499,11.8,7.130260133,Central,FALSE,山頂廣場（下層巴士總站） The Peak Galleria (Bus Terminus Under),Central,香港站小巴總站 Hong Kong Station Minibus Terminus,Central,中環香港站公共運輸交滙處 Central (Hong Kong Station Public Transport Interchange),(Central) 山頂廣場（下層巴士總站） The Peak Galleria (Bus Terminus Under),(Central) 牛奶公司購物中心 Dairy Farm Shopping Centre,(Central) 加列山道 Mount Kellett Road,(Central) 山頂警署 The Peak Police Station,"(Central) 山頂道，近山頂道五十六號 B Peak Road, near 56 Peak Road B",(Central) 白加道 Barker Road,(Central) 馬己仙峽道17號 17 Magazine Gap Road,(Central) 嘉慧園 Grenville House,(Central) 蒲魯賢徑 Brewin Path,(Central) 律政中心 Justice Place,(Central) 前港中醫院 Former Hong Kong Central Hospital,"(Central) 雪廠街，近印刷行 Ice House Street, near Printing House","(Central) 畢打街，近中環站 D1 出口 Pedder Street, near Central Station Exit D1","(Central) 康樂廣場，交易廣場外 Connaught Place, outside Exchange Square",(Central) 香港站小巴總站 Hong Kong Station Minibus Terminus,,,,,,,,,,,,,,,,,,,,,,,,,,,,,,,,
1,CMPattern_CM_GMBBus_1_7500,11.8,8.194579839,Central,FALSE,山頂廣場（下層巴士總站） The Peak Galleria (Bus Terminus Under),Central,香港站小巴總站 Hong Kong Station Minibus Terminus,Central,中環香港站公共運輸交滙處（經文輝道） Central (Hong Kong Station Public Transport Interchange) (via Mansfield Road),(Central) 山頂廣場（下層巴士總站） The Peak Galleria (Bus Terminus Under),(Central) 牛奶公司購物中心 Dairy Farm Shopping Centre,(Central) 加列山道 Mount Kellett Road,(Central) 山頂警署 The Peak Police Station,"(Central) 山頂道，近山頂道五十六號 B Peak Road, near 56 Peak Road B",(Central) 僑福道與山頂道交界 Junction of Guildford Road and Peak Road,(Central) 僑福閣 Guildford Court,(Central) 樂善美道 Rosmead Road,(Central) 文輝道6號 6 Mansfield Road,(Central) 文輝道2號 2 Mansfield Road,(Central) 白加道 Barker Road,(Central) 馬己仙峽道17號 17 Magazine Gap Road,(Central) 嘉慧園 Grenville House,(Central) 蒲魯賢徑 Brewin Path,(Central) 律政中心 Justice Place,(Central) 前港中醫院 Former Hong Kong Central Hospital,"(Central) 雪廠街，近印刷行 Ice House Street, near Printing House","(Central) 畢打街，近中環站 D1 出口 Pedder Street, near Central Station Exit D1","(Central) 康樂廣場，交易廣場外 Connaught Place, outside Exchange Square",(Central) 香港站小巴總站 Hong Kong Station Minibus Terminus,,,,,,,,,,,,,,,,,,,,,,,,,,,
2,CMPattern_CM_GMBBus_2_5920,7.9,6.420458456,Sham Shui Po East > Kowloon City North > Kowloon City South,FALSE,"達之路，又一城地面 Tat Chee Avenue, Ground Floor of The Festival Walk",Sham Shui Po East,黃埔花園小巴總站 Whampoa Garden Minibus Terminus,Kowloon City South,紅磡黃埔花園 Hung Hom (Whampoa Garden),"(Sham Shui Po East) 達之路，又一城地面 Tat Chee Avenue, Ground Floor of The Festival Walk",(Sham Shui Po East) 大坑東道近龍珠街 Tai Hang Tung Road near Lung Chu Street,(Sham Shui Po East) 大坑東道東海樓 Tung Hoi House,"(Sham Shui Po East) 大坑東道，近大坑東邨東龍樓 Tai Hang Tung Road, near Tung Lung House, Tai Hang Tung Estate","(Sham Shui Po East) 大坑東道，協同中學外 Tai Hang Tung Road, outside Concordia Lutheran Church & School","(Sham Shui Po East) 大坑東道，近蘭芳閣 Tai Hang Tung Road, near Royal Magnolia",(Sham Shui Po East) 花墟公園 Fa Hui Park,(Kowloon City North) 界限街117號 Boundary Street No. 117,(Kowloon City North) 界限街喇沙小學 La Salle Primary School,(Kowloon City North) 界限街書院道前 Boundary Street Before College Road,(Kowloon City North) 界限街171號 Boundary Street No. 171,"(Kowloon City North) 太子道西，龍珠樓外 Prince Edward Road West, outside Pearl House","(Kowloon City North) 太子道西, 近衙前塱道 Prince Edward Road West near Nga Tsin Long Road",(Kowloon City North) 宋皇臺公園 Sung Wong Toi Park,(Kowloon City North) 馬頭涌道近木廠街 Ma Tau Chung Road near Mok Cheong Street,"(Kowloon City North) 馬頭涌道，工聯會工人俱樂部大廈外 Ma Tau Chung Road, outside The Hong Kong Federation of Trade Unions Worker's Club",(Kowloon City North) 馬頭圍道187號 No. 187 Ma Tau Wai Road,"(Kowloon City North) 馬頭圍道，土瓜灣市政大廈暨政府合署外 Ma Tau Wai Road, outside To Kwa Wan Market and Government",(Kowloon City North) 土瓜灣道近銀漢街 To Kwa Wan Road near Ngan Hon Street,(Kowloon City South) 馬頭圍道57號外 Ma Tau Wai Road No. 57,(Kowloon City South) 馬頭圍道39號外 Ma Tau Wai Road No. 39,"(Kowloon City South) 馬頭圍道，紅磡市政大廈外 Ma Tau Wai Road, outside Hung Hom Complex","(Kowloon City South) 德民街，德民大廈外 Tak Man Street, outside Tak Man Building",(Kowloon City South) 黃埔新天地聚寶坊 Treasure World Wonderful Worlds of Whampoa,(Kowloon City South) 黃埔花園小巴總站 Whampoa Garden Minibus Terminus,,,,,,,,,,,,,,,,,,,,,,
54,CMPattern_CM_GMBBus_54_7727,8.8,9.435146177,Central > Western > Southern District Northwest,FALSE,中環（中環碼頭） Central (Central Ferry Piers),Central,"瑪麗醫院 J 座 Queen Mary Hopital, Block J",Southern District Northwest,瑪麗醫院 Queen Mary Hospital,(Central) 中環（中環碼頭） Central (Central Ferry Piers),"(Central) 干諾道中，近莊士大廈 Connaught Road Central, near Chuang's Tower",(Western) 高樂花園 Connaught Garden,(Western) 皇后大道西414號 No. 414 Queen's Road West,(Western) 創業商場 Chong Yip Shopping Centre,"(Western) 皇后大道西，近石塘咀市政大廈 Queen's Road West, near Shek Tong Tsui Municipal Services Building","(Western) 皇后大道西，近百好大樓 Queen's Road West, near Pak Hoo Mansion",(Western) 西寶城 The Westwood,(Western) 荷蘭街 Holland Street,"(Western) 卑路乍街34號 Belcher's Street, House No. 34","(Western) 卑路乍街，近聯友新樓 Belcher's Street, near Luen Yau Apartments","(Western) 卑路乍街144-148號 Belcher's Street, House No. 144-148",(Western) 域多利道近加惠民道 Victoria Road near Ka Wai Man Road,(Western) 加惠民道 Ka Wai Man Road,(Western) 域多利道西寧閣對面 Victoria Road Opposite Serene Court,(Western) 明愛賽馬會宿舍 Caritas Jockey Club Hostel,(Western) 摩星嶺徑 Mount Davis Path,(Western) 摩星嶺道與域多利道交界 Junction of Mt. Davis Road and Victoria Road,(Western) 翠海別墅 Cape Mansions,"(Western) 摩星嶺道，近聖嘉勒女書院 Mount Davis Road, near St. Clare's Girls' School","(Western) 摩星嶺道，近怡林閣 Mount Davis Road, near Greenery Garden",(Southern District Northwest) 香港華人基督教聯會薄扶林道墳場 HKCCCU Pok Fu Lam Road Cemetery,"(Southern District Northwest) 瑪麗醫院 J 座 Queen Mary Hopital, Block J",,,,,,,,,,,,,,,,,,,,,,,,
1A,CMPattern_GMBBus1A_1_5859,10.9,11.09542025,Sai Kung and Hang Hau > Kwun Tong North > Wong Tai Sin East > Kwun Tong West > Wong Tai Sin East > Wong Tai Sin West > Wong Tai Sin East,FALSE,"西貢公路，白沙灣遊艇會外 Hiram's Highway, outside Hebe Haven Yacht Club",Sai Kung and Hang Hau,鑽石山(彩虹道)公共運輸交匯處 Diamond Hill (Choi Hung Road) Pti,Wong Tai Sin East,彩虹新蒲崗 Choi Hung (San Po Kong),"(Sai Kung and Hang Hau) 西貢公路，白沙灣遊艇會外 Hiram's Highway, outside Hebe Haven Yacht Club",(Sai Kung and Hang Hau) 匡湖居 Marina Cove,(Sai Kung and Hang Hau) 匡湖居 Marina Cove,(Sai Kung and Hang Hau) 南邊圍 Nam Pin Wai,"(Sai Kung and Hang Hau) 響鐘村, 西貢公路 Heung Chung Village, Hiram's Highway",(Sai Kung and Hang Hau) 南圍 Nam Wai,"(Sai Kung and Hang Hau) 西貢公路，鄭植之中學外 Hiram's Highway, outside Cheng Chek Chee Secondary School","(Sai Kung and Hang Hau) 清水灣道，松濤苑對面 Clear Water Bay Road, Opposite Las Pinadas","(Sai Kung and Hang Hau) 清水灣道，壁屋懲教署對面 Clear Water Bay Road, Opposite Pik Uk Correctional Institute","(Sai Kung and Hang Hau) 清水灣道，金苑對面 Clear Water Bay Road, Opposite Gold Villa","(Sai Kung and Hang Hau) 清水灣道，井欄樹 Clear Water Bay Road, Tseng Lan Shue",(Kwun Tong North) 飛鵝山道 Fei Ngo Shan Road,"(Kwun Tong North) 清水灣道，德望學校對面 Clear Water Bay Road, Opposite Good Hope School","(Wong Tai Sin East) 清水灣道，彩雲商場2期 B 對出 Clear Water Bay Road, outside Choi Wan Commercial Complex Phase IIB","(Kwun Tong West) 清水灣道坪石邨鑽石樓外 Clear Water Bay Road, outside Tsuen Shek House, Ping Shek Estate","(Wong Tai Sin East) 龍翔道，彩虹邨紅萼樓外 Lung Cheung Road, outside Hung Ngok House, Choi Hung Estate",(Wong Tai Sin East) 斧山道南行綫，龍翔道及彩虹迴旋處之間 Hammer Hill Road (Southbound Section Between Lung Cheung Road and Choi Hung Roundabout),(Wong Tai Sin West) 新蒲崗公共運輸總站 San Po Kong Public Transport Terminus,(Wong Tai Sin East) 鑽石山(彩虹道)公共運輸交匯處 Diamond Hill (Choi Hung Road) Pti,,,,,,,,,,,,,,,,,,,,,,,,,,,,
808,CMPattern_GMBBus808_10120,8.7,9.834245663,Sha Tin North > Sha Tin East,FALSE,錦英苑巴士總站 Kam Ying Court Bus Terminus,Sha Tin North,威爾斯親王醫院 Prince of Wales Hospital,Sha Tin East,威爾斯親王醫院 Prince of Wales Hospital,(Sha Tin North) 錦英苑巴士總站 Kam Ying Court Bus Terminus,"(Sha Tin North) 錦英路，富寶花園外 Kam Ying Road, outside Saddle Ridge Garden","(Sha Tin North) 錦英路，錦龍苑對面 Kam Ying Road, Opposite Kam Lung Court Lung Yiu House","(Sha Tin North) 西沙路南行綫，雅典居對面 Sai Sha Road Southbound, Opposite Villa Athena","(Sha Tin North) 西沙路，新港城外 Sai Sha Road, outside Sunshine City","(Sha Tin North) 西沙路，頌安邨頌和樓對面 Sai Sha Road, Opposite Chung Wo House, Chung On Estate",(Sha Tin North) 曾璧山中學 Tsang Pik Shan Secondary School,"(Sha Tin North) 恒康街，耀安邨耀平樓外 Hang Hong Street, outside Yiu On Estate Bus Terminus","(Sha Tin East) 恒德街南行綫，近大水坑站 Hang Tak Street Southbound, near Tai Shui Hang Station","(Sha Tin East) 亞公角街，漁民新村外 A Kung Kok Street, outside Fishermen Village","(Sha Tin East) 亞公角街，沙田醫院外 A Kung Kok Street, outside Shatin Hospital",(Sha Tin East) 綠怡雅苑 Greenhill Villa,"(Sha Tin East) 廣善街，廣源邨廣榕樓外 Kwong Sin Street, outside Banyan House, Kwong Yuen Estate","(Sha Tin East) 廣善街，近香港恒生大學 Kwung Sin Street, near The Hang Seng University of Hong Kong","(Sha Tin East) 牛皮沙街，牛皮沙新村外 Ngau Pei Sha Street, outside Ngau Pei Sha New Village","(Sha Tin East) 牛皮沙街，愉翠苑巴士站 Ngau Pei Sha Street, Yu Chui Court Bus Terminus","(Sha Tin East) 插桅杆街，第一城站對面 Chap Wai Kon Street, Opposite City One Station",(Sha Tin East) 威爾斯親王醫院 Prince of Wales Hospital,,,,,,,,,,,,,,,,,,,,,,,,,,,,,
46,CMPattern_CM_GMBBus_46_6003,8.3,9.391106654,Yau Tsim Mong North > Kowloon City South > Kowloon City North > Wong Tai Sin West > Wong Tai Sin East > Kwun Tong West,FALSE,大角咀（維港灣）公共運輸交滙處 Tai Kok Tsui (Island Harbourview) Public Transport Interchange,Yau Tsim Mong North,"啟仁街，九龍灣健康中心那打素護養院對面 Kai Tan Street, Opposite Kowloon Bay Centre Ho Miu Ling Nethersole Nursing Home",Kwun Tong West,麗晶花園 Richland Gardens,(Yau Tsim Mong North) 大角咀（維港灣）公共運輸交滙處 Tai Kok Tsui (Island Harbourview) Public Transport Interchange,"(Yau Tsim Mong North) 海帆道，奧海城一期對面 Hoi Fan Road, Opposite Olympian City I",(Yau Tsim Mong North) 中滙街 Chung Wui Street,(Yau Tsim Mong North) 奧運站 Olympic Station,(Yau Tsim Mong North) 大角咀道7號 No. 7 Tai Kok Tsui Road,"(Yau Tsim Mong North) 櫸樹街，新九龍廣場外 Beech Street, outside New Kowloon Plaza","(Yau Tsim Mong North) 晏架街，正輝商業大廈外 Anchor Street, outside Newscope Commercial Centre",(Yau Tsim Mong North) 福全街近塘尾道 Fuk Tsun Street near Tong Mi Road,(Yau Tsim Mong North) 旺角道 Mong Kok Road,(Yau Tsim Mong North) 旺角道，近砵蘭街 Mong Kok Road near Portland Street,"(Kowloon City South) 亞皆老街，近基堤道 Argyle Street, near Embankment Road","(Kowloon City North) 亞皆老街，寶雲閣對面 Argyle Street, Opposite Balwin Court",(Kowloon City North) 醫院管理局 Hospital Authority Building,"(Kowloon City North) 亞皆老街，香港眼科醫院外 Argyle Street, outside Hong Kong Eye Hospital","(Kowloon City North) 亞皆老街，播道醫院對面 Argyle Street, Opposite Evangel Hospital","(Kowloon City North) 太子道東，近啟德道 Prince Edward Road East, near Kai Tak Road",(Wong Tai Sin West) 譽．港灣 The Latitude,"(Wong Tai Sin West) 太子道東，超達工業大廈外 Prince Edward Road East, outside Chiu Tat Factory Building","(Wong Tai Sin West) 太子道東，采頤花園7座外 Prince Edward Road East, outside Block 7, Rhythm Garden","(Wong Tai Sin East) 太子道東，近坪石邨 Prince Edward Road East, near Ping Shek","(Kwun Tong West) 宏照道，香港輔助警察總部外 Wang Chiu Road, outside Hong Kong Auxiliary Police Headquarters",(Kwun Tong West) 仁濟醫院羅陳楚思中學 Yan Chai Hospital Law Chan Chor Si College,"(Kwun Tong West) 啟仁街，九龍灣健康中心那打素護養院對面 Kai Tan Street, Opposite Kowloon Bay Centre Ho Miu Ling Nethersole Nursing Home",,,,(屯門區) 屯門站公共運輸交匯處,(屯門區) 河傍街 - 屯門新墟街市外,,,,,,,,,,,,,,,,,,,
52,CMPattern_CM_GMBBus_52_6111,10.1,11.960013,Southern District Southeast > Southern District Northwest > Southern District Southeast > Southern District Northwest,FALSE,"佳美道，赤柱廣場外 Carmel Road, outside Stanley Plaza",Southern District Southeast,石排灣邨公共運輸交滙處 Shek Pai Wan Estate Public Transport Interchange,Southern District Northwest,香港仔石排灣 Aberdeen (Shek Pai Wan),"(Southern District Southeast) 佳美道，赤柱廣場外 Carmel Road, outside Stanley Plaza","(Southern District Southeast) 環角道，駿馬樓外 Cape Road, outside Chun Ma House","(Southern District Southeast) 環角道，龍騰閣外 Cape Road, outside Lung Tan House","(Southern District Southeast) 環角道，觀馬樓外 Cape Road, outside Koon Ma House","(Southern District Southeast) 環角道，柏濤小築 Cypresswaver Villas, Cape Road",(Southern District Southeast) 環角徑 Cape Drive,(Southern District Southeast) 海天徑 Horizon Drive,"(Southern District Southeast) 舂墈角道，舂墈角消防局對面 Opposite To Chung Hom Kok Fire Station, Chung Hom Kok Road",(Southern District Southeast) 赫蘭道 Headland Road,"(Southern District Southeast) 淺水灣道，海堤花園 Hacienda, Repulse Bay Road",(Southern District Southeast) 淺水灣別墅 Repulse Bay Villas,"(Southern District Southeast) 淺水灣道，淺水灣海灘 Repulse Bay Beach, Repulse Bay Road",(Southern District Southeast) 麗景道 Belleview Drive,(Southern District Southeast) 香島小築 Island Club,"(Southern District Southeast) 香島道，蒲苑 Deepdene, Island Road","(Southern District Southeast) 香島道，深水灣 Deep Water Bay, Island Road","(Southern District Southeast) 香島道，鄉村俱樂部 The Hong Kong Country Club, Island Road","(Southern District Southeast) 黃竹坑道，黃竹坑新圍對面 Opposite To Wong Chuk Hang San Wai, Wong Chuk Hang Road","(Southern District Southeast) 黃竹坑道，南朗山道 Nam Long Shan Road, Wong Chuk Hang Road","(Southern District Southeast) 黃竹坑道16號，勝利工業大廈 Wong Chuk Hang Road, outside House No. 16, Victory Factory Building","(Southern District Southeast) 香港仔海傍道，逸港居外 Aberdeen Praya Road, outside Ocean Court","(Southern District Northwest) 香港仔海傍道，香港仔海濱公園外 Aberdeen Praya Road, outside Aberdeen Promenade","(Southern District Northwest) 香港仔大道，金豐大廈外 Aberdeen Main Road, outside Kam Fung Building","(Southern District Southeast) 香港仔水瑭道，漁光邨 Yue Kwong Chuen , Aberdeen Reservoir Road",(Southern District Southeast) 漁光村海鷗樓 Hoy Au Lau Yue Kwong Chuen,"(Southern District Southeast) 漁光道，建造業訓練中心 Construction Industrytraining Authority, Yue Kwong Road",,,,,,,,,,,,,,,,,,,,,
810,CMPattern_CM_GMBBus_810_9161,7,8.663312029,Sha Tin West > Sha Tin East > Sha Tin North,FALSE,"沙田正街，近偉華中心第2座 Sha Tin Centre Street, near Wai Wah Centre Block 2",Sha Tin West,"鞍駿街，近雅典居第4座 On Chun Street, near Villa Athena Block 4",Sha Tin North,馬鞍山雅典居 Ma On Shan (Villa Athena),"(Sha Tin West) 沙田正街，近偉華中心第2座 Sha Tin Centre Street, near Wai Wah Centre Block 2","(Sha Tin West) 橫壆街，好運中心外 Wang Pok Street, outside Lucky Plaza","(Sha Tin West) 源禾路，瀝源邨外 Yuen Wo Road, outside Lek Yuen Estate","(Sha Tin West) 源禾路，禾輋邨外 Yuen Wo Road, outside Wo Che Estate","(Sha Tin East) 大涌橋路，沙田第一城對面 Tai Chung Kiu Road, Opposite City One Shatin","(Sha Tin East) 大涌橋路，濱景花園外 Tai Chung Kiu Road, outside Ravana Garden","(Sha Tin East) 亞公角街北行綫，沙田醫院對面 A Kung Kok Street Northbound, Opposite Shatin Hospital","(Sha Tin East) 亞公角街，漁民新村對面 A Kung Kok Street, Opposite Fishermen Village","(Sha Tin East) 亞公角街，近富安花園 A Kung Kok Street, near Chevalier Garden","(Sha Tin East) 寧泰路，錦泰苑對面 Ning Tai Road, Opposite Kam Tai Court","(Sha Tin East) 寧泰路，德信中學對面 Ning Tai Road, Opposite Tak Shun Secondary School","(Sha Tin North) 寧泰路，海典灣對面 Ning Tai Road, Opposite Ocean View","(Sha Tin North) 恒明街，近觀瀾雅軒第五座 Hang Ming Street, near Baycrest Block 5",(Sha Tin North) 聽濤雅苑 Vista Paradiso,(Sha Tin North) 頌安邨 Chung On Estate,"(Sha Tin North) 西沙路，頌安邨頌和樓外 Sai Sha Road, outside Chung Wo House, Chung On Estate","(Sha Tin North) 西沙路，馬鞍山廣場外 Sai Sha Road, outside Ma On Shan Plaza","(Sha Tin North) 鞍超街，近馬鞍山中心第4座 On Chiu Street, near Ma On Shan Centre Block 4","(Sha Tin North) 鞍駿街，近雅典居第4座 On Chun Street, near Villa Athena Block 4",,,,,,,,,,,,,,,,,,,,,,,,,,,,
810,CMPattern_CM_GMBBus_810_9166,7,8.661336162,Sha Tin West > Sha Tin East > Sha Tin North,FALSE,"沙田正街，近偉華中心第2座 Sha Tin Centre Street, near Wai Wah Centre Block 2",Sha Tin West,"鞍駿街，近雅典居第4座 On Chun Street, near Villa Athena Block 4",Sha Tin North,馬鞍山雅典居（不經瀝源邨及禾輋邨） Ma On Shan (Villa Athena) (via Lek Yuen Estate and Wo Che Estate),"(Sha Tin West) 沙田正街，近偉華中心第2座 Sha Tin Centre Street, near Wai Wah Centre Block 2","(Sha Tin West) 橫壆街，好運中心外 Wang Pok Street, outside Lucky Plaza","(Sha Tin East) 大涌橋路，沙田第一城對面 Tai Chung Kiu Road, Opposite City One Shatin","(Sha Tin East) 大涌橋路，濱景花園外 Tai Chung Kiu Road, outside Ravana Garden","(Sha Tin East) 亞公角街北行綫，沙田醫院對面 A Kung Kok Street Northbound, Opposite Shatin Hospital","(Sha Tin East) 亞公角街，漁民新村對面 A Kung Kok Street, Opposite Fishermen Village","(Sha Tin East) 亞公角街，近富安花園 A Kung Kok Street, near Chevalier Garden","(Sha Tin East) 寧泰路，錦泰苑對面 Ning Tai Road, Opposite Kam Tai Court","(Sha Tin East) 寧泰路，德信中學對面 Ning Tai Road, Opposite Tak Shun Secondary School","(Sha Tin North) 寧泰路，海典灣對面 Ning Tai Road, Opposite Ocean View","(Sha Tin North) 恒明街，近觀瀾雅軒第五座 Hang Ming Street, near Baycrest Block 5",(Sha Tin North) 聽濤雅苑 Vista Paradiso,(Sha Tin North) 頌安邨 Chung On Estate,"(Sha Tin North) 西沙路，頌安邨頌和樓外 Sai Sha Road, outside Chung Wo House, Chung On Estate","(Sha Tin North) 西沙路，馬鞍山廣場外 Sai Sha Road, outside Ma On Shan Plaza","(Sha Tin North) 鞍超街，近馬鞍山中心第4座 On Chiu Street, near Ma On Shan Centre Block 4","(Sha Tin North) 鞍駿街，近雅典居第4座 On Chun Street, near Villa Athena Block 4",,,,,,,,,,,,,,,,,,,,,,,,,,,,,,
35,CMPattern_CM_GMBBus_35_6336,10.2,13.01903115,Yuen Long Town Centre > Tin Shui Wai South and Ping Ha > Yuen Long Rural East > Tin Shui Wai South and Ping Ha,FALSE,"泰豐街，近泰豐樓 Tai Fung Street, near Tai Fung House",Yuen Long Town Centre,沙橋村（尖鼻咀）小巴總站 Sha Kiu Tsuen (Tsim Bei Tsui) Minibus Terminus,Tin Shui Wai South and Ping Ha,沙橋尖鼻咀 Sha Kiu (Tsim Bei Tsui),"(Yuen Long Town Centre) 泰豐街，近泰豐樓 Tai Fung Street, near Tai Fung House",(Yuen Long Town Centre) 啟信學校 ELCHK Lutheran School,(Yuen Long Town Centre) 水邊圍邨康水樓 Hong Shui House Shui Pin Wai Estate,"(Tin Shui Wai South and Ping Ha) 媽橫路，朗庭園外 Ma Wang Road, outside Villa By The Park",(Yuen Long Rural East) 朗邊 Long Bin,"(Tin Shui Wai South and Ping Ha) 屏廈路，近世紀中心 Ping Ha Road, near Century Centre",(Tin Shui Wai South and Ping Ha) 屏興里 Ping Hing Lane,(Tin Shui Wai South and Ping Ha) 坑尾村 Hang Mei Tsuen,"(Tin Shui Wai South and Ping Ha) 屏廈路，近屏欣苑屏欣商場 Ping Ha Road, near Ping Yan Shopping Centre, Ping Yan Court","(Tin Shui Wai South and Ping Ha) 屏廈路，近天水圍站 Ping Ha Road, near Tin Shui Wai Station","(Tin Shui Wai South and Ping Ha) 屏廈路，近廈村市富怡花園第二期第十座 Ping Ha Road, near Fu Yee Garden Phase 2 Block 10, Ha Tsuen Shi",(Tin Shui Wai South and Ping Ha) 廈村 Ha Tsuen,(Tin Shui Wai South and Ping Ha) 錫降圍 Shek Kong Wai,(Tin Shui Wai South and Ping Ha) 羅屋村 Lo Uk Tsuen,(Tin Shui Wai South and Ping Ha) 東頭村 Tung Tau Tsuen,(Tin Shui Wai South and Ping Ha) 鳳降村 Fung Kong Tsuen,"(Tin Shui Wai South and Ping Ha) 流浮山道，近金莎花園 Lau Fau Shan Road, near Windsor Villa",(Tin Shui Wai South and Ping Ha) 新慶村 San Hing Tsuen,(Tin Shui Wai South and Ping Ha) 流浮山小巴總站 Lau Fau Shan Minibus Terminus,(Tin Shui Wai South and Ping Ha) 雲浮仙館 Wan Fou Sin Koon,(Tin Shui Wai South and Ping Ha) 輞井村 Mong Tseng Tsuen,(Tin Shui Wai South and Ping Ha) 輞井圍小巴總站 Mong Tseng Wai Minibus Terminus,(Tin Shui Wai South and Ping Ha) 沙橋村下灣 Sheung Kiu Tsuen Ha Wan,"(Tin Shui Wai South and Ping Ha) 深灣路，近尖鼻咀有機農莊 Deep Bay Road, near Tsim Bei Tsui Organic Farm",(Tin Shui Wai South and Ping Ha) 南沙莆 Nam Sha Po,(Tin Shui Wai South and Ping Ha) 沙橋村（尖鼻咀）小巴總站 Sha Kiu Tsuen (Tsim Bei Tsui) Minibus Terminus,,,,,,,,,,,,,,,,,,,,,
56B,CMPattern_CM_GMBBus_56b_5991,11,7.775154407,Wan Chai > Tai Pak > Wan Chai > Central,FALSE,天后公共運輸交滙處 Tin Hau Public Transport Interchange,Wan Chai,"羅便臣道，秀麗閣對面 Robinson Road, Opposite Serene Court",Central,半山區羅便臣道 Mid-Levels (Robinson Road),(Wan Chai) 天后公共運輸交滙處 Tin Hau Public Transport Interchange,(Wan Chai) 銀幕街7-9號 No. 7-9 Ngan Mok Street,"(Tai Pak) 英皇道，近留仙街 King's Road, near Lau Sin Street","(Wan Chai) 高士威道，近摩頓臺 Causeway Road, near Moreton Terrace",(Wan Chai) 渣甸街 Jardine's Bazaar,(Wan Chai) 跑馬地馬場 Happy Valley Racecourse,"(Wan Chai) 皇后大道東，近華仁書院入口 Queen's Road East, near Wah Yan College Access Road",(Wan Chai) 皇后大道東231-233號 No. 231-233 Queen's Road East,"(Wan Chai) 皇后大道東，近胡忠大廈 Queen's Road East, near Wu Chung House","(Wan Chai) 皇后大道東，合和中心外 Queen's Road East, outside Hopewell Centre",(Wan Chai) 東美中心 Dominion Centre,"(Wan Chai) 皇后大道東，太古廣場第三座外 Queen's Road East, outside Three Pacific Place","(Central) 金鐘道，太古廣場外 Queensway, outside Pacific Place","(Central) 紅棉路，香港壁球中心 Hong Kong Squash Centre, Cotton Tree Drive",(Central) 羅便臣道1號 No. 1 Robinson Road,(Central) 嘉諾撒醫院 Canossa Hospital,(Central) 薈萃苑 Regal Crest,(Central) 羅便臣道29號 No.29 Robinson Road,(Central) 卑利街 Peel Street,(Central) 羅便臣道65號 No. 65 Robinson Road,(Central) 羅便臣道101號 No. 101 Robinson Road,(Central) 翡翠園 Ascot Park,(Central) 屋蘭士街 Oaklands Avenue,(Central) 俊賢花園 Lyttelton Garden,"(Central) 列堤頓道，近巴炳頓道 Lyttelton Road, near Babington Road",(Central) 瓊峰臺 Kingsford Terrace,,,,,,,,,,,,,,,,,,,,,
56K,CMPattern_CM_GMBBus_56k_6201,10.5,12.3131252,Robin’s Nest > Wu Tip Shan,FALSE,"鹿頸路，近鹿頸黃屋 Luk Keng Road, near Luk Keng Wong Uk",Robin’s Nest,粉嶺站專綫小巴總站 Public Light Bus (Scheduled) Service Terminus at Fanling Station,Wu Tip Shan,粉嶺站 Fanling Station,"(Robin’s Nest) 鹿頸路，近鹿頸黃屋 Luk Keng Road, near Luk Keng Wong Uk",(Robin’s Nest) 南涌 Nam Chung,"(Robin’s Nest) 沙頭角公路，鹿頸路 Sha Tau Kok Road, Luk Keng Road",(Robin’s Nest) 鹽灶下 Yim Tso Ha,(Robin’s Nest) 麻雀嶺 Ma Tseuk Leng,"(Robin’s Nest) 沙頭角公路，上禾坑 Sha Tau Kok Road, Sheung Wo Hang","(Robin’s Nest) 沙頭角公路，萬屋邊 Sha Tau Kok Road, Man Uk Pin","(Robin’s Nest) 沙頭角公路，萊洞 Sha Tau Kok Road, Loi Tung","(Robin’s Nest) 沙頭角公路，馬尾下 Sha Tau Kok Road, Ma Mei Ha",(Wu Tip Shan) 孔嶺村 Hung Leng Tsuen,"(Wu Tip Shan) 沙頭角公路，坪輋路 Sha Tau Kok Road, Ping Che Road","(Wu Tip Shan) 流水響，沙頭角公路 Lau Shui Heung, Sha Tau Kok Road",(Wu Tip Shan) 沙頭角路近軍地 Sha Tau Kok Road near Kwan Tei,(Wu Tip Shan) 新圍軍營 San Wai Barracks,"(Wu Tip Shan) 新屋村／覲龍圍，沙頭角公路 San Uk Tsuen / Kan Lung Wai, Sha Tau Kok Road",(Wu Tip Shan) 御庭軒 Grand Regentville,"(Wu Tip Shan) 聯和道，聯和墟街市外 Luen Wo Road, outside Luen Wo Hui Market","(Wu Tip Shan) 新運路，祥華邨祥頌樓外 San Wan Road, outside Cheung Chung House, Cheung Wah Estate",(Wu Tip Shan) 粉嶺站專綫小巴總站 Public Light Bus (Scheduled) Service Terminus at Fanling Station,,,,,,,,,,,,,,,,,,,,,,,,,,,,
101M,CMPattern_GMBBus101M_5855,10.9,11.1106881,Sai Kung and Hang Hau > Tseung Kwan O North,FALSE,西貢北（西貢警署） Sai Kung North (Sai Kung Police Station),Sai Kung and Hang Hau,坑口站公共運輸交滙處 Hang Hau Station Public Transport Interchange,Tseung Kwan O North,坑口站 Hang Hau Station,(Sai Kung and Hang Hau) 西貢北（西貢警署） Sai Kung North (Sai Kung Police Station),"(Sai Kung and Hang Hau) 普通道，西貢賽馬會大會堂外 Po Tung Road, Sai Kung Town Hall",(Sai Kung and Hang Hau) 翠塘花園 Lake Side Garden,(Sai Kung and Hang Hau) 菠蘿輋 Po Lo Che,"(Sai Kung and Hang Hau) 北港, 西貢公路 Pak Kong, Hiram's Highway","(Sai Kung and Hang Hau) 西貢公路，白沙灣遊艇會外 Hiram's Highway, outside Hebe Haven Yacht Club",(Sai Kung and Hang Hau) 匡湖居 Marina Cove,(Sai Kung and Hang Hau) 匡湖居 Marina Cove,"(Sai Kung and Hang Hau) 西貢公路，西貢中心小學外 Hiram's Highway, outside Sai Kung Central Primary School","(Sai Kung and Hang Hau) 響鐘村, 西貢公路 Heung Chung Village, Hiram's Highway",(Sai Kung and Hang Hau) 南圍 Nam Wai,"(Sai Kung and Hang Hau) 清水灣道，大埔仔村對面 Clear Water Bay Road, Opposite Tai Po Tsai Tsuen",(Sai Kung and Hang Hau) 銀影路 Ngan Ying Road,(Sai Kung and Hang Hau) 水邊村 Shui Bin Tsuen,"(Sai Kung and Hang Hau) 坑口道，將軍澳醫院對面 Hang Hau Road, Opposite Tseung Kwan O Hospital",(Tseung Kwan O North) 明德邨 Ming Tak Estate,"(Tseung Kwan O North) 重華路，東港城第6座對面 Chung Wa Road, Opposite Block 6, East Point City",(Tseung Kwan O North) 坑口站公共運輸交滙處 Hang Hau Station Public Transport Interchange,,,,,,,,,,,,,,,,,,,,,,,,,,,,,
103,CMPattern_CM_GMBBus_103_6104,11.1,12.97756577,Sai Kung and Hang Hau > Tseung Kwan O North > Kwun Tong Central,FALSE,清水灣第二灣泳灘 Clear Water Bay Second Beach,Sai Kung and Hang Hau,觀塘碼頭 Kwun Tong Ferry,Kwun Tong Central,觀塘碼頭 Kwun Tong Ferry,(Sai Kung and Hang Hau) 清水灣第二灣泳灘 Clear Water Bay Second Beach,(Sai Kung and Hang Hau) 清水灣第一灘 Clear Water Bay 1st Beach,"(Sai Kung and Hang Hau) 大坳門路，近清水灣花園 Tai Au Mun Road, near Clear Water Bay Garden","(Sai Kung and Hang Hau) 大坳門路，近大環頭路 Tai Au Mun Road, near Tai Wan Tau Road",(Sai Kung and Hang Hau) 相思灣 Sheung Sze Wan,(Sai Kung and Hang Hau) 兩塊田 Leung Fai Tin,(Sai Kung and Hang Hau) 下洋 Ha Yeung,"(Sai Kung and Hang Hau) 清水灣道，近上洋 Clear Water Bay Road, near Sheung Yeung",(Sai Kung and Hang Hau) 檳榔灣 Pan Long Wan,"(Sai Kung and Hang Hau) 清水灣道，近釣魚翁郊遊徑 Clear Water Bay Road, near High Junk Peak Country Trail","(Sai Kung and Hang Hau) 清水灣道，圍心村外 Clear Water Bay Road, outside Wat Sum Village","(Sai Kung and Hang Hau) 清水灣道，近銀綫灣廣場 Clear Water Bay Road, near Silverstand Mart","(Sai Kung and Hang Hau) 清水灣道，近清雅苑 Clear Water Bay Road, near Sussex Lodge",(Sai Kung and Hang Hau) 水邊村 Shui Bin Tsuen,"(Sai Kung and Hang Hau) 坑口道，將軍澳醫院對面 Hang Hau Road, Opposite Tseung Kwan O Hospital","(Tseung Kwan O North) 寶寧路，將軍澳醫院對面 Po Ning Road, Opposite Tseung Kwan O Hospital","(Tseung Kwan O North) 寶寧路，厚德邨外 Po Ning Road, outside Hau Tak Estate","(Tseung Kwan O North) 寶順道，頌明苑外 Po Shun Road, outside Chung Ming Court","(Kwun Tong Central) 觀塘道，新城工商中心外 Kwun Tong Road, outside New City Centre",(Kwun Tong Central) 開源道門牌60號外 Hoi Yuen Road outside House No. 60,(Kwun Tong Central) 開源道門牌50號外 Hoi Yuen Road outside House No. 50,(Kwun Tong Central) 觀塘碼頭 Kwun Tong Ferry,,,,,,,,,,,,,,,,,,,,,,,,,
101M,CMPattern_GMBBus101M_3550,10.9,11.16222245,Tseung Kwan O North > Sai Kung and Hang Hau,FALSE,坑口站公共運輸交滙處 Hang Hau Station Public Transport Interchange,Tseung Kwan O North,惠民路公共小巴總站 Wai Man Road PLB Terminus,Sai Kung and Hang Hau,西貢 Sai Kung,(Tseung Kwan O North) 坑口站公共運輸交滙處 Hang Hau Station Public Transport Interchange,"(Tseung Kwan O North) 寶寧路，將軍澳醫院外 Po Ning Road, outside Tseung Kwan O Hospital","(Tseung Kwan O North) 坑口道，將軍澳醫院外 Hang Hau Road, outside Tseung Kwan O Hospital",(Sai Kung and Hang Hau) 水邊村 Shui Bin Tsuen,(Sai Kung and Hang Hau) 銀影路 Ngan Ying Road,(Sai Kung and Hang Hau) 大埔仔 Tai Po Tsai,"(Sai Kung and Hang Hau) 清水灣道，近香港科技大學 Clear Water Bay Road, near HKUST","(Sai Kung and Hang Hau) 窩美, 新西貢公路 Wo Mei, New Hiram's Highway","(Sai Kung and Hang Hau) 南邊圍, 西貢公路 Nam Pin Wai, Hiram's Highway","(Sai Kung and Hang Hau) 西貢公路，西貢中心小學外 Hiram's Highway, outside Sai Kung Central Primary School","(Sai Kung and Hang Hau) 西貢公路，匡湖居對面 Hiram's Highway, Opposite Marina Cove","(Sai Kung and Hang Hau) 西貢公路，白沙灣遊艇會對面 Hiram's Highway, Opposite Hebe Haven Yacht Club",(Sai Kung and Hang Hau) 北港 Pak Kong,(Sai Kung and Hang Hau) 菠蘿輋 Po Lo Che,(Sai Kung and Hang Hau) 翠塘花園 Lake Side Garden,(Sai Kung and Hang Hau) 西貢大會堂 Sai Kung Town Hall,(Sai Kung and Hang Hau) 惠民路公共小巴總站 Wai Man Road PLB Terminus,,,,,,,,,,,,,,,,,,,,,,,,,,,,,,
59K,CMPattern_CM_GMBBus_59k_8876,9.9,11.76050846,Robin’s Nest,FALSE,上水站小巴總站 Sheung Shui Station Public Light Bus Terminus,Robin’s Nest,蓮麻坑小巴總站 Lin Ma Hang Minibus Terminus,Robin’s Nest,蓮麻坑 Lin Ma Hang,(Robin’s Nest) 上水站小巴總站 Sheung Shui Station Public Light Bus Terminus,"(Robin’s Nest) 新豐路，石湖墟郵政局 San Fung Avenue, Shek Wu Hui Post Office",(Robin’s Nest) 上水圍 Sheung Shui Wai,(Robin’s Nest) 鳳溪第一中學 Fung Kai No. 1 Secondary School,(Robin’s Nest) 虎地坳 Fu Tei Au,(Robin’s Nest) 長甫頭 Cheung Po Tau,(Robin’s Nest) 羅湖道 Lo Wu Station Road,(Robin’s Nest) 沙嶺 Sandy Ridge,"(Robin’s Nest) 文錦渡路，近新屋嶺 Man Kam To Road, near San Uk Ling",(Robin’s Nest) 新屋嶺 San Uk Ling,(Robin’s Nest) 木湖 Muk Wu,"(Robin’s Nest) 蓮麻坑路，近瓦窰村兒童遊樂場 Lin Ma Hang Road, near Nga Yiu Village Children's Playground",(Robin’s Nest) 鳳凰湖 Fung Wong Wu,(Robin’s Nest) 打鼓嶺村 Ta Kwu Ling Village,"(Robin’s Nest) 蓮麻坑路，近打鼓嶺警署 Lin Ma Hang Road, near Ta Kwu Ling Police Station",(Robin’s Nest) 較寮 Kaw Liu,(Robin’s Nest) 竹園 Chuk Yuen,(Robin’s Nest) 打鼓嶺（松園下）總站 Ta Kwu Ling (Tsung Yuen Ha) Bus Terminus,"(Robin’s Nest) 蓮麻坑路，近松園下 Lin Ma Hang Road, near Tsung Yuen Ha",(Robin’s Nest) 蓮麻坑小巴總站 Lin Ma Hang Minibus Terminus,,,,,,,,,,,,,,,,,,,,,,,,,,,
22X,CMPattern_CM_GMBBus_22x_7629,9.2,9.512362189,Southern District Northwest > Western > Central,FALSE,"利牧徑，薄扶林花園 Claymore Avenue, Pok Fu Lam Garden",Southern District Northwest,中環（中環碼頭） Central (Central Ferry Piers),Central,中環中環碼頭 Central (Central Ferry Piers),"(Southern District Northwest) 利牧徑，薄扶林花園 Claymore Avenue, Pok Fu Lam Garden",(Southern District Northwest) 薄扶林村 Pok Fu Lam Village,"(Southern District Northwest) 薄扶林道141號 Pok Fu Lam Road, House No. 141","(Southern District Northwest) 薄扶林道，心光學校 Ebenezer School, Pok Fu Lam Road","(Southern District Northwest) 薄扶林道，瑪麗醫院對面 Pok Fu Lam Road, Opposite Queen Mary Hospital","(Southern District Northwest) 薄扶林道，啟明寺 Pok Fu Lam Road, Kai Ming Temple","(Western) 薄扶林道，蒲飛路 Pok Fu Lam Road, Pokfield Road","(Central) 薄扶林道，寶翠園 Pok Fu Lam Road, Belcher Gardens",(Central) 薄扶林道山道天橋以西巴士停車處西端 Pok Fu Lam Road Western End of Bus Bay West of Hill Road Flyover,"(Central) 民祥街，近國際金融中心二期 Man Cheung Street, near Two International Finance Centre",(Central) 中環（交易廣場） Central (Exchange Square),(Central) 中環（中環碼頭） Central (Central Ferry Piers),,,,,,,,,,,,,,,,,,,,,,,,,,,,,,,,,,,
22X,CMPattern_CM_GMBBus_22x_7630,9.2,10.75082218,Southern District Northwest > Western > Central,FALSE,"利牧徑，薄扶林花園 Claymore Avenue, Pok Fu Lam Garden",Southern District Northwest,中環（中環碼頭） Central (Central Ferry Piers),Central,中環中環碼頭（經雅緻洋房） Central (Central Ferry Piers) (via Yat Chee Villas),"(Southern District Northwest) 利牧徑，薄扶林花園 Claymore Avenue, Pok Fu Lam Garden",(Southern District Northwest) 富明苑 Fu Ming Yuen,(Southern District Northwest) 富俊苑 Fu Chun Yuen,"(Southern District Northwest) 置富道第10座外 Chi Fu Road, outside Block No. 10",(Southern District Northwest) 雅緻洋房 Yat Chee Villas,(Southern District Northwest) 薄扶林村 Pok Fu Lam Village,"(Southern District Northwest) 薄扶林道141號 Pok Fu Lam Road, House No. 141","(Southern District Northwest) 薄扶林道，心光學校 Ebenezer School, Pok Fu Lam Road","(Southern District Northwest) 薄扶林道，瑪麗醫院對面 Pok Fu Lam Road, Opposite Queen Mary Hospital","(Southern District Northwest) 薄扶林道，啟明寺 Pok Fu Lam Road, Kai Ming Temple","(Western) 薄扶林道，蒲飛路 Pok Fu Lam Road, Pokfield Road","(Central) 薄扶林道，寶翠園 Pok Fu Lam Road, Belcher Gardens",(Central) 薄扶林道山道天橋以西巴士停車處西端 Pok Fu Lam Road Western End of Bus Bay West of Hill Road Flyover,"(Central) 民祥街，近國際金融中心二期 Man Cheung Street, near Two International Finance Centre",(Central) 中環（交易廣場） Central (Exchange Square),(Central) 中環（中環碼頭） Central (Central Ferry Piers),,,,,,,,,,,,,,,,,,,,,,,,,,,,,,,
31,CMPattern_CM_GMBBus_31_2_8748,5.9,8.633063626,Yuen Long Town Centre > Tin Shui Wai South and Ping Ha > Yuen Long Rural East > Tin Shui Wai South and Ping Ha > Yuen Long Town Centre,TRUE,"康景街，近利景樓 Hong King Street, near Lee King Building",Yuen Long Town Centre,"康景街，近利景樓 Hong King Street, near Lee King Building",Yuen Long Town Centre,元朗康景街 - 唐人新村（循環綫） Yuen Long (Hong King Street) - Tong Yan Sun Tsuen (Circular),"(Yuen Long Town Centre) 康景街，近利景樓 Hong King Street, near Lee King Building",(Yuen Long Town Centre) 元朗警署 Yuen Long Police Station,(Tin Shui Wai South and Ping Ha) 水邊村 Shui Pin Tsuen,(Yuen Long Rural East) 朗邊 Long Bin,"(Yuen Long Rural East) 唐人新村路，近唐人新村遊樂場 Tong Yan San Tsuen Road, near Tong Yan San Tsuen Playground",(Yuen Long Rural East) 屏康里 Ping Hong Lane,"(Yuen Long Rural East) 唐人新村路，近瑋珊園第一座 Tong Yan San Tsuen Road, near Jasper Court Block 1",(Yuen Long Rural East) 沙井村 Sha Tseng Tsuen,"(Yuen Long Rural East) 沙井路，近金碧花園第3座 Sha Tseng Road, near The Eldorado Block 3",(Yuen Long Rural East) 啟欣軒 Kisland Villa,"(Yuen Long Rural East) 沙井路，近金沙花園第六座 Sha Tseng Road, near Windsor Villa Block 6",(Yuen Long Rural East) 山唐蔬菜站 Shan Tong Vegetable Station,(Yuen Long Rural East) 柏𣾷 The Parkhill,(Yuen Long Rural East) 唐人新村路122號 122 Tong Yan San Tsuen Road,"(Yuen Long Rural East) 唐人新村路，近采茵軒1座 Tong Yan San Tsuen Road, near Recours La Serre Block 1",(Yuen Long Rural East) 唐人新村路100號 100 Tong Yan San Tsuen Road,(Yuen Long Rural East) 唐人新村路86號 86 Tong Yan San Tsuen Road,"(Yuen Long Rural East) 唐人新村路，近柏逸 Tong Yan San Tsuen Road, near Park Hillcrest",(Yuen Long Rural East) 唐人新村花園 Tong Yan San Tsuen Garden,"(Yuen Long Rural East) 唐人新村路，近唐人新村花園 Tong Yan San Tsuen Road, near Tong Yan San Tsuen Garden","(Yuen Long Rural East) 唐人新村路，近基達花園第二期 Tong Yan San Tsuen Road, near Ki Tat Garden Phase II",(Yuen Long Rural East) 屏康里 Ping Hong Lane,(Tin Shui Wai South and Ping Ha) 唐人新村遊樂場 Tong Yan San Tsuen Playground,"(Tin Shui Wai South and Ping Ha) 青山公路，近屏山站 Castle Peak Road, near Ping Shan Stop",(Tin Shui Wai South and Ping Ha) 朗庭園 Villa By The Park,"(Yuen Long Town Centre) 青山公路，元朗天主教中學外 Castle Peak Road, outside Yuen Long Catholic Secondary School",(中西區) 康樂廣場 - 交易廣場外,(中西區) 中環(中環碼頭),,,,,,,,,,,,,,,,,,,
46,CMPattern_CM_GMBBus_46_1_6004,8.3,10.52356408,Kwun Tong West > Kowloon City North > Kowloon City South > Yau Tsim Mong North,FALSE,"啟仁街，九龍灣健康中心那打素護養院對面 Kai Tan Street, Opposite Kowloon Bay Centre Ho Miu Ling Nethersole Nursing Home",Kwun Tong West,大角咀（維港灣）公共運輸交滙處 Tai Kok Tsui (Island Harbourview) Public Transport Interchange,Yau Tsim Mong North,大角咀奧運站（經大角嘴天主教小學（海帆道）） Tai Kok Tsui (Olympic Station) (via Tai Kok Tsui Catholic Primary School (Hoi Fan Road)),"(Kwun Tong West) 啟仁街，九龍灣健康中心那打素護養院對面 Kai Tan Street, Opposite Kowloon Bay Centre Ho Miu Ling Nethersole Nursing Home","(Kwun Tong West) 啟禮道，單車公園對面 Kai Lai Road, Opposite Cycling Park","(Kwun Tong West) 宏照道，九龍灣運動場外 Wang Chiu Road, outside Kowloon Bay Sports Ground","(Kwun Tong West) 觀塘道，近新秀大廈 Kwun Tong Road, near New Horizons Building","(Kowloon City North) 太子道東，采頤花園對面 Prince Edward Road East, Opposite Rhythm Garden","(Kowloon City North) 太子道東，譽．港灣對面 Prince Edward Road East, Opposite The Latitude","(Kowloon City North) 太子道東，富豪東方酒店對面 Prince Edward Road East, Opposite Regal Oriental Hotel","(Kowloon City North) 太子道西，蘭苑外 Prince Edward Road West, outside Lan Yuen",(Kowloon City North) 太子道西近科發道 Prince Eward Road West near Forfar Road,"(Kowloon City North) 太子道西，聖德肋撒法國醫院外 Prince Edward Road West, outside St. Teresa's Hospital","(Kowloon City North) 太子道西，愛華閣第二期外 Prince Edward Road West, outside Edwardian Heights Phase II",(Kowloon City North) 伯爵街 Earl Street,(Kowloon City South) 聖德肋撒堂 St. Teresa's Church,"(Yau Tsim Mong North) 太子道西，新世紀廣場外 Prince Edward Road West, outside Grand Century Plaza","(Yau Tsim Mong North) 太子道西，別樹一居外 Prince Edward Road West, outside Bijou Court","(Yau Tsim Mong North) 太子道西，維景酒店外 Prince Edward Road West, outside Metropark Hotel","(Yau Tsim Mong North) 通州街，旺角消防局對面 Tung Chau Street, Opposite Mongkok Fire Station","(Yau Tsim Mong North) 大角咀道，中英樓對面 Tai Kok Tsui Road, Opposite Chung Ying Building","(Yau Tsim Mong North) 大角咀道，大同新邨大公樓對面 Tai Kok Tsui Road, Opposite Tai Kung Building, Tai Tung Sun Tseun","(Yau Tsim Mong North) 大角咀道，新九龍廣場外 Tai Kok Tsui Road, outside New Kowloon Plaza","(Yau Tsim Mong North) 櫻桃街，奧海城第二期外小巴總站 Cherry Street, Public Light Bus Terminus outside Olympian City Phase II",(Yau Tsim Mong North) 海輝道近浪澄灣 Hoi Fai Road near The Long Beach,"(Yau Tsim Mong North) 海帆道，大角咀天主教小學 Hoi Fan Road, outside Tai Kok Tsui Catholic Primary School",(Yau Tsim Mong North) 大角咀（維港灣）公共運輸交滙處 Tai Kok Tsui (Island Harbourview) Public Transport Interchange,,,,,,,,,,,,,,,,,,,,,,,
35,CMPattern_CM_GMBBus_35_6338,10.2,12.83010804,Tin Shui Wai South and Ping Ha > Yuen Long Town Centre,FALSE,沙橋村（尖鼻咀）小巴總站 Sha Kiu Tsuen (Tsim Bei Tsui) Minibus Terminus,Tin Shui Wai South and Ping Ha,"泰豐街，近泰豐樓 Tai Fung Street, near Tai Fung House",Yuen Long Town Centre,元朗泰豐街 Yuen Long (Tai Fung Street),(Tin Shui Wai South and Ping Ha) 沙橋村（尖鼻咀）小巴總站 Sha Kiu Tsuen (Tsim Bei Tsui) Minibus Terminus,"(Tin Shui Wai South and Ping Ha) 深灣路，近尖鼻咀有機農莊 Deep Bay Road, near Tsim Bei Tsui Organic Farm",(Tin Shui Wai South and Ping Ha) 輞井村 Mong Tseng Tsuen,(Tin Shui Wai South and Ping Ha) 輞井圍小巴總站 Mong Tseng Wai Minibus Terminus,(Tin Shui Wai South and Ping Ha) 輞井村 Mong Tseng Tsuen,(Tin Shui Wai South and Ping Ha) 雲浮仙館 Wan Fou Sin Koon,(Tin Shui Wai South and Ping Ha) 流浮山小巴總站 Lau Fau Shan Minibus Terminus,(Tin Shui Wai South and Ping Ha) 新慶村 San Hing Tsuen,"(Tin Shui Wai South and Ping Ha) 流浮山道，近金莎花園 Lau Fau Shan Road, near Windsor Villa",(Tin Shui Wai South and Ping Ha) 屏廈路，近榮江園 Ping Ha Road,(Tin Shui Wai South and Ping Ha) 東頭村 Tung Tau Tsuen,(Tin Shui Wai South and Ping Ha) 羅屋村 Lo Uk Tsuen,(Tin Shui Wai South and Ping Ha) 錫降圍 Shek Kong Wai,"(Tin Shui Wai South and Ping Ha) 屏廈路，近廈村市富怡花園第二期第十座 Ping Ha Road, near Fu Yee Garden Phase 2 Block 10, Ha Tsuen Shi",(Tin Shui Wai South and Ping Ha) 沙洲里村 Sha Chau Lei Tsuen,"(Tin Shui Wai South and Ping Ha) 屏廈路，元朗公立中學校友會鄧兆棠中學外 Ping Ha Road, outside Ylpmsaa Tang Siu Tong Secondary School","(Tin Shui Wai South and Ping Ha) 屏廈路，近上章圍一號及二號雨水泵房 Ping Ha Road, near Sheung Cheung Wai No. 1 and No. 2 Stormwater Pumping Station",(Tin Shui Wai South and Ping Ha) 坑尾村 Hang Mei Tsuen,(Tin Shui Wai South and Ping Ha) 屏興里 Ping Hing Lane,"(Tin Shui Wai South and Ping Ha) 屏廈路，近世紀中心 Ping Ha Road, near Century Centre","(Tin Shui Wai South and Ping Ha) 青山公路，近屏山站 Castle Peak Road, near Ping Shan Stop",(Tin Shui Wai South and Ping Ha) 朗庭園 Villa By The Park,"(Yuen Long Town Centre) 青山公路，元朗天主教中學外 Castle Peak Road, outside Yuen Long Catholic Secondary School",(Yuen Long Town Centre) 元朗廣場 Yuen Long Plaza,"(Yuen Long Town Centre) 青山公路－元朗段，近建成樓 Castle Peak Road, Yuen Long, near Kin Shing Building, King Sing Building","(Yuen Long Town Centre) 同樂街，近金華樓 Tung Lok Street, near Kam Wah Building",,,,,,,,,,,,,,,,,,,,,
56B,CMPattern_CM_GMBBus_56b_1_7776,9.9,6.577442597,Wu Tip Shan,FALSE,粉嶺站專綫小巴總站 Public Light Bus (Scheduled) Service Terminus at Fanling Station,Wu Tip Shan,丹竹坑（獅頭嶺村） Tan Chuk Hang (Sze Tau Leng Tsuen),Wu Tip Shan,丹竹坑 Tan Chuk Hang,(Wu Tip Shan) 粉嶺站專綫小巴總站 Public Light Bus (Scheduled) Service Terminus at Fanling Station,"(Wu Tip Shan) 聯和墟球場，沙頭角公路 Luen Wo Hui Playground, Sha Tau Kok Road","(Wu Tip Shan) 新屋村／覲龍圍，沙頭角公路 San Uk Tsuen / Kan Lung Wai, Sha Tau Kok Road",(Wu Tip Shan) 新圍軍營 San Wai Barracks,(Wu Tip Shan) 軍地 Kwan Tei,"(Wu Tip Shan) 流水響，沙頭角公路 Lau Shui Heung, Sha Tau Kok Road",(Wu Tip Shan) 坪輋路 Ping Che Road,"(Wu Tip Shan) 沙頭角公路，坪輋路 Sha Tau Kok Road, Ping Che Road",(Wu Tip Shan) 簡頭村路口 Kan Tau Tsuen,(Wu Tip Shan) 嶺皮村 Leng Pei Tsuen,(Wu Tip Shan) 丹竹坑村 Tan Chuk Hang Tsuen,(Wu Tip Shan) 新屋仔村 San Uk Tsai Tsuen,(Wu Tip Shan) 丹竹坑（獅頭嶺村） Tan Chuk Hang (Sze Tau Leng Tsuen),,,,,,,,,,,,,,,,,,,,,,,,,,,,,,,,,,
56A,CMPattern_GMBBus56A_8564,11,7.774888648,Wan Chai > Central,FALSE,天后公共運輸交滙處 Tin Hau Public Transport Interchange,Wan Chai,"羅便臣道，秀麗閣對面 Robinson Road, Opposite Serene Court",Central,半山區羅便臣道 Mid-Levels (Robinson Road),(Wan Chai) 天后公共運輸交滙處 Tin Hau Public Transport Interchange,(Wan Chai) 皇仁書院 Queen's College,"(Wan Chai) 高士威道，近摩頓臺 Causeway Road, near Moreton Terrace",(Wan Chai) 渣甸街 Jardine's Bazaar,(Wan Chai) 跑馬地馬場 Happy Valley Racecourse,"(Wan Chai) 皇后大道東，近華仁書院入口 Queen's Road East, near Wah Yan College Access Road",(Wan Chai) 皇后大道東231-233號 No. 231-233 Queen's Road East,"(Wan Chai) 皇后大道東，近胡忠大廈 Queen's Road East, near Wu Chung House","(Wan Chai) 皇后大道東，合和中心外 Queen's Road East, outside Hopewell Centre",(Wan Chai) 東美中心 Dominion Centre,"(Wan Chai) 皇后大道東，太古廣場第三座外 Queen's Road East, outside Three Pacific Place","(Central) 金鐘道，太古廣場外 Queensway, outside Pacific Place","(Central) 紅棉路，香港壁球中心 Hong Kong Squash Centre, Cotton Tree Drive",(Central) 羅便臣道1號 No. 1 Robinson Road,(Central) 嘉諾撒醫院 Canossa Hospital,(Central) 薈萃苑 Regal Crest,(Central) 羅便臣道29號 No.29 Robinson Road,(Central) 卑利街 Peel Street,(Central) 羅便臣道65號 No. 65 Robinson Road,(Central) 羅便臣道101號 No. 101 Robinson Road,(Central) 翡翠園 Ascot Park,(Central) 屋蘭士街 Oaklands Avenue,(Central) 俊賢花園 Lyttelton Garden,"(Central) 列堤頓道，近巴炳頓道 Lyttelton Road, near Babington Road",(Central) 瓊峰臺 Kingsford Terrace,(Central) 第一大廈 First Mansion,,,,,,,,,,,,,,,,,,,,,
25B,CMPattern_CM_GMBBus_25b_1_8746,7.2,11.37649432,Tai Po South > Tai Po North > Tai Po South > Tai Po North > Tai Po South > Tai Po North > Tai Po South,TRUE,大埔墟（寶鄕街大埔社區中心外）總站 Tai Po Market (Po Heung Street outside Tai Po Community Centre) Terminus,Tai Po South,大埔墟（寶鄕街大埔社區中心外）總站 Tai Po Market (Po Heung Street outside Tai Po Community Centre) Terminus,Tai Po South,大埔墟 - 大窩（循環綫） Tai Po Market - Tai Wo (Circular),(Tai Po South) 大埔墟（寶鄕街大埔社區中心外）總站 Tai Po Market (Po Heung Street outside Tai Po Community Centre) Terminus,"(Tai Po South) 寶鄉街，近寶鄉橋休憩處 Po Heung Street, near Po Heung Bridge Sitting-Out Area","(Tai Po North) 大埔太和路，林村河畔 Tai Po Tai Wo Road, Lam Tsuen River Side",(Tai Po South) 太和廣場 Tai Wo Plaza,(Tai Po South) 水圍 Shui Wai,(Tai Po South) 帝欣苑 Parc Versailles,"(Tai Po South) 大窩西支路，圍頭 Tai Wo Service Road West, Wai Tau","(Tai Po South) 大窩西支路，泰亨 Tai Wo Service Road West, Tai Hang",(Tai Po North) 聯合熱帶魚場 Union Tropical Fish Farm,(Tai Po North) 大窩 Tai Wo,"(Tai Po South) 大窩西支路，大窩 Tai Wo Service Road West, Tai Wo","(Tai Po South) 大窩西支路，泰亨 Tai Wo Service Road West, Tai Hang","(Tai Po South) 大窩西支路，圍頭 Tai Wo Service Road West, Wai Tau",(Tai Po South) 帝欣苑 Parc Versailles,(Tai Po South) 水圍 Shui Wai,"(Tai Po South) 太和邨太和廣場西翼 Tai Wo Plaza West Wing, Tai Wo Estate","(Tai Po South) 汀角路，近大埔政府合署 Ting Kok Road, near Tai Po Government Offices","(Tai Po North) 大埔太和路，大埔舊墟遊樂場外 Tai Po Tai Wo Road, outside Tai Po Old Market Playground","(Tai Po South) 寶鄉街，近寶鄉橋 Po Heung Street, near Po Heung Bridge",(Tai Po South) 懷義街 Wai Yee Street,(Tai Po South) 大埔墟（寶鄕街大埔社區中心外）總站 Tai Po Market (Po Heung Street outside Tai Po Community Centre) Terminus,,,,,,,,,,,,,,,,,,,,,,,,,,
68,CMPattern_CM_GMBBus_68_1_8396,6.7,12.24211944,Wong Tai Sin East > Kwun Tong West > Kwun Tong Central > Kwun Tong West > Kwun Tong Central > Kwun Tong West > Wong Tai Sin East,TRUE,"豐盛街，近彩雲邨彩雲（一）邨觀日樓 Fung Shing Street, near Koon Yat House, Choi Wan (I) Estate, Choi Wan Estate",Wong Tai Sin East,"豐盛街，近彩雲邨彩雲（一）邨觀日樓 Fung Shing Street, near Koon Yat House, Choi Wan (I) Estate, Choi Wan Estate",Wong Tai Sin East,彩雲邨 - 九龍灣（經臨澤街）（循環綫） Choi Wan Estate - Kowloon Bay (via Lam Chak Street) (Circular),"(Wong Tai Sin East) 豐盛街，近彩雲邨彩雲（一）邨觀日樓 Fung Shing Street, near Koon Yat House, Choi Wan (I) Estate, Choi Wan Estate","(Wong Tai Sin East) 清水灣道，彩雲商場2期 B 對出 Clear Water Bay Road, outside Choi Wan Commercial Complex Phase IIB","(Kwun Tong West) 清水灣道坪石邨鑽石樓外 Clear Water Bay Road, outside Tsuen Shek House, Ping Shek Estate","(Kwun Tong West) 彩石里，近聖若瑟英文小學 Choi Shek Lane, near St. Joseph's Anglo-Chinese Primary School","(Kwun Tong West) 觀塘道，近德福花園 T1 座 Kwun Tong Road, near Telford Gardens Block T1","(Kwun Tong West) 觀塘道，近牛頭角下邨貴亮樓 Kwun Tong Road, near Kwai Leung House, Lower Ngau Tau Kok Estate","(Kwun Tong West) 牛頭角道，近牛頭角上邨常興樓 Ngau Tau Kok Road, near Sheung Hing House, Upper Ngau Tau Kok Estate","(Kwun Tong Central) 牛頭角道，近花園大廈喜鵲樓 Ngau Tau Kok Road, near Hay Cheuk Lau, Garden Estate","(Kwun Tong Central) 勵業街，近翠華集團中心 Lai Yip Street, near Tsui Wah Group Centre","(Kwun Tong Central) 海濱道123號，香港綠景 Neo 對面 123 Hoi Bun Road, Opposite Hong Kong Lvgem Neo",(Kwun Tong Central) 海濱道 One Bay East 對面 Hoi Bun Road Opposite To One Bay East,(Kwun Tong Central) 啓興道九龍貨倉外 Kai Hing Road outside Kowloon Godown,(Kwun Tong Central) 臨澤街傲騰廣場對面 Lam Chak Street Opposite To Octa Tower,"(Kwun Tong Central) 祥業街近消防局 Cheung Yip Street, Kai Tai Fire Station",(Kwun Tong West) Megabox 內的避車處 The Layby Inside Megabox,(Kwun Tong West) 企業廣場 Enterprise Square,"(Kwun Tong Central) 海濱道，近鴻業街 Hoi Bun Road, near Hung Yip Street",(Kwun Tong Central) 海濱道近 One Bay East Hoi Bun Road near One Bay East,(Kwun Tong Central) 綠景 Neo,"(Kwun Tong Central) 牛頭角道，近觀塘官立小學 Ngau Tau Kok Road, near Kwun Tong Government Primary School","(Kwun Tong Central) 牛頭角道，安德大廈外 Ngau Tau Kok Road, outside On Tak Building","(Kwun Tong West) 牛頭角道，牛頭角市政大廈對面 Ngau Tau Kok Road, Opposite Ngau Tau Kok Municipal Services Building","(Kwun Tong West) 牛頭角道，近淘大花園 I 座 Ngau Tau Kok Road, near Amoy Gardens Block I",(Wong Tai Sin East) 牛池灣街市 Ngau Chi Wan Market,(Wong Tai Sin East) 牛池灣公共交通總站 Ngau Chi Wan Public Transport Terminus,(Wong Tai Sin East) 白虹樓 Pak Hung House,,,,,,,,,,,,,,,,,,,,,
75,CMPattern_CM_GMBBus_75_2_8177,5.2,7.142069455,Sham Shui Po West > Sham Shui Po East > Sham Shui Po West > Sham Shui Po East > Sham Shui Po West,TRUE,"西邨路，近富昌邨富旺樓 Sai Chuen Road, near Fu Wong House, Fu Cheong Estate",Sham Shui Po West,"西邨路，近富昌邨富旺樓 Sai Chuen Road, near Fu Wong House, Fu Cheong Estate",Sham Shui Po West,深水埗富昌邨 - 長沙灣青山道（經大南西街）（循環綫） Sham Shui Po (Fu Cheong Estate) - Cheung Sha Wan (Castle Peak Road) (via Tai Nan West Street) (Circular),"(Sham Shui Po West) 西邨路，近富昌邨富旺樓 Sai Chuen Road, near Fu Wong House, Fu Cheong Estate",(Sham Shui Po West) 庫務大樓 Treasury Building,(Sham Shui Po West) 榮昌邨 Wing Cheong Estate,(Sham Shui Po West) 富昌邨富悅樓 Fu Yuet House Fu Cheong Estate,(Sham Shui Po West) 南昌邨 Nam Cheong Estate,"(Sham Shui Po East) 欽州街，近欽州大廈 Yen Chow Street, near Yen Chow House","(Sham Shui Po East) 欽州街，近西九龍中心 Yen Chow Street, near Dragon Centre","(Sham Shui Po East) 長沙灣道，近長沙灣政府合署 Cheung Sha Wan Road, near Cheung Sha Wan Government Offices",(Sham Shui Po East) 怡閣苑 Yee Kok Court,(Sham Shui Po West) 東京街 Tonkin Street,"(Sham Shui Po West) 長沙灣道，長沙灣遊樂場 Cheung Sha Wan Road, Cheung Sha Wan Playground","(Sham Shui Po West) 長沙灣道，近聖公會基福小學 Cheung Sha Wan Road, near SKH Kei Fook Primary School",(Sham Shui Po West) 長沙灣道近長沙灣徑 Cheung Sha Wan Road near Cheung Sha Wan Path,"(Sham Shui Po West) 長沙灣道，億利工業中心外 Cheung Sha Wan Road, outside Elite Industrial Centre","(Sham Shui Po West) 青山道，近製衣中心 Castle Peak Road, near Garment Centre",(Sham Shui Po West) 光昌街 Kwong Cheung Street,"(Sham Shui Po West) 青山道，近康利大廈 Castle Peak Road, near Hong Lee Building",(Sham Shui Po West) 興華街 Hing Wah Street,(Sham Shui Po West) 長發街 Cheung Fat Street,(Sham Shui Po West) 青山道238號外 No. 238 Castle Peak Road,"(Sham Shui Po West) 青山道，近永隆大廈 Castle Peak Road, near Wing Lung Building","(Sham Shui Po West) 東京街，近海旭閣 Tonkin Street, near Graces Court","(Sham Shui Po East) 東京街，近整流變壓器房 Tonkin Street, near Rectifier Transformer Room","(Sham Shui Po East) 荔枝角道，近麗閣邨麗蘿樓 Lai Chi Kok Road, near Lai Lo House, Lai Kok Estate",(Sham Shui Po East) 深水埗警署 Sham Shui Po Police Station,"(Sham Shui Po East) 桂林街，近豐年閣 Kweilin Street, near Fung Lin Court",,,,,,,,,,,,,,,,,,,,,
54K,CMPattern_CM_GMBBus_54k_6190,5.6,8.160153519,Wu Tip Shan,TRUE,粉嶺站專綫小巴總站 Public Light Bus (Scheduled) Service Terminus at Fanling Station,Wu Tip Shan,粉嶺站專綫小巴總站 Public Light Bus (Scheduled) Service Terminus at Fanling Station,Wu Tip Shan,粉嶺站 - 龍躍頭（循環綫） Fanling Station - Lung Yeuk Tau (Circular),(Wu Tip Shan) 粉嶺站專綫小巴總站 Public Light Bus (Scheduled) Service Terminus at Fanling Station,"(Wu Tip Shan) 粉嶺樓路，粉嶺禮賢會中學對面 Fan Leng Lau Road, Opposite Fanling Rhenish Church Secondary School",(Wu Tip Shan) 和泰街39號 No. 39 Wo Tai Street,(Wu Tip Shan) 和滿街小巴總站 Wo Mun Street Public Light Bus Terminus,(Wu Tip Shan) 安樂門街 On Lok Mun Street,(Wu Tip Shan) 樂業路 Lok Yip Road,(Wu Tip Shan) 安全街 On Chuen Street,(Wu Tip Shan) 崇謙堂 Shung Him Tong,(Wu Tip Shan) 麻笏圍 Ma Wat Wai,(Wu Tip Shan) 老圍 Lo Wai,(Wu Tip Shan) 松嶺鄧公祠 Tang Chung Ling Ancestral Hall,(Wu Tip Shan) 祠堂村 Tsz Tong Tsuen,(Wu Tip Shan) 東閣圍 Tung Kok Wai,"(Wu Tip Shan) 萃雲路，近麻笏村 Sui Wan Road, near Ma Wat Tsuen",(Wu Tip Shan) 永寧村 Wing Ning Tsuen,(Wu Tip Shan) 永寧圍 Wing Ning Wai,(Wu Tip Shan) 龍躍頭 Lung Yeuk Tau,(Wu Tip Shan) 御庭軒 Grand Regentville,"(Wu Tip Shan) 聯和道，聯和墟街市外 Luen Wo Road, outside Luen Wo Hui Market","(Wu Tip Shan) 新運路，祥華邨祥頌樓外 San Wan Road, outside Cheung Chung House, Cheung Wah Estate",(Wu Tip Shan) 粉嶺站專綫小巴總站 Public Light Bus (Scheduled) Service Terminus at Fanling Station,,,,,,(大埔區) 汀角路 - 蘆慈田,(大埔區) 汀角路 - 龍尾村,(大埔區) 汀角路 - 龍尾,(大埔區) 大美督公共運輸交匯處,,,,,,,,,,,,,,,,,
20,CMPattern_CM_GMBBus_20_7603,7.2,9.877880163,Hong Wan > Chai Wan > Hong Wan,TRUE,嘉亨灣小巴總站 Grand Promenade Minibus Terminus,Hong Wan,嘉亨灣小巴總站 Grand Promenade Minibus Terminus,Hong Wan,西灣河嘉亨灣公共交通總站 - 柴灣豐業街（循環綫） Sai Wan Ho (Grand Promenade) Public Transport Terminus - Chai Wan (Fung Yip Street) (Circular),(Hong Wan) 嘉亨灣小巴總站 Grand Promenade Minibus Terminus,"(Hong Wan) 太安街，近逸濤灣春瑤軒 Tai On Street, near Le Printemps, Les Saisons","(Hong Wan) 太安街，近欣景花園第1座 Tai On Street, near Felicity Garden Block 1","(Hong Wan) 筲箕灣道，近福景閣 Shau Kei Wan Road, near 113-119 Shau Kei Wan Road","(Hong Wan) 筲箕灣道，近 Island Residence Shau Kei Wan Road, near Island Residence","(Hong Wan) 筲箕灣道，近南華大廈 Shau Kei Wan Road, near Nam Wah Building",(Hong Wan) 筲箕灣道345號 No. 345 Shau Kei Wan Road,"(Hong Wan) 柴灣道，近耀園花園大廈 Chai Wan Road, near Brilliant Court",(Chai Wan) 鯉魚門公園 Lei Yue Mun Park,"(Chai Wan) 柴灣道，近筲箕灣官立中學 Chai Wan Road, near Shau Kei Wan Government Secondary School","(Chai Wan) 柴灣道，循道衞理聯合教會興華村服務中心對面 Chai Wan Road, Opposite The Methodist Church Epworth Village Community Centre",(Chai Wan) 高威閣 Koway Court,"(Chai Wan) 柴灣道，康民工業中心 Chai Wan Road, Hing Man Industrial Centre",(Chai Wan) 怡泰街 Yee Tai Street,"(Chai Wan) 柴灣道，宏德居外 Chai Wan Road, outside Walton Estate","(Chai Wan) 柴灣道，漁灣邨外 Chai Wan Road, outside Yu Wan Estate","(Chai Wan) 豐業街，啟力工業中心外 Fung Yip Street, outside Kailey Industrial Centre","(Chai Wan) 豐業街，近志同昌工業大廈 Fung Yip Street, near Gee Tung Chang Industrial Building","(Chai Wan) 新業街，八號商業廣場外 Sun Yip Street, outside Commercial Tower 8",(Chai Wan) 富城閣 Fu Shing Court,"(Chai Wan) 柴灣道，樂軒臺外 Chai Wan Road, outside Lok Hin Terrace",(Chai Wan) 樂軒臺 Lok Hin Terrace,"(Chai Wan) 柴灣道，環翠邨街市外 Chai Wan Road, outside Wan Tsui Estate Market",(Chai Wan) 青年廣場 Youth Square,"(Chai Wan) 柴灣道，興華邨裕興樓外 Chai Wan Road, outside Hing Wah Estate Yu Hing House","(Chai Wan) 柴灣道，近山翠苑 B 座 Chai Wan Road, near Shan Tsui Court Block B",,,,,,,,,,,,,,,,,,,,,
46,CMPattern_CM_GMBBus_46_6002,8.3,9.557051047,Kwun Tong West > Kowloon City North > Kowloon City South > Yau Tsim Mong North,FALSE,"啟仁街，九龍灣健康中心那打素護養院對面 Kai Tan Street, Opposite Kowloon Bay Centre Ho Miu Ling Nethersole Nursing Home",Kwun Tong West,大角咀（維港灣）公共運輸交滙處 Tai Kok Tsui (Island Harbourview) Public Transport Interchange,Yau Tsim Mong North,大角咀奧運站 Tai Kok Tsui (Olympic Station),"(Kwun Tong West) 啟仁街，九龍灣健康中心那打素護養院對面 Kai Tan Street, Opposite Kowloon Bay Centre Ho Miu Ling Nethersole Nursing Home","(Kwun Tong West) 啟禮道，單車公園對面 Kai Lai Road, Opposite Cycling Park","(Kwun Tong West) 宏照道，九龍灣運動場外 Wang Chiu Road, outside Kowloon Bay Sports Ground","(Kwun Tong West) 觀塘道，近新秀大廈 Kwun Tong Road, near New Horizons Building","(Kowloon City North) 太子道東，采頤花園對面 Prince Edward Road East, Opposite Rhythm Garden","(Kowloon City North) 太子道東，譽．港灣對面 Prince Edward Road East, Opposite The Latitude","(Kowloon City North) 太子道東，富豪東方酒店對面 Prince Edward Road East, Opposite Regal Oriental Hotel","(Kowloon City North) 太子道西，蘭苑外 Prince Edward Road West, outside Lan Yuen",(Kowloon City North) 太子道西近科發道 Prince Eward Road West near Forfar Road,"(Kowloon City North) 太子道西，聖德肋撒法國醫院外 Prince Edward Road West, outside St. Teresa's Hospital","(Kowloon City North) 太子道西，愛華閣第二期外 Prince Edward Road West, outside Edwardian Heights Phase II",(Kowloon City North) 伯爵街 Earl Street,(Kowloon City South) 聖德肋撒堂 St. Teresa's Church,"(Yau Tsim Mong North) 太子道西，新世紀廣場外 Prince Edward Road West, outside Grand Century Plaza","(Yau Tsim Mong North) 太子道西，別樹一居外 Prince Edward Road West, outside Bijou Court","(Yau Tsim Mong North) 太子道西，維景酒店外 Prince Edward Road West, outside Metropark Hotel","(Yau Tsim Mong North) 通州街，旺角消防局對面 Tung Chau Street, Opposite Mongkok Fire Station","(Yau Tsim Mong North) 大角咀道，中英樓對面 Tai Kok Tsui Road, Opposite Chung Ying Building","(Yau Tsim Mong North) 大角咀道，大同新邨大公樓對面 Tai Kok Tsui Road, Opposite Tai Kung Building, Tai Tung Sun Tseun","(Yau Tsim Mong North) 大角咀道，新九龍廣場外 Tai Kok Tsui Road, outside New Kowloon Plaza","(Yau Tsim Mong North) 櫻桃街，奧海城第二期外小巴總站 Cherry Street, Public Light Bus Terminus outside Olympian City Phase II",(Yau Tsim Mong North) 海輝道近浪澄灣 Hoi Fai Road near The Long Beach,(Yau Tsim Mong North) 大角咀（維港灣）公共運輸交滙處 Tai Kok Tsui (Island Harbourview) Public Transport Interchange,,,,,,,,,,,,,,,,,,,,,,,,
69A,CMPattern_CM_GMBBus_69a_6144,8.5,11.74100498,Southern District Northwest > Southern District Southeast > Southern District Northwest,TRUE,數碼港公共運輸交匯處 Cyberport Bus Terminus,Southern District Northwest,數碼港公共運輸交匯處 Cyberport Bus Terminus,Southern District Northwest,數碼港 - 香港仔（循環綫） Cyberport - Aberdeen (Circular),(Southern District Northwest) 數碼港公共運輸交匯處 Cyberport Bus Terminus,(Southern District Northwest) 資訊道 Information Crescent,"(Southern District Northwest) 數碼港道，數碼港3座對面 Cyberport Road, Opposite Cyberport 3","(Southern District Northwest) 數碼港道，貝沙灣1期對面 Cyperport Road, Opposite Bel-Air Phase 1","(Southern District Northwest) 數碼港道，近貝沙灣6期 Tower 7 Cyberport Road, near Bel-Air No. 8 Tower 7","(Southern District Northwest) 域多利道，域多利道分區電力站對面 Victoria Road, Opposite Victoria Road Zone Sub-Station","(Southern District Northwest) 域多利道，近免疫學研究院 Victoria Road, near Department of Health Institute of Immunology","(Southern District Northwest) 華康街，聖保羅書院小學 Wah Hong Street, St. Paul's College Primary School","(Southern District Northwest) 石排灣道，萬景樓外 Shek Pai Wan Road, outside Man King Building",(Southern District Northwest) 田灣街 Tin Wan Street,"(Southern District Northwest) 香港仔海傍道，香港仔巴士總站外 Aberdeen Praya Road, outside Aberdeen Bus Terminus","(Southern District Southeast) 香港仔大道48-50號，業漁大樓外 48-50 Aberdeen Main Road, outside Yip Yee Mansion","(Southern District Southeast) 甄沾記大廈, 黃竹坑道 Yan's Tower, Wong Chuk Hang Road",(Southern District Southeast) 黃竹坑站 Wong Chuk Hang Station,"(Southern District Southeast) 香港仔海傍道，逸港居外 Aberdeen Praya Road, outside Ocean Court","(Southern District Northwest) 香港仔海傍道, 香港仔海濱公園對出, 近23705號電燈柱 Aberdeen Praya Road, outside Aberdeen Promenade, near Lamp Post No.23705","(Southern District Northwest) 香港仔海傍道，香港仔魚類批發市場外 Aberdeen Praya Road, outside Aberdeen Wholesale Fish Market","(Southern District Northwest) 田灣街，香港仔海傍道 Tin Wan Street, Aberdeen Praya Road",(Southern District Northwest) 華富道 Wah Fu Road,"(Southern District Northwest) 域多利道，近薄扶林消防局 Victoria Road, near Pok Fu Lam Fire Station",(Southern District Northwest) 華翠街 Wah Chui Street,(Southern District Northwest) 舊薄扶林狗房 Old Pok Fu Lam Kennels,"(Southern District Northwest) 貝沙灣南灣，數碼港道 Bel-Air On The Peak, Cyberport Road","(Southern District Northwest) 數碼港道，貝沙灣1期 Bel-Air Phase 1, Cyperport Road",(Southern District Northwest) 數碼港公共運輸交匯處 Cyberport Bus Terminus,,,,,,,,,,,,,,,,,,,,,,
69A,CMPattern_GMBBus69A_1_4372,9.7,10.37287671,Kwun Tong Central > Kowloon City North > Kowloon City South > Yau Tsim Mong North,FALSE,麗港城公共運輸交滙處 Laguna City Public Transport Interchange,Kwun Tong Central,"通菜街，旺角警署外 Tung Choi Street, outside Mong Kok Police Station",Yau Tsim Mong North,通菜街 Tung Choi Street,(Kwun Tong Central) 麗港城公共運輸交滙處 Laguna City Public Transport Interchange,"(Kwun Tong Central) 茶果嶺道，麗港中心商場外 Cha Kwo Ling Road, outside Laguna Arcade",(Kwun Tong Central) 觀塘偉樂街 Kwun Tong Wai Lok Street,"(Kowloon City North) 太子道東，采頤花園對面 Prince Edward Road East, Opposite Rhythm Garden","(Kowloon City North) 太子道東，譽．港灣對面 Prince Edward Road East, Opposite The Latitude","(Kowloon City North) 太子道東富豪東方酒店對面 Opposite Regal Oriental Hotel, Kowloon City","(Kowloon City North) 宋皇臺道，北帝街 Sung Wong Toi Road, Pak Tai Street",(Kowloon City North) 亞皆老街遊樂場 Argyle Street Playground,"(Kowloon City North) 太子道西，蘭苑外 Prince Edward Road West, outside Lan Yuen",(Kowloon City North) 太子道西近科發道 Prince Eward Road West near Forfar Road,"(Kowloon City North) 太子道西，聖德肋撒法國醫院外 Prince Edward Road West, outside St. Teresa's Hospital","(Kowloon City North) 太子道西，愛華閣第二期外 Prince Edward Road West, outside Edwardian Heights Phase II",(Kowloon City North) 伯爵街 Earl Street,(Kowloon City South) 聖德肋撒堂 St. Teresa's Church,"(Yau Tsim Mong North) 太子道西，新世紀廣場外 Prince Edward Road West, outside Grand Century Plaza","(Yau Tsim Mong North) 通菜街，旺角警署外 Tung Choi Street, outside Mong Kok Police Station",,,,,,,,,,,,,,,,,,,,,,,,,,,,,,,
69A,CMPattern_GMBBus69A_1_5885,9.7,10.22018714,Kwun Tong Central > Kowloon City North > Kowloon City South > Yau Tsim Mong North,FALSE,麗港城公共運輸交滙處 Laguna City Public Transport Interchange,Kwun Tong Central,"通菜街，旺角警署外 Tung Choi Street, outside Mong Kok Police Station",Yau Tsim Mong North,通菜街（經露明道） Tung Choi Street (via Lomond Road),(Kwun Tong Central) 麗港城公共運輸交滙處 Laguna City Public Transport Interchange,"(Kwun Tong Central) 茶果嶺道，麗港中心商場外 Cha Kwo Ling Road, outside Laguna Arcade",(Kwun Tong Central) 觀塘偉樂街 Kwun Tong Wai Lok Street,"(Kowloon City North) 太子道東，采頤花園對面 Prince Edward Road East, Opposite Rhythm Garden","(Kowloon City North) 太子道東，譽．港灣對面 Prince Edward Road East, Opposite The Latitude","(Kowloon City North) 太子道東富豪東方酒店對面 Opposite Regal Oriental Hotel, Kowloon City","(Kowloon City North) 宋皇臺道，北帝街 Sung Wong Toi Road, Pak Tai Street",(Kowloon City North) 真善美邨 Chun Seen Mei Chuen,(Kowloon City North) 露明道 Lomond Road,"(Kowloon City North) 太子道西，聖德肋撒法國醫院外 Prince Edward Road West, outside St. Teresa's Hospital","(Kowloon City North) 太子道西，愛華閣第二期外 Prince Edward Road West, outside Edwardian Heights Phase II",(Kowloon City North) 伯爵街 Earl Street,(Kowloon City South) 聖德肋撒堂 St. Teresa's Church,"(Yau Tsim Mong North) 太子道西，新世紀廣場外 Prince Edward Road West, outside Grand Century Plaza","(Yau Tsim Mong North) 通菜街，旺角警署外 Tung Choi Street, outside Mong Kok Police Station",,,,,,,,,,,,,,,,,,,,,,,,,,,,,,,,
2,CMPattern_CM_GMBBus_2_1_7508,7.5,8.841668634,Central,TRUE,香港站小巴總站 Hong Kong Station Minibus Terminus,Central,香港站小巴總站 Hong Kong Station Minibus Terminus,Central,中環香港站 - 舊山頂道（經金鐘）（循環綫） Central (Hong Kong Station) - Old Peak Road (via Admiralty) (Circular),(Central) 香港站小巴總站 Hong Kong Station Minibus Terminus,"(Central) 干諾道中，近大會堂 Connaught Road Central, near City Hall","(Central) 紅棉路，香港壁球中心 Hong Kong Squash Centre, Cotton Tree Drive",(Central) 寶雲道 Bowen Road,(Central) 嘉慧園 Grenville House,"(Central) 梅道，近 Gladdon May Road, near Gladdon",(Central) 世紀大廈 Century Tower,(Central) 地利根德閣 Tregunter Tower,"(Central) 梅道，近帝景園第3座 May Road, near Dynasty Court Tower 3",(Central) 干德道與香雪道交界 Junction of Conduit Road and Hornsey Road,"(Central) 羅便臣道，近香港動植物公園 Robinson Road, near Hong Kong Zoological and Botanical Gardens",(Central) 香港動植物公園 HK Zoological & Botanical Garden,(Central) 花園道 Garden Road,"(Central) 德立街，近遠東金融中心 Drake Street, near Far East Finance Centre","(Central) 康樂廣場，交易廣場外 Connaught Place, outside Exchange Square","(Central) 民耀街，近國際金融中心二期 Man Yiu Street, near Two International Finance Centre",(Central) 香港站小巴總站 Hong Kong Station Minibus Terminus,,,,,,,,,,,,,,,,,,,,,,,,,,,,,,
86,CMPattern_CM_GMBBus_86_1_6067,6.4,6.731897854,Tsuen Wan Southeast > Kwai Chung East,FALSE,海貴路公共運輸交滙處 Hoi Kwai Road Public Transport Interchange,Tsuen Wan Southeast,"梨貝街巴士站，石籬邨石俊樓外 Lei Pui Street Bus Terminus, outside Shek Chun House, Shek Lei Estate",Kwai Chung East,石籬梨貝街 Shek Lei (Lei Pui Street),(Tsuen Wan Southeast) 海貴路公共運輸交滙處 Hoi Kwai Road Public Transport Interchange,"(Tsuen Wan Southeast) 圓墩圍，荃灣大會堂外 Yuen Tun Circuit, outside Tsuen Wan Town Hall",(Tsuen Wan Southeast) 灣景廣場 Skyline Plaza,"(Tsuen Wan Southeast) 沙咀道，戴麟趾夫人分科診療所外 Sha Tsui Road, outside Lady Trench Polyclinic",(Tsuen Wan Southeast) 川龍街 Chuen Lung Street,(Tsuen Wan Southeast) 沙咀道285號 No. 285 Sha Tsui Road,(Tsuen Wan Southeast) 沙咀道305號 No. 305 Sha Tsui Road,(Tsuen Wan Southeast) 沙咀道393號 No. 393 Sha Tsui Road,"(Tsuen Wan Southeast) 德士古道，寶業大廈外 Texaco Road, outside Po Yip Building","(Tsuen Wan Southeast) 荃富街，近 W2168 號電燈柱 Tsuen Fu Street, near Lamp Post No. W2168","(Tsuen Wan Southeast) 青山公路荃灣段，警署外 Castle Peak Road-Tsuen Wan, outside Police Quarters","(Tsuen Wan Southeast) 青山公路荃灣段，大窩口站 B 入口外 Tai Wo Hau Station, Exit B",(Tsuen Wan Southeast) 國瑞路河背村 Ho Pui Village Kwok Shui Road,(Tsuen Wan Southeast) 縉庭山 Primrose Hill,(Tsuen Wan Southeast) 昌榮路迴旋處 Cheung Wing Road Gyratory,"(Kwai Chung East) 梨木道，海暉中心外 Lei Muk Road, outside Seapower Centre","(Kwai Chung East) 梨木道，葵寶大廈對面 Lei Muk Road, Opposite Kwai Po Building","(Kwai Chung East) 梨木道，寧峰苑外 Lei Muk Road, outside Ning Fung Court",(Kwai Chung East) 大白田街 Fb0411 號電燈柱，石蔭邨外 Shek Yam Estate,"(Kwai Chung East) 石排街，安蔭邨盛蔭樓外 Shek Pai Street, outside Shing Yam House, On Yam Estate",(Kwai Chung East) 石籬邨石欣樓 Shek Yan House Shek Lei Estate,"(Kwai Chung East) 石梨街，石籬邨第11座外 Shek Li Street, Block 11, Shek Lei Estate","(Kwai Chung East) 石梨街，石籬邨第8座外 Shek Li Street, Block 8, Shek Lei Estate",(Kwai Chung East) 石籬邨石佳樓 Shek Kai House Shek Lei Estate,(Kwai Chung East) 石籬邨石佳樓 Shek Kai House Shek Lei Estate,"(Kwai Chung East) 梨貝街巴士站，石籬邨石俊樓外 Lei Pui Street Bus Terminus, outside Shek Chun House, Shek Lei Estate",,,,,,,,,,,,,,,,,,,,,
14M,CMPattern_CM_GMBBus_14m_6089,4.7,2.361201241,Wan Chai,TRUE,蘭芳道，2號 Lan Fong Road No. 2,Wan Chai,蘭芳道，2號 Lan Fong Road No. 2,Wan Chai,銅鑼灣蘭芳道 - 樂陶苑（循環綫） Causeway Bay (Lan Fong Road) - Villa Lotto (Circular),(Wan Chai) 蘭芳道，2號 Lan Fong Road No. 2,(Wan Chai) 樂活道，樂翠台外 Broadwood Road outside Villa Rocha,(Wan Chai) 樂活道，樂陶苑外 Broadwood Road outside Villa Lotto,(Wan Chai) 樂陶苑 Villa Lotto,(Wan Chai) 樂翠台 Villa Rocha,(Wan Chai) 連道，近禮頓山 Link Road near Leighton Hill,(Wan Chai) 新寧道 Sunning Road,(Wan Chai) 蘭芳道，2號 Lan Fong Road No. 2,,,,,,,,,,,,,,,,,,,,,,,,,,,,,,,,,,,,,,,
25B,CMPattern_CM_GMBBus_25b_1_8745,7.2,11.24033083,Tai Po South > Tai Po North > Tai Po South > Tai Po North > Tai Po South > Tai Po North > Tai Po South,TRUE,大埔墟（寶鄕街大埔社區中心外）總站 Tai Po Market (Po Heung Street outside Tai Po Community Centre) Terminus,Tai Po South,大埔墟（寶鄕街大埔社區中心外）總站 Tai Po Market (Po Heung Street outside Tai Po Community Centre) Terminus,Tai Po South,大埔墟 - 元嶺（循環綫） Tai Po Market - Yuen Leng (Circular),(Tai Po South) 大埔墟（寶鄕街大埔社區中心外）總站 Tai Po Market (Po Heung Street outside Tai Po Community Centre) Terminus,"(Tai Po South) 寶鄉街，近寶鄉橋休憩處 Po Heung Street, near Po Heung Bridge Sitting-Out Area","(Tai Po North) 大埔太和路，林村河畔 Tai Po Tai Wo Road, Lam Tsuen River Side",(Tai Po South) 太和廣場 Tai Wo Plaza,(Tai Po South) 水圍 Shui Wai,(Tai Po South) 帝欣苑 Parc Versailles,"(Tai Po South) 大窩西支路，圍頭 Tai Wo Service Road West, Wai Tau","(Tai Po South) 大窩西支路，泰亨 Tai Wo Service Road West, Tai Hang",(Tai Po North) 元嶺 Yuen Leng,"(Tai Po South) 大窩西支路，大窩 Tai Wo Service Road West, Tai Wo","(Tai Po South) 大窩西支路，泰亨 Tai Wo Service Road West, Tai Hang","(Tai Po South) 大窩西支路，圍頭 Tai Wo Service Road West, Wai Tau",(Tai Po South) 帝欣苑 Parc Versailles,(Tai Po South) 水圍 Shui Wai,"(Tai Po South) 太和邨太和廣場西翼 Tai Wo Plaza West Wing, Tai Wo Estate","(Tai Po South) 汀角路，近大埔政府合署 Ting Kok Road, near Tai Po Government Offices","(Tai Po North) 大埔太和路，大埔舊墟遊樂場外 Tai Po Tai Wo Road, outside Tai Po Old Market Playground","(Tai Po South) 寶鄉街，近寶鄉橋 Po Heung Street, near Po Heung Bridge",(Tai Po South) 懷義街 Wai Yee Street,(Tai Po South) 大埔墟（寶鄕街大埔社區中心外）總站 Tai Po Market (Po Heung Street outside Tai Po Community Centre) Terminus,,,,,,,,,,,,,,,,,,,,,,,,,,,
8,CMPattern_GMBBus8_4359,8,6.493584812,Yau Tsim Mong South > Kowloon City South,FALSE,"漢口道，漢口中心外 Hankow Road, outside Hankow Centre",Yau Tsim Mong South,何文田（常和街）總站 Ho Man Tin Estate (Sheung Lok Street),Kowloon City South,何文田邨 Ho Man Tin Estate,"(Yau Tsim Mong South) 漢口道，漢口中心外 Hankow Road, outside Hankow Centre",(Yau Tsim Mong South) 中間道兒童遊樂場 Middle Road Children's Playground,(Yau Tsim Mong South) 漆咸道南近赫德道 Chatham Road South near Hart Avenue,"(Yau Tsim Mong South) 漆咸道南，百樂大酒店外 Chatham Road South, outside Park Hotel",(Yau Tsim Mong South) 漆咸道南近天文台道 Chatham Road South near Observatory Road,"(Yau Tsim Mong South) 安運道，紅磡站總站外 On Wan Road, outside Hung Hom Station Bus Terminus",(Kowloon City South) 機利士路介乎曲街和必嘉街 Gillies Avenue Between Cooke Street and Baker Street,(Kowloon City South) 觀音街 Kun Yam Street,(Kowloon City South) 馬頭圍道20號外 Ma Tau Wai Road No. 20,"(Kowloon City South) 佛光街，家邦樓外 Fat Kwong Street, outside Ka Bong Lau",(Kowloon City South) 天鑄 Ultima,(Kowloon City South) 何文田站 Ho Man Tin Station,"(Kowloon City South) 忠孝街，孝民街 Chung Hau Street, Hau Man Street",(Kowloon City South) 愛民邨 Oi Man Estate,(Kowloon City South) 忠孝街近昭民樓 Chung Hau Street near Chiu Man House,(Kowloon City South) 忠孝街近土木工程拓展署大樓 Chung Hau Street near Civil Engineering and Development Building,(Kowloon City South) 忠孝街公開大學銀禧學院 Chung Hau Street near The Open University of Hong Kong Jockey Club Campus - Jubilee College,(Kowloon City South) 欣圖軒 Cascades,(Kowloon City South) 佛光街房署大樓 Fat Kwong Street near Housing Authority Headquarters,"(Kowloon City South) 常盛街，德蘭中學 Sheung Shing Street, St. Teresa Secondary School","(Kowloon City South) 常盛街，常樂邨 Sheung Shing Street, Sheung Lok Estate",(Kowloon City South) 何文田（常和街）總站 Ho Man Tin Estate (Sheung Lok Street),,,,,,,,,,,,,,,,,,,,,,,,,
8,CMPattern_GMBBus8_6381,8,6.810628747,Yau Tsim Mong South > Kowloon City South,FALSE,"漢口道，漢口中心外 Hankow Road, outside Hankow Centre",Yau Tsim Mong South,何文田（常和街）總站 Ho Man Tin Estate (Sheung Lok Street),Kowloon City South,何文田邨（經紅磡繞道） Ho Man Tin Estate (via Hung Hom Bypass),"(Yau Tsim Mong South) 漢口道，漢口中心外 Hankow Road, outside Hankow Centre",(Yau Tsim Mong South) 中間道兒童遊樂場 Middle Road Children's Playground,"(Yau Tsim Mong South) 安運道，紅磡站總站外 On Wan Road, outside Hung Hom Station Bus Terminus",(Kowloon City South) 機利士路介乎曲街和必嘉街 Gillies Avenue Between Cooke Street and Baker Street,(Kowloon City South) 觀音街 Kun Yam Street,(Kowloon City South) 馬頭圍道20號外 Ma Tau Wai Road No. 20,"(Kowloon City South) 佛光街，家邦樓外 Fat Kwong Street, outside Ka Bong Lau",(Kowloon City South) 天鑄 Ultima,(Kowloon City South) 何文田站 Ho Man Tin Station,"(Kowloon City South) 忠孝街，孝民街 Chung Hau Street, Hau Man Street",(Kowloon City South) 愛民邨 Oi Man Estate,(Kowloon City South) 忠孝街近昭民樓 Chung Hau Street near Chiu Man House,(Kowloon City South) 忠孝街近土木工程拓展署大樓 Chung Hau Street near Civil Engineering and Development Building,(Kowloon City South) 忠孝街公開大學銀禧學院 Chung Hau Street near The Open University of Hong Kong Jockey Club Campus - Jubilee College,(Kowloon City South) 欣圖軒 Cascades,(Kowloon City South) 佛光街房署大樓 Fat Kwong Street near Housing Authority Headquarters,"(Kowloon City South) 常盛街，德蘭中學 Sheung Shing Street, St. Teresa Secondary School","(Kowloon City South) 常盛街，常樂邨 Sheung Shing Street, Sheung Lok Estate",(Kowloon City South) 何文田（常和街）總站 Ho Man Tin Estate (Sheung Lok Street),,,,,,,,,,,,,,,,,,,,,,,,,,,,
56A,CMPattern_GMBBus56A_4152,11,6.661168894,Central > Wan Chai,FALSE,"羅便臣道，秀麗閣對面 Robinson Road, Opposite Serene Court",Central,天后公共運輸交滙處 Tin Hau Public Transport Interchange,Wan Chai,天后站 Tin Hau Station,"(Central) 羅便臣道，秀麗閣對面 Robinson Road, Opposite Serene Court","(Central) 列堤頓道，近城西公園 Lyttelton Road, near West End Park","(Central) 列堤頓道，近聖士提反女子中學 Lyttelton Road, near St Stephen's Girls' College",(Central) 羅便臣道76號 No. 76 Robinson Road,(Central) 蔚巒閣 Peaksville,(Central) 羅便臣道66號 No. 66 Robinson Road,(Central) 西摩道 Seymour Road,(Central) 羅便臣道4號 No. 4 Robinson Road,(Central) 花園道 Garden Road,"(Central) 金鐘道，金鐘花園外 Queensway, outside Admiralty Garden",(Wan Chai) 皇后大道東及金鐘道交界 Queen's Road East Junction With Queensway,"(Wan Chai) 皇后大道東，合和中心對面 Queen's Road East, Opposite Hopewell Centre","(Wan Chai) 皇后大道東，近灣仔道 Queen's Road East, near Wan Chai Road","(Wan Chai) 皇后大道東，聖若瑟小學 Queen's Road East, outside St Joseph's Primary School","(Wan Chai) 皇后大道東，伊利沙伯體育館外 Queen's Road East, outside Queen Elizabeth Stadium","(Wan Chai) 摩理臣山道，禮頓道 Morrison Hill Road, Leighton Road","(Wan Chai) 禮頓道，禮頓中心外 Leighton Road, outside Leighton Centre","(Wan Chai) 禮頓道，雲翠大廈 Bonaventure House, Leighton Road",(Wan Chai) 新寧道 Sunning Road,"(Wan Chai) 邊寧頓街，近敬誠街 Pennington Street, near Keswick Street",(Wan Chai) 維多利亞公園 Victoria Park,(Wan Chai) 天后公共運輸交滙處 Tin Hau Public Transport Interchange,,,,,,,,,,,,,,,,,,,,,,,,,
401,CMPattern_CM_GMBBus_401_7497,8.2,7.963042028,Kwai Chung East > Kwai Chung West > Tsuen Wan Southeast > Tsing Yi,FALSE,"石蔭路，近石蔭路第三休憩花園 Shek Yam Road, near Shek Yam Road Rest Garden No. 3",Kwai Chung East,青衣碼頭總站 Tsing Yi Ferry Pier Terminus,Tsing Yi,青衣碼頭 Tsing Yi Ferry Pier,"(Kwai Chung East) 石蔭路，近石蔭路第三休憩花園 Shek Yam Road, near Shek Yam Road Rest Garden No. 3",(Kwai Chung East) 金石樓 Kam Shek Building,(Kwai Chung East) 和宜合道，123號 No. 123 Wo Yi Hop Road,"(Kwai Chung East) 和宜合道，達利中心外 Wo Yi Hop Road, outside Riley House","(Kwai Chung East) 和宜合道，華寶工業大廈外 Wo Yi Hop Road, outside Grand Industrial Building","(Kwai Chung East) 昌榮路，同珍工業大廈外 Cheung Wing Road, outside Tung Chun Industrial Building","(Kwai Chung West) 青山公路－葵涌段，近瑞康工業大廈 Castle Peak Road – Kwai Chung, near Shui Hong Industrial Building",(Kwai Chung West) 青山公路葵涌段659號 No. 659 Castle Peak Road-Kwai Chung,"(Kwai Chung West) 青山公路葵涌段，大窩口體育館外 Castle Peak Road-Kwai Chung, outside Tai Wo Hau Indoor Recreation Centre","(Tsuen Wan Southeast) 關門口街，九龍悅來酒店外 Kwan Mun Hau Street, outside Kowloon Panda Hotel","(Tsuen Wan Southeast) 聯仁街，近橫窩仔街1號 Luen Yan Street, near 1 Wang Wo Tsai Street","(Tsuen Wan Southeast) 馬頭壩道，近爵悅庭南爵軒 Ma Tau Pa Road, near Tower South, Chelsea Court","(Tsuen Wan Southeast) 德士古道，近荃灣工業中心 Texaco Road, near Tsuen Wan Industrial Centre",(Tsing Yi) 長安邨小巴總站 Cheung On Estate Minibus Terminus,"(Tsing Yi) 楓樹窩路，近青衣邨楓樹窩體育館 Fung Shue Wo Road, near Fung Shue Wo Sports Centre, Tsing Yi Estate","(Tsing Yi) 楓樹窩路，荃灣商會小學外 Fung Shue Wo Road, outside Tsuen Wan Trade Association Primary School","(Tsing Yi) 楓樹窩路，綠悠雅苑外 Fung Shue Wo Road, outside Greenview Villa",(Tsing Yi) 青衣碼頭總站 Tsing Yi Ferry Pier Terminus,,,,,,,,,,,,,,,,,,,,,,,,,,,,,
51B,CMPattern_CM_GMBBus_51b_5980,8.6,8.465415866,Robin’s Nest,FALSE,馬草壟路近信義新村 Ma Tso Lung Road near Shun Yee Sun Tsuen,Robin’s Nest,上水站小巴總站 Sheung Shui Station Public Light Bus Terminus,Robin’s Nest,上水站 Sheung Shui Station,(Robin’s Nest) 馬草壟路近信義新村 Ma Tso Lung Road near Shun Yee Sun Tsuen,(Robin’s Nest) 料壆路近公眾停車場 Liu Pok Road near Public Car Park,(Robin’s Nest) 馬草壟新村 Ma Tso Lung San Tsuen,(Robin’s Nest) 羅湖練靶場 Lo Wu Rifle Range,(Robin’s Nest) 東方區 Tung Fong District,(Robin’s Nest) 波樓路 Po Lau Road,"(Robin’s Nest) 青山公路，河上鄉路 Castle Peak Road, Ho Sheung Heung Road",(Robin’s Nest) 何東橋 Ho Tung Bridge,(Robin’s Nest) 青山公路／古洞路近燕崗 Castle Peak Road / Kwu Tung Road near Yin Kong,"(Robin’s Nest) 青山公路古洞段，高爾夫景園外 Castle Peak Road (Kwu Tung), outside Golf Parkview","(Robin’s Nest) 寶石湖路，東慶學校外 Po Shek Wu Road, outside Tung Hing School","(Robin’s Nest) 新豐路，石湖墟郵政局 San Fung Avenue, Shek Wu Hui Post Office",(Robin’s Nest) 上水站小巴總站 Sheung Shui Station Public Light Bus Terminus,,,,,,,,,,,,,,,,,,,,,,,,,,,,,,,,,,
16,CMPattern_CM_GMBBus_16_1_8630,10.4,11.89596164,Sai Kung and Hang Hau > Tseung Kwan O North,FALSE,"布袋澳村路，近清水灣鄉村俱樂部 Po Toi O Chuen Road, near The Clearwater Bay Golf and Country Club",Sai Kung and Hang Hau,寶琳公共運輸交滙處 Po Lam Station Public Transport Interchange,Tseung Kwan O North,寶林 Po Lam,"(Sai Kung and Hang Hau) 布袋澳村路，近清水灣鄉村俱樂部 Po Toi O Chuen Road, near The Clearwater Bay Golf and Country Club","(Sai Kung and Hang Hau) 布袋澳村路，近清水灣鄉村俱樂部 Po Toi O Chuen Road, near The Clearwater Bay Golf and Country Club","(Sai Kung and Hang Hau) 大坳門路，近曉岸 Tai Au Mun Road, near Cala D'Or","(Sai Kung and Hang Hau) 大坳門路，近清水灣第二灣泳灘 Tai Au Mun Road, near Clear Water Bay Second Beach",(Sai Kung and Hang Hau) 清水灣第一灘 Clear Water Bay 1st Beach,"(Sai Kung and Hang Hau) 大坳門路，近清水灣花園 Tai Au Mun Road, near Clear Water Bay Garden","(Sai Kung and Hang Hau) 大坳門路，近大環頭路 Tai Au Mun Road, near Tai Wan Tau Road",(Sai Kung and Hang Hau) 相思灣 Sheung Sze Wan,(Sai Kung and Hang Hau) 兩塊田 Leung Fai Tin,(Sai Kung and Hang Hau) 下洋 Ha Yeung,"(Sai Kung and Hang Hau) 清水灣道，近上洋 Clear Water Bay Road, near Sheung Yeung",(Sai Kung and Hang Hau) 檳榔灣 Pan Long Wan,"(Sai Kung and Hang Hau) 清水灣道，近釣魚翁郊遊徑 Clear Water Bay Road, near High Junk Peak Country Trail","(Sai Kung and Hang Hau) 清水灣道，圍心村外 Clear Water Bay Road, outside Wat Sum Village",(Sai Kung and Hang Hau) 碧沙路 Pik Sha Road,"(Sai Kung and Hang Hau) 清水灣道，近銀綫灣廣場 Clear Water Bay Road, near Silverstand Mart","(Sai Kung and Hang Hau) 清水灣道，近清雅苑 Clear Water Bay Road, near Sussex Lodge",(Sai Kung and Hang Hau) 水邊村 Shui Bin Tsuen,"(Sai Kung and Hang Hau) 坑口道，將軍澳醫院對面 Hang Hau Road, Opposite Tseung Kwan O Hospital","(Tseung Kwan O North) 寶寧路，將軍澳醫院對面 Po Ning Road, Opposite Tseung Kwan O Hospital","(Tseung Kwan O North) 重華路，東港城第6座對面 Chung Wa Road, Opposite Block 6, East Point City","(Tseung Kwan O North) 培成路，近保良局馮晴紀念小學 Pui Shing Road, near Po Leung Kuk Fung Ching Memorial Primary School","(Tseung Kwan O North) 寶寧路，厚德邨外 Po Ning Road, outside Hau Tak Estate",(Tseung Kwan O North) 景林邨 King Lam Estate,(Tseung Kwan O North) 寶琳公共運輸交滙處 Po Lam Station Public Transport Interchange,,,,,,,,,,,,,,,,,,,,,,
83A,CMPattern_CM_GMBBus_83a_2_8990,6.4,5.670336589,Tsuen Wan Southeast > Kwai Chung East,FALSE,"川龍街，近海天豪苑協和廣場 Chuen Lung Street, near Concord Square, The Blue Yard",Tsuen Wan Southeast,"安捷街，近安蔭邨嘉蔭樓 On Chit Street, near Kar Yam House, On Yam Estate",Kwai Chung East,安蔭邨安捷街（經國瑞路） On Yam Estate (On Chit Street) (via Kwok Shui Road),"(Tsuen Wan Southeast) 川龍街，近海天豪苑協和廣場 Chuen Lung Street, near Concord Square, The Blue Yard","(Tsuen Wan Southeast) 圓墩圍，荃灣大會堂外 Yuen Tun Circuit, outside Tsuen Wan Town Hall",(Tsuen Wan Southeast) 灣景廣場 Skyline Plaza,"(Tsuen Wan Southeast) 沙咀道，戴麟趾夫人分科診療所外 Sha Tsui Road, outside Lady Trench Polyclinic",(Tsuen Wan Southeast) 川龍街 Chuen Lung Street,(Tsuen Wan Southeast) 沙咀道285號 No. 285 Sha Tsui Road,(Tsuen Wan Southeast) 沙咀道305號 No. 305 Sha Tsui Road,(Tsuen Wan Southeast) 沙咀道393號 No. 393 Sha Tsui Road,"(Tsuen Wan Southeast) 德士古道，寶業大廈外 Texaco Road, outside Po Yip Building","(Tsuen Wan Southeast) 荃富街，近 W2168 號電燈柱 Tsuen Fu Street, near Lamp Post No. W2168","(Tsuen Wan Southeast) 青山公路荃灣段，警署外 Castle Peak Road-Tsuen Wan, outside Police Quarters","(Tsuen Wan Southeast) 青山公路荃灣段，大窩口站 B 入口外 Tai Wo Hau Station, Exit B",(Tsuen Wan Southeast) 國瑞路河背村 Ho Pui Village Kwok Shui Road,(Tsuen Wan Southeast) 縉庭山 Primrose Hill,(Tsuen Wan Southeast) 昌榮路迴旋處 Cheung Wing Road Gyratory,"(Kwai Chung East) 青山公路－葵涌段，近名賢大樓 Castle Peak Road – Kwai Chung, near Ming Yin Building","(Kwai Chung East) 和宜合道，近打磚坪街 Wo Yi Hop Road, near Tai Chuen Ping Street","(Kwai Chung East) 大白田街，近石籬二邨石福樓 Tai Pak Tin Street, near Shek Fook House, Shek Lei (II) Estate",(Kwai Chung East) 大白田里 Tai Pak Tin Lane,(Kwai Chung East) 裘錦秋中學（葵涌） Ju Ching Chu Secondary School (Kwai Chung),"(Kwai Chung East) 安捷街，近安蔭邨嘉蔭樓 On Chit Street, near Kar Yam House, On Yam Estate",,,,,,,,,,,,,,,,,,,,,,,,,,
51K,CMPattern_CM_GMBBus_51k_1_5984,7.7,12.73177332,Robin’s Nest,TRUE,上水站小巴總站 Sheung Shui Station Public Light Bus Terminus,Robin’s Nest,上水站小巴總站 Sheung Shui Station Public Light Bus Terminus,Robin’s Nest,上水站 - 羅湖懲教所（循環綫） Sheung Shui Station - Lo Wu Correctional Institution (Circular),(Robin’s Nest) 上水站小巴總站 Sheung Shui Station Public Light Bus Terminus,"(Robin’s Nest) 新豐路，石湖墟郵政局 San Fung Avenue, Shek Wu Hui Post Office","(Robin’s Nest) 寶石湖路，東慶學校對面 Po Shek Wu Road, Opposite Tung Hing School","(Robin’s Nest) 青山公路古洞段，高爾夫景園對面 Castle Peak Road (Kwu Tung), Opposite Golf Parkview",(Robin’s Nest) 青山公路／古洞路近燕崗 Castle Peak Road / Kwu Tung Road near Yin Kong,(Robin’s Nest) 何東橋 Ho Tung Bridge,"(Robin’s Nest) 青山公路，河上鄉路 Castle Peak Road, Ho Sheung Heung Road",(Robin’s Nest) 波樓路 Po Lau Road,(Robin’s Nest) 石仔嶺 Shek Tsai Leng,(Robin’s Nest) 馬草壟路 Ma Tso Lung Road,(Robin’s Nest) 羅湖騎術會 Lo Wu Saddle Club,(Robin’s Nest) 河上鄉路近羅湖懲教大樓入口 Ho Sheung Heung Road near Lo Wu Correctional Complex Entrance Gate,(Robin’s Nest) 羅湖騎術會 Lo Wu Saddle Club,(Robin’s Nest) 晉皇臺 Jin Wong Toi,"(Robin’s Nest) 河上鄉排峰路，居石侯公祠外 Ho Sheung Heung Pai Tau Road, Kui Shek Hau Ancestral Hall",(Robin’s Nest) 河上鄉鄉公所 Ho Sheung Heung Village Office,(Robin’s Nest) 松菊徑 Chung Kuk Path,(Robin’s Nest) 馬草壟路 Ma Tso Lung Road,(Robin’s Nest) 石仔嶺 Shek Tsai Leng,(Robin’s Nest) 波樓路 Po Lau Road,"(Robin’s Nest) 青山公路，河上鄉路 Castle Peak Road, Ho Sheung Heung Road",(Robin’s Nest) 何東橋 Ho Tung Bridge,(Robin’s Nest) 青山公路／古洞路近燕崗 Castle Peak Road / Kwu Tung Road near Yin Kong,"(Robin’s Nest) 青山公路古洞段，高爾夫景園外 Castle Peak Road (Kwu Tung), outside Golf Parkview","(Robin’s Nest) 寶石湖路，東慶學校外 Po Shek Wu Road, outside Tung Hing School",(Robin’s Nest) 石湖墟休憩處 Shek Wu Hui Sitting-Out Area,,,,,,,,,,,,,,,,,,,,,
28M,CMPattern_CM_GMBBus_28m_6172,8.5,9.910215153,Southern District Northwest > Western > Central > Southern District Northwest,TRUE,"上碧瑤灣24座外 Baguio Villa (Upper), outside Block 24",Southern District Northwest,"上碧瑤灣24座外 Baguio Villa (Upper), outside Block 24",Southern District Northwest,碧瑤灣上 - 香港大學站（循環綫） Baguio Villa (Upper) - HKU Station (Circular),"(Southern District Northwest) 上碧瑤灣24座外 Baguio Villa (Upper), outside Block 24",(Southern District Northwest) 碧麗苑 Provident Villas,"(Southern District Northwest) 沙宣道21號對面 Sassoon Road, Opposite House No. 21","(Southern District Northwest) 沙宣道，近香港大學利銘澤堂 Sassoon Road, near The University of Hong Kong R. C. Lee Hall","(Southern District Northwest) 薄扶林道，啟明寺 Pok Fu Lam Road, Kai Ming Temple","(Western) 薄扶林道，蒲飛路 Pok Fu Lam Road, Pokfield Road","(Central) 薄扶林道，寶翠園 Pok Fu Lam Road, Belcher Gardens","(Central) 薄扶林道，香港大學西閘 Pok Fu Lam Road, West Gate of University of Hong Kong","(Central) 薄扶林道，寶翠園對面 Pok Fu Lam Road, Opposite The Belcher","(Central) 薄扶林道，蒲飛路巴士總站 Pok Fu Lam Road, Pokfield Road Bus Terminus","(Central) 薄扶林道，薄扶林遊樂場 Pok Fu Lam Playground, Pok Fu Lam Road",(Southern District Northwest) 香港華人基督教聯會薄扶林道墳場 HKCCCU Pok Fu Lam Road Cemetery,"(Southern District Northwest) 薄扶林道，瑪麗醫院 Pok Fu Lam Road, Queen Mary Hospital",(Southern District Northwest) 瑪麗醫院 Queen Mary Hospital,(Southern District Northwest) 白文信樓 Patrick Manson Building,(Southern District Northwest) 香港大學李嘉誠醫學院 HKU Li Ka Shing Faculty of Medicine,(Southern District Northwest) 碧麗苑 Provident Villas,(Southern District Northwest) 薄扶林，碧瑤灣（下）第17座外（總站） near Baguio Villa Block 17,"(Southern District Northwest) 上碧瑤灣24座外 Baguio Villa (Upper), outside Block 24",,,,,,,,,,,,,,,,,,,,,,,,,,,,
13,CMPattern_CM_GMBBus_13_1_7591,4.6,5.057102913,Western > Central > Western,TRUE,"加惠民道，近西環邨西苑臺 Ka Wai Man Road, near West Terrace, Sai Wan Estate",Western,"加惠民道，近西環邨西苑臺 Ka Wai Man Road, near West Terrace, Sai Wan Estate",Western,西環邨 - 西營盤（循環綫） Sai Wan Estate - Sai Ying Pun (Circular),"(Western) 加惠民道，近西環邨西苑臺 Ka Wai Man Road, near West Terrace, Sai Wan Estate",(Western) 香港學堂 Hong Kong Academy,(Western) 聖公會呂明才紀念小學 SKH Lui Ming Choi Memorial Primary School,"(Western) 加多近街，近加多近街臨時花園 Cadogan Street, near Cadogan Street Temporary Garden",(Western) 吉席街71號 No.71 Catchick Street,"(Western) 士美菲路，近美暉大廈 Smithfield, near Markfield Building","(Western) 士美菲路，近文光閣 Smithfield, near Man Kwong Court",(Western) 堅尼地城站 Kennedy Town Station,"(Western) 士美非路 12r 號 Smithfield, House No. 12r","(Western) 蒲飛路，翰林軒 University Heights, Pokfield Road",(Western) 學士臺 Academic Terrace,"(Western) 薄扶林道，蒲飛路 Pok Fu Lam Road, Pokfield Road","(Central) 薄扶林道，寶翠園 Pok Fu Lam Road, Belcher Gardens","(Central) 薄扶林道79號 Pok Fu Lam Road, House No. 79","(Western) 薄扶林道，近 63 Pokfulam Amber House Pok Fu Lam Road, near Amber House, 63 Pokfulam",(Western) 西營盤郵政局 Sai Ying Pun Post Office,"(Western) 第二街，近海昇大廈第二座 Second Street, near Hoi Sing Building",(Western) 皇后大道西414號 No. 414 Queen's Road West,(Western) 創業商場 Chong Yip Shopping Centre,"(Western) 皇后大道西，近石塘咀市政大廈 Queen's Road West, near Shek Tong Tsui Municipal Services Building",(Western) 皇后大道西520號 No. 520 Queen's Road West,(Western) 皇后大道西524號 No. 524 Queen's Road West,(Western) 西寶城 The Westwood,(Western) 卑路乍街24號 No. 24 Belcher's Street,"(Western) 卑路乍街34號 Belcher's Street, House No. 34",(Western) 卑路乍街82號 No. 82 Belcher's Street,,,,,,,,,,,,,,,,,,,,,
27M,CMPattern_CM_GMBBus_27m_7993,8.8,3.872631584,Yau Tsim Mong North > Kowloon City South > Kowloon City North,FALSE,"快富街，友誠大廈外 Fife Street, outside Yau Shing Building",Yau Tsim Mong North,"美善同道，落山道 Maidstone Road, Lok Shan Road",Kowloon City North,樂民新村美善同道 Lok Man Sun Chuen (Maidstone Road),"(Yau Tsim Mong North) 快富街，友誠大廈外 Fife Street, outside Yau Shing Building","(Kowloon City South) 亞皆老街，近基堤道 Argyle Street, near Embankment Road","(Kowloon City South) 窩打老道，近萬基大廈 E-H 座 Waterloo Road, near Man Kee Mansion Block E-H",(Kowloon City South) 九龍維景酒店 Metropark Hotel Kowloon,"(Kowloon City South) 培正道，近培正道遊樂場 Pui Ching Road, near Pui Ching Road Playground","(Kowloon City South) 佛光街，近何文田邨 Fat Kwong Street, near Ho Man Tin Estate","(Kowloon City South) 佛光街，房屋委員會總部對面 Fat Kwong Street, Opposite Civil Engineering and Development Building","(Kowloon City South) 佛光街，近冠暉苑高暉閣 Fat Kwong Street, near Ko Fai House, Kwun Fai Court","(Kowloon City North) 信用街，高山道海關已婚關員宿舍外 Shun Yung Street, outside Custom & Excise Service Married Quarters","(Kowloon City North) 高山道，高山劇場外 Ko Shan Road, outside Ko Shan Theatre",(Kowloon City North) 樂民新邨樂愛樓 Lok Oi Lau Lok Man Sun Chuen,(Kowloon City North) 樂民新邨樂基樓 Lok Kei Lau Lok Man Sun Chuen,(Kowloon City North) 樂民新邨樂善樓 Lok Seen Lau Lok Man Sun Chuen,"(Kowloon City North) 靠背壟道，近樂民新邨樂善樓 Kau Pui Lung Road, near Lok Seen Lau, Lok Man Sun Chuen","(Kowloon City North) 美善同道，落山道 Maidstone Road, Lok Shan Road",,,,,,,,,,,,,,,,,,,,,,,,,,,,,,,,
16,CMPattern_CM_GMBBus_16_1_8629,10.4,12.26280266,Tseung Kwan O North > Sai Kung and Hang Hau > Tseung Kwan O North > Sai Kung and Hang Hau,FALSE,寶琳公共運輸交滙處 Po Lam Station Public Transport Interchange,Tseung Kwan O North,"布袋澳村路，近清水灣鄉村俱樂部 Po Toi O Chuen Road, near The Clearwater Bay Golf and Country Club",Sai Kung and Hang Hau,布袋澳 Po Toi O,(Tseung Kwan O North) 寶琳公共運輸交滙處 Po Lam Station Public Transport Interchange,(Sai Kung and Hang Hau) 景林邨 King Lam Estate,"(Sai Kung and Hang Hau) 寶寧路，厚德邨對面 Po Ning Road, Opposite Hau Tak Estate","(Tseung Kwan O North) 重華路，東港城第6座對面 Chung Wa Road, Opposite Block 6, East Point City","(Tseung Kwan O North) 培成路，近保良局馮晴紀念小學 Pui Shing Road, near Po Leung Kuk Fung Ching Memorial Primary School","(Tseung Kwan O North) 寶寧路，坑口（北）公共運輸交滙處外 Po Ning Road, outside Hang Hau (North) Public Transport Interchange",(Sai Kung and Hang Hau) 水邊村 Shui Bin Tsuen,(Sai Kung and Hang Hau) 清水灣道328號 Clear Water Bay Road No. 328,(Sai Kung and Hang Hau) 銀綫灣廣場 Silverstrand Mart,(Sai Kung and Hang Hau) 碧沙路 Pik Sha Road,(Sai Kung and Hang Hau) 孟公屋 Mang Kung Uk,(Sai Kung and Hang Hau) 五塊田 Ng Fai Tin,(Sai Kung and Hang Hau) 檳榔灣 Pan Long Wan,(Sai Kung and Hang Hau) 上洋 Sheung Yeung,(Sai Kung and Hang Hau) 香港三育書院 Hong Kong Adventist College,(Sai Kung and Hang Hau) 下洋 Ha Yeung,(Sai Kung and Hang Hau) 兩塊田 Leung Fai Tin,(Sai Kung and Hang Hau) 下洋新村 Ha Yeung San Tsuen,(Sai Kung and Hang Hau) 相思灣 Sheung Sze Wan,(Sai Kung and Hang Hau) 大坳門 Tai Au Mun,(Sai Kung and Hang Hau) 大環頭路 Tai Wan Tau Road,(Sai Kung and Hang Hau) 清水灣第一灘 Clear Water Bay 1st Beach,(Sai Kung and Hang Hau) 清水灣第二灣泳灘 Clear Water Bay Second Beach,"(Sai Kung and Hang Hau) 大坳門路，近曉岸 Tai Au Mun Road, near Cala D'Or","(Sai Kung and Hang Hau) 布袋澳村路，近清水灣鄉村俱樂部 Po Toi O Chuen Road, near The Clearwater Bay Golf and Country Club","(Sai Kung and Hang Hau) 布袋澳村路，近清水灣鄉村俱樂部 Po Toi O Chuen Road, near The Clearwater Bay Golf and Country Club",,,,,,,,,,,,,,,,,,,,,
40,CMPattern_CM_GMBBus_40_8808,12.3,7.633019176,Tuen Mun North > Tuen Mun West > Tuen Mun East > Tuen Mun West > Tuen Mun North,TRUE,小坑村小巴總站 Siu Hang Tsuen Minibus Terminus,Tuen Mun North,小坑村小巴總站 Siu Hang Tsuen Minibus Terminus,Tuen Mun North,小坑村 - 屯門市中心（循環綫） Siu Hang Tsuen - Tuen Mun Town Centre (Circular),(Tuen Mun North) 小坑村小巴總站 Siu Hang Tsuen Minibus Terminus,(Tuen Mun North) 沛年花園 Nice Year Garden,(Tuen Mun North) 寶華花園 Po Wah Garden,"(Tuen Mun North) 興貴街，近寶田邨第九座 Hing Kwai Street, near Po Tin Estate Block 9","(Tuen Mun North) 震寰路，大興分區警署外 Tsun Wen Road, outside Tai Hing Divisional Police Station","(Tuen Mun North) 震寰路，屯門天主教中學對面 Tsun Wen Road, Opposite Tuen Mun Catholic Secondary School","(Tuen Mun West) 震寰路，賽馬會仁愛堂泳池外 Tsun Wen Road, outside Jockey Club Yan Oi Tong Swimming Pool",(Tuen Mun West) 翠林花園 Greenland Garden,"(Tuen Mun West) 震寰路，大興政府合署外 Tsun Wen Road, outside Tai Hing Government Offices","(Tuen Mun West) 震寰路，巴士廠對面 Tsun Wen Road, Opposite Bus Depot","(Tuen Mun West) 震寰路，屯門區總部及分區警署外 Tsun Wen Road, outside Tuen Mun District Headquarters & Division Police Station",(Tuen Mun East) 屯門站公共運輸交滙處 Tuen Mun Station Public Transport Interchange,"(Tuen Mun East) 屯門鄉事會路，近明偉大樓 Tuen Mun Heung Sze Wui Road, near Ming Wai Building","(Tuen Mun East) 屯順街，屯門市廣場第4座外 Tuen Shun Street, outside Block 4 of Tuen Mun Town Plaza","(Tuen Mun East) 屯門鄉事會路，V City 外 Tuen Mun Heung Sze Wui Road, outside V City","(Tuen Mun West) 石排頭路，馬可賓紀念中學外 Shek Pai Tau Road, outside Ma Ko Pan Memorial College","(Tuen Mun West) 震寰路，大興邨興偉樓外 Tsun Wen Road, outside Hing Wai House, Tai Hing Estate","(Tuen Mun North) 震寰路，屯門天主教中學外 Tsun Wen Road, outside Tuen Mun Catholic Secondary School",(Tuen Mun North) 寶怡花園 Blossom Garden,(Tuen Mun North) 寶田邨 Po Tin Estate,(Tuen Mun North) 寶華花園 Po Wah Garden,(Tuen Mun North) 沛年花園 Nice Year Garden,(Tuen Mun North) 小坑村小巴總站 Siu Hang Tsuen Minibus Terminus,,,,,,,,,,,,,,,,,,,,,,,,
23,CMPattern_GMBBus23_3748,7.1,12.30040663,Western > Central > Southern District Northwest > Western,TRUE,堅尼地城站 Kennedy Town Station,Western,堅尼地城站 Kennedy Town Station,Western,堅尼地城站 - 薄扶林（循環綫） Kennedy Town Station - Pok Fu Lam (Circular),(Western) 堅尼地城站 Kennedy Town Station,"(Western) 士美非路 12r 號 Smithfield, House No. 12r","(Western) 蒲飛路，翰林軒 University Heights, Pokfield Road",(Western) 學士臺 Academic Terrace,"(Central) 薄扶林道，薄扶林遊樂場 Pok Fu Lam Playground, Pok Fu Lam Road","(Southern District Northwest) 薄扶林道，瑪麗醫院 Pok Fu Lam Road, Queen Mary Hospital","(Southern District Northwest) 薄扶林道，心光學校 Ebenezer School, Pok Fu Lam Road","(Southern District Northwest) 薄扶林道，薄扶林水塘道 Pok Fu Lam Reservoir Road, Pok Fu Lam Road","(Southern District Northwest) 薄扶林道，薄扶林村 Pok Fu Lam Village, Pok Fu Lam Road",(Southern District Northwest) 富明苑 Fu Ming Yuen,(Southern District Northwest) 富俊苑 Fu Chun Yuen,"(Southern District Northwest) 置富道第10座外 Chi Fu Road, outside Block No. 10",(Southern District Northwest) 雅緻洋房 Yat Chee Villas,"(Southern District Northwest) 華富道，華富商場 Wah Fu Commercial Complex, Wah Fu Road","(Southern District Northwest) 華富道，華清樓 Wah Ching House, Wah Fu Road","(Southern District Northwest) 華富道，培英中學外 Wah Fu Road, outside Pui Ying Secondary School",(Southern District Northwest) 華富（北）巴士總站 Wah Fu (North) Bus Terminus,(Southern District Northwest) 華康街 Wah Hong Street,(Southern District Northwest) 華富閣 World Fair Court,(Southern District Northwest) 雅緻洋房 Yat Chee Villas,(Southern District Northwest) 置富花園1-7座 Blocks 1-7 Chi Fu Fa Yuen,"(Southern District Northwest) 置富道第9座外 Chi Fu Road, outside Block No. 9",(Southern District Northwest) 富嘉苑 Fu Kar Yuen,(Southern District Northwest) 置富花園網球場 Chi Fu Fa Yuen Tennis Court,(Southern District Northwest) 薄扶林村 Pok Fu Lam Village,"(Southern District Northwest) 薄扶林道141號 Pok Fu Lam Road, House No. 141",,,,,,,,,,,,,,,,,,,,,
28M,CMPattern_CM_GMBBus_28m_1_7997,8.8,4.291619054,Kowloon City South > Kowloon City North > Kowloon City South > Yau Tsim Mong North,FALSE,"偉景街，偉景閣 A 座外 Wai King Street, outside Block A, Wei Chien Court",Kowloon City South,快富街近西洋菜南街 Fife Street near Sai Yeung Choi Street South,Yau Tsim Mong North,旺角站 Mong Kok Station,"(Kowloon City South) 偉景街，偉景閣 A 座外 Wai King Street, outside Block A, Wei Chien Court","(Kowloon City North) 土瓜灣道，新利華中心 To Kwa Wan Road, New Lee Wah Centre","(Kowloon City North) 馬頭角道，近香港中華煤氣有限公司馬頭角控制中心 Ma Tau Kok Road, near The Hong Kong & China Gas Company Limited Ma Tau Kok Control Centre","(Kowloon City North) 馬頭角道，欣榮花園 Ma Tau Kok Road, Jubilant Place",(Kowloon City North) 馬坑涌道 Ma Hang Chung Road,(Kowloon City North) 天光道 Tin Kwong Road,"(Kowloon City South) 常盛街，基督教女青年會丘佐榮中學 Sheung Shing Street, Y.W.C.A. Hioe Tjo Yoeng College",(Kowloon City South) 常盛街近常樂街 Sheung Shing Street near Sheung Lok Street,(Kowloon City South) 常盛街近景文樓梯位 Sheung Shing Street near King Man House,"(Kowloon City South) 培正道，近香港培正小學梁泳釗樓 Pui Ching Road, near Leung Wing Chiu Building, Pui Ching Primary School","(Kowloon City South) 梭椏道，近梭椏園 Soares Avenue, near Soares Garden","(Kowloon City South) 亞皆老街98號 No. 98 Argyle Street, near Peace Avenue",(Yau Tsim Mong North) 亞皆老街62號 No. 62 Argyle Street,(Yau Tsim Mong North) 新填地街437號 437 Reclamation Street,(Yau Tsim Mong North) 快富街近西洋菜南街 Fife Street near Sai Yeung Choi Street South,,,,,,,,,,,,,,,,,,,,,,,,,,,,,,,,
48,CMPattern_CM_GMBBus_48_2_7840,7.8,10.94287631,Kwun Tong North > Kwun Tong West > Kwun Tong North,TRUE,"利安道，近順利邨利明樓 Lee On Road, near Lee Ming House, Shun Lee Estate",Kwun Tong North,"利安道，近順利邨利明樓 Lee On Road, near Lee Ming House, Shun Lee Estate",Kwun Tong North,順利 - 九龍灣（經 Megabox）（循環綫） Shun Lee - Kowloon Bay (via Megabox) (Circular),"(Kwun Tong North) 利安道，近順利邨利明樓 Lee On Road, near Lee Ming House, Shun Lee Estate","(Kwun Tong North) 順景街，近順利邨利富樓 Shun King Street, near Lee Foo House, Shun Lee Estate","(Kwun Tong North) 利安道，近順安邨安逸樓 Lee On Road, near On Yat House, Shun On Estate","(Kwun Tong North) 順安道，近順天邨天樂樓 Shun On Road, near Tin Lok House, Shun Tin Estate","(Kwun Tong North) 秀茂坪道，寧波第二中學對面 Sau Mau Ping Road, Opposite Ning Po No. 2 College","(Kwun Tong West) 康寧道，高雷中學外 Hong Ning Road, outside Ko Lui Secondary School","(Kwun Tong West) 康寧道，秀茂坪紀律部隊宿舍外 Hong Ning Road, outside Sau Mau Ping Disciplined Services Quarters","(Kwun Tong West) 振華道，近樂善堂楊仲明學校 Chun Wah Road, near Lok Sin Tong Yeung Chung Ming Primary School",(Kwun Tong West) 樂雅苑 Lok Nga Court,"(Kwun Tong West) 振華道，近安基苑安基商場 Chun Wah Road, near On Kay Commercial Centre, On Kay Court",(Kwun Tong West) 淘大花園 Amoy Gardens,"(Kwun Tong West) 啓祥道，近啓歷學校 Kai Cheung Road, near Kellett School",(Kwun Tong West) 宏光道，近臨華街 Wang Kwong Road near Lam Wah Street,(Kwun Tong West) 常怡道 Sheung Yee Road,(Kwun Tong West) Megabox 內的避車處 The Layby Inside Megabox,(Kwun Tong West) 企業廣場 Enterprise Square,"(Kwun Tong West) 宏照道，鴻力工業中心外 Wang Chiu Road, outside Proficient Industrial Centre","(Kwun Tong West) 振華道，近安基苑安基商場 Chun Wah Road, near On Kay Commercial Centre, On Kay Court","(Kwun Tong West) 振華道，振華道體育館對面 Chun Wah Road, Opposite Chun Wah Road Sports Centre","(Kwun Tong West) 振華道，近樂華南邨 Chun Wah Road, near Lok Wah South Estate","(Kwun Tong West) 康寧道，康寧道公園對面 Hong Ning Road, Opposite Hong Ning Road Park","(Kwun Tong North) 康寧道，高雷中學對面 Hong Ning Road, Opposite Ko Lui Secondary School","(Kwun Tong North) 順安道，近順天邨 Shun On Road, near Shun Tin Estate",(Kwun Tong North) 順天邨天韻樓 Tin Wan House Shun Tin Estate,(Kwun Tong North) 順天邨 Shun Tin Estate,"(Kwun Tong North) 利安道，近順安邨多層停車場 Lee On Road, near Shun On Estate Multi-Storey Car Park",,,,,,,,,,,,,,,,,,,,,
810,CMPattern_CM_GMBBus_810_9164,7,9.175654456,Sha Tin North > Sha Tin East > Sha Tin West,FALSE,"西沙路，頌安邨頌和樓對面 Sai Sha Road, Opposite Chung Wo House, Chung On Estate",Sha Tin North,"沙田正街，近偉華中心第2座 Sha Tin Centre Street, near Wai Wah Centre Block 2",Sha Tin West,沙田市中心 Sha Tin Central,"(Sha Tin North) 西沙路，頌安邨頌和樓對面 Sai Sha Road, Opposite Chung Wo House, Chung On Estate","(Sha Tin North) 西沙路，馬鞍山運動場外 Sai Sha Road Southbound, outside Ma On Shan Sports Ground","(Sha Tin North) 西沙路，錦鞍苑外 Sai Sha Road, outside Kam On Court","(Sha Tin North) 恒健街，近錦暉苑 Hang Kin Street, near Kam Fai Court",(Sha Tin North) 保泰街 Po Tai Street,"(Sha Tin East) 寧泰路，德信中學外 Ning Tai Road, outside Tak Shun Secondary School","(Sha Tin East) 寧泰路，錦泰苑外 Ning Tai Road, outside Kam Tai Court","(Sha Tin East) 亞公角街南行綫，近漁民新村 A Kung Kok Street Southbound, near Fishermen's New Village","(Sha Tin East) 亞公角街，沙田醫院外 A Kung Kok Street, outside Shatin Hospital","(Sha Tin East) 大涌橋路，濱景花園對面 Tai Chung Kiu Road, Opposite Ravana Garden","(Sha Tin East) 大涌橋路，沙田第一城外 Tai Chung Kiu Road, outside City One Shatin","(Sha Tin West) 源禾路，沙田運動場外 Yuen Wo Road, Otuside Sha Tin Sports Ground","(Sha Tin West) 源禾路，沙田賽馬會泳池外 Yuen Wo Road, outside Sha Tin Jockey Club Swimming Pool","(Sha Tin West) 担杆莆街，沙田大會堂外 Tam Kon Po Street, outside Sha Tin Town Hall","(Sha Tin West) 沙田正街，近偉華中心第2座 Sha Tin Centre Street, near Wai Wah Centre Block 2",,,,,,,,,,,,,,,,,,,,,,,,,,,,,,,,
807K,CMPattern_CM_GMBBus_807k_7579,9.3,11.41419971,Tai Po North > Sha Tin North > Sha Tin West,FALSE,井頭小巴總站 Tseng Tau Minibus Terminus,Tai Po North,大學站 University Station,Sha Tin West,大學站 University Station,(Tai Po North) 井頭小巴總站 Tseng Tau Minibus Terminus,(Tai Po North) 大洞 Tai Tung,(Tai Po North) 輋下 Che Ha,"(Tai Po North) 西沙路近泥涌 Sai Sha Road, near Nai Chung",(Tai Po North) 泥涌 Nai Chung,"(Tai Po North) 西沙路近西澳 Sai Sha Road, near Sai O","(Tai Po North) 西沙路，近帝琴灣凱琴居六座 Sai Sha Road, near Symphony Bay, Villa Rhapsody Block 6, Symphony Bay Villa Rhapsody",(Sha Tin North) 烏溪沙站巴士總站 Wu Kai Sha Station Bus Terminus,"(Sha Tin North) 未命名通道，近利安邨利榮樓 Unnamed Access Road, near Lee Wing House, Lee On Estate","(Sha Tin North) 西沙路南行綫，雅典居對面 Sai Sha Road Southbound, Opposite Villa Athena",(Sha Tin North) 海栢花園公共運輸交滙處 Bayshore Towers Public Transport Interchange,"(Sha Tin North) 馬鞍山路，馬鞍山分區警署外 Ma On Shan Road, outside Ma On Shan Division Police Station & Nt South Regional Headquarters","(Sha Tin North) 馬鞍山路，近蜆殼－馬鞍山加油及加氣站 Ma On Shan Road, near Shell-Ma On Shan Petrol and LPG Filling Station",(Sha Tin West) 大學站 University Station,,,,,,,,,,,,,,,,,,,,,,,,,,,,,,,,,
401,CMPattern_CM_GMBBus_401_7496,8.2,8.653321981,Tsing Yi > Tsuen Wan Southeast > Kwai Chung East,FALSE,青衣碼頭總站 Tsing Yi Ferry Pier Terminus,Tsing Yi,"石蔭路，近石蔭路第三休憩花園 Shek Yam Road, near Shek Yam Road Rest Garden No. 3",Kwai Chung East,石蔭 Shek Yam,(Tsing Yi) 青衣碼頭總站 Tsing Yi Ferry Pier Terminus,"(Tsing Yi) 楓樹窩路，綠悠雅苑對面 Fung Shue Wo Road, Opposite Greenview Villa","(Tsing Yi) 楓樹窩路，大王下村外 Fung Shue Wo Road, outside Tai Wong Ha Resite Village","(Tsing Yi) 楓樹窩路，近青衣邨楓樹窩體育館 Fung Shue Wo Road, near Fung Shue Wo Sports Centre, Tsing Yi Estate",(Tsing Yi) 長安邨小巴總站 Cheung On Estate Minibus Terminus,(Tsuen Wan Southeast) 龍德街 Lung Tak Street,"(Tsuen Wan Southeast) 馬頭壩道，近爵悅庭東爵軒 Ma Tau Pa Road, near Tower East, Chelsea Court","(Tsuen Wan Southeast) 聯仁街，寶石大廈3座外 Luen Yan Street, outside Block 3, Bo Shek Mansion","(Tsuen Wan Southeast) 關門口街，近仁濟醫院 C 座 Kwan Mun Hau Street, near Yan Chai Hospital Block C","(Tsuen Wan Southeast) 青山公路荃灣段，大窩口站 B 入口外 Tai Wo Hau Station, Exit B",(Tsuen Wan Southeast) 青山公路葵涌段570號 No. 570 Castle Peak Road-Kwai Chung,"(Kwai Chung East) 青山公路－葵涌段，近名賢大樓 Castle Peak Road – Kwai Chung, near Ming Yin Building","(Kwai Chung East) 和宜合道，近打磚坪街 Wo Yi Hop Road, near Tai Chuen Ping Street",(Kwai Chung East) 和宜合道，75-87號 No. 75-87 Wo Yi Hop Road,"(Kwai Chung East) 大白田街，近石籬二邨石福樓 Tai Pak Tin Street, near Shek Fook House, Shek Lei (II) Estate",(Kwai Chung East) 石籬邨石祥樓 Shek Cheung House Shek Lei Estate,(Kwai Chung East) 石排街石歡樓 Shek Foon House Shek Pai Street,"(Kwai Chung East) 大白田街，近北葵涌診療所 Tai Pak Tin Street, near North Kwai Chung Clinic","(Kwai Chung East) 石蔭路，近石蔭路第三休憩花園 Shek Yam Road, near Shek Yam Road Rest Garden No. 3",,,,,,,,,,,,,,,,,,,,,,,,,,,,
44,CMPattern_CM_GMBBus_44_10064,6,8.268112838,Sham Shui Po West,TRUE,恒順大廈 Hang Shun Building,Sham Shui Po West,恒順大廈 Hang Shun Building,Sham Shui Po West,長沙灣(東京街) - 海盈邨 （經海麗邨）（循環線）Cheung Sha Wan (Tonkin Street) - Hoi Ying Estate (via Hoi Lai Estate)(Circular),(Sham Shui Po West) 恒順大廈 Hang Shun Building,"(Sham Shui Po West) 順寧道，近曦華樓 Shun Ning Road, near Sunrise House","(Sham Shui Po West) 元州街, 興華街 Un Chau Street, Hing Wah Street",(Sham Shui Po West) D2 Place一期 D2 Place One,(Sham Shui Po West) 碧海藍天 Aquamarine,(Sham Shui Po West) 海麗邨海麗商場 Hoi Lai Estate Hoi Lai Shopping Centre,"(Sham Shui Po West) 荔盈街，近凱樂苑凱碧閣 Lai Ying Street, near Hoi Pik House, Hoi Lok Court","(Sham Shui Po West) 興華街西，近新世界第一渡輪 Hing Wah Street West, near New World First Ferry","(Sham Shui Po West) 興華街西，近碧海藍天會所 Hing Wah Street West, near Aqua Marine Club House","(Sham Shui Po West) 興華街，近長沙灣臨時家禽批發市場 Hing Wah Street, near Cheung Sha Wan Temporary Wholesale Poultry Market",(Sham Shui Po West) 長順街 Cheung Shun Street,(Sham Shui Po West) 廣成街 Kwong Shing Street,(Sham Shui Po West) 長發街 Cheung Fat Street,(Sham Shui Po West) 恒順大廈 Hang Shun Building,,,,,,,,,,,,,,,,,,,,,,,,,,,,,,,,,
44,CMPattern_CM_GMBBus_44_10065,6,7.820115085,Sham Shui Po West,TRUE,恒順大廈 Hang Shun Building,Sham Shui Po West,恒順大廈 Hang Shun Building,Sham Shui Po West,長沙灣(東京街) - 海盈邨 （循環線）Cheung Sha Wan (Tonkin Street) - Hoi Ying Estate (Circular),(Sham Shui Po West) 恒順大廈 Hang Shun Building,"(Sham Shui Po West) 順寧道，近曦華樓 Shun Ning Road, near Sunrise House","(Sham Shui Po West) 元州街, 興華街 Un Chau Street, Hing Wah Street",(Sham Shui Po West) D2 Place一期 D2 Place One,(Sham Shui Po West) 碧海藍天 Aquamarine,"(Sham Shui Po West) 荔盈街，近凱樂苑凱碧閣 Lai Ying Street, near Hoi Pik House, Hoi Lok Court","(Sham Shui Po West) 興華街西，近新世界第一渡輪 Hing Wah Street West, near New World First Ferry","(Sham Shui Po West) 興華街西，近碧海藍天會所 Hing Wah Street West, near Aqua Marine Club House","(Sham Shui Po West) 興華街，近長沙灣臨時家禽批發市場 Hing Wah Street, near Cheung Sha Wan Temporary Wholesale Poultry Market",(Sham Shui Po West) 長順街 Cheung Shun Street,(Sham Shui Po West) 廣成街 Kwong Shing Street,(Sham Shui Po West) 長發街 Cheung Fat Street,(Sham Shui Po West) 恒順大廈 Hang Shun Building,,,,,,,,,,,,,,,,,,,,,,,,,,,,,,,,,,
59K,CMPattern_CM_GMBBus_59k_8878,9.1,10.09879313,Robin’s Nest,FALSE,上水站小巴總站 Sheung Shui Station Public Light Bus Terminus,Robin’s Nest,香園圍 Heung Yuen Wai,Robin’s Nest,香園圍村 Heung Yuen Wai Village,(Robin’s Nest) 上水站小巴總站 Sheung Shui Station Public Light Bus Terminus,"(Robin’s Nest) 新豐路，石湖墟郵政局 San Fung Avenue, Shek Wu Hui Post Office",(Robin’s Nest) 上水圍 Sheung Shui Wai,(Robin’s Nest) 鳳溪第一中學 Fung Kai No. 1 Secondary School,(Robin’s Nest) 虎地坳 Fu Tei Au,(Robin’s Nest) 長甫頭 Cheung Po Tau,(Robin’s Nest) 羅湖道 Lo Wu Station Road,(Robin’s Nest) 沙嶺 Sandy Ridge,"(Robin’s Nest) 文錦渡路，近新屋嶺 Man Kam To Road, near San Uk Ling",(Robin’s Nest) 新屋嶺 San Uk Ling,(Robin’s Nest) 木湖 Muk Wu,"(Robin’s Nest) 蓮麻坑路，近瓦窰村兒童遊樂場 Lin Ma Hang Road, near Nga Yiu Village Children's Playground",(Robin’s Nest) 鳳凰湖 Fung Wong Wu,(Robin’s Nest) 打鼓嶺村 Ta Kwu Ling Village,"(Robin’s Nest) 蓮麻坑路，近打鼓嶺警署 Lin Ma Hang Road, near Ta Kwu Ling Police Station",(Robin’s Nest) 較寮 Kaw Liu,(Robin’s Nest) 竹園村 Chuk Yuen Village,(Robin’s Nest) 打鼓嶺（松園下）總站 Ta Kwu Ling (Tsung Yuen Ha) Bus Terminus,(Robin’s Nest) 香園圍 Heung Yuen Wai,,,,,,,,,,,,,,,,,,,,,,,,,,,,
59K,CMPattern_CM_GMBBus_59k_8881,9.1,8.547462117,Robin’s Nest,FALSE,松園下 Tsung Yuen Ha,Robin’s Nest,上水站小巴總站 Sheung Shui Station Public Light Bus Terminus,Robin’s Nest,上水站 Sheung Shui Station,(Robin’s Nest) 松園下 Tsung Yuen Ha,(Robin’s Nest) 竹園 Chuk Yuen,(Robin’s Nest) 較寮 Kaw Liu,"(Robin’s Nest) 蓮麻坑路，近打鼓嶺警署 Lin Ma Hang Road, near Ta Kwu Ling Police Station",(Robin’s Nest) 打鼓嶺村 Ta Kwu Ling Village,(Robin’s Nest) 鳳凰湖 Fung Wong Wu,"(Robin’s Nest) 蓮麻坑路，近瓦窰村兒童遊樂場 Lin Ma Hang Road, near Nga Yiu Village Children's Playground",(Robin’s Nest) 木湖 Muk Wu,(Robin’s Nest) 新屋嶺 San Uk Ling,"(Robin’s Nest) 文錦渡路，近新屋嶺 Man Kam To Road, near San Uk Ling",(Robin’s Nest) 沙嶺 Sandy Ridge,(Robin’s Nest) 羅湖道 Lo Wu Station Road,(Robin’s Nest) 長甫頭 Cheung Po Tau,(Robin’s Nest) 虎地坳 Fu Tei Au,(Robin’s Nest) 鳳溪第一中學 Fung Kai No. 1 Secondary School,"(Robin’s Nest) 寶石湖路，近莆上村 Po Shek Wu Road, near Po Sheung Tsuen","(Robin’s Nest) 新豐路，石湖墟郵政局 San Fung Avenue, Shek Wu Hui Post Office",(Robin’s Nest) 上水站小巴總站 Sheung Shui Station Public Light Bus Terminus,,,,,,,,,,,,,,,,,,,,,,,,,,,,,
69,CMPattern_CM_GMBBus_69_1_8405,8.9,9.027976526,Kwun Tong Central > Kowloon City North,FALSE,麗港城公共運輸交滙處 Laguna City Public Transport Interchange,Kwun Tong Central,"獅子石道，近創業樓 Lion Rock Road, near Chong Yip Building",Kowloon City North,九龍城獅子石道 Kowloon City (Lion Rock Road),(Kwun Tong Central) 麗港城公共運輸交滙處 Laguna City Public Transport Interchange,"(Kwun Tong Central) 茶果嶺道，麗港中心商場外 Cha Kwo Ling Road, outside Laguna Arcade","(Kwun Tong Central) 偉業街，麗港城對面 Wai Yip Street, Opposite Laguna City","(Kowloon City North) 太子道東，采頤花園對面 Prince Edward Road East, Opposite Rhythm Garden","(Kowloon City North) 太子道東，譽．港灣對面 Prince Edward Road East, Opposite The Latitude","(Kowloon City North) 太子道東，富豪東方酒店對面 Prince Edward Road East, Opposite Regal Oriental Hotel","(Kowloon City North) 宋皇臺道，北帝街 Sung Wong Toi Road, Pak Tai Street",(Kowloon City North) 亞皆老街遊樂場 Argyle Street Playground,"(Kowloon City North) 太子道西，蘭苑外 Prince Edward Road West, outside Lan Yuen","(Kowloon City North) 聯合道，近聯合大廈 Junction Road, near Junction House","(Kowloon City North) 獅子石道，近創業樓 Lion Rock Road, near Chong Yip Building",,,,,,,,,,,,,,,,,,,,,,,,,,,,,,,,,,,,
69,CMPattern_CM_GMBBus_69_1_8406,8.9,9.243704432,Kwun Tong Central > Kowloon City North,FALSE,麗港城公共運輸交滙處 Laguna City Public Transport Interchange,Kwun Tong Central,"獅子石道，近創業樓 Lion Rock Road, near Chong Yip Building",Kowloon City North,九龍城獅子石道（經露明道） Kowloon City (Lion Rock Road) (via Lomond Road),(Kwun Tong Central) 麗港城公共運輸交滙處 Laguna City Public Transport Interchange,"(Kwun Tong Central) 茶果嶺道，麗港中心商場外 Cha Kwo Ling Road, outside Laguna Arcade","(Kwun Tong Central) 偉業街，麗港城對面 Wai Yip Street, Opposite Laguna City","(Kowloon City North) 太子道東，采頤花園對面 Prince Edward Road East, Opposite Rhythm Garden","(Kowloon City North) 太子道東，譽．港灣對面 Prince Edward Road East, Opposite The Latitude","(Kowloon City North) 太子道東，富豪東方酒店對面 Prince Edward Road East, Opposite Regal Oriental Hotel","(Kowloon City North) 宋皇臺道，北帝街 Sung Wong Toi Road, Pak Tai Street",(Kowloon City North) 真善美邨 Chun Seen Mei Chuen,"(Kowloon City North) 露明道，近聖德肋撒醫院 Lomond Road, near St. Teresa's Hospital","(Kowloon City North) 聯合道，近聯合大廈 Junction Road, near Junction House","(Kowloon City North) 獅子石道，近創業樓 Lion Rock Road, near Chong Yip Building",,,,,,,,,,,,,,,,,,,,,,,,,,,,,,,,,,,,
86,CMPattern_CM_GMBBus_86_1_6068,6.4,5.871889959,Kwai Chung East > Tsuen Wan Southeast > Kwai Chung West > Tsuen Wan Southeast,FALSE,"梨貝街巴士站，石籬邨石俊樓外 Lei Pui Street Bus Terminus, outside Shek Chun House, Shek Lei Estate",Kwai Chung East,海貴路公共運輸交滙處 Hoi Kwai Road Public Transport Interchange,Tsuen Wan Southeast,荃灣海貴路 Tsuen Wan (Hoi Kwai Road),"(Kwai Chung East) 梨貝街巴士站，石籬邨石俊樓外 Lei Pui Street Bus Terminus, outside Shek Chun House, Shek Lei Estate","(Kwai Chung East) 梨貝街，石籬邨石佳樓外 Lei Pui Street, outside Shek Kai House, Shek Lei Estate",(Kwai Chung East) 石籬邨石佳樓 Shek Kai House Shek Lei Estate,"(Kwai Chung East) 圍乪街，石籬邨石安樓外 Wai Kek Street, outside Shek On House, Shek Lei Estate","(Kwai Chung East) 大隴街，近葵華大廈 Tai Loong Street, near Kwai Wah Building","(Kwai Chung East) 和宜合道，近打磚坪街 Wo Yi Hop Road, near Tai Chuen Ping Street",(Kwai Chung East) 和宜合道，75-87號 No. 75-87 Wo Yi Hop Road,"(Kwai Chung East) 和宜合道，捷德工廠大廈外 Wo Yi Hop Road, outside Chip Tak Weaving Factory Building","(Kwai Chung East) 和宜合道，達利中心外 Wo Yi Hop Road, outside Riley House","(Kwai Chung East) 和宜合道，華寶工業大廈外 Wo Yi Hop Road, outside Grand Industrial Building","(Kwai Chung East) 昌榮路，同珍工業大廈外 Cheung Wing Road, outside Tung Chun Industrial Building",(Tsuen Wan Southeast) 昌榮路迴旋處 Cheung Wing Road Gyratory,"(Tsuen Wan Southeast) 國瑞路，海壩新村對面 Kwok Shui Road, Opposite Hoi Pa San Tsuen",(Tsuen Wan Southeast) 大窩口站 Tai Wo Hau Station,(Kwai Chung West) 德士古道75號 No. 75 Texaco Road,"(Tsuen Wan Southeast) 沙咀道，大窩口工廠大廈外 Sha Tsui Road, outside Tai Wo Hau Factory Estate","(Tsuen Wan Southeast) 沙咀道，寶石大廈外 Sha Tsui Road, outside Bo Shek Mansion",(Tsuen Wan Southeast) 眾安街 Chung On Street,"(Tsuen Wan Southeast) 沙咀道，戴蹸趾夫人分科診療所對面 Sha Tsui Road, Opposite Lady Trench Polyclinic",(Tsuen Wan Southeast) 海貴路公共運輸交滙處 Hoi Kwai Road Public Transport Interchange,,,,,,,,,,,,,,,,,,,,,,,,,,,
106,CMPattern_CM_GMBBus_106_7495,11.4,7.840146486,Sai Kung and Hang Hau > Kwun Tong North > Kwun Tong West > Kwun Tong Central > Kwun Tong West,FALSE,"寶琳北路，翠林邨對面 Po Lam Road North, near Tsui Lam Estate",Sai Kung and Hang Hau,企業廣場 Enterprise Square,Kwun Tong West,九龍灣 Kowloon Bay,"(Sai Kung and Hang Hau) 寶琳北路，翠林邨對面 Po Lam Road North, near Tsui Lam Estate","(Sai Kung and Hang Hau) 寶琳北路，康盛花園巴士總站對面 Po Lam Road North, Opposite Hong Sing Garden Bus Terminus",(Sai Kung and Hang Hau) 茅湖仔 Mau Wu Tsai,"(Sai Kung and Hang Hau) 寶琳路，近馬游塘 Po Lam Road, near Ma Yau Tong","(Kwun Tong North) 寶琳路，寶達邨外 Po Lam Road, outside Po Tat Estate","(Kwun Tong North) 秀茂坪道，秀程樓外 Sau Mau Ping Road, outside Sau Ching House","(Kwun Tong North) 秀茂坪道，秀義樓外 Sau Mau Ping Road, outside Sau Yee House","(Kwun Tong West) 康寧道，高雷中學外 Hong Ning Road, outside Ko Lui Secondary School","(Kwun Tong West) 康寧道，秀茂坪紀律部隊宿舍外 Hong Ning Road, outside Sau Mau Ping Disciplined Services Quarters","(Kwun Tong West) 康寧道，康寧道公園一期外，康濤閣對面 Hong Ning Road, outside Hong Ning Road Park I, Opposite Hamden Court",(Kwun Tong Central) 康寧道門牌60號外 Hong Ning Road outside House No. 60,"(Kwun Tong Central) 牛頭角道，裕民中心外 Ngau Tau Kok Road, outside Yue Man Centre","(Kwun Tong Central) 牛頭角道，玉蓮臺對面 Ngau Tau Kok Road, outside Lotus Tower","(Kwun Tong Central) 牛頭角道，近觀塘官立小學 Ngau Tau Kok Road, near Kwun Tong Government Primary School","(Kwun Tong West) 宏照道，國際交易中心對面 Wang Chiu Road, Opposite Exchange Tower",(Kwun Tong West) 企業廣場 Enterprise Square,,,,,,,,,,,,,,,,,,,,,,,,,,,,,,,
808,CMPattern_GMBBus808_5916,8.7,8.479328204,Sha Tin North > Sha Tin East,FALSE,"西沙路，新港城外 Sai Sha Road, outside Sunshine City",Sha Tin North,威爾斯親王醫院 Prince of Wales Hospital,Sha Tin East,威爾斯親王醫院 Prince of Wales Hospital,"(Sha Tin North) 西沙路，新港城外 Sai Sha Road, outside Sunshine City","(Sha Tin North) 西沙路，頌安邨頌和樓對面 Sai Sha Road, Opposite Chung Wo House, Chung On Estate",(Sha Tin North) 曾璧山中學 Tsang Pik Shan Secondary School,"(Sha Tin North) 恒康街，耀安邨耀平樓外 Hang Hong Street, outside Yiu On Estate Bus Terminus","(Sha Tin East) 恒德街南行綫，近大水坑站 Hang Tak Street Southbound, near Tai Shui Hang Station","(Sha Tin East) 亞公角街，漁民新村外 A Kung Kok Street, outside Fishermen Village","(Sha Tin East) 亞公角街，沙田醫院外 A Kung Kok Street, outside Shatin Hospital",(Sha Tin East) 綠怡雅苑 Greenhill Villa,"(Sha Tin East) 廣善街，廣源邨廣榕樓外 Kwong Sin Street, outside Banyan House, Kwong Yuen Estate","(Sha Tin East) 廣善街，近香港恒生大學 Kwung Sin Street, near The Hang Seng University of Hong Kong","(Sha Tin East) 牛皮沙街，牛皮沙新村外 Ngau Pei Sha Street, outside Ngau Pei Sha New Village","(Sha Tin East) 牛皮沙街，愉翠苑巴士站 Ngau Pei Sha Street, Yu Chui Court Bus Terminus","(Sha Tin East) 插桅杆街，第一城站對面 Chap Wai Kon Street, Opposite City One Station",(Sha Tin East) 威爾斯親王醫院 Prince of Wales Hospital,,,,,,,,,,,,,,,,,,,,,,,,,,,,,,,,,
9,CMPattern_CM_GMBBus_9_1_8571,8.4,10.35884518,Sai Kung and Hang Hau,FALSE,麥理浩夫人渡假村 Lady Maclehose Holiday Village,Sai Kung and Hang Hau,"福民路小巴總站，經華樓外 Fuk Man Road Public Light Bus Terminus, outside King Wah Building",Sai Kung and Hang Hau,西貢 Sai Kung,(Sai Kung and Hang Hau) 麥理浩夫人渡假村 Lady Maclehose Holiday Village,(Sai Kung and Hang Hau) 鯽魚湖 Tsak Yue Wu,"(Sai Kung and Hang Hau) 大網仔路，近北潭涌燒烤區六號場 Tai Mong Tsai Road, near Pak Tam Chung Barbecue Area Site 6",(Sai Kung and Hang Hau) 保良局北潭涌渡假營 Plk Pak Tam Chung Holiday Camp,(Sai Kung and Hang Hau) 斬竹灣 Tsam Chuk Wan,(Sai Kung and Hang Hau) 大網仔 Tai Mong Tsai,(Sai Kung and Hang Hau) 大網仔 Tai Mong Tsai,(Sai Kung and Hang Hau) 大網仔 Tai Mong Tsai,(Sai Kung and Hang Hau) 早禾坑 Tso Wo Hang,(Sai Kung and Hang Hau) 黃竹灣 Wong Chuk Wan,"(Sai Kung and Hang Hau) 福民路小巴總站，經華樓外 Fuk Man Road Public Light Bus Terminus, outside King Wah Building",,,,,,,,,,,,,,,,,,,,,,,,,,,,,,,,,,,,
69A,CMPattern_GMBBus69A_1_4373,9.7,9.459697274,Yau Tsim Mong North > Sham Shui Po East > Kowloon City North > Wong Tai Sin West > Kwun Tong Central,FALSE,"通菜街，旺角警署外 Tung Choi Street, outside Mong Kok Police Station",Yau Tsim Mong North,麗港城公共運輸交滙處 Laguna City Public Transport Interchange,Kwun Tong Central,麗港城 Laguna City,"(Yau Tsim Mong North) 通菜街，旺角警署外 Tung Choi Street, outside Mong Kok Police Station",(Sham Shui Po East) 警察體育遊樂會 Police Sports and Recreation Club,(Sham Shui Po East) 花墟公園 Fa Hui Park,(Kowloon City North) 界限街117號 Boundary Street No. 117,(Kowloon City North) 喇沙小學 La Salle Primary School,"(Kowloon City North) 碧華花園外，界限街 Boundary Street, outside Beverly Villas",(Kowloon City North) 界限街171號 Boundary Street No. 171,"(Kowloon City North) 太子道西，國華樓外 Prince Edward Road West, outside Kwok Hwa Building","(Kowloon City North) 太子道東，近衙前圍道休憩花園外 Prince Edward Road East, outside Nga Tsin Wai Road Rest Garden","(Wong Tai Sin West) 太子道東，譽・港灣外 Prince Edward Road East, outside The Latitude","(Wong Tai Sin West) 太子道東，超達工業大廈外 Prince Edward Road East, outside Chiu Tat Factory Building","(Kwun Tong Central) 觀塘，偉業街及偉樂街街口 Kwun Tong, Junction of Wai Yip Street and Wai Lok Street","(Kwun Tong Central) 茶果嶺道，近麗港城第十六座 Cha Kwo Ling Road, near Laguna City Block 16","(Kwun Tong Central) 茶果嶺道，麗港城一期商場外 Cha Kwo Ling Road, outside Laguna City Phase I Commercial Complex",(Kwun Tong Central) 麗港城公共運輸交滙處 Laguna City Public Transport Interchange,,,,,,,,,,,,(南區) 漁光道 - 近石排灣邨碧綠樓,(南區) 漁光道 - 近漁暉苑景暉閣,(南區) 漁暉道 - 近香港仔大道,,,,,,,,,,,,,,,,,,
21A,CMPattern_CM_GMBBus_21a_6160,4.7,3.689667294,Wan Chai,TRUE,蘭芳道，2號 Lan Fong Road No. 2,Wan Chai,蘭芳道，2號 Lan Fong Road No. 2,Wan Chai,銅鑼灣蘭芳道 - 勵德邨（循環綫） Causeway Bay (Lan Fong Road) - Lai Tak Tsuen (Circular),(Wan Chai) 蘭芳道，2號 Lan Fong Road No. 2,"(Wan Chai) 邊寧頓街，嘉蘭中心 Caroline Centre, Pennington Street",(Wan Chai) 聖保祿醫院 St. Paul's Hospital,(Wan Chai) 大坑道9號 9 Tai Hang Road,(Wan Chai) 勵德邨 Lai Tak Tsuen,(Wan Chai) 勵德邨道，怡景道及大坑道之間 Lai Tak Tsuen Road Between Yee King Road and Tai Hang Road,(Wan Chai) 利羣道 Li Kwan Avenue,"(Wan Chai) 大坑道，帝后臺外 outside Grand Deco Tower, Tai Hung Road",(Wan Chai) 摩頓台 Moreton Terrace,(Wan Chai) 蘭芳道，2號 Lan Fong Road No. 2,,,,,,,,,,,,,,,,,,,,,,,,,,,,,,,,,,,,,
58,CMPattern_GMBBus58_2926,7.5,9.925626276,Southern District Northwest > Western,FALSE,"湖南街，安泰大廈外 Wu Nam Street, outside On Tai Building",Southern District Northwest,堅尼地城站 Kennedy Town Station,Western,堅尼地城站 Kennedy Town Station,"(Southern District Northwest) 湖南街，安泰大廈外 Wu Nam Street, outside On Tai Building",(Southern District Northwest) 香港仔大道178號 No. 178 Aberdeen Main Road,"(Southern District Northwest) 香港仔海傍道，香港仔魚類批發市場外 Aberdeen Praya Road, outside Aberdeen Wholesale Fish Market","(Southern District Northwest) 田灣街，香港仔海傍道 Tin Wan Street, Aberdeen Praya Road",(Southern District Northwest) 華富道 Wah Fu Road,"(Southern District Northwest) 薄扶林消防局, 域多利道 Pok Fu Lam Fire Station, Victoria Road","(Southern District Northwest) 華翠街, 域多利道 Wah Chui Street, Victoria Road","(Southern District Northwest) 舊薄扶林狗房, 域多利道 Old Pok Fu Lam Kennels, Victoria Road","(Southern District Northwest) 貝沙灣南灣，數碼港道 Bel-Air On The Peak, Cyberport Road","(Southern District Northwest) 貝沙灣，數碼港道 Residence Bel-Air, Cyberport Road","(Southern District Northwest) 數碼港道數碼港商場停車處外 The Layby at Cyberport Road outside The Arcade, Cyberport","(Southern District Northwest) 沙灣徑，何鴻燊體育中心 Sha Wan Drive, Stanley Ho Sports Centre","(Southern District Northwest) 沙灣徑，麥理浩復康院對面 Sha Wan Drive, Opposite Maclehose Medical Rehabilitation Centre","(Southern District Northwest) 大口環道，大口環根德公爵夫人兒童醫院 Sandy Bay Road, The Duchess of Kent Children’s Hospital",(Southern District Northwest) 東華三院賽馬會護理安老院 Twghs Jockey Club Care & Attention Home For The Elderly,"(Southern District Northwest) 域多利道，英基學校協會西港島中學外 Victoria Road, outside English School Foundation West Island School",(Western) 域多利道，近摩星嶺道 Victoria Road near Mount Davis Road,(Western) 摩星嶺徑 Mount Davis Path,(Western) 明愛賽馬會宿舍 Caritas Jockey Club Hostel,"(Western) 域多利道，近傲翔灣畔 Victoria Road, near The Sail at Victoria",(Western) 西市街 Sai See Street,(Western) 吉席街近泓都 Catchick Street near The Merton,(Western) 堅尼地城站 Kennedy Town Station,,,,,,,,,,,,,,,,,,,,,,,,
14M,CMPattern_CM_GMBBus_14m_6087,6.3,5.565687928,Wan Chai,TRUE,蘭芳道，2號 Lan Fong Road No. 2,Wan Chai,蘭芳道，2號 Lan Fong Road No. 2,Wan Chai,銅鑼灣蘭芳道 - 睦誠道（循環綫） Causeway Bay (Lan Fong Road) - Moorsom Road (Circular),(Wan Chai) 蘭芳道，2號 Lan Fong Road No. 2,(Wan Chai) 樂活道，樂翠台外 Broadwood Road outside Villa Rocha,(Wan Chai) 樂活道，樂陶苑外 Broadwood Road outside Villa Lotto,(Wan Chai) 樂景園 Broadwood Villa,(Wan Chai) 樂活道，栢樂苑外 Broadwood Road outside Broadwood Park,(Wan Chai) 渣甸山花園大廈 Jardine's Lookout Garden Mansion,(Wan Chai) 大坑道，近白建時道 Tai Hang Road near Perkins Road,(Wan Chai) 大坑徑，柏園對面 Tai Hang Road Opposite Park Garden,(Wan Chai) 大坑台 Tai Hang Terrace,"(Wan Chai) 春暉道，慧景園第3座外 Chun Fai Road, outside Block 3, Flora Garden",(Wan Chai) 睦誠道，近金雲閣 Moorsom Road near Aurizon,(Wan Chai) 嘉雲臺 Cavendish Heights,(Wan Chai) 渣甸山花園 Jardine's Lookout Garden,"(Wan Chai) 睦誠道，柏麗園外 Moorsom Road, outside Butler Garden","(Wan Chai) 睦誠道，盛苑外 Moorsom Road, outside Moorom Lodge",(Wan Chai) 嘉雲臺 Cavendish Heights,(Wan Chai) 祈禮士道 Creasy Road,(Wan Chai) 樂活道，嘉崙臺外 Broadwood Road outside The Colonnade,(Wan Chai) 樂陶苑 Villa Lotto,(Wan Chai) 樂翠台 Villa Rocha,(Wan Chai) 連道，近禮頓山 Link Road near Leighton Hill,(Wan Chai) 新寧道 Sunning Road,(Wan Chai) 蘭芳道，2號 Lan Fong Road No. 2,,,,,,,,,,,,,,,,,,,,,,,,
90A,CMPattern_CM_GMBBus_90a_6018,7.1,5.51615174,Kowloon City North > Kwun Tong Central > Kwun Tong Southeast,FALSE,香港兒童醫院 Hong Kong Childrens Hospital,Kowloon City North,"油麗邨翠麗樓外小巴站 GMB Stop outside Tsui Lai House, Yau Lai Estate",Kwun Tong Southeast,油塘油麗邨 Yau Tong (Yau Lai Estate),(Kowloon City North) 香港兒童醫院 Hong Kong Childrens Hospital,"(Kwun Tong Central) 祥業街近消防局 Cheung Yip Street, Kai Tai Fire Station",(Kwun Tong Central) 海濱道近 One Bay East Hoi Bun Road near One Bay East,(Kwun Tong Central) 海濱道163號 163 Hoi Bun Road,"(Kwun Tong Central) 觀塘，偉業街及偉樂街街口 Kwun Tong, Junction of Wai Yip Street and Wai Lok Street",(Kwun Tong Southeast) 茶果嶺道191-193號外 191-193 Cha Kwo Ling Road,"(Kwun Tong Southeast) 茶果嶺道，茶果嶺鄉診所 Cha Kwo Ling Road, outside Cha Kwo Ling Village Clinic","(Kwun Tong Southeast) 茶果嶺道，茶果嶺鄉民聯誼會 Cha Kwo Ling Road, outside Cha Kwo Ling Village Fraternity Association","(Kwun Tong Southeast) 茶果嶺道，榮山工業大廈對面 Cha Kwo Ling Road, Opposite Wing Shan Industrial Building",(Kwun Tong Southeast) 油塘道遊樂場 Yau Tong Road Playground,(Kwun Tong Southeast) 油塘里 Yau Tong Lane,"(Kwun Tong Southeast) 油麗邨翠麗樓外小巴站 GMB Stop outside Tsui Lai House, Yau Lai Estate",,,,,,,,,,,,,,,,,,,,,,,,,,,,,,,,,,,
90A,CMPattern_CM_GMBBus_90a_8021,7.1,7.067271573,Kowloon City North > Kwun Tong Central > Kwun Tong Southeast,FALSE,香港兒童醫院 Hong Kong Childrens Hospital,Kowloon City North,"油麗邨翠麗樓外小巴站 GMB Stop outside Tsui Lai House, Yau Lai Estate",Kwun Tong Southeast,油塘油麗邨（經高超道） Yau Tong (Yau Lai Estate) (via Ko Chiu Road),(Kowloon City North) 香港兒童醫院 Hong Kong Childrens Hospital,"(Kwun Tong Central) 祥業街近消防局 Cheung Yip Street, Kai Tai Fire Station",(Kwun Tong Central) 海濱道近 One Bay East Hoi Bun Road near One Bay East,(Kwun Tong Central) 海濱道163號 163 Hoi Bun Road,"(Kwun Tong Central) 觀塘，偉業街及偉樂街街口 Kwun Tong, Junction of Wai Yip Street and Wai Lok Street",(Kwun Tong Southeast) 茶果嶺道191-193號外 191-193 Cha Kwo Ling Road,"(Kwun Tong Southeast) 茶果嶺道，茶果嶺鄉診所 Cha Kwo Ling Road, outside Cha Kwo Ling Village Clinic","(Kwun Tong Southeast) 茶果嶺道，茶果嶺鄉民聯誼會 Cha Kwo Ling Road, outside Cha Kwo Ling Village Fraternity Association","(Kwun Tong Southeast) 茶果嶺道，榮山工業大廈對面 Cha Kwo Ling Road, Opposite Wing Shan Industrial Building","(Kwun Tong Southeast) 茶果嶺道，近中華基督教會基法小學（油塘） Cha Kwo Ling Road, near C. C. C. Kei Faat Primary School (Yau Tong)","(Kwun Tong Southeast) 茶果嶺道，近油塘站 Cha Kwo Ling Road, near Yau Tong Station","(Kwun Tong Southeast) 高超道，近油塘邨油塘社區會堂 Ko Chiu Road, near Yau Tong Community Hall, Yau Tong Estate",(Kwun Tong Southeast) 鯉魚門廣場 Lei Yue Mun Plaza,"(Kwun Tong Southeast) 鯉魚門道，近油美苑淑美閣 Lei Yue Mun Road, near Shuk Mei House, Yau Mei Court","(Kwun Tong Southeast) 鯉魚門道，近油翠苑 Lei Yue Mun Road, near Yau Chui Court",(Kwun Tong Southeast) 油塘里 Yau Tong Lane,"(Kwun Tong Southeast) 油麗邨翠麗樓外小巴站 GMB Stop outside Tsui Lai House, Yau Lai Estate",,,,,,,,,,,,,,,,,,,,,,,,,,,,,,
25M,CMPattern_CM_GMBBus_25m_7979,6.9,6.200698773,Wong Tai Sin West > Kowloon City North,FALSE,"東隆道，近東頭（二）邨街市及熟食檔 Tung Lung Road, near Tung Tau (II) Estate Market & Cooked Food Stalls",Wong Tai Sin West,九龍塘沙福道公共交通交滙處 Kowloon Tong Suffolk Road Public Transport Interchange,Kowloon City North,九龍塘沙福道公共交通交滙處 Kowloon Tong (Suffolk Road) Public Transport Interchange,"(Wong Tai Sin West) 東隆道，近東頭（二）邨街市及熟食檔 Tung Lung Road, near Tung Tau (II) Estate Market & Cooked Food Stalls",(Wong Tai Sin West) 東頭邨彩東樓 Choi Tung House Tung Tau Estate,(Wong Tai Sin West) 東滙邨 Tung Wui Estate,"(Wong Tai Sin West) 樂善道，近御．豪門 Lok Sin Road, near Billionnaire Royale",(Kowloon City North) 富豪東方酒店 Regal Oriental Hotel,(Kowloon City North) 城南道 South Wall Road,"(Kowloon City North) 賈炳達道，近恒勝樓 Carpenter Road, near Victory Building",(Kowloon City North) 聯合道88號 No. 88 Junction Road,(Kowloon City North) 太子道西近科發道 Prince Eward Road West near Forfar Road,"(Kowloon City North) 太子道西，聖德肋撒法國醫院外 Prince Edward Road West, outside St. Teresa's Hospital","(Kowloon City North) 喇沙利道，近喇沙小學 La Salle Road, near La Salle Primary School","(Kowloon City North) 喇沙利道，近喇沙樓 La Salle Road, near La Salle Building",(Kowloon City North) 蘭開夏道 Lancashire Road,(Kowloon City North) 禧福道 Hereford Road,"(Kowloon City North) 聯福道，近九龍東軍營46座 Renfrew Road, near Kowloon East Barracks Block 46","(Kowloon City North) 聯福道，近九龍東軍營43座 Renfrew Road, near Kowloon East Barracks Block 43","(Kowloon City North) 聯合道，金城道遊樂場對面 Junction Road, Opposite Kam Shing Road Recreation Ground","(Kowloon City North) 九龍塘站根德道出口對面 Kowloon Tong Station, Opposite Kent Road Exit",(Kowloon City North) 九龍塘沙福道公共交通交滙處 Kowloon Tong Suffolk Road Public Transport Interchange,,,,,,,,,,,,,,,,,,,,,,,,,,,,
58,CMPattern_GMBBus58_2927,7.5,9.252117265,Western > Southern District Northwest,FALSE,堅尼地城站 Kennedy Town Station,Western,"湖南街，安泰大廈外 Wu Nam Street, outside On Tai Building",Southern District Northwest,香港仔湖南街 Aberdeen (Wu Nam Street),(Western) 堅尼地城站 Kennedy Town Station,"(Western) 卑路乍街144-148號 Belcher's Street, House No. 144-148",(Western) 加惠民道 Ka Wai Man Road,(Western) 域多利道西寧閣對面 Victoria Road Opposite Serene Court,(Western) 明愛賽馬會宿舍 Caritas Jockey Club Hostel,"(Western) 摩星嶺徑, 域多利道 Mount Davis Path, Victoria Road","(Southern District Northwest) 域多利道，近英基學校協會西島中學 Victoria Road, near English Schools Foundation West Island School","(Southern District Northwest) 大口環道，近東華三院馮堯敬醫院 Sandy Bay Road, near Twghs Fung Yiu King Hospital","(Southern District Northwest) 沙灣徑，麥理浩復康院 Sha Wan Drive, Maclehose Medical Rehabilitation Centre","(Southern District Northwest) 數碼港道數碼港商場停車處對面 The Layby at Cyberport Road Opposite To The Arcade, Cyberport","(Southern District Northwest) 數碼港道，數碼港3座對面 Cyberport Road, Opposite Cyberport 3","(Southern District Northwest) 數碼港道，貝沙灣1期對面 Cyperport Road, Opposite Bel-Air Phase 1","(Southern District Northwest) 貝沙灣, 數碼港道 Residence Bel-Air, Cyberport Road","(Southern District Northwest) 數碼港道，近貝沙灣6期 Tower 7 Cyberport Road, near Bel-Air No. 8 Tower 7","(Southern District Northwest) 域多利道，域多利道分區電力站對面 Victoria Road, Opposite Victoria Road Zone Sub-Station","(Southern District Northwest) 域多利道，近華翠街 Victoria Road, near Wah Tsui Street","(Southern District Northwest) 華康街，聖保羅書院小學 Wah Hong Street, St. Paul's College Primary School",(Southern District Northwest) 石排灣道53號 No. 53 Shek Pai Wan Road,(Southern District Northwest) 田灣街 Tin Wan Street,"(Southern District Northwest) 湖南街，安泰大廈外 Wu Nam Street, outside On Tai Building",,,,,,,,,,,,,,,,,,,,,,,,,,,
9,CMPattern_CM_GMBBus_9_7589,8.1,6.667631416,Central,TRUE,中環（交易廣場） Central (Exchange Square),Central,中環（交易廣場） Central (Exchange Square),Central,中環交易廣場 - 寶雲道（循環綫） Central (Exchange Square) - Bowen Road (Circular),(Central) 中環（交易廣場） Central (Exchange Square),"(Central) 干諾道中，近大會堂 Connaught Road Central, near City Hall","(Central) 紅棉路，香港壁球中心 Hong Kong Squash Centre, Cotton Tree Drive","(Central) 寶雲道，近 Bo Kwong Apartments Bowen Road, near Bo Kwong Apartments",(Central) 富滙豪庭 Regence Royale,(Central) 寶雲山莊 Fairlane Tower,"(Central) 寶雲道，近寶德臺 Bowen Road, near Borrett Mansions","(Central) 波老道，近香港猶太教國際學校 Borrett Road, near Carmel School","(Central) 波老道，近港島中學 Borrett Road, near Island School",(Central) 寶德臺 Borrett Mansions,"(Central) 堅尼地道，近波老道 Kennedy Road, near Borrett Road",(Central) 堅尼地道42號 No. 42 Kennedy Road,"(Central) 堅尼地道，近聖保羅男女中學 Kennedy Road, near St. Paul's Co-Educational College","(Central) 堅尼地道，堅麗閣 Kennedy Heights, Kennedy Road",(Central) 花園道 Garden Road,"(Central) 畢打街，近中環站 D1 出口 Pedder Street, near Central Station Exit D1",(Central) 中環（交易廣場） Central (Exchange Square),,,,,,,,,,,,,,,,,,,,,,,,,,,,,,
89B,CMPattern_CM_GMBBus_89b_6066,5.8,9.596110083,Kwun Tong West > Kwun Tong North,FALSE,常怡道 Sheung Yee Road,Kwun Tong West,"安茵街，近智泰樓 On Yan Street, near Chi Tai House",Kwun Tong North,安泰邨 On Tai Estate,(Kwun Tong West) 常怡道 Sheung Yee Road,"(Kwun Tong North) 曉光街，秀茂坪南邨外 Hiu Kwong Street, Opposite Sau Mau Ping South Estate",(Kwun Tong North) 秀明樓 Sau Ming House,(Kwun Tong North) 秀富樓 Sau Fu House,"(Kwun Tong North) 秀明道，秀茂坪商場對面 Sau Mau Ping Road, Opposite Sau Mau Ping Shopping Centre","(Kwun Tong North) 秀明道，秀義樓對面 Sau Ming Road, Opposite Sau Yee House","(Kwun Tong North) 秀茂坪道，秀義樓對面 Sau Mau Ping Road, Opposite Sau Yee House","(Kwun Tong North) 秀茂坪道，秀程樓對面 Sau Mau Ping Road, Opposite Sau Ching House","(Kwun Tong North) 寶琳路，寶達邨對面 Po Lam Road, Opposite Po Tat Estate","(Kwun Tong North) 安翠街，近善達樓 On Chui Street, near Sin Tat House","(Kwun Tong North) 安翠街，近安達邨商場 On Tsui Street, near On Tat Shopping Centre","(Kwun Tong North) 安秀道，近錦泰樓巴士站 On Sau Road, near Kam Tai House Bus Stop","(Kwun Tong North) 安茵街，近恒泰樓 On Yan Street, near Hang Tai House",(Kwun Tong North) 安泰邨居泰樓 Kui Tai House On Tai Estate,"(Kwun Tong North) 安茵街，近智泰樓 On Yan Street, near Chi Tai House",,,,,,,,,,,,,,,,,,,,,,,,,,,,,,,,
52,CMPattern_CM_GMBBus_52_6109,10.1,12.34182514,Southern District Northwest > Southern District Southeast,FALSE,石排灣邨公共運輸交滙處 Shek Pai Wan Estate Public Transport Interchange,Southern District Northwest,赤柱監獄 Stanley Prison,Southern District Southeast,赤柱監獄 Stanley Prison,(Southern District Northwest) 石排灣邨公共運輸交滙處 Shek Pai Wan Estate Public Transport Interchange,"(Southern District Northwest) 漁暉道，香港仔舊大街 Yue Fai Road, Aberdeen Old Main Street","(Southern District Southeast) 香港仔大道48-50號，業漁大樓外 48-50 Aberdeen Main Road, outside Yip Yee Mansion","(Southern District Southeast) 黃竹坑道，近香港仔工業學校 Wong Chuk Hang Road, near Aberdeen Technical School","(Southern District Southeast) 黃竹坑道23號 Wong Chuk Hang Road, House No. 23",(Southern District Southeast) 黃竹坑道49-51號 Wong Chuk Hang Road House No. 49-51,"(Southern District Southeast) 黃竹坑道，黃竹坑新圍外 Wong Chuk Hang Road, outside Wong Chuk Hang San Wai","(Southern District Southeast) 鄉村俱樂部，香島道 The Hong Kong Country Club, Island Road","(Southern District Southeast) 深水灣，香島道 Deep Water Bay, Island Road","(Southern District Southeast) 蒲苑，香島道 Deepdene, Island Road",(Southern District Southeast) 香島小築 Island Club,(Southern District Southeast) 麗景道 Belleview Drive,"(Southern District Southeast) 淺水灣海灘，淺水灣道 Repulse Bay Beach, Repulse Bay Road",(Southern District Southeast) 南灣道 South Bay Road,(Southern District Southeast) 淺水灣道 127 號 127 Repulse Bay Road,(Southern District Southeast) 赫蘭道 Headland Road,"(Southern District Southeast) 舂墈角道，舂墈角消防局 Chung Hom Kok Fire Station, Chung Hom Kok Road",(Southern District Southeast) 靜修里 Ching Sau Lane,"(Southern District Southeast) 環角道，環角徑 Cape Drive, Cape Road","(Southern District Southeast) 環角道，觀馬樓對面 Cape Road, Opposite Koon Ma House","(Southern District Southeast) 環角道，良馬樓對面 Cape Road, Opposite Leung Ma House","(Southern District Southeast) 環角道，駿馬樓對面 Cape Road, Opposite Chun Ma House","(Southern District Southeast) 佳美道，赤柱廣場外 Carmel Road, outside Stanley Plaza",(Southern District Southeast) 赤柱警署 Stanley Police Station,(Southern District Southeast) 香港航海學校 Hong Kong Sea School,"(Southern District Southeast) 東頭灣道，聖士堤反書院 St. Stephen's College, Tung Tau Wan Road",,,,,,,,,,,,,,,,,,,,,
102,CMPattern_CM_GMBBus_102_9062,10.8,10.74850442,Wong Tai Sin West > Wong Tai Sin East > Kwun Tong West > Kwun Tong Central > Tseung Kwan O North > Sai Kung and Hang Hau > Tseung Kwan O North,FALSE,"康強街，康景樓對面 Hong Keung Street, Opposite Hong King Building",Wong Tai Sin West,坑口站公共運輸交滙處 Hang Hau Station Public Transport Interchange,Tseung Kwan O North,坑口站 Hang Hau Station,"(Wong Tai Sin West) 康強街，康景樓對面 Hong Keung Street, Opposite Hong King Building","(Wong Tai Sin West) 太子道東，近泰景工業大樓 Prince Edward Road East, near Tai King Industrial Building","(Wong Tai Sin West) 太子道東，采頤花園7座外 Prince Edward Road East, outside Block 7, Rhythm Garden","(Wong Tai Sin East) 太子道東，近坪石邨 Prince Edward Road East, near Ping Shek","(Kwun Tong West) 彩石里，近聖若瑟英文小學 Choi Shek Lane, near St. Joseph's Anglo-Chinese Primary School","(Kwun Tong West) 觀塘道，近德福花園 T1 座 Kwun Tong Road, near Telford Gardens Block T1","(Kwun Tong West) 觀塘道，近牛頭角下邨貴亮樓 Kwun Tong Road, near Kwai Leung House, Lower Ngau Tau Kok Estate","(Kwun Tong Central) 觀塘道，近德明樓 Kwun Tong Road, near Tak Ming Building","(Kwun Tong Central) 觀塘道，近安祥大樓 Kwun Tong Road, near On Cheung House",(Kwun Tong Central) 牛頭角站 Ngau Tau Kok Station,"(Kwun Tong Central) 觀塘道，近裕民中心第二座 Kwun Tong Road, near Yue Man Centre Block 2","(Kwun Tong Central) 鯉魚門道近觀塘游泳池 Lei Yue Mun Road, near Kwun Tong Swimming Pool",(Kwun Tong Central) 觀塘警署 Kwun Tong Police Station,"(Tseung Kwan O North) 寶順路，將軍澳游泳池外 Po Shun Road, outside Tseung Kwan O Swimming Pool","(Sai Kung and Hang Hau) 寶寧路，厚德邨對面 Po Ning Road, Opposite Hau Tak Estate","(Tseung Kwan O North) 重華路，東港城第6座對面 Chung Wa Road, Opposite Block 6, East Point City",(Tseung Kwan O North) 坑口站公共運輸交滙處 Hang Hau Station Public Transport Interchange,,,,,,,,,,,,,,,,,,,,,,,,,,,,,,
102,CMPattern_CM_GMBBus_102_9063,10.8,11.70309428,Wong Tai Sin West > Tseung Kwan O North > Sai Kung and Hang Hau > Tseung Kwan O North,FALSE,"康強街，康景樓對面 Hong Keung Street, Opposite Hong King Building",Wong Tai Sin West,坑口站公共運輸交滙處 Hang Hau Station Public Transport Interchange,Tseung Kwan O North,坑口站（經觀塘繞道） Hang Hau Station (via Kwun Tong Bypass),"(Wong Tai Sin West) 康強街，康景樓對面 Hong Keung Street, Opposite Hong King Building","(Wong Tai Sin West) 太子道東，近泰景工業大樓 Prince Edward Road East, near Tai King Industrial Building","(Tseung Kwan O North) 寶順路，將軍澳游泳池外 Po Shun Road, outside Tseung Kwan O Swimming Pool","(Sai Kung and Hang Hau) 寶寧路，厚德邨對面 Po Ning Road, Opposite Hau Tak Estate","(Tseung Kwan O North) 重華路，東港城第6座對面 Chung Wa Road, Opposite Block 6, East Point City",(Tseung Kwan O North) 坑口站公共運輸交滙處 Hang Hau Station Public Transport Interchange,,,,,,,,,,,,,,,,,,,,,,,,,,,,,,,,,,,,,,,,,
35,CMPattern_CM_GMBBus_35_6339,10.2,9.945206362,Yuen Long Town Centre > Tin Shui Wai South and Ping Ha > Yuen Long Rural East > Tin Shui Wai South and Ping Ha,FALSE,"泰豐街，近泰豐樓 Tai Fung Street, near Tai Fung House",Yuen Long Town Centre,輞井圍小巴總站 Mong Tseng Wai Minibus Terminus,Tin Shui Wai South and Ping Ha,輞井圍 Mong Tseng Wai,"(Yuen Long Town Centre) 泰豐街，近泰豐樓 Tai Fung Street, near Tai Fung House",(Yuen Long Town Centre) 啟信學校 ELCHK Lutheran School,(Yuen Long Town Centre) 水邊圍邨康水樓 Hong Shui House Shui Pin Wai Estate,"(Tin Shui Wai South and Ping Ha) 媽橫路，朗庭園外 Ma Wang Road, outside Villa By The Park",(Yuen Long Rural East) 朗邊 Long Bin,"(Tin Shui Wai South and Ping Ha) 屏廈路，近世紀中心 Ping Ha Road, near Century Centre",(Tin Shui Wai South and Ping Ha) 屏興里 Ping Hing Lane,(Tin Shui Wai South and Ping Ha) 坑尾村 Hang Mei Tsuen,"(Tin Shui Wai South and Ping Ha) 屏廈路，近屏欣苑屏欣商場 Ping Ha Road, near Ping Yan Shopping Centre, Ping Yan Court","(Tin Shui Wai South and Ping Ha) 屏廈路，近天水圍站 Ping Ha Road, near Tin Shui Wai Station","(Tin Shui Wai South and Ping Ha) 屏廈路，近廈村市富怡花園第二期第十座 Ping Ha Road, near Fu Yee Garden Phase 2 Block 10, Ha Tsuen Shi",(Tin Shui Wai South and Ping Ha) 廈村 Ha Tsuen,(Tin Shui Wai South and Ping Ha) 錫降圍 Shek Kong Wai,(Tin Shui Wai South and Ping Ha) 羅屋村 Lo Uk Tsuen,(Tin Shui Wai South and Ping Ha) 東頭村 Tung Tau Tsuen,(Tin Shui Wai South and Ping Ha) 鳳降村 Fung Kong Tsuen,"(Tin Shui Wai South and Ping Ha) 流浮山道，近金莎花園 Lau Fau Shan Road, near Windsor Villa",(Tin Shui Wai South and Ping Ha) 新慶村 San Hing Tsuen,(Tin Shui Wai South and Ping Ha) 流浮山小巴總站 Lau Fau Shan Minibus Terminus,(Tin Shui Wai South and Ping Ha) 雲浮仙館 Wan Fou Sin Koon,(Tin Shui Wai South and Ping Ha) 輞井村 Mong Tseng Tsuen,(Tin Shui Wai South and Ping Ha) 輞井圍小巴總站 Mong Tseng Wai Minibus Terminus,,,,,,,,,,,,,,,,,,,,,,,,,
1A,CMPattern_CM_GMBBus_1a_7505,5.7,5.800777288,Central,TRUE,香港站小巴總站 Hong Kong Station Minibus Terminus,Central,香港站小巴總站 Hong Kong Station Minibus Terminus,Central,中環香港站公共運輸交滙處 - 麥當奴道（循環綫） Central (Hong Kong Station Public Transport Interchange) - Macdonnell Road (Circular),(Central) 香港站小巴總站 Hong Kong Station Minibus Terminus,"(Central) 干諾道中，近大會堂 Connaught Road Central, near City Hall","(Central) 紅棉路，香港壁球中心 Hong Kong Squash Centre, Cotton Tree Drive","(Central) 麥當勞道，近基督教女青年會總部 Macdonnell Road, near Y.W.C.A. Headquarters","(Central) 麥當勞道，近半山樓 Macdonnell Road, near Hill View","(Central) 麥當勞道，近聖保羅男女中學 Macdonnell Road, near St. Paul's Co-Educational College",(Central) 龍景樓 Dragon View,"(Central) 麥當勞道，近麥堅尼大廈 Macdonnell Road, near Mackenny Court",(Central) 香港公園 Hong Kong Park,(Central) 堅尼地道32號 No. 32 Kennedy Road,"(Central) 堅尼地道，堅麗閣 Kennedy Heights, Kennedy Road",(Central) 律政中心 Justice Place,(Central) 前港中醫院 Former Hong Kong Central Hospital,"(Central) 雪廠街，近印刷行 Ice House Street, near Printing House","(Central) 畢打街，近中環站 D1 出口 Pedder Street, near Central Station Exit D1",(Central) 香港站小巴總站 Hong Kong Station Minibus Terminus,,,,,,,,,,,,,,,,,,,,,,,,,,,,,,,
51B,CMPattern_CM_GMBBus_51b_5979,8.6,8.322675781,Robin’s Nest,FALSE,料壆路近公眾停車場 Liu Pok Road near Public Car Park,Robin’s Nest,上水站小巴總站 Sheung Shui Station Public Light Bus Terminus,Robin’s Nest,上水站 Sheung Shui Station,(Robin’s Nest) 料壆路近公眾停車場 Liu Pok Road near Public Car Park,(Robin’s Nest) 馬草壟路近信義新村 Ma Tso Lung Road near Shun Yee Sun Tsuen,(Robin’s Nest) 馬草壟新村 Ma Tso Lung San Tsuen,(Robin’s Nest) 羅湖練靶場 Lo Wu Rifle Range,(Robin’s Nest) 馬草壟展能運動村 Ma Tso Lung (outside Community Sports Limited),(Robin’s Nest) 東方區 Tung Fong District,(Robin’s Nest) 波樓路 Po Lau Road,"(Robin’s Nest) 青山公路，河上鄉路 Castle Peak Road, Ho Sheung Heung Road",(Robin’s Nest) 何東橋 Ho Tung Bridge,(Robin’s Nest) 青山公路／古洞路近燕崗 Castle Peak Road / Kwu Tung Road near Yin Kong,"(Robin’s Nest) 青山公路古洞段，高爾夫景園外 Castle Peak Road (Kwu Tung), outside Golf Parkview","(Robin’s Nest) 寶石湖路，東慶學校外 Po Shek Wu Road, outside Tung Hing School","(Robin’s Nest) 新豐路，石湖墟郵政局 San Fung Avenue, Shek Wu Hui Post Office",(Robin’s Nest) 上水站小巴總站 Sheung Shui Station Public Light Bus Terminus,,,,,,,,,,,,,,,,,,,,,,,,,,,,,,,,,
4A,CMPattern_CM_GMBBus_4a_7540,10.2,9.523256691,Wan Chai > Southern District Southeast > Southern District Northwest,FALSE,"景隆街，近總統戲院 Cannon Street, near President Theatre",Wan Chai,石排灣邨公共運輸交滙處 Shek Pai Wan Estate Public Transport Interchange,Southern District Northwest,香港仔石排灣 Aberdeen (Shek Pai Wan),"(Wan Chai) 景隆街，近總統戲院 Cannon Street, near President Theatre","(Wan Chai) 灣仔道，近南開大廈 Wan Chai Road, near Nam Hoy Building","(Wan Chai) 灣仔道，近利昌大廈 Wan Chai Road, near Lee Cheong Building","(Wan Chai) 摩理臣山道，跑馬地馬場外 Morrison Hill Road, outside Happy Valley Racecourse","(Southern District Southeast) 黃竹坑道，黃竹坑遊樂場外 Wong Chuk Hang Road, outside Wong Chuk Hang Recreation Ground","(Southern District Southeast) 黃竹坑道，南朗山道 Nam Long Shan Road, Wong Chuk Hang Road","(Southern District Southeast) 香港仔海傍道，逸港居外 Aberdeen Praya Road, outside Ocean Court","(Southern District Northwest) 香港仔海傍道，香港仔海濱公園外 Aberdeen Praya Road, outside Aberdeen Promenade","(Southern District Northwest) 西安街，利港中心外 Sai On Street, outside Port Centre",(Southern District Northwest) 石排灣邨公共運輸交滙處 Shek Pai Wan Estate Public Transport Interchange,,,,,,,,,,,,,,,,,,,,,,,,,,,,,,,,,,,,,
49M,CMPattern_CM_GMBBus_49m_1_7701,6.3,6.301085076,Wan Chai > Tai Pak > Wan Chai,TRUE,天后公共運輸交滙處 Tin Hau Public Transport Interchange,Wan Chai,天后公共運輸交滙處 Tin Hau Public Transport Interchange,Wan Chai,天后站 - 寶馬山（循環綫） Tin Hau Station - Braemar Hill (Circular),(Wan Chai) 天后公共運輸交滙處 Tin Hau Public Transport Interchange,(Wan Chai) 銀幕街7-9號 No. 7-9 Ngan Mok Street,"(Tai Pak) 英皇道，近留仙街 King's Road, near Lau Sin Street",(Tai Pak) 維景臺 Victoria Tower,(Tai Pak) 庇理羅士女子中學 Belilios Public School,(Tai Pak) 威景臺 Viking Villas,(Tai Pak) 張祝珊英文中學 Cheung Chuk Shan College,(Tai Pak) 雲景道配水庫遊樂場 Cloud View Road Service Reservoir Playground,(Tai Pak) 海景台 Seaview Garden,(Tai Pak) 雲景道39號 No. 39 Cloud View Road,(Tai Pak) 恒景園 Hanking Court,(Tai Pak) 雲峯大廈 Summit Court,(Tai Pak) 賽西湖大廈（樹仁大學） Braemar Hill Mansions (HKSYU),(Tai Pak) 寶馬山巴士總站 Braemar Hill Bus Terminus,(Tai Pak) 慧翠道 Wai Tsui Crescent,"(Tai Pak) 寶馬山道，豐林閣外 Braemar Hill Road, outside Oxford Court",(Tai Pak) 賽西湖大廈 Braemar Hill Mansions,(Tai Pak) 蘇浙公學 Kiangsu-Chekiang College,(Tai Pak) 豪景 Ho King View,(Tai Pak) 百福道 Pak Fuk Road,(Tai Pak) 北角配水庫遊樂場 North Point Service Reservoir Playground,(Tai Pak) 天后廟道132號 No. 132 Tin Hau Temple Road,(Tai Pak) 珊瑚閣 Coral Court,(Tai Pak) 衡峰閣 Hacienda,(Tai Pak) 炮台山道30號 No. 30 Fortress Hill Road,(Tai Pak) 電廠街 Tin Chong Street,,,,,,,,,,,,,,,,,,,,,
49M,CMPattern_CM_GMBBus_49m_1_7702,6.3,7.00172473,Wan Chai > Tai Pak > Wan Chai,TRUE,天后公共運輸交滙處 Tin Hau Public Transport Interchange,Wan Chai,天后公共運輸交滙處 Tin Hau Public Transport Interchange,Wan Chai,天后站 - 寶馬山（經寶聯徑）（循環綫） Tin Hau Station - Braemar Hill (via Po Luen Path) (Circular),(Wan Chai) 天后公共運輸交滙處 Tin Hau Public Transport Interchange,(Wan Chai) 銀幕街7-9號 No. 7-9 Ngan Mok Street,"(Tai Pak) 英皇道，近留仙街 King's Road, near Lau Sin Street",(Tai Pak) 維景臺 Victoria Tower,(Tai Pak) 庇理羅士女子中學 Belilios Public School,(Tai Pak) 威景臺 Viking Villas,(Tai Pak) 張祝珊英文中學 Cheung Chuk Shan College,(Tai Pak) 雲景道配水庫遊樂場 Cloud View Road Service Reservoir Playground,(Tai Pak) 海景台 Seaview Garden,(Tai Pak) 雲景道39號 No. 39 Cloud View Road,(Tai Pak) 恒景園 Hanking Court,(Tai Pak) 雲峯大廈 Summit Court,(Tai Pak) 賽西湖大廈（樹仁大學） Braemar Hill Mansions (HKSYU),(Tai Pak) 寶馬山巴士總站 Braemar Hill Bus Terminus,(Tai Pak) 慧翠道 Wai Tsui Crescent,"(Tai Pak) 寶馬山道，豐林閣外 Braemar Hill Road, outside Oxford Court",(Tai Pak) 賽西湖大廈 Braemar Hill Mansions,(Tai Pak) 蘇浙公學 Kiangsu-Chekiang College,(Tai Pak) 豪景 Ho King View,(Tai Pak) 寶聯徑 Po Luen Path,"(Tai Pak) 天后廟道，寶馬山花園外 Tin Hau Temple Road, outside Pacific Palisades",(Tai Pak) 百福道 Pak Fuk Road,(Tai Pak) 北角配水庫遊樂場 North Point Service Reservoir Playground,(Tai Pak) 天后廟道132號 No. 132 Tin Hau Temple Road,(Tai Pak) 珊瑚閣 Coral Court,(Tai Pak) 衡峰閣 Hacienda,,,,,,,,,,,,,,,,,,,,,
14M,CMPattern_CM_GMBBus_14m_6088,6.3,6.146269016,Wan Chai,TRUE,蘭芳道，2號 Lan Fong Road No. 2,Wan Chai,蘭芳道，2號 Lan Fong Road No. 2,Wan Chai,銅鑼灣蘭芳道 - 睦誠道（經谷柏道）（循環綫） Causeway Bay (Lan Fong Road) - Moorsom Road (via Cooper Road) (Circular),(Wan Chai) 蘭芳道，2號 Lan Fong Road No. 2,(Wan Chai) 樂活道，樂翠台外 Broadwood Road outside Villa Rocha,(Wan Chai) 樂活道，樂陶苑外 Broadwood Road outside Villa Lotto,(Wan Chai) 樂景園 Broadwood Villa,(Wan Chai) 樂活道，栢樂苑外 Broadwood Road outside Broadwood Park,(Wan Chai) 渣甸山花園大廈 Jardine's Lookout Garden Mansion,(Wan Chai) 大坑道，近白建時道 Tai Hang Road near Perkins Road,(Wan Chai) 大坑徑，柏園對面 Tai Hang Road Opposite Park Garden,(Wan Chai) 大坑台 Tai Hang Terrace,"(Wan Chai) 春暉道，慧景園第3座外 Chun Fai Road, outside Block 3, Flora Garden",(Wan Chai) 睦誠道，近金雲閣 Moorsom Road near Aurizon,(Wan Chai) 嘉雲臺 Cavendish Heights,(Wan Chai) 渣甸山花園 Jardine's Lookout Garden,"(Wan Chai) 睦誠道，柏麗園外 Moorsom Road, outside Butler Garden","(Wan Chai) 睦誠道，盛苑外 Moorsom Road, outside Moorom Lodge",(Wan Chai) 白建時道79號 Perkins Road No. 79,(Wan Chai) 衞信道 Wilson Road,"(Wan Chai) 谷柏道10號對面 Copper Road, Opposite No.10",(Wan Chai) 高士美道 Goldsmith Road,(Wan Chai) 祈禮士道，近谷柏道 Creasy Road near Copper Road,(Wan Chai) 樂活道，嘉崙臺外 Broadwood Road outside The Colonnade,(Wan Chai) 樂陶苑 Villa Lotto,(Wan Chai) 樂翠台 Villa Rocha,(Wan Chai) 連道，近禮頓山 Link Road near Leighton Hill,(Wan Chai) 新寧道 Sunning Road,(Wan Chai) 蘭芳道，2號 Lan Fong Road No. 2,,,,,,,,,,,,,,,,,,,,,
20B,CMPattern_CM_GMBBus_20b_8639,8.3,9.016363902,Tai Po South > Tai Po North,FALSE,大埔墟站專綫小巴總站 Tai Po Market Station Minibus Terminus,Tai Po South,"洞梓路，近香港童軍總會洞梓童軍中心 Tung Tsz Road, outside Tung Tsz Scout Centre",Tai Po North,洞梓 Tung Tsz,(Tai Po South) 大埔墟站專綫小巴總站 Tai Po Market Station Minibus Terminus,(Tai Po South) 運頭塘邨 Wan Tau Tong Estate,"(Tai Po South) 鄉事會街，大埔綜合大樓 Heung Sze Wui Street, Tai Po Complex",(Tai Po South) 寶鄉街 Po Heung Street,"(Tai Po South) 寶鄉街，近寶鄉橋 Po Heung Street, near Po Heung Bridge","(Tai Po North) 安慈路，八號花園外 On Chee Road, outside Eightland Gardens",(Tai Po North) 汀角路，榮暉花園外 Ting Kok Road outside Wing Fai Garden,"(Tai Po North) 汀角路，太平工業中心外 Ting Kok Road, outside Tai Ping Industrial Centre","(Tai Po North) 汀角路，富亨邨 Ting Kok Road, Fu Heng Estate","(Tai Po North) 汀角路，中華聖潔會靈風中學外 Ting Kok Road, outside China Holiness Church Living Spirit College","(Tai Po North) 汀角路，近漁角 Ting Kok Road, near Yue Kok",(Tai Po North) 鳳園路 Fung Yuen Road,(Tai Po North) 下坑 Ha Hang,"(Tai Po North) 汀角路，近大貴街 Ting Kok Road, near Dai Kwai Street","(Tai Po North) 汀角路，露輝路 Ting Kok Road, near Lo Fai Road",(Tai Po North) 雅景花園 Fortune Garden,"(Tai Po North) 汀角路，近三門仔路 Ting Kok Road, near Sam Mun Tsai Road","(Tai Po North) 汀角路，詹屋 Ting Kok Road, Chim Uk","(Tai Po North) 汀角路，近洞梓路 Ting Kok Road, near Tung Tsz Road","(Tai Po North) 洞梓路，普門路 Tung Tsz Road, Universal Gate Road","(Tai Po North) 洞梓路，圍下 Tung Tsz Road, Wai Ha",(Tai Po North) 洞梓村 Tung Tsz Village,"(Tai Po North) 洞梓路，近香港童軍總會洞梓童軍中心 Tung Tsz Road, outside Tung Tsz Scout Centre",,,,,,,,,,,,,,,,,,,,,,,,
51B,CMPattern_CM_GMBBus_51b_5978,8.6,8.100558211,Robin’s Nest,FALSE,上水站小巴總站 Sheung Shui Station Public Light Bus Terminus,Robin’s Nest,料壆路近公眾停車場 Liu Pok Road near Public Car Park,Robin’s Nest,料壆 Liu Pok,(Robin’s Nest) 上水站小巴總站 Sheung Shui Station Public Light Bus Terminus,"(Robin’s Nest) 新豐路，石湖墟郵政局 San Fung Avenue, Shek Wu Hui Post Office","(Robin’s Nest) 寶石湖路，東慶學校對面 Po Shek Wu Road, Opposite Tung Hing School","(Robin’s Nest) 青山公路古洞段，高爾夫景園對面 Castle Peak Road (Kwu Tung), Opposite Golf Parkview",(Robin’s Nest) 青山公路／古洞路近燕崗 Castle Peak Road / Kwu Tung Road near Yin Kong,(Robin’s Nest) 何東橋 Ho Tung Bridge,"(Robin’s Nest) 青山公路，河上鄉路 Castle Peak Road, Ho Sheung Heung Road",(Robin’s Nest) 波樓路 Po Lau Road,(Robin’s Nest) 東方區 Tung Fong District,(Robin’s Nest) 馬草壟展能運動村 Ma Tso Lung (outside Community Sports Limited),(Robin’s Nest) 羅湖練靶場 Lo Wu Rifle Range,(Robin’s Nest) 馬草壟新村 Ma Tso Lung San Tsuen,(Robin’s Nest) 馬草壟路近信義新村 Ma Tso Lung Road near Shun Yee Sun Tsuen,(Robin’s Nest) 料壆路近公眾停車場 Liu Pok Road near Public Car Park,,,,,,,,,,,,,,,,,,,,,,,,,,,,,,,,,
37,CMPattern_CM_GMBBus_37_1_8788,9,8.652976311,Yuen Long Rural East > Yuen Long Town Centre,FALSE,"牛潭尾路，近攸潭尾村公所 Ngau Tam Mei Road, near Ngau Tam Mei Village Office",Yuen Long Rural East,"福康街，金寶樓外小巴總站 Fook Hong Street Public Light Bus Terminus, outside Kam Po Building",Yuen Long Town Centre,元朗福康街 Yuen Long (Fook Hong Street),"(Yuen Long Rural East) 牛潭尾路，近攸潭尾村公所 Ngau Tam Mei Road, near Ngau Tam Mei Village Office",(Yuen Long Rural East) 西園 Sai Yuen,(Yuen Long Rural East) 趙園 Chiu Yuen,"(Yuen Long Rural East) 牛潭尾路，近攸美花園 A 座 Ngau Tam Mei Road, near Yau Mai Garden Block A","(Yuen Long Rural East) 牛潭尾路，近攸美山莊 L 座 Ngau Tam Mei Road, near Elegant Park Block L","(Yuen Long Rural East) 牛潭尾路，近御葡萄 Ngau Tam Mei Road, near La Maison Vineyard","(Yuen Long Rural East) 新潭路，近加多利園31 San Tam Road, near Kadoorie Villas 31","(Yuen Long Rural East) 新潭路，近怡安苑1座 San Tam Road, near Ian Court Block 1","(Yuen Long Rural East) 新潭路，近首譽 San Tam Road, near Meister House","(Yuen Long Rural East) 新潭路，近雅麗花園 San Tam Road, near Elite Garden","(Yuen Long Rural East) 青山公路，近壆圍 Castle Peak Road, near Pok Wai","(Yuen Long Rural East) 新潭路，近沙埔污水泵房 San Tam Road, near Sha Po Sewage Pumping Station","(Yuen Long Rural East) 新潭路，近 Park Yoho Venezia San Tam Road, near Park Yoho Venezia",(Yuen Long Rural East) 紅毛橋 Hung Mo Kiu,"(Yuen Long Rural East) 青山公路，近楊屋村 Castle Peak Road, near Yeung Uk Tsuen","(Yuen Long Town Centre) 青山公路元朗段，近 Yoho Midtown Castle Peak Road-Yuen Long, near Yoho Midtown","(Yuen Long Town Centre) 青山公路，又新街 Castle Peak Road, Yau San Street","(Yuen Long Town Centre) 青山公路，大棠路 Castle Peak Road, Tai Tong Road","(Yuen Long Town Centre) 擊壤路巴士總站，近安達坊 Kik Yeung Road Bus Terminus, near On Tat Square","(Yuen Long Town Centre) 元朗安寧路，裕豐大樓對面 Yuen Long On Ning Road, Opposite Yue Fung Mansion","(Yuen Long Town Centre) 福康街，金寶樓外小巴總站 Fook Hong Street Public Light Bus Terminus, outside Kam Po Building",,,,,,,,,,,,,,,,,,,,,,,,,,
37,CMPattern_CM_GMBBus_37_1_8790,9,9.543827367,Yuen Long Rural East > Yuen Long Town Centre,FALSE,牛潭尾（躉頭） Ngau Tam Mei (Wai Tsuen Road),Yuen Long Rural East,"福康街，金寶樓外小巴總站 Fook Hong Street Public Light Bus Terminus, outside Kam Po Building",Yuen Long Town Centre,元朗福康街 Yuen Long (Fook Hong Street),(Yuen Long Rural East) 牛潭尾（躉頭） Ngau Tam Mei (Wai Tsuen Road),"(Yuen Long Rural East) 牛潭尾路，近攸潭尾村公所 Ngau Tam Mei Road, near Ngau Tam Mei Village Office",(Yuen Long Rural East) 西園 Sai Yuen,(Yuen Long Rural East) 趙園 Chiu Yuen,"(Yuen Long Rural East) 牛潭尾路，近攸美花園 A 座 Ngau Tam Mei Road, near Yau Mai Garden Block A","(Yuen Long Rural East) 牛潭尾路，近攸美山莊 L 座 Ngau Tam Mei Road, near Elegant Park Block L","(Yuen Long Rural East) 牛潭尾路，近御葡萄 Ngau Tam Mei Road, near La Maison Vineyard","(Yuen Long Rural East) 新潭路，近加多利園31 San Tam Road, near Kadoorie Villas 31","(Yuen Long Rural East) 新潭路，近怡安苑1座 San Tam Road, near Ian Court Block 1","(Yuen Long Rural East) 新潭路，近首譽 San Tam Road, near Meister House","(Yuen Long Rural East) 新潭路，近雅麗花園 San Tam Road, near Elite Garden","(Yuen Long Rural East) 青山公路，近壆圍 Castle Peak Road, near Pok Wai","(Yuen Long Rural East) 新潭路，近沙埔污水泵房 San Tam Road, near Sha Po Sewage Pumping Station","(Yuen Long Rural East) 新潭路，近 Park Yoho Venezia San Tam Road, near Park Yoho Venezia",(Yuen Long Rural East) 紅毛橋 Hung Mo Kiu,"(Yuen Long Rural East) 青山公路，近楊屋村 Castle Peak Road, near Yeung Uk Tsuen","(Yuen Long Town Centre) 青山公路元朗段，近 Yoho Midtown Castle Peak Road-Yuen Long, near Yoho Midtown","(Yuen Long Town Centre) 青山公路，又新街 Castle Peak Road, Yau San Street","(Yuen Long Town Centre) 青山公路，大棠路 Castle Peak Road, Tai Tong Road","(Yuen Long Town Centre) 擊壤路巴士總站，近安達坊 Kik Yeung Road Bus Terminus, near On Tat Square","(Yuen Long Town Centre) 元朗安寧路，裕豐大樓對面 Yuen Long On Ning Road, Opposite Yue Fung Mansion","(Yuen Long Town Centre) 福康街，金寶樓外小巴總站 Fook Hong Street Public Light Bus Terminus, outside Kam Po Building",,,,,,,,,,,,,,,,,,,,,,,,,
37,CMPattern_CM_GMBBus_37_1_8791,9,8.246278621,Yuen Long Rural East > Yuen Long Town Centre,FALSE,"牛潭尾路，近攸潭尾村公所 Ngau Tam Mei Road, near Ngau Tam Mei Village Office",Yuen Long Rural East,"福康街，金寶樓外小巴總站 Fook Hong Street Public Light Bus Terminus, outside Kam Po Building",Yuen Long Town Centre,元朗福康街（經大橋路） Yuen Long (Fook Hong Street) (via Tai Kiu Road),"(Yuen Long Rural East) 牛潭尾路，近攸潭尾村公所 Ngau Tam Mei Road, near Ngau Tam Mei Village Office",(Yuen Long Rural East) 西園 Sai Yuen,(Yuen Long Rural East) 趙園 Chiu Yuen,"(Yuen Long Rural East) 牛潭尾路，近攸美花園 A 座 Ngau Tam Mei Road, near Yau Mai Garden Block A","(Yuen Long Rural East) 牛潭尾路，近攸美山莊 L 座 Ngau Tam Mei Road, near Elegant Park Block L","(Yuen Long Rural East) 牛潭尾路，近御葡萄 Ngau Tam Mei Road, near La Maison Vineyard","(Yuen Long Rural East) 新潭路，近加多利園31 San Tam Road, near Kadoorie Villas 31","(Yuen Long Rural East) 新潭路，近怡安苑1座 San Tam Road, near Ian Court Block 1","(Yuen Long Rural East) 新潭路，近首譽 San Tam Road, near Meister House","(Yuen Long Rural East) 新潭路，近雅麗花園 San Tam Road, near Elite Garden","(Yuen Long Rural East) 青山公路，近壆圍 Castle Peak Road, near Pok Wai","(Yuen Long Rural East) 新潭路，近沙埔污水泵房 San Tam Road, near Sha Po Sewage Pumping Station","(Yuen Long Rural East) 新潭路，近 Park Yoho Venezia San Tam Road, near Park Yoho Venezia",(Yuen Long Rural East) 紅毛橋 Hung Mo Kiu,"(Yuen Long Rural East) 青山公路，近楊屋村 Castle Peak Road, near Yeung Uk Tsuen","(Yuen Long Town Centre) 青山公路元朗段，近 Yoho Midtown Castle Peak Road-Yuen Long, near Yoho Midtown",(Yuen Long Town Centre) 大橋村 Tai Kiu Tsuen,"(Yuen Long Town Centre) 福康街，金寶樓外小巴總站 Fook Hong Street Public Light Bus Terminus, outside Kam Po Building",,,,,,,,,,,,,,,,,,,,,,,,,,,,,
29,CMPattern_CM_GMBBus_29_6325,3.9,8.039096035,Sha Tin West > Tai Po South,FALSE,"科學園路，近香港中文大學 Science Park Road, near The Chinese University of Hong Kong",Sha Tin West,運頭塘總站 Wan Tau Tong Terminus,Tai Po South,運頭塘 Wan Tau Tong,"(Sha Tin West) 科學園路，近香港中文大學 Science Park Road, near The Chinese University of Hong Kong","(Sha Tin West) 科學園路香港中文大學水上活動中心對面 Science Park Road, Opposite Water Sports Centre",(Sha Tin West) 科學園路香港生物科技研究院 Research Institute of Biotechnology,(Sha Tin West) 科學園（第一期） Science Park (Phase 1),"(Sha Tin West) 創新路，近科學園第三期 Chong San Road, near Science Park Phase 3","(Tai Po South) 創新路，近雲滙 Chong San Road, near St. Martin","(Tai Po South) 創新路，近溋玥．天賦海灣第二期 Chong San Road, near Providence Peak Phase 2","(Tai Po South) 創新路，近溋玥．天賦海灣第一期 Chong San Road, near Providence Peak Phase 1","(Tai Po South) 大埔公路，廣福公園外 Tai Po Road, outside Kwong Fuk Park",(Tai Po South) 運頭塘邨 Wan Tau Tong Estate,(Tai Po South) 運頭塘總站 Wan Tau Tong Terminus,,,,,,,,,,,,,,,,,,,,,,,,,,,,,,,,,,,,
83A,CMPattern_CM_GMBBus_83a_2_8991,6.4,4.922138867,Kwai Chung East > Tsuen Wan Southeast > Kwai Chung West > Tsuen Wan Southeast,FALSE,"安捷街，近安蔭邨嘉蔭樓 On Chit Street, near Kar Yam House, On Yam Estate",Kwai Chung East,"川龍街，近海天豪苑協和廣場 Chuen Lung Street, near Concord Square, The Blue Yard",Tsuen Wan Southeast,荃灣川龍街（經國瑞路） Tsuen Wan (Chuen Lung Street) (via Kwok Shui Road),"(Kwai Chung East) 安捷街，近安蔭邨嘉蔭樓 On Chit Street, near Kar Yam House, On Yam Estate",(Kwai Chung East) 裘錦秋中學（葵涌） Ju Ching Chu Secondary School (Kwai Chung),(Kwai Chung East) 北葵涌街市 North Kwai Chung Market,(Kwai Chung East) 石蔭路 Shek Yam Road,"(Kwai Chung East) 和宜合道，達利中心外 Wo Yi Hop Road, outside Riley House","(Kwai Chung East) 和宜合道，華寶工業大廈外 Wo Yi Hop Road, outside Grand Industrial Building","(Kwai Chung East) 昌榮路，同珍工業大廈外 Cheung Wing Road, outside Tung Chun Industrial Building",(Tsuen Wan Southeast) 昌榮路迴旋處 Cheung Wing Road Gyratory,"(Tsuen Wan Southeast) 國瑞路，海壩新村對面 Kwok Shui Road, Opposite Hoi Pa San Tsuen",(Tsuen Wan Southeast) 大窩口站 Tai Wo Hau Station,"(Kwai Chung West) 德士古道，近聖公會荊冕堂暨士德幼稚園 Texaco Road, near SKH Crown of Thorns Church & Sadick Kindergarten","(Tsuen Wan Southeast) 沙咀道，大窩口工廠大廈外 Sha Tsui Road, outside Tai Wo Hau Factory Estate","(Tsuen Wan Southeast) 沙咀道，近尚翠苑翠湖閣 Sha Tsui Road, near Chui Wu House, Sheung Chui Court","(Tsuen Wan Southeast) 沙咀道，寶石大廈外 Sha Tsui Road, outside Bo Shek Mansion","(Tsuen Wan Southeast) 川龍街，近海天豪苑協和廣場 Chuen Lung Street, near Concord Square, The Blue Yard",,,,,,,,,,,,,,,,,,,,,,,,,,,,,,,,
102,CMPattern_CM_GMBBus_102_9061,10.8,11.16509239,Tseung Kwan O North > Kwun Tong Central > Kwun Tong West > Wong Tai Sin East > Wong Tai Sin West,FALSE,坑口站公共運輸交滙處 Hang Hau Station Public Transport Interchange,Tseung Kwan O North,"康強街，康景樓對面 Hong Keung Street, Opposite Hong King Building",Wong Tai Sin West,新蒲崗 San Po Kong,(Tseung Kwan O North) 坑口站公共運輸交滙處 Hang Hau Station Public Transport Interchange,"(Tseung Kwan O North) 寶寧路，厚德邨外 Po Ning Road, outside Hau Tak Estate","(Tseung Kwan O North) 寶順道，頌明苑外 Po Shun Road, outside Chung Ming Court","(Kwun Tong Central) 觀塘道，近嘉域大廈 Kwun Tong Road, near The Grande Building","(Kwun Tong Central) 觀塘道近創紀之城三期 Kwun Tong Road, near Millennium City 3",(Kwun Tong Central) 定富街 Ting Fu Street,(Kwun Tong West) 牛頭角下邨 Lower Ngau Tau Kok Estate,"(Kwun Tong West) 觀塘道，近德福花園 T2 座 Kwun Tong Road, near Telford Gardens Block T2","(Kwun Tong West) 彩霞道，近啓泰苑啓勳閣 Choi Ha Road, near Kai Fan House, Kai Tai Court","(Wong Tai Sin East) 龍翔道，彩虹邨紅萼樓外 Lung Cheung Road, outside Hung Ngok House, Choi Hung Estate",(Wong Tai Sin West) 彩虹道224號 Choi Hung Road No. 224,(Wong Tai Sin West) 大有街31號 Tai Yau Street No. 31,"(Wong Tai Sin West) 康強街，康景樓對面 Hong Keung Street, Opposite Hong King Building",,,,,,,,,,,,,,,,,,,,,,,,,,,,,,,,,,
59K,CMPattern_CM_GMBBus_59k_8879,9.1,10.28425567,Robin’s Nest,FALSE,香園圍 Heung Yuen Wai,Robin’s Nest,上水站小巴總站 Sheung Shui Station Public Light Bus Terminus,Robin’s Nest,上水站 Sheung Shui Station,(Robin’s Nest) 香園圍 Heung Yuen Wai,(Robin’s Nest) 松園下 Tsung Yuen Ha,(Robin’s Nest) 竹園村 Chuk Yuen Village,(Robin’s Nest) 較寮 Kaw Liu,"(Robin’s Nest) 蓮麻坑路，近打鼓嶺警署 Lin Ma Hang Road, near Ta Kwu Ling Police Station",(Robin’s Nest) 打鼓嶺村 Ta Kwu Ling Village,(Robin’s Nest) 鳳凰湖 Fung Wong Wu,"(Robin’s Nest) 蓮麻坑路，近瓦窰村兒童遊樂場 Lin Ma Hang Road, near Nga Yiu Village Children's Playground",(Robin’s Nest) 木湖 Muk Wu,(Robin’s Nest) 新屋嶺 San Uk Ling,"(Robin’s Nest) 文錦渡路，近新屋嶺 Man Kam To Road, near San Uk Ling",(Robin’s Nest) 沙嶺 Sandy Ridge,(Robin’s Nest) 羅湖道 Lo Wu Station Road,(Robin’s Nest) 長甫頭 Cheung Po Tau,(Robin’s Nest) 虎地坳 Fu Tei Au,(Robin’s Nest) 鳳溪第一中學 Fung Kai No. 1 Secondary School,"(Robin’s Nest) 寶石湖路，近莆上村 Po Shek Wu Road, near Po Sheung Tsuen","(Robin’s Nest) 新豐路，石湖墟郵政局 San Fung Avenue, Shek Wu Hui Post Office",(Robin’s Nest) 上水站小巴總站 Sheung Shui Station Public Light Bus Terminus,,,,,,,,,,,,,,,,,,,,,,,,,,,,
20B,CMPattern_CM_GMBBus_20b_8640,8.3,10.14270142,Tai Po North > Tai Po South,FALSE,"洞梓路，近香港童軍總會洞梓童軍中心 Tung Tsz Road, outside Tung Tsz Scout Centre",Tai Po North,大埔墟站專綫小巴總站 Tai Po Market Station Minibus Terminus,Tai Po South,大埔墟站（經洞梓山路） Tai Po Market Station (via Tung Tsz Shan Road),"(Tai Po North) 洞梓路，近香港童軍總會洞梓童軍中心 Tung Tsz Road, outside Tung Tsz Scout Centre",(Tai Po North) 洞梓村 Tung Tsz Village,(Tai Po North) 洞梓山路 Tung Tsz Shan Road,(Tai Po North) 洞梓山路與洞梓路交界 Junction of Tung Tsz Shan Road and Tung Tsz Road,"(Tai Po North) 洞梓路，圍下 Tung Tsz Road, Wai Ha","(Tai Po North) 洞梓路，普門路 Tung Tsz Road, Universal Gate Road",(Tai Po North) 船灣聯村村公所 Joint Village Office For Villages In Shuen Wan Tai Po,"(Tai Po North) 汀角路，詹屋 Ting Kok Road, Chim Uk","(Tai Po North) 汀角路，近三門仔路 Ting Kok Road, near Sam Mun Tsai Road","(Tai Po North) 汀角路，雅景花園 Ting Kok Road, Fortune Garden",(Tai Po North) 露輝路 Lo Fai Road,"(Tai Po North) 汀角路，近大埔工業邨 Ting Kok Road, near Tai Po Industrial Estate","(Tai Po North) 汀角路，下坑 Ting Kok Road, Ha Hang","(Tai Po North) 汀角路，李錦記有限公司外 Ting Kok Road, outside Lee Kum Kee Company Limited",(Tai Po North) 魚角 Yue Kok,"(Tai Po North) 汀角路，救恩書院外 Ting Kok Road, outside Kau Yan College","(Tai Po North) 汀角路，怡雅苑怡厚閣外 Ting Kok Road, outside Yee Hau House, Yee Nga Court","(Tai Po North) 汀角路，近大元邨 Ting Kok Road, near Tai Yuen Estate","(Tai Po North) 汀角路，近南亞路德會沐恩中學 Ting Kok Road, near Immanuel Lutheran College","(Tai Po North) 安祥路，昌運中心外 On Cheung Road, outside Fortune Plaza","(Tai Po South) 寶鄉街，近寶鄉橋 Po Heung Street, near Po Heung Bridge",(Tai Po South) 廣福道71號 71 Kwong Fuk Road,"(Tai Po South) 運頭街，運頭坊 Wan Tau Street, Wan Tau Square","(Tai Po South) 運頭街，香島專科學校 Wan Tau Street, Heung To College of Professional Studies",(Tai Po South) 大埔墟站專綫小巴總站 Tai Po Market Station Minibus Terminus,,,,,,,,,,,,,,,,,,,,,,
20B,CMPattern_CM_GMBBus_20b_8641,8.3,8.918325741,Tai Po North > Tai Po South,FALSE,"洞梓路，近香港童軍總會洞梓童軍中心 Tung Tsz Road, outside Tung Tsz Scout Centre",Tai Po North,大埔墟站專綫小巴總站 Tai Po Market Station Minibus Terminus,Tai Po South,大埔墟站 Tai Po Market Station,"(Tai Po North) 洞梓路，近香港童軍總會洞梓童軍中心 Tung Tsz Road, outside Tung Tsz Scout Centre",(Tai Po North) 洞梓村 Tung Tsz Village,"(Tai Po North) 洞梓路，圍下 Tung Tsz Road, Wai Ha","(Tai Po North) 洞梓路，普門路 Tung Tsz Road, Universal Gate Road",(Tai Po North) 船灣聯村村公所 Joint Village Office For Villages In Shuen Wan Tai Po,"(Tai Po North) 汀角路，詹屋 Ting Kok Road, Chim Uk","(Tai Po North) 汀角路，近三門仔路 Ting Kok Road, near Sam Mun Tsai Road","(Tai Po North) 汀角路，雅景花園 Ting Kok Road, Fortune Garden",(Tai Po North) 露輝路 Lo Fai Road,"(Tai Po North) 汀角路，近大埔工業邨 Ting Kok Road, near Tai Po Industrial Estate","(Tai Po North) 汀角路，下坑 Ting Kok Road, Ha Hang","(Tai Po North) 汀角路，李錦記有限公司外 Ting Kok Road, outside Lee Kum Kee Company Limited",(Tai Po North) 魚角 Yue Kok,"(Tai Po North) 汀角路，救恩書院外 Ting Kok Road, outside Kau Yan College","(Tai Po North) 汀角路，怡雅苑怡厚閣外 Ting Kok Road, outside Yee Hau House, Yee Nga Court","(Tai Po North) 汀角路，近大元邨 Ting Kok Road, near Tai Yuen Estate","(Tai Po North) 汀角路，近南亞路德會沐恩中學 Ting Kok Road, near Immanuel Lutheran College","(Tai Po North) 安祥路，昌運中心外 On Cheung Road, outside Fortune Plaza","(Tai Po South) 寶鄉街，近寶鄉橋 Po Heung Street, near Po Heung Bridge",(Tai Po South) 廣福道71號 71 Kwong Fuk Road,"(Tai Po South) 運頭街，運頭坊 Wan Tau Street, Wan Tau Square","(Tai Po South) 運頭街，香島專科學校 Wan Tau Street, Heung To College of Professional Studies",(Tai Po South) 大埔墟站專綫小巴總站 Tai Po Market Station Minibus Terminus,,,,,,,,,,,,,,,,,,,,,,,,
24M,CMPattern_CM_GMBBus_24m_1_7640,7.8,7.83522178,Central > Wan Chai,FALSE,金鐘廊 Queensway Plaza,Central,渣甸山（畢拉山道）小巴總站 Jardine's Lookout (Mount Butler Road) Minibus Terminus,Wan Chai,畢拉山（經肇輝臺） Mount Butler (via Shiu Fai Terrace),(Central) 金鐘廊 Queensway Plaza,(Wan Chai) 皇后大道東及金鐘道交界 Queen's Road East Junction With Queensway,"(Wan Chai) 皇后大道東，合和中心對面 Queen's Road East, Opposite Hopewell Centre","(Wan Chai) 皇后大道東，近灣仔道 Queen's Road East, near Wan Chai Road","(Wan Chai) 司徒拔道，近香港華仁書院黃學斌教學樓 Stubbs Road, near Francis H B Wong Teaching Building, Wah Yan College Hong Kong",(Wan Chai) 滿輝大廈 Moon Fair Mansion,(Wan Chai) 文華新邨 Mandarin Villa,"(Wan Chai) 肇輝臺，近嘉美閣 Shiu Fai Terrace, near Beverly Court","(Wan Chai) 司徒拔道，嶺南中學對面 Stubbs Road, Opposite Ling Nan College",(Wan Chai) 東山臺 Tung Shan Terrace,"(Wan Chai) 司徒拔道，近東區濾水廠港島水質化驗室 Stubbs Road, near Island Laboratory, Eastern Water Treatment Works","(Wan Chai) 大坑道，近東區濾水廠 Tai Hang Road, near Eastern Water Treatment Works",(Wan Chai) 瑪利曼小學 Marymount Primary School,(Wan Chai) 渣甸山花園大廈 Jardine's Lookout Garden Mansion,(Wan Chai) 牛奶公司白建時道商場 Perkins Road Dairy Farm Shopping Mall,(Wan Chai) 香港渣甸山居民協會 Jardine's Lookout Residents' Association,(Wan Chai) 嘉雲臺 Cavendish Heights,(Wan Chai) 睦誠道 Moorsom Road,(Wan Chai) 白建時道79號 Perkins Road No. 79,(Wan Chai) 渣甸山（畢拉山道）小巴總站 Jardine's Lookout (Mount Butler Road) Minibus Terminus,,,,,,,,,,,,,,,,,,,,,,,,,,,
24M,CMPattern_CM_GMBBus_24m_1_7641,7.8,7.055938607,Central > Wan Chai,FALSE,金鐘廊 Queensway Plaza,Central,渣甸山（畢拉山道）小巴總站 Jardine's Lookout (Mount Butler Road) Minibus Terminus,Wan Chai,畢拉山 Mount Butler,(Central) 金鐘廊 Queensway Plaza,(Wan Chai) 皇后大道東及金鐘道交界 Queen's Road East Junction With Queensway,"(Wan Chai) 皇后大道東，合和中心對面 Queen's Road East, Opposite Hopewell Centre","(Wan Chai) 皇后大道東，近灣仔道 Queen's Road East, near Wan Chai Road","(Wan Chai) 司徒拔道，近香港華仁書院黃學斌教學樓 Stubbs Road, near Francis H B Wong Teaching Building, Wah Yan College Hong Kong","(Wan Chai) 司徒拔道，嶺南中學對面 Stubbs Road, Opposite Ling Nan College",(Wan Chai) 東山臺 Tung Shan Terrace,"(Wan Chai) 司徒拔道，近東區濾水廠港島水質化驗室 Stubbs Road, near Island Laboratory, Eastern Water Treatment Works","(Wan Chai) 大坑道，近東區濾水廠 Tai Hang Road, near Eastern Water Treatment Works",(Wan Chai) 瑪利曼小學 Marymount Primary School,(Wan Chai) 渣甸山花園大廈 Jardine's Lookout Garden Mansion,(Wan Chai) 牛奶公司白建時道商場 Perkins Road Dairy Farm Shopping Mall,(Wan Chai) 香港渣甸山居民協會 Jardine's Lookout Residents' Association,(Wan Chai) 嘉雲臺 Cavendish Heights,(Wan Chai) 睦誠道 Moorsom Road,(Wan Chai) 白建時道79號 Perkins Road No. 79,(Wan Chai) 渣甸山（畢拉山道）小巴總站 Jardine's Lookout (Mount Butler Road) Minibus Terminus,,,,,,,,,,,,,,,,,,,,,,,,,,,,,,
20,CMPattern_CM_GMBBus_20_2_7974,6.1,5.868473366,Wong Tai Sin West > Wong Tai Sin East > Wong Tai Sin West > Wong Tai Sin East > Wong Tai Sin West > Wong Tai Sin East > Wong Tai Sin West,TRUE,"康強街，安強大樓外 Hong Keung Street, outside On Keung Building",Wong Tai Sin West,"康強街，安強大樓外 Hong Keung Street, outside On Keung Building",Wong Tai Sin West,新蒲崗 - 慈雲山北（循環綫） San Po Kong - Tsz Wan Shan (North) (Circular),"(Wong Tai Sin West) 康強街，安強大樓外 Hong Keung Street, outside On Keung Building",(Wong Tai Sin East) 祟齡街28號 No. 28 Shung Ling Street,(Wong Tai Sin West) 爵祿街28-34號 Nos. 28-34 Tseuk Luk Street,(Wong Tai Sin East) 黃大仙警署 Wong Tai Sin Police Station,"(Wong Tai Sin East) 鳳德道，近鳳德公園 Fung Tak Road, near Fung Tak Park","(Wong Tai Sin East) 鳴鳳街，鳳凰大樓外 Ming Fung Street, outside Fung Wong Building",(Wong Tai Sin East) 金鳳街 Kam Fung Street,"(Wong Tai Sin East) 雙鳳街，近聖母醫院 Sheung Fung Street, near Our Lady of Maryknoll Hospital","(Wong Tai Sin East) 雙鳳街，聖文德書院外 Sheung Fung Street, outside St. Bonaventure College","(Wong Tai Sin West) 雙鳳街，慈樂邨樂誠樓對面 Sheung Fung Street, Opposite Lok Shing House, Tsz Lok Estate","(Wong Tai Sin West) 雙鳳街，慈樂邨樂祥樓外 Sheung Fung Street, outside Lok Cheung House, Tsz Lok Estate","(Wong Tai Sin West) 雲華街，近慈愛苑一、二期愛聰閣 Wan Wah Street, near Oi Chung House, Tsz Oi Court Stage I & II","(Wong Tai Sin West) 慈雲山道，慈正邨正暉樓外 Tsz Wan Shan Road, outside Ching Fai House, Tsz Ching Estate","(Wong Tai Sin West) 慈雲山道，近慈正邨正明樓 Tsz Wan Shan Road, near Ching Ming House, Tsz Ching Estate","(Wong Tai Sin West) 慈雲山道，近樂華街遊樂場 Tsz Wan Shan Road, near Lok Wah Street Playground","(Wong Tai Sin West) 毓華街，近慈康邨康潤樓 Yuk Wah Street, near Hong Yun House, Tsz Hong Estate","(Wong Tai Sin West) 毓華街，近毓華里 Yuk Wah Street, near Yuk Wah Crescent","(Wong Tai Sin West) 毓華街，近慈樂邨（三期）樂合樓 Yuk Wah Street, near Lok Hop House, Tsz Lok Estate Phase 3","(Wong Tai Sin East) 崇華街，近翠明樓 Shung Wah Street, near Tsui Ming Building",(Wong Tai Sin East) 雙鳳街62號 No. 62 Sheung Fung Street,(Wong Tai Sin East) 雙鳳街32-34號 No. 32-34 Sheung Fung Street,(Wong Tai Sin East) 美德樓 Mei Tak House,"(Wong Tai Sin West) 大有街，近寶城工業大廈 Tai Yau Street, near Po Shing Industrial Building",(Wong Tai Sin West) 大有街31號 Tai Yau Street No. 31,"(Wong Tai Sin West) 康強街，安強大樓外 Hong Keung Street, outside On Keung Building",,,,,,,,,,,,,,,,,,,,,,
63,CMPattern_CM_GMBBus_63_1_7796,7.6,8.479539448,Southern District Southeast > Southern District Northwest,FALSE,海怡半島小巴總站 South Horizons Minibus Terminus,Southern District Southeast,瑪麗醫院 s 座 Queen Mary Hospital Block s,Southern District Northwest,瑪麗醫院 Queen Mary Hospital,(Southern District Southeast) 海怡半島小巴總站 South Horizons Minibus Terminus,"(Southern District Southeast) 怡南路，近御庭園御柳居 Yi Nam Road, near Dover Court, The Oasis","(Southern District Southeast) 怡南路，近海怡半島海怡東商場 Yi Nam Road, near Marina Square East Centre, South Horizons","(Southern District Southeast) 鴨脷洲橋道，近鴨脷洲邨利澤樓（C2） Ap Lei Chau Bridge Road, near Lei Chak House (C2), Ap Lei Chau Estate","(Southern District Southeast) 鴨脷洲橋道，近鴨脷洲邨利福樓低座 Ap Lei Chau Bridge Road, near Lei Fook House Low Block, Ap Lei Chau Estate",(Southern District Southeast) 利枝道 Lee Chi Road,"(Southern District Southeast) 香港仔海傍道，逸港居外 Aberdeen Praya Road, outside Ocean Court","(Southern District Northwest) 香港仔海傍道，香港仔海濱公園外 Aberdeen Praya Road, outside Aberdeen Promenade","(Southern District Northwest) 珍寶碼頭，香港仔海傍道 Jumbo Pier, Aberdeen Praya Road","(Southern District Northwest) 田灣街，香港仔海傍道 Tin Wan Street, Aberdeen Praya Road",(Southern District Northwest) 華林徑 Wah Lam Path,(Southern District Northwest) 華富邨華景樓 Wah King House Wah Fu Estate,"(Southern District Northwest) 華景街，華翠樓外 Wah King Street, outside Wah Chui House","(Southern District Northwest) 華富道，培英中學外 Wah Fu Road, outside Pui Ying Secondary School","(Southern District Northwest) 華景街，華翠樓外巴士總站 Wah King Street, Bus Terminus outside Wah Chui House",(Southern District Northwest) 華康街 Wah Hong Street,"(Southern District Northwest) 華富道，近富臨軒 Wah Fu Road, near Pok Fu Lam Terrace","(Southern District Northwest) 薄扶林道，近華富食水配水庫水務署華富海水抽水站 Pok Fu Lam Road, near Water Supplies Department Wah Fu Salt Water Pumping Station, Wah Fu Fresh Water Service Reservoir",(Southern District Northwest) 薄扶林村 Pok Fu Lam Village,"(Southern District Northwest) 薄扶林道141號 Pok Fu Lam Road, House No. 141","(Southern District Northwest) 薄扶林道，心光學校 Ebenezer School, Pok Fu Lam Road",(Southern District Northwest) 瑪麗醫院 s 座 Queen Mary Hospital Block s,,,,,,,,,,,,,,,,,,,,,,,,,
42,CMPattern_CM_GMBBus_42_8133,6.8,4.352689171,Sham Shui Po West > Sham Shui Po East > Sham Shui Po West > Sham Shui Po East,FALSE,"汝州西街，近恒發工業大廈 Yu Chau West Street, near Hang Fat Industrial Building",Sham Shui Po West,"澤安道，澤安邨麗澤樓外 Chak On Road, outside Lai Chak House, Chak On Estate",Sham Shui Po East,澤安邨 Chak On Estate,"(Sham Shui Po West) 汝州西街，近恒發工業大廈 Yu Chau West Street, near Hang Fat Industrial Building","(Sham Shui Po West) 青山道，近康利大廈 Castle Peak Road, near Hong Lee Building",(Sham Shui Po West) 興華街 Hing Wah Street,"(Sham Shui Po West) 興華街，近和興大廈 Hing Wah Street, near Wo Hing Building","(Sham Shui Po West) 保安道，近蘇屋邨杜鵑樓 Po On Road, near Azalea House, So Uk Estate","(Sham Shui Po East) 保安道，近李鄭屋邨和平樓 Po On Road, near Wo Ping House, Lei Cheng Uk Estate","(Sham Shui Po West) 東京街，近宇宙大廈 Tonkin Street, near Apollo Building","(Sham Shui Po East) 青山道，近金星商業大廈 Castle Peak Road, near Kim Sing Commercial Building",(Sham Shui Po East) 寶血醫院 Precious Blood Hospital,"(Sham Shui Po East) 巴域街，近石硤尾邨第二十二座 Berwick Street, near Shek Kip Mei Estate Block 22","(Sham Shui Po East) 巴域街，近石硤尾邨美虹樓 Berwick Street, near Mei Hung House, Shek Kip Mei Estate","(Sham Shui Po East) 南昌街，近石硤尾邨民政事務總署石硤尾社區會堂 Nam Cheong Street, near Home Affairs Department Shek Kip Mei Community Hall, Shek Kip Mei Estate","(Sham Shui Po East) 窩仔街，近石硤尾邨第五期石硤尾邨第二十三座 Woh Chai Street, near Shek Kip Mei Estate Block 23, Shek Kip Mei Estate Phase 5",(Sham Shui Po East) 賽馬會創意藝術中心 Jockey Club Creative Arts Centre,"(Sham Shui Po East) 白雲街，近白田邨安田樓 Pak Wan Street, near On Tin House, Pak Tin Estate","(Sham Shui Po East) 白雲街，近白田邨9座 Pak Wan Street, near Pak Tin Estate Block 9",(Sham Shui Po East) 白田邨小巴總站 Pak Tin Estate Minibus Terminus,"(Sham Shui Po East) 白雲街，近白田邨澤田樓 Pak Wan Street, near Chak Tin House, Pak Tin Estate",(Sham Shui Po East) 賽馬會新生精神康復學院 Jockey Club New Life Institute of Psychiatric Rehabilitation,(Sham Shui Po East) 石硤尾消防局 Shek Kip Mei Fire Station,"(Sham Shui Po East) 澤安道，澤安邨麗澤樓外 Chak On Road, outside Lai Chak House, Chak On Estate",,,,,,,,,,,,,,,,,,,,,,,,,,
59K,CMPattern_CM_GMBBus_59k_8880,9.1,8.378776944,Robin’s Nest,FALSE,上水站小巴總站 Sheung Shui Station Public Light Bus Terminus,Robin’s Nest,打鼓嶺（松園下）總站 Ta Kwu Ling (Tsung Yuen Ha) Bus Terminus,Robin’s Nest,松園下 Tsung Yuen Ha,(Robin’s Nest) 上水站小巴總站 Sheung Shui Station Public Light Bus Terminus,"(Robin’s Nest) 新豐路，石湖墟郵政局 San Fung Avenue, Shek Wu Hui Post Office",(Robin’s Nest) 上水圍 Sheung Shui Wai,(Robin’s Nest) 鳳溪第一中學 Fung Kai No. 1 Secondary School,(Robin’s Nest) 虎地坳 Fu Tei Au,(Robin’s Nest) 長甫頭 Cheung Po Tau,(Robin’s Nest) 羅湖道 Lo Wu Station Road,(Robin’s Nest) 沙嶺 Sandy Ridge,"(Robin’s Nest) 文錦渡路，近新屋嶺 Man Kam To Road, near San Uk Ling",(Robin’s Nest) 新屋嶺 San Uk Ling,(Robin’s Nest) 木湖 Muk Wu,"(Robin’s Nest) 蓮麻坑路，近瓦窰村兒童遊樂場 Lin Ma Hang Road, near Nga Yiu Village Children's Playground",(Robin’s Nest) 鳳凰湖 Fung Wong Wu,(Robin’s Nest) 打鼓嶺村 Ta Kwu Ling Village,"(Robin’s Nest) 蓮麻坑路，近打鼓嶺警署 Lin Ma Hang Road, near Ta Kwu Ling Police Station",(Robin’s Nest) 較寮 Kaw Liu,(Robin’s Nest) 竹園 Chuk Yuen,(Robin’s Nest) 打鼓嶺（松園下）總站 Ta Kwu Ling (Tsung Yuen Ha) Bus Terminus,,,,,,,,,,,,,,,,,,,,,,,,,,,,,
75,CMPattern_CM_GMBBus_75_2_8176,5.2,7.137665897,Sham Shui Po West > Sham Shui Po East > Sham Shui Po West > Sham Shui Po East > Sham Shui Po West,TRUE,"西邨路，近富昌邨富旺樓 Sai Chuen Road, near Fu Wong House, Fu Cheong Estate",Sham Shui Po West,"西邨路，近富昌邨富旺樓 Sai Chuen Road, near Fu Wong House, Fu Cheong Estate",Sham Shui Po West,深水埗富昌邨 - 長沙灣青山道（循環綫） Sham Shui Po (Fu Cheong Estate) - Cheung Sha Wan (Castle Peak Road) (Circular),"(Sham Shui Po West) 西邨路，近富昌邨富旺樓 Sai Chuen Road, near Fu Wong House, Fu Cheong Estate",(Sham Shui Po West) 庫務大樓 Treasury Building,(Sham Shui Po West) 榮昌邨 Wing Cheong Estate,(Sham Shui Po West) 富昌邨富悅樓 Fu Yuet House Fu Cheong Estate,(Sham Shui Po West) 南昌邨 Nam Cheong Estate,"(Sham Shui Po East) 欽州街，近欽州大廈 Yen Chow Street, near Yen Chow House","(Sham Shui Po East) 欽州街，近西九龍中心 Yen Chow Street, near Dragon Centre","(Sham Shui Po East) 長沙灣道，近長沙灣政府合署 Cheung Sha Wan Road, near Cheung Sha Wan Government Offices",(Sham Shui Po East) 怡閣苑 Yee Kok Court,(Sham Shui Po West) 東京街 Tonkin Street,"(Sham Shui Po West) 長沙灣道，長沙灣遊樂場 Cheung Sha Wan Road, Cheung Sha Wan Playground","(Sham Shui Po West) 長沙灣道，近聖公會基福小學 Cheung Sha Wan Road, near SKH Kei Fook Primary School",(Sham Shui Po West) 長沙灣道近長沙灣徑 Cheung Sha Wan Road near Cheung Sha Wan Path,"(Sham Shui Po West) 長沙灣道，億利工業中心外 Cheung Sha Wan Road, outside Elite Industrial Centre",(Sham Shui Po West) 通州西街 Tung Chung West Street,"(Sham Shui Po West) 青山道，近製衣中心 Castle Peak Road, near Garment Centre",(Sham Shui Po West) 光昌街 Kwong Cheung Street,"(Sham Shui Po West) 青山道，近康利大廈 Castle Peak Road, near Hong Lee Building",(Sham Shui Po West) 興華街 Hing Wah Street,(Sham Shui Po West) 長發街 Cheung Fat Street,(Sham Shui Po West) 青山道238號外 No. 238 Castle Peak Road,"(Sham Shui Po West) 青山道，近永隆大廈 Castle Peak Road, near Wing Lung Building","(Sham Shui Po West) 東京街，近海旭閣 Tonkin Street, near Graces Court","(Sham Shui Po East) 東京街，近整流變壓器房 Tonkin Street, near Rectifier Transformer Room","(Sham Shui Po East) 荔枝角道，近麗閣邨麗蘿樓 Lai Chi Kok Road, near Lai Lo House, Lai Kok Estate",(Sham Shui Po East) 深水埗警署 Sham Shui Po Police Station,,,,,,,,,,,,,,,,,,,,,
63,CMPattern_CM_GMBBus_63_1_7797,7.6,9.093460033,Southern District Northwest > Southern District Southeast,FALSE,瑪麗醫院 s 座 Queen Mary Hospital Block s,Southern District Northwest,海怡半島小巴總站 South Horizons Minibus Terminus,Southern District Southeast,海怡半島 South Horizons,(Southern District Northwest) 瑪麗醫院 s 座 Queen Mary Hospital Block s,"(Southern District Northwest) 薄扶林道，心光學校 Ebenezer School, Pok Fu Lam Road","(Southern District Northwest) 薄扶林道，薄扶林水塘道 Pok Fu Lam Reservoir Road, Pok Fu Lam Road","(Southern District Northwest) 薄扶林道，薄扶林村 Pok Fu Lam Village, Pok Fu Lam Road","(Southern District Northwest) 薄扶林道，近余振強紀念第二中學露德聖母天主教堂 Pok Fu Lam Road, near Our Lady of Lourdes Catholic Church, Yu Chun Keung Memorial College No. 2",(Southern District Northwest) 華林徑 Wah Lam Path,(Southern District Northwest) 華富邨華景樓 Wah King House Wah Fu Estate,"(Southern District Northwest) 華景街，華翠樓外 Wah King Street, outside Wah Chui House","(Southern District Northwest) 華富道，培英中學外 Wah Fu Road, outside Pui Ying Secondary School","(Southern District Northwest) 華景街，華翠樓外巴士總站 Wah King Street, Bus Terminus outside Wah Chui House",(Southern District Northwest) 華康街 Wah Hong Street,"(Southern District Northwest) 華富道，近富臨軒 Wah Fu Road, near Pok Fu Lam Terrace","(Southern District Northwest) 石排灣道，萬景樓外 Shek Pai Wan Road, outside Man King Building",(Southern District Northwest) 田灣街 Tin Wan Street,"(Southern District Northwest) 香港仔大道，聖伯多祿中學外 Aberdeen Main Road, outside St Peter's Secondary School",(Southern District Northwest) 香港仔大道178號 No. 178 Aberdeen Main Road,"(Southern District Southeast) 香港仔大道48-50號，業漁大樓外 48-50 Aberdeen Main Road, outside Yip Yee Mansion",(Southern District Southeast) 利枝道 Lee Chi Road,(Southern District Southeast) 御庭園 The Oasis,(Southern District Southeast) 海怡半島小巴總站 South Horizons Minibus Terminus,,,,,,,,,,,,,,,,,,,,,,,,,,,
101M,CMPattern_GMBBus101M_3879,10.9,8.222197855,Sai Kung and Hang Hau > Tseung Kwan O North,FALSE,"西貢公路，白沙灣遊艇會外 Hiram's Highway, outside Hebe Haven Yacht Club",Sai Kung and Hang Hau,坑口站公共運輸交滙處 Hang Hau Station Public Transport Interchange,Tseung Kwan O North,坑口站 Hang Hau Station,"(Sai Kung and Hang Hau) 西貢公路，白沙灣遊艇會外 Hiram's Highway, outside Hebe Haven Yacht Club",(Sai Kung and Hang Hau) 匡湖居 Marina Cove,(Sai Kung and Hang Hau) 匡湖居 Marina Cove,"(Sai Kung and Hang Hau) 西貢公路，西貢中心小學外 Hiram's Highway, outside Sai Kung Central Primary School","(Sai Kung and Hang Hau) 響鐘村, 西貢公路 Heung Chung Village, Hiram's Highway",(Sai Kung and Hang Hau) 南圍 Nam Wai,"(Sai Kung and Hang Hau) 清水灣道，大埔仔村對面 Clear Water Bay Road, Opposite Tai Po Tsai Tsuen",(Sai Kung and Hang Hau) 銀影路 Ngan Ying Road,(Sai Kung and Hang Hau) 水邊村 Shui Bin Tsuen,"(Sai Kung and Hang Hau) 坑口道，將軍澳醫院對面 Hang Hau Road, Opposite Tseung Kwan O Hospital",(Tseung Kwan O North) 明德邨 Ming Tak Estate,"(Tseung Kwan O North) 重華路，東港城第6座對面 Chung Wa Road, Opposite Block 6, East Point City",(Tseung Kwan O North) 坑口站公共運輸交滙處 Hang Hau Station Public Transport Interchange,,,,,,,,,,,,,,,,,,,,,,,,,,,,,,,,,,
2,CMPattern_CM_GMBBus_2_1_7507,7.5,8.700758712,Central,TRUE,香港站小巴總站 Hong Kong Station Minibus Terminus,Central,香港站小巴總站 Hong Kong Station Minibus Terminus,Central,中環香港站 - 舊山頂道（循環綫） Central (Hong Kong Station) - Old Peak Road (Circular),(Central) 香港站小巴總站 Hong Kong Station Minibus Terminus,"(Central) 干諾道中，近大會堂 Connaught Road Central, near City Hall","(Central) 紅棉路，香港壁球中心 Hong Kong Squash Centre, Cotton Tree Drive",(Central) 寶雲道 Bowen Road,(Central) 嘉慧園 Grenville House,"(Central) 梅道，近 Gladdon May Road, near Gladdon",(Central) 世紀大廈 Century Tower,(Central) 地利根德閣 Tregunter Tower,"(Central) 梅道，近帝景園第3座 May Road, near Dynasty Court Tower 3",(Central) 嘉富麗苑 Clovelly Court,"(Central) 梅道，近 Gladdon May Road, near Gladdon",(Central) 嘉慧園 Grenville House,(Central) 蒲魯賢徑 Brewin Path,(Central) 律政中心 Justice Place,(Central) 前港中醫院 Former Hong Kong Central Hospital,"(Central) 雪廠街，近印刷行 Ice House Street, near Printing House","(Central) 畢打街，近中環站 D1 出口 Pedder Street, near Central Station Exit D1","(Central) 康樂廣場，交易廣場外 Connaught Place, outside Exchange Square","(Central) 民耀街，近國際金融中心二期 Man Yiu Street, near Two International Finance Centre",(Central) 香港站小巴總站 Hong Kong Station Minibus Terminus,,,,,,,,,,,,,,,,,,,,,,,,,,,
42,CMPattern_CM_GMBBus_42_8134,6.8,3.871543197,Sham Shui Po East > Sham Shui Po West,FALSE,"澤安道，澤安邨麗澤樓外 Chak On Road, outside Lai Chak House, Chak On Estate",Sham Shui Po East,"汝州西街，近恒發工業大廈 Yu Chau West Street, near Hang Fat Industrial Building",Sham Shui Po West,長沙灣汝州西街 Cheung Sha Wan (Yu Chau West Street),"(Sham Shui Po East) 澤安道，澤安邨麗澤樓外 Chak On Road, outside Lai Chak House, Chak On Estate","(Sham Shui Po East) 青山道，近永勝大樓 Castle Peak Road, near Wing Shing Building",(Sham Shui Po East) 營盤街 Camp Street,"(Sham Shui Po East) 營盤街，近學基浸信會 Camp Street, near Heritage Baptist Church",(Sham Shui Po West) 寶熙苑 Po Hei Court,"(Sham Shui Po West) 保安道，近寶麗苑寶福閣 Po On Road, near Po Fook House, Po Lai Court","(Sham Shui Po West) 保安道，近蘇屋邨杜鵑樓 Po On Road, near Azalea House, So Uk Estate","(Sham Shui Po West) 汝州西街，近恒發工業大廈 Yu Chau West Street, near Hang Fat Industrial Building",,,,,,,,,,,,,,,,,,,,,,,,,,,,,,,,,,,,,,,
47M,CMPattern_CM_GMBBus_47m_1_7588,4.2,2.922971099,Chai Wan,TRUE,柴灣站巴士總站 Chai Wan Station Bus Terminus,Chai Wan,柴灣站巴士總站 Chai Wan Station Bus Terminus,Chai Wan,柴灣站 - 柴灣永平街（循環綫） Chai Wan Station - Chai Wan (Wing Ping Street) (Circular),(Chai Wan) 柴灣站巴士總站 Chai Wan Station Bus Terminus,(Chai Wan) 怡泰街 Yee Tai Street,"(Chai Wan) 柴灣道，宏德居外 Chai Wan Road, outside Walton Estate","(Chai Wan) 柴灣道，漁灣邨外 Chai Wan Road, outside Yu Wan Estate","(Chai Wan) 永平街，新德樓外 Wing Ping Street, outside Sun Tak House","(Chai Wan) 新廈街，樂軒臺外 San Ha Street, outside Lok Hin Terrace","(Chai Wan) 柴灣道，環翠邨街市外 Chai Wan Road, outside Wan Tsui Estate Market",(Chai Wan) 柴灣站巴士總站 Chai Wan Station Bus Terminus,,,,,,,,,,,,,,,,,,,,,,,,,,,,,,,,,,,,,,,
88M,CMPattern_CM_GMBBus_88m_9026,8.3,11.26133837,Kwai Chung East > Kwai Chung West > Tsing Yi > Kwai Chung West > Kwai Chung East,TRUE,新葵芳花園 New Kwai Fong Gardens,Kwai Chung East,新葵芳花園 New Kwai Fong Gardens,Kwai Chung East,葵芳站 - 青衣南（經新都會廣場）（循環綫） Kwai Fong Station - Tsing Yi South (via Metroplaza) (Circular),(Kwai Chung East) 新葵芳花園 New Kwai Fong Gardens,"(Kwai Chung East) 興芳路，近新都會廣場第2座 Hing Fong Road, near Metroplaza Tower 2","(Kwai Chung West) 葵青路，近葵涌工業污水泵房 Kwai Tsing Road, near Kwai Chung Industrial Wastewater Pumping Station",(Tsing Yi) 大同工業大廈 Tai Tung Industrial Building,"(Tsing Yi) 青衣路，近環境保護署化學廢物處理設施 Tsing Yi Road, near Environmental Protection Department Chemical Waste Treatment Facilities",(Tsing Yi) 天廚（青衣）工業中心 Tien Chu (Tsing Yi) Industrial Centre,"(Tsing Yi) 青衣路，長青商場對面 Tsing Yi Road, Opposite Cheung Ching Shopping Centre","(Tsing Yi) 青衣路，長青商場外 Tsing Yi Road, outside Cheung Ching Shopping Centre","(Kwai Chung West) 葵青路，近葵涌公園 Kwai Tsing Road, near Kwai Chung Park",(Kwai Chung East) 葵涌運動場 Kwai Chung Sports Ground,(Kwai Chung East) 新葵芳花園 New Kwai Fong Gardens,,,,,,,,,,,,,,,,,,,,,,,,,,,,,,,,,,,,
88M,CMPattern_CM_GMBBus_88m_9027,8.3,10.81162653,Kwai Chung East > Kwai Chung West > Tsing Yi > Kwai Chung West > Kwai Chung East,TRUE,新葵芳花園 New Kwai Fong Gardens,Kwai Chung East,新葵芳花園 New Kwai Fong Gardens,Kwai Chung East,葵芳站 - 青衣南（循環綫） Kwai Fong Station - Tsing Yi South (Circular),(Kwai Chung East) 新葵芳花園 New Kwai Fong Gardens,"(Kwai Chung East) 興芳路，近新都會廣場第2座 Hing Fong Road, near Metroplaza Tower 2","(Kwai Chung West) 葵青路，近葵涌工業污水泵房 Kwai Tsing Road, near Kwai Chung Industrial Wastewater Pumping Station",(Tsing Yi) 大同工業大廈 Tai Tung Industrial Building,"(Tsing Yi) 青衣路，近環境保護署化學廢物處理設施 Tsing Yi Road, near Environmental Protection Department Chemical Waste Treatment Facilities",(Tsing Yi) 天廚（青衣）工業中心 Tien Chu (Tsing Yi) Industrial Centre,"(Tsing Yi) 青衣路，長青商場對面 Tsing Yi Road, Opposite Cheung Ching Shopping Centre","(Tsing Yi) 青衣路，長青商場外 Tsing Yi Road, outside Cheung Ching Shopping Centre","(Kwai Chung West) 葵青路，近葵涌公園 Kwai Tsing Road, near Kwai Chung Park",(Kwai Chung East) 新葵芳花園 New Kwai Fong Gardens,,,,,,,,,,,,,,,,,,,,,,,,,,,,,,,,,,,,,
37,CMPattern_CM_GMBBus_37_1_8787,9,8.433380002,Yuen Long Town Centre > Yuen Long Rural East,FALSE,"福康街，金寶樓外小巴總站 Fook Hong Street Public Light Bus Terminus, outside Kam Po Building",Yuen Long Town Centre,"牛潭尾路，近攸潭尾村公所 Ngau Tam Mei Road, near Ngau Tam Mei Village Office",Yuen Long Rural East,攸潭尾村公所 Yau Tam Mei Village Office,"(Yuen Long Town Centre) 福康街，金寶樓外小巴總站 Fook Hong Street Public Light Bus Terminus, outside Kam Po Building",(Yuen Long Town Centre) 青山公路元朗段61號 No. 61 Castle Peak Road-Yuen Long,(Yuen Long Town Centre) 元朗站 Yuen Long Station,(Yuen Long Rural East) 東成里 Tung Shing Lei,"(Yuen Long Rural East) 青山公路－潭尾段，近元朗菜聯聯誼會有限公司天光墟蔬菜批發市場 Castle Peak Road – Tam Mi, near Yuen Long Vegetable Union Association Limited Temporary Vegetable Wholesale Market","(Yuen Long Rural East) 青山公路－潭尾段，近 Park Yoho Castle Peak Road – Tam Mi, near Park Yoho","(Yuen Long Rural East) 青山公路－潭尾段，近沙埔污水泵房 Castle Peak Road – Tam Mi, near Sha Po Sewage Pumping Station",(Yuen Long Rural East) 青山公路－潭尾段，近金翠軒 Castle Peak Road – Tam Mi,"(Yuen Long Rural East) 青山公路－潭尾段，近雅麗花園 Castle Peak Road – Tam Mi, near Elite Garden","(Yuen Long Rural East) 青山公路，近悅富豪苑 Castle Peak Road, near Merry Garden","(Yuen Long Rural East) 青山公路，近首譽 Castle Peak Road, near Meister House","(Yuen Long Rural East) 新潭路，近怡安苑1座 San Tam Road, near Ian Court Block 1","(Yuen Long Rural East) 新潭路，近加多利園1 San Tam Road, near Kadoorie Villas 1","(Yuen Long Rural East) 牛潭尾路，近御葡萄 Ngau Tam Mei Road, near La Maison Vineyard","(Yuen Long Rural East) 牛潭尾路，近圍仔村 Ngau Tam Mei Road, near Wai Tsai Tsuen","(Yuen Long Rural East) 牛潭尾路，近葡萄園 Ngau Tam Mei Road, near The Vineyard",(Yuen Long Rural East) 趙園 Chiu Yuen,(Yuen Long Rural East) 西園 Sai Yuen,"(Yuen Long Rural East) 牛潭尾路，近攸潭尾村公所 Ngau Tam Mei Road, near Ngau Tam Mei Village Office",,,,,,,,,,,,,,,,,,,,,,,,,,,,
24M,CMPattern_CM_GMBBus_24m_1_7638,7.8,7.612592691,Wan Chai > Central,FALSE,渣甸山（畢拉山道）小巴總站 Jardine's Lookout (Mount Butler Road) Minibus Terminus,Wan Chai,金鐘廊 Queensway Plaza,Central,金鐘站德立街（經肇輝臺） Admiralty Station (Drake Street) (via Shiu Fai Terrace),(Wan Chai) 渣甸山（畢拉山道）小巴總站 Jardine's Lookout (Mount Butler Road) Minibus Terminus,"(Wan Chai) 畢拉山道，近松風臺 Mount Butler Road, near Clement Court",(Wan Chai) 睦誠道 Moorsom Road,(Wan Chai) 嘉雲臺 Cavendish Heights,(Wan Chai) 祈禮士道 Creasy Road,(Wan Chai) 牛奶公司白建時道商場 Perkins Road Dairy Farm Shopping Mall,(Wan Chai) 樂活道 Broadwood Road,(Wan Chai) 畢拉山道 Mount Butler Road,(Wan Chai) 雅麗閣 Elegant Court,"(Wan Chai) 大坑道，近東區濾水廠 Tai Hang Road, near Eastern Water Treatment Works","(Wan Chai) 司徒拔道，近東區濾水廠 Stubbs Road, near Eastern Water Treatment Works",(Wan Chai) 東山臺 Tung Shan Terrace,"(Wan Chai) 司徒拔道，近司徒拔道花園 Stubbs Road, near Stubbs Road Garden",(Wan Chai) 滿輝大廈 Moon Fair Mansion,(Wan Chai) 文華新邨 Mandarin Villa,"(Wan Chai) 肇輝臺，近嘉美閣 Shiu Fai Terrace, near Beverly Court","(Wan Chai) 司徒拔道，近香港華仁書院黃學斌教學樓 Stubbs Road, near Francis H B Wong Teaching Building, Wah Yan College Hong Kong","(Wan Chai) 皇后大道東，近華仁書院入口 Queen's Road East, near Wah Yan College Access Road","(Wan Chai) 皇后大道東，近胡忠大廈 Queen's Road East, near Wu Chung House","(Wan Chai) 大王東街，近大旺樓 Tai Wong Street East, near Tai Wong Building",(Wan Chai) 修頓遊樂場 Southorn Playground,"(Wan Chai) 駱克道，近熙華大廈 Lockhart Road, near Hay Wah Building",(Central) 金鐘廊 Queensway Plaza,,,,,,,,,,,,,,,,,,,,,,,,
24M,CMPattern_CM_GMBBus_24m_1_7639,7.8,6.964423821,Wan Chai > Central,FALSE,渣甸山（畢拉山道）小巴總站 Jardine's Lookout (Mount Butler Road) Minibus Terminus,Wan Chai,金鐘廊 Queensway Plaza,Central,金鐘站德立街 Admiralty Station (Drake Street),(Wan Chai) 渣甸山（畢拉山道）小巴總站 Jardine's Lookout (Mount Butler Road) Minibus Terminus,"(Wan Chai) 畢拉山道，近松風臺 Mount Butler Road, near Clement Court",(Wan Chai) 睦誠道 Moorsom Road,(Wan Chai) 嘉雲臺 Cavendish Heights,(Wan Chai) 祈禮士道 Creasy Road,(Wan Chai) 牛奶公司白建時道商場 Perkins Road Dairy Farm Shopping Mall,(Wan Chai) 樂活道 Broadwood Road,(Wan Chai) 畢拉山道 Mount Butler Road,(Wan Chai) 雅麗閣 Elegant Court,"(Wan Chai) 大坑道，近東區濾水廠 Tai Hang Road, near Eastern Water Treatment Works","(Wan Chai) 司徒拔道，近東區濾水廠 Stubbs Road, near Eastern Water Treatment Works",(Wan Chai) 東山臺 Tung Shan Terrace,"(Wan Chai) 司徒拔道，近司徒拔道花園 Stubbs Road, near Stubbs Road Garden","(Wan Chai) 司徒拔道，近香港華仁書院黃學斌教學樓 Stubbs Road, near Francis H B Wong Teaching Building, Wah Yan College Hong Kong","(Wan Chai) 皇后大道東，近華仁書院入口 Queen's Road East, near Wah Yan College Access Road","(Wan Chai) 皇后大道東，近胡忠大廈 Queen's Road East, near Wu Chung House","(Wan Chai) 大王東街，近大旺樓 Tai Wong Street East, near Tai Wong Building",(Wan Chai) 修頓遊樂場 Southorn Playground,"(Wan Chai) 駱克道，近熙華大廈 Lockhart Road, near Hay Wah Building",(Central) 金鐘廊 Queensway Plaza,,,,,,,,,,,,,,,,,,,,,,,,,,,
8,CMPattern_GMBBus8_5904,8,5.255307776,Yau Tsim Mong South > Kowloon City South,FALSE,"漢口道，漢口中心外 Hankow Road, outside Hankow Centre",Yau Tsim Mong South,忠孝街欣圖軒巴士站 Chung Hau Street near Cascades Bus Stop,Kowloon City South,欣圖軒 Cascades,"(Yau Tsim Mong South) 漢口道，漢口中心外 Hankow Road, outside Hankow Centre",(Yau Tsim Mong South) 中間道兒童遊樂場 Middle Road Children's Playground,(Yau Tsim Mong South) 漆咸道南近赫德道 Chatham Road South near Hart Avenue,"(Yau Tsim Mong South) 漆咸道南，百樂大酒店外 Chatham Road South, outside Park Hotel",(Yau Tsim Mong South) 漆咸道南近天文台道 Chatham Road South near Observatory Road,"(Yau Tsim Mong South) 安運道，紅磡站總站外 On Wan Road, outside Hung Hom Station Bus Terminus",(Kowloon City South) 機利士路介乎曲街和必嘉街 Gillies Avenue Between Cooke Street and Baker Street,(Kowloon City South) 觀音街 Kun Yam Street,(Kowloon City South) 馬頭圍道20號外 Ma Tau Wai Road No. 20,"(Kowloon City South) 佛光街，家邦樓外 Fat Kwong Street, outside Ka Bong Lau",(Kowloon City South) 天鑄 Ultima,(Kowloon City South) 何文田站 Ho Man Tin Station,"(Kowloon City South) 忠孝街，孝民街 Chung Hau Street, Hau Man Street",(Kowloon City South) 愛民邨 Oi Man Estate,(Kowloon City South) 忠孝街近昭民樓 Chung Hau Street near Chiu Man House,(Kowloon City South) 忠孝街近土木工程拓展署大樓 Chung Hau Street near Civil Engineering and Development Building,(Kowloon City South) 忠孝街公開大學銀禧學院 Chung Hau Street near The Open University of Hong Kong Jockey Club Campus - Jubilee College,(Kowloon City South) 忠孝街欣圖軒巴士站 Chung Hau Street near Cascades Bus Stop,,,,,,,,,,,,,,,,,,,,,,,,,,,,,
25B,CMPattern_CM_GMBBus_25b_5616,7.9,4.434905203,Wong Tai Sin West > Wong Tai Sin East > Kowloon City North,FALSE,新蒲崗（譽港灣） San Po Kong (The Latitude),Wong Tai Sin West,九龍塘沙福道公共交通交滙處 Kowloon Tong Suffolk Road Public Transport Interchange,Kowloon City North,九龍塘沙福道公共交通交滙處 Kowloon Tong (Suffolk Road) Public Transport Interchange,(Wong Tai Sin West) 新蒲崗（譽港灣） San Po Kong (The Latitude),(Wong Tai Sin West) Mikiki,(Wong Tai Sin West) 崇齡街近康強街 Sung Ling Street near Hong Kung Street,(Wong Tai Sin East) 富源街 Foo Yuen Street,"(Wong Tai Sin East) 創興銀行，衍慶街 Chong Hing Bank, Yin Hing Street","(Kowloon City North) 太子道東，富豪東方酒店對面 Prince Edward Road East, Opposite Regal Oriental Hotel","(Kowloon City North) 太子道西，近聯合道 Prince Edward Road West, near Junction Road","(Kowloon City North) 太子道西，聖德肋撒法國醫院外 Prince Edward Road West, outside St. Teresa's Hospital","(Kowloon City North) 喇沙利道，近喇沙小學 La Salle Road, near La Salle Primary School","(Kowloon City North) 喇沙利道，近喇沙樓 La Salle Road, near La Salle Building","(Kowloon City North) 蘭開夏道，近牛津道 Lancashire Road, near Oxford Road",(Kowloon City North) 基督中心堂 Christian Central Church,(Kowloon City North) 九龍塘站 Kowloon Tong Station,(Kowloon City North) 九龍塘沙福道公共交通交滙處 Kowloon Tong Suffolk Road Public Transport Interchange,,,,,,,,,,,,,,,,,,,,,,,,,,,,,,,,,
54,CMPattern_GMBBus54_1_5284,9.4,8.323267104,Wong Tai Sin West > Wong Tai Sin East > Kwun Tong North,FALSE,樂富 Lok Fu,Wong Tai Sin West,順天邨 Shun Tin Estate,Kwun Tong North,順天 Shun Tin,(Wong Tai Sin West) 樂富 Lok Fu,"(Wong Tai Sin West) 橫頭磡南道，橫頭磡邨宏順樓外 Wang Tau Hom South Road, outside Wang Shun House, Wang Tau Hom Estate",(Wong Tai Sin West) 宏照樓 Wang Chiu House,(Wong Tai Sin East) 摩士室內體育館 Morse Indoor Game Hall,(Wong Tai Sin East) 龍滿樓 Lung Moon House,(Wong Tai Sin East) 東頭村道近正德街交界 Tung Tau Tsuen Road and Ching Tak Street Junction,"(Wong Tai Sin East) 龍慧樓/黃大仙下邨龍慧樓, 東頭村道 Lung Wai House/Lung Wai House Lower Wong Tai Sin Estate, Tung Tau Tsuen Road","(Wong Tai Sin East) 沙田坳道近親仁街交界 Shatin Pass Road, near Chun Yan Street","(Wong Tai Sin East) 彩虹道206-208號對面 Opposite Choi Hung Road, No. 206-208","(Wong Tai Sin East) 彩虹道，采頤花園對面 Choi Hung Road, Opposite Rhythm Garden",(Wong Tai Sin East) 牛池灣村 Ngau Chi Wan Village,"(Wong Tai Sin East) 清水灣道，牛池灣文娛中心外 Clear Water Bay Road, outside Ngau Chi Wan Civic Centre",(Wong Tai Sin East) 牛池灣街市 Ngau Chi Wan Market,(Wong Tai Sin East) 白虹樓 Pak Hung House,(Kwun Tong North) 順利邨利恒樓 Lee Hang House Shun Lee Estate,(Kwun Tong North) 順利邨利祥樓 Lee Cheung House Shun Lee Estate,(Kwun Tong North) 順緻苑 Shun Chi Court,(Kwun Tong North) 順利邨利富樓 Lee Foo House Shun Lee Estate,"(Kwun Tong North) 利安道，近順安邨安逸樓 Lee On Road, near On Yat House, Shun On Estate",(Kwun Tong North) 順天邨天瑤樓 Tin Yiu House Shun Tin Estate,"(Kwun Tong North) 秀茂坪道基督教聯合醫院對面 Sau Mau Ping Road, Opposite United Christian Hospital",(Kwun Tong North) 順天邨天韻樓 Tin Wan House Shun Tin Estate,(Kwun Tong North) 順天邨 Shun Tin Estate,,,,,,,,,,,,,,,,,,,,,,,,
36,CMPattern_CM_GMBBus_36_8769,9,8.039531468,Yuen Long Rural East > Yuen Long Town Centre,FALSE,大生圍村公所小巴總站 Tai Sang Wai Village Office Minibus Terminus,Yuen Long Rural East,"福康街，金寶樓外小巴總站 Fook Hong Street Public Light Bus Terminus, outside Kam Po Building",Yuen Long Town Centre,元朗福康街 Yuen Long (Fook Hong Street),(Yuen Long Rural East) 大生圍村公所小巴總站 Tai Sang Wai Village Office Minibus Terminus,"(Yuen Long Rural East) 未命名通道，近錦綉花園 Unnamed Access Road, near Fairview Park","(Yuen Long Rural East) 未命名通道，近港澳信義會黃陳淑英紀念學校 Unnamed Access Road, near Hong Kong and Macau Lutheran Church Wong Chan Sook Ying Memorial School","(Yuen Long Rural East) 錦綉花園大道，近錦綉花園 Fairview Park Boulevard, near Fairview Park","(Yuen Long Rural East) 錦綉花園大道，近明珠花園第一座 Fairview Park Boulevard, near Helene Terrace Block 1","(Yuen Long Rural East) 錦綉花園大道，近海錦花園19 Fairview Park Boulevard, near Villa Camellia 19","(Yuen Long Rural East) 錦綉花園大道，近首譽 A 座 Fairview Park Boulevard, near Meister House Tower A",(Yuen Long Rural East) 首譽 Meister House,"(Yuen Long Rural East) 青山公路－潭尾段，近悅富豪苑 House 1 Castle Peak Road - Tam Mi, near Merry Garden House 1","(Yuen Long Rural East) 青山公路－潭尾段，近雅麗花園 Castle Peak Road - Tam Mi, near Elite Garden",(Yuen Long Rural East) 青山公路－潭尾段，近金翠軒 Castle Peak Road - Tam Mi,"(Yuen Long Rural East) 青山公路－潭尾段，近冠珍興記醬園有限公司 Castle Peak Road - Tam Mi, near Koon Chun Hing Kee Soy & Sauce Factory Limited","(Yuen Long Rural East) 青山公路－潭尾段，近 Park Yoho Castle Peak Road - Tam Mi, near Park Yoho",(Yuen Long Rural East) 紅毛橋 Hung Mo Kiu,"(Yuen Long Rural East) 青山公路，近楊屋村 Castle Peak Road, near Yeung Uk Tsuen","(Yuen Long Town Centre) 青山公路元朗段，近 Yoho Midtown Castle Peak Road-Yuen Long, near Yoho Midtown","(Yuen Long Town Centre) 青山公路，又新街 Castle Peak Road, Yau San Street","(Yuen Long Town Centre) 青山公路，大棠路 Castle Peak Road, Tai Tong Road","(Yuen Long Town Centre) 擊壤路巴士總站，近安達坊 Kik Yeung Road Bus Terminus, near On Tat Square","(Yuen Long Town Centre) 元朗安寧路，裕豐大樓對面 Yuen Long On Ning Road, Opposite Yue Fung Mansion","(Yuen Long Town Centre) 福康街，金寶樓外小巴總站 Fook Hong Street Public Light Bus Terminus, outside Kam Po Building",,,,,,,,,,,,,,,,,,,,,,,,,,
36,CMPattern_CM_GMBBus_36_8770,9,8.023998618,Yuen Long Rural East > Yuen Long Town Centre,FALSE,大生圍村公所小巴總站 Tai Sang Wai Village Office Minibus Terminus,Yuen Long Rural East,"福康街，金寶樓外小巴總站 Fook Hong Street Public Light Bus Terminus, outside Kam Po Building",Yuen Long Town Centre,元朗福康街（經大橋路） Yuen Long (Fook Hong Street) (via Tai Kiu Road),(Yuen Long Rural East) 大生圍村公所小巴總站 Tai Sang Wai Village Office Minibus Terminus,"(Yuen Long Rural East) 未命名通道，近錦綉花園 Unnamed Access Road, near Fairview Park","(Yuen Long Rural East) 未命名通道，近港澳信義會黃陳淑英紀念學校 Unnamed Access Road, near Hong Kong and Macau Lutheran Church Wong Chan Sook Ying Memorial School","(Yuen Long Rural East) 錦綉花園大道，近錦綉花園 Fairview Park Boulevard, near Fairview Park","(Yuen Long Rural East) 錦綉花園大道，近明珠花園第一座 Fairview Park Boulevard, near Helene Terrace Block 1","(Yuen Long Rural East) 錦綉花園大道，近海錦花園19 Fairview Park Boulevard, near Villa Camellia 19","(Yuen Long Rural East) 錦綉花園大道，近首譽 A 座 Fairview Park Boulevard, near Meister House Tower A",(Yuen Long Rural East) 首譽 Meister House,"(Yuen Long Rural East) 青山公路－潭尾段，近悅富豪苑 House 1 Castle Peak Road - Tam Mi, near Merry Garden House 1","(Yuen Long Rural East) 青山公路－潭尾段，近雅麗花園 Castle Peak Road - Tam Mi, near Elite Garden",(Yuen Long Rural East) 青山公路－潭尾段，近金翠軒 Castle Peak Road - Tam Mi,"(Yuen Long Rural East) 青山公路－潭尾段，近冠珍興記醬園有限公司 Castle Peak Road - Tam Mi, near Koon Chun Hing Kee Soy & Sauce Factory Limited","(Yuen Long Rural East) 青山公路－潭尾段，近 Park Yoho Castle Peak Road - Tam Mi, near Park Yoho",(Yuen Long Rural East) 紅毛橋 Hung Mo Kiu,"(Yuen Long Rural East) 青山公路，近楊屋村 Castle Peak Road, near Yeung Uk Tsuen","(Yuen Long Town Centre) 青山公路元朗段，近 Yoho Midtown Castle Peak Road-Yuen Long, near Yoho Midtown",(Yuen Long Town Centre) 大橋村 Tai Kiu Tsuen,"(Yuen Long Town Centre) 福康街，金寶樓外小巴總站 Fook Hong Street Public Light Bus Terminus, outside Kam Po Building",,,,,,,,,,,,,,,,,,,,,,,,,,,,,
19,CMPattern_CM_GMBBus_19_7954,5.8,5.615313303,Wong Tai Sin West > Wong Tai Sin East > Wong Tai Sin West > Wong Tai Sin East > Wong Tai Sin West,FALSE,"彝倫街，近百樂大樓 Yi Lun Street, near Pak Lok House",Wong Tai Sin West,"慈雲山道，沙田坳邨和田樓外 Tsz Wan Shan Road, outside Wo Tin House, Shatin Pass Estate",Wong Tai Sin West,慈雲山道沙田坳邨 Tsz Wan Shan Road (Shatin Pass Estate),"(Wong Tai Sin West) 彝倫街，近百樂大樓 Yi Lun Street, near Pak Lok House",(Wong Tai Sin East) 祟齡街28號 No. 28 Shung Ling Street,(Wong Tai Sin West) 爵祿街28-34號 Nos. 28-34 Tseuk Luk Street,"(Wong Tai Sin East) 鳳德道，近鳳德邨斑鳳樓 Fung Tak Road, near Ban Fung House, Fung Tak Estate",(Wong Tai Sin East) 鑽石山站公共運輸交滙處 Diamond Hill Station Public Transport Interchange,"(Wong Tai Sin East) 鳳德道，近志蓮淨苑天王殿 Fung Tak Road, near Hall of Deva Kings, Chi Lin Nunnery","(Wong Tai Sin East) 鳳德道，近斧山公園 Fung Tak Road, near Hammer Hill Park","(Wong Tai Sin East) 斧山道，近宏景花園第三座 Hammer Hill Road, near Grand View Garden Tower 3","(Wong Tai Sin East) 蒲崗村道，近恩潮浸信會 Po Kong Village Road, near Abounding Grace Baptist Church",(Wong Tai Sin East) 蒲崗村道學校村 Po Kong Village Road School Village,(Wong Tai Sin West) 德愛中學 Tak Oi Secondary School,(Wong Tai Sin West) 慈民邨 Tsz Man Estate,"(Wong Tai Sin West) 惠華街，慈雲山中心外 Wai Wah Street, outside Tsz Wan Shan Shopping Centre","(Wong Tai Sin West) 慈雲山道，慈愛苑愛賢閣外 Tsz Wan Shan Road, outside Oi Yin House, Tsz Oi Court","(Wong Tai Sin West) 慈雲山道，伊斯蘭鮑伯濤紀念小學外 Tsz Wan Shan Road, outside Islamic Dharwood Pau Memorial School","(Wong Tai Sin West) 慈雲山道，沙田坳邨和田樓外 Tsz Wan Shan Road, outside Wo Tin House, Shatin Pass Estate",,,,,,,,,,,,,,,,,,,,,,,,,,,,,,,
83A,CMPattern_CM_GMBBus_83a_3_8993,6.4,4.36364032,Kwai Chung East > Kwai Chung West > Tsuen Wan Southeast,FALSE,"安捷街，近安蔭邨嘉蔭樓 On Chit Street, near Kar Yam House, On Yam Estate",Kwai Chung East,"川龍街，近海天豪苑協和廣場 Chuen Lung Street, near Concord Square, The Blue Yard",Tsuen Wan Southeast,荃灣川龍街 Tsuen Wan (Chuen Lung Street),"(Kwai Chung East) 安捷街，近安蔭邨嘉蔭樓 On Chit Street, near Kar Yam House, On Yam Estate",(Kwai Chung East) 裘錦秋中學（葵涌） Ju Ching Chu Secondary School (Kwai Chung),(Kwai Chung East) 北葵涌街市 North Kwai Chung Market,"(Kwai Chung East) 和宜合道，華寶工業大廈外 Wo Yi Hop Road, outside Grand Industrial Building","(Kwai Chung East) 昌榮路，同珍工業大廈外 Cheung Wing Road, outside Tung Chun Industrial Building","(Kwai Chung West) 青山公路－葵涌段，近瑞康工業大廈 Castle Peak Road – Kwai Chung, near Shui Hong Industrial Building",(Kwai Chung West) 青山公路葵涌段659號 No. 659 Castle Peak Road-Kwai Chung,"(Kwai Chung West) 青山公路葵涌段，大窩口體育館外 Castle Peak Road-Kwai Chung, outside Tai Wo Hau Indoor Recreation Centre","(Tsuen Wan Southeast) 青山公路－荃灣段，近仁濟醫院 Castle Peak Road - Tsuen Wan, near Yan Chai Hospital","(Tsuen Wan Southeast) 青山公路－荃灣段，近周合成大廈 Castle Peak Road - Tsuen Wan, near Chau Hop Shing Building","(Tsuen Wan Southeast) 眾安街，近荃灣千色滙 I Chung On Street, near KOLOUR • Tsuen Wan I","(Tsuen Wan Southeast) 川龍街，近海天豪苑協和廣場 Chuen Lung Street, near Concord Square, The Blue Yard",,,,,,,,,,,,,,,,,,,,,,,,,,,,,,,,,,,
38,CMPattern_CM_GMBBus_38_8803,9,7.926721224,Yuen Long Rural East > Yuen Long Town Centre,FALSE,"竹攸路，近香港政府環境保護署牛潭尾堆肥廠 Chuk Yau Road, near Hong Kong Government Environmental Protection Department Ngau Tam Mei Composting Plant",Yuen Long Rural East,"福康街，金寶樓外小巴總站 Fook Hong Street Public Light Bus Terminus, outside Kam Po Building",Yuen Long Town Centre,元朗福康街 Yuen Long (Fook Hong Street),"(Yuen Long Rural East) 竹攸路，近香港政府環境保護署牛潭尾堆肥廠 Chuk Yau Road, near Hong Kong Government Environmental Protection Department Ngau Tam Mei Composting Plant",(Yuen Long Rural East) 西華路 Sai Wah Road,"(Yuen Long Rural East) 竹攸路，近康泰護老院 Chuk Yau Road, near Hongtai Home For The Aged",(Yuen Long Rural East) 上竹園1號 1 Sheung Chuk Yuen,"(Yuen Long Rural East) 新潭路，近加多利園31 San Tam Road, near Kadoorie Villas 31","(Yuen Long Rural East) 新潭路，近怡安苑1座 San Tam Road, near Ian Court Block 1","(Yuen Long Rural East) 新潭路，近首譽 San Tam Road, near Meister House","(Yuen Long Rural East) 新潭路，近雅麗花園 San Tam Road, near Elite Garden","(Yuen Long Rural East) 青山公路，近壆圍 Castle Peak Road, near Pok Wai","(Yuen Long Rural East) 新潭路，近沙埔污水泵房 San Tam Road, near Sha Po Sewage Pumping Station","(Yuen Long Rural East) 新潭路，近 Park Yoho Venezia San Tam Road, near Park Yoho Venezia",(Yuen Long Rural East) 紅毛橋 Hung Mo Kiu,"(Yuen Long Rural East) 青山公路，近楊屋村 Castle Peak Road, near Yeung Uk Tsuen","(Yuen Long Town Centre) 青山公路元朗段，近 Yoho Midtown Castle Peak Road-Yuen Long, near Yoho Midtown","(Yuen Long Town Centre) 青山公路，又新街 Castle Peak Road, Yau San Street","(Yuen Long Town Centre) 青山公路，大棠路 Castle Peak Road, Tai Tong Road","(Yuen Long Town Centre) 擊壤路巴士總站，近安達坊 Kik Yeung Road Bus Terminus, near On Tat Square","(Yuen Long Town Centre) 元朗安寧路，裕豐大樓對面 Yuen Long On Ning Road, Opposite Yue Fung Mansion","(Yuen Long Town Centre) 福康街，金寶樓外小巴總站 Fook Hong Street Public Light Bus Terminus, outside Kam Po Building",,,,,,,,,,,,,,,,,,,,,,,,,,,,
38,CMPattern_CM_GMBBus_38_8804,9,7.520749184,Yuen Long Rural East > Yuen Long Town Centre,FALSE,"竹攸路，近香港政府環境保護署牛潭尾堆肥廠 Chuk Yau Road, near Hong Kong Government Environmental Protection Department Ngau Tam Mei Composting Plant",Yuen Long Rural East,"福康街，金寶樓外小巴總站 Fook Hong Street Public Light Bus Terminus, outside Kam Po Building",Yuen Long Town Centre,元朗福康街（經大橋路） Yuen Long (Fook Hong Street) (via Tai Kiu Road),"(Yuen Long Rural East) 竹攸路，近香港政府環境保護署牛潭尾堆肥廠 Chuk Yau Road, near Hong Kong Government Environmental Protection Department Ngau Tam Mei Composting Plant",(Yuen Long Rural East) 西華路 Sai Wah Road,"(Yuen Long Rural East) 竹攸路，近康泰護老院 Chuk Yau Road, near Hongtai Home For The Aged",(Yuen Long Rural East) 上竹園1號 1 Sheung Chuk Yuen,"(Yuen Long Rural East) 新潭路，近加多利園31 San Tam Road, near Kadoorie Villas 31","(Yuen Long Rural East) 新潭路，近怡安苑1座 San Tam Road, near Ian Court Block 1","(Yuen Long Rural East) 新潭路，近首譽 San Tam Road, near Meister House","(Yuen Long Rural East) 新潭路，近雅麗花園 San Tam Road, near Elite Garden","(Yuen Long Rural East) 青山公路，近壆圍 Castle Peak Road, near Pok Wai","(Yuen Long Rural East) 新潭路，近沙埔污水泵房 San Tam Road, near Sha Po Sewage Pumping Station","(Yuen Long Rural East) 新潭路，近 Park Yoho Venezia San Tam Road, near Park Yoho Venezia",(Yuen Long Rural East) 紅毛橋 Hung Mo Kiu,"(Yuen Long Rural East) 青山公路，近楊屋村 Castle Peak Road, near Yeung Uk Tsuen","(Yuen Long Town Centre) 青山公路元朗段，近 Yoho Midtown Castle Peak Road-Yuen Long, near Yoho Midtown",(Yuen Long Town Centre) 大橋村 Tai Kiu Tsuen,"(Yuen Long Town Centre) 福康街，金寶樓外小巴總站 Fook Hong Street Public Light Bus Terminus, outside Kam Po Building",,,,,,,,,,,,,,,,,,,,,,,,,,,,,,,
73,CMPattern_CM_GMBBus_73_1_6363,6.6,5.619786387,Yuen Long Rural East > Yuen Long Town Centre,FALSE,元朗（崇山新村）小巴總站 Yuen Long (Sung Shan New Village) Minibus Terminus,Yuen Long Rural East,"媽橫路，近朗屏站 Ma Wang Road, near Long Ping Station",Yuen Long Town Centre,朗屏站媽橫路 Long Ping Station (Ma Wang Road),(Yuen Long Rural East) 元朗（崇山新村）小巴總站 Yuen Long (Sung Shan New Village) Minibus Terminus,"(Yuen Long Rural East) 未命名通道，近建造業機械技術訓練中心 Unnamed Access Road, near Construction Machinery Technical Training Centre","(Yuen Long Rural East) 未命名通道，近塘頭埔村 Unnamed Access Road, near Tong Tau Po Tsuen","(Yuen Long Rural East) 大樹下東路，近塘頭埔村 Tai Shu Ha Road East, near Tong Tau Po Tsuen","(Yuen Long Rural East) 大樹下東路，近天后古廟 Tai Shu Ha Road East, near Tin Hau Temple","(Yuen Long Rural East) 大樹下東路，近大旗嶺休憩處 Tai Shu Ha Road East, near Tai Kei Ling Sitting-Out Area","(Yuen Long Town Centre) 大棠路，近大生行飼料有限公司 Tai Tong Road, near Tai Sang Feeds Co., Ltd.","(Yuen Long Town Centre) 教育路，近興發大樓 Kau Yuk Road, near Hing Fat House","(Yuen Long Town Centre) 擊壤路巴士總站，近安達坊 Kik Yeung Road Bus Terminus, near On Tat Square",(Yuen Long Town Centre) 大橋村 Tai Kiu Tsuen,"(Yuen Long Town Centre) 媽橫路，近朗屏站 Ma Wang Road, near Long Ping Station",,,,,,,,,,,,,,,,,,,,,,,,,,,,,,,,,,,,
59,CMPattern_CM_GMBBus_59_1_8206,4.5,3.364583033,Kwun Tong Central,TRUE,"翠屏南邨翠松樓外 Tsui Ping (South) Estate, outside Tsui Chung House",Kwun Tong Central,"翠屏南邨翠松樓外 Tsui Ping (South) Estate, outside Tsui Chung House",Kwun Tong Central,翠屏南邨 - 協和街（循環綫） Tsui Ping Estate South - Hip Wo Street (Circular),"(Kwun Tong Central) 翠屏南邨翠松樓外 Tsui Ping (South) Estate, outside Tsui Chung House","(Kwun Tong Central) 翠屏南邨翠桐樓外 Tsui Ping (South) Estate, outside Tsui Tung House","(Kwun Tong Central) 翠屏南邨翠榮樓外 Tsui Ping (South) Estate, outside Tsui Wing House",(Kwun Tong Central) 翠屏南邨翠杭樓 Tsui Hon House Tsui Ping South Estate,"(Kwun Tong Central) 翠屏南邨翠樂樓外 Tsui Ping (South) Estate, outside Tsui Lok House","(Kwun Tong Central) 未命名通道，近翠屏（南）邨天主教佑華小學 Unnamed Access Road, near Our Lady of China Catholic Primary School, Tsui Ping (South) Estate",(Kwun Tong Central) 翠柏樓 Tsui Pak House,"(Kwun Tong Central) 翠屏道，近翠屏（北）邨翠桉樓 Tsui Ping Road, near Tsui On House, Tsui Ping (North) Estate","(Kwun Tong Central) 翠屏道，近翠屏（北）邨翠楠樓 Tsui Ping Road, near Tsui Nam House, Tsui Ping (North) Estate","(Kwun Tong Central) 翠屏道，近寶珮苑寶瑛閣 Tsui Ping Road, near Po Ying House, Po Pui Court","(Kwun Tong Central) 協和街，近月華街遊樂場洗手間 Hip Wo Street, near Yuet Wah Street Playground's Toilet, Yuet Wah Street Playground",(Kwun Tong Central) 協和街近觀塘站 Hip Wo Street near Kwun Tong Station,"(Kwun Tong Central) 福塘道，近香港學生輔助會 Fuk Tong Road, near Hong Kong Student Aid Society","(Kwun Tong Central) 翠屏道，近基督教家庭服務中心賽馬會大樓 Tsui Ping Road, near Christian Family Service Centre Jockey Club Building","(Kwun Tong Central) 翠屏北邨翠梓樓外 Tsui Ping (North) Estate, outside Tsui Tsz House","(Kwun Tong Central) 翠屏南邨翠樂樓對面 Tsui Ping (South) Estate, Opposite Tsui Lok House","(Kwun Tong Central) 翠屏南邨翠杏樓對面 Tsui Ping (South) Estate, Opposite Tsui Heng House","(Kwun Tong Central) 翠屏南邨翠榮樓對面 Tsui Ping (South) Estate, Opposite Tsui Wing House",(Kwun Tong Central) 翠屏南邨翠桐樓 Tsui Tung House Tsui Ping South Estate,"(Kwun Tong Central) 翠屏南邨翠松樓外 Tsui Ping (South) Estate, outside Tsui Chung House",,,,,,,,,,,,,,,,,,,,,,,,,,,
9,CMPattern_CM_GMBBus_9_1_8572,8.4,10.24654634,Sai Kung and Hang Hau,FALSE,"福民路小巴總站，經華樓外 Fuk Man Road Public Light Bus Terminus, outside King Wah Building",Sai Kung and Hang Hau,麥理浩夫人渡假村 Lady Maclehose Holiday Village,Sai Kung and Hang Hau,麥理浩夫人度假村 Lady Maclehose Holiday Village,"(Sai Kung and Hang Hau) 福民路小巴總站，經華樓外 Fuk Man Road Public Light Bus Terminus, outside King Wah Building",(Sai Kung and Hang Hau) 黃竹灣 Wong Chuk Wan,(Sai Kung and Hang Hau) 早禾坑 Tso Wo Hang,(Sai Kung and Hang Hau) 亞公灣 Ah Kung Wan,(Sai Kung and Hang Hau) 大網仔 Tai Mong Tsai,(Sai Kung and Hang Hau) 大網仔 Tai Mong Tsai,(Sai Kung and Hang Hau) 斬竹灣 Tsam Chuk Wan,"(Sai Kung and Hang Hau) 大網仔路，近漁農自然護理署西貢郊野公園北潭涌管理站 Tai Mong Tsai Road, near AFCD Sai Kung Country Park Pak Tam Chung Management Centre","(Sai Kung and Hang Hau) 大網仔路，近北潭涌燒烤區六號場 Tai Mong Tsai Road, near Pak Tam Chung Barbecue Area Site 6",(Sai Kung and Hang Hau) 鯽魚湖 Tsak Yue Wu,(Sai Kung and Hang Hau) 麥理浩夫人渡假村 Lady Maclehose Holiday Village,,,,,,,,,,,,,,,,,,,,,,,,,,,,,,,,,,,,
44A,CMPattern_CM_GMBBus_44a_7870,4.2,2.914532975,Sham Shui Po West,TRUE,長沙灣廣場小巴總站 Cheung Sha Wan Minibus Terminus,Sham Shui Po West,長沙灣廣場小巴總站 Cheung Sha Wan Minibus Terminus,Sham Shui Po West,長沙灣廣場 - 海麗邨（循環綫） Cheung Sha Wan Plaza - Hoi Lai Estate (Circular),(Sham Shui Po West) 長沙灣廣場小巴總站 Cheung Sha Wan Minibus Terminus,"(Sham Shui Po West) 興華街西，近德貞女子中學 Hing Wah Street West, near Tack Ching Girls' Secondary School",(Sham Shui Po West) 海麗邨海麗商場 Hoi Lai Estate Hoi Lai Shopping Centre,"(Sham Shui Po West) 深盛路，近泓景臺第三座 Sham Shing Road, near Banyan Garden Tower 3","(Sham Shui Po West) 深盛路，近昇悅居第二座 Sham Shing Road, near Liberte Block 2","(Sham Shui Po West) 興華街，近長沙灣臨時家禽批發市場 Hing Wah Street, near Cheung Sha Wan Temporary Wholesale Poultry Market","(Sham Shui Po West) 長義街，近好運工業中心 Cheung Yee Street, near Goodluck Industrial Centre",(Sham Shui Po West) 長沙灣廣場小巴總站 Cheung Sha Wan Minibus Terminus,,,,,,,,,,,,,,,,,,,,,,,,,,,,,,,,,,,,,,,
68,CMPattern_CM_GMBBus_68_1_8397,6.7,9.089275168,Wong Tai Sin East > Kwun Tong West > Kwun Tong Central > Kwun Tong West > Wong Tai Sin East,TRUE,"豐盛街，近彩雲邨彩雲（一）邨觀日樓 Fung Shing Street, near Koon Yat House, Choi Wan (I) Estate, Choi Wan Estate",Wong Tai Sin East,"豐盛街，近彩雲邨彩雲（一）邨觀日樓 Fung Shing Street, near Koon Yat House, Choi Wan (I) Estate, Choi Wan Estate",Wong Tai Sin East,彩雲邨 - 九龍灣（經啟祥道）（循環綫） Choi Wan Estate - Kowloon Bay (via Kai Cheung Road) (Circular),"(Wong Tai Sin East) 豐盛街，近彩雲邨彩雲（一）邨觀日樓 Fung Shing Street, near Koon Yat House, Choi Wan (I) Estate, Choi Wan Estate","(Wong Tai Sin East) 清水灣道，彩雲商場2期 B 對出 Clear Water Bay Road, outside Choi Wan Commercial Complex Phase IIB","(Kwun Tong West) 清水灣道坪石邨鑽石樓外 Clear Water Bay Road, outside Tsuen Shek House, Ping Shek Estate",(Kwun Tong West) 企業廣場 Enterprise Square,"(Kwun Tong Central) 海濱道，近鴻業街 Hoi Bun Road, near Hung Yip Street",(Kwun Tong Central) 海濱道近 One Bay East Hoi Bun Road near One Bay East,(Kwun Tong Central) 綠景 Neo,"(Kwun Tong Central) 牛頭角道，近觀塘官立小學 Ngau Tau Kok Road, near Kwun Tong Government Primary School","(Kwun Tong Central) 牛頭角道，安德大廈外 Ngau Tau Kok Road, outside On Tak Building","(Kwun Tong West) 牛頭角道，牛頭角市政大廈對面 Ngau Tau Kok Road, Opposite Ngau Tau Kok Municipal Services Building","(Kwun Tong West) 牛頭角道，近淘大花園 I 座 Ngau Tau Kok Road, near Amoy Gardens Block I",(Wong Tai Sin East) 牛池灣街市 Ngau Chi Wan Market,(Wong Tai Sin East) 牛池灣公共交通總站 Ngau Chi Wan Public Transport Terminus,(Wong Tai Sin East) 白虹樓 Pak Hung House,"(Wong Tai Sin East) 豐盛街，近彩雲邨彩雲（一）邨觀日樓 Fung Shing Street, near Koon Yat House, Choi Wan (I) Estate, Choi Wan Estate",,,,,,,,,,,,,,,,,,,,,,,,,,,,,,,,
52K,CMPattern_CM_GMBBus_52k_6075,6.6,7.599533909,Wu Tip Shan > Robin’s Nest,FALSE,粉嶺站專綫小巴總站 Public Light Bus (Scheduled) Service Terminus at Fanling Station,Wu Tip Shan,"坪輋路，馮黃鳳亭安老院外 Ping Che Road, outside Caritas Fung Wong Fung Ting Home",Robin’s Nest,坪輋（經和滿街） Ping Che (via Wo Mun Street),(Wu Tip Shan) 粉嶺站專綫小巴總站 Public Light Bus (Scheduled) Service Terminus at Fanling Station,"(Wu Tip Shan) 粉嶺樓路，粉嶺禮賢會中學對面 Fan Leng Lau Road, Opposite Fanling Rhenish Church Secondary School",(Wu Tip Shan) 和隆街17號 No. 17 Wo Lung Street,(Wu Tip Shan) 和滿街小巴總站 Wo Mun Street Public Light Bus Terminus,"(Wu Tip Shan) 新屋村／覲龍圍，沙頭角公路 San Uk Tsuen / Kan Lung Wai, Sha Tau Kok Road",(Wu Tip Shan) 新圍軍營 San Wai Barracks,(Wu Tip Shan) 沙頭角路近軍地 Sha Tau Kok Road near Kwan Tei,"(Wu Tip Shan) 流水響，沙頭角公路 Lau Shui Heung, Sha Tau Kok Road",(Wu Tip Shan) 孔嶺村 Hung Leng Tsuen,(Robin’s Nest) 香港浸會園 Hong Kong Baptist Assembly,(Robin’s Nest) 打鼓嶺鄉村中心政府大樓 Ta Kwu Ling Rural Centre Government Building,(Robin’s Nest) 坪輋隔田 Ping Che Kat Tin,(Robin’s Nest) 雲泉仙館 Wan Chuen Sin Koon,"(Robin’s Nest) 坪輋路，馮黃鳳亭安老院外 Ping Che Road, outside Caritas Fung Wong Fung Ting Home",,,,,,,,,,,,,,,,,,,,,,,,,,,,,,,,,
52K,CMPattern_CM_GMBBus_52k_6076,6.6,7.226239519,Wu Tip Shan > Robin’s Nest,FALSE,粉嶺站專綫小巴總站 Public Light Bus (Scheduled) Service Terminus at Fanling Station,Wu Tip Shan,"坪輋路，馮黃鳳亭安老院外 Ping Che Road, outside Caritas Fung Wong Fung Ting Home",Robin’s Nest,坪輋 Ping Che,(Wu Tip Shan) 粉嶺站專綫小巴總站 Public Light Bus (Scheduled) Service Terminus at Fanling Station,"(Wu Tip Shan) 粉嶺樓路，粉嶺禮賢會中學對面 Fan Leng Lau Road, Opposite Fanling Rhenish Church Secondary School",(Wu Tip Shan) 和隆街17號 No. 17 Wo Lung Street,"(Wu Tip Shan) 新屋村／覲龍圍，沙頭角公路 San Uk Tsuen / Kan Lung Wai, Sha Tau Kok Road",(Wu Tip Shan) 新圍軍營 San Wai Barracks,(Wu Tip Shan) 沙頭角路近軍地 Sha Tau Kok Road near Kwan Tei,"(Wu Tip Shan) 流水響，沙頭角公路 Lau Shui Heung, Sha Tau Kok Road",(Wu Tip Shan) 孔嶺村 Hung Leng Tsuen,(Robin’s Nest) 香港浸會園 Hong Kong Baptist Assembly,(Robin’s Nest) 打鼓嶺鄉村中心政府大樓 Ta Kwu Ling Rural Centre Government Building,(Robin’s Nest) 坪輋隔田 Ping Che Kat Tin,(Robin’s Nest) 雲泉仙館 Wan Chuen Sin Koon,"(Robin’s Nest) 坪輋路，馮黃鳳亭安老院外 Ping Che Road, outside Caritas Fung Wong Fung Ting Home",,,,,,,,,,,,,,,,,,,,,,,,,,,,,,,,,,
88M,CMPattern_CM_GMBBus_88m_9020,8.3,11.50053754,Kwai Chung East > Kwai Chung West > Tsing Yi,FALSE,新葵芳花園 New Kwai Fong Gardens,Kwai Chung East,香港聯合船塢小巴總站 Hong Kong United Dockyard Minibus Terminus,Tsing Yi,香港聯合船塢 Hong Kong United Dockyard,(Kwai Chung East) 新葵芳花園 New Kwai Fong Gardens,"(Kwai Chung East) 興芳路，近新都會廣場第2座 Hing Fong Road, near Metroplaza Tower 2","(Kwai Chung West) 葵青路，近葵涌工業污水泵房 Kwai Tsing Road, near Kwai Chung Industrial Wastewater Pumping Station","(Tsing Yi) 青衣路，長青商場對面 Tsing Yi Road, Opposite Cheung Ching Shopping Centre",(Tsing Yi) 美景花園 Mayfair Gardens,(Tsing Yi) 長青巴士總站 Cheung Ching Bus Terminus,(Tsing Yi) 大同工業大廈 Tai Tung Industrial Building,"(Tsing Yi) 青衣路，近環境保護署化學廢物處理設施 Tsing Yi Road, near Environmental Protection Department Chemical Waste Treatment Facilities",(Tsing Yi) 天廚（青衣）工業中心 Tien Chu (Tsing Yi) Industrial Centre,(Tsing Yi) 前青衣發電廠 Former Tsing Yi Power Station,(Tsing Yi) 青強街 Tsing Keung Street,"(Tsing Yi) 青衣路，近友聯船廠有限公司 Tsing Yi Road, near Yiu Lian Dockyards Limited",(Tsing Yi) 友聯船廠 Yiu Lian Dockyards,(Tsing Yi) 清甜街 Tsing Tim Street,(Tsing Yi) 蜆殼油庫 Shell Oil Depot,(Tsing Yi) 香港聯合船塢小巴總站 Hong Kong United Dockyard Minibus Terminus,,,,,,,,,,,,,,,,,,,,,,,,,,,,,,,
88M,CMPattern_CM_GMBBus_88m_9022,8.3,9.422994808,Kwai Chung East > Kwai Chung West > Tsing Yi,FALSE,新葵芳花園 New Kwai Fong Gardens,Kwai Chung East,香港聯合船塢小巴總站 Hong Kong United Dockyard Minibus Terminus,Tsing Yi,香港聯合船塢（不經長青） Hong Kong United Dockyard (omit Cheung Ching),(Kwai Chung East) 新葵芳花園 New Kwai Fong Gardens,"(Kwai Chung East) 興芳路，近新都會廣場第2座 Hing Fong Road, near Metroplaza Tower 2","(Kwai Chung West) 葵青路，近葵涌工業污水泵房 Kwai Tsing Road, near Kwai Chung Industrial Wastewater Pumping Station",(Tsing Yi) 大同工業大廈 Tai Tung Industrial Building,"(Tsing Yi) 青衣路，近環境保護署化學廢物處理設施 Tsing Yi Road, near Environmental Protection Department Chemical Waste Treatment Facilities",(Tsing Yi) 天廚（青衣）工業中心 Tien Chu (Tsing Yi) Industrial Centre,(Tsing Yi) 前青衣發電廠 Former Tsing Yi Power Station,(Tsing Yi) 青強街 Tsing Keung Street,"(Tsing Yi) 青衣路，近友聯船廠有限公司 Tsing Yi Road, near Yiu Lian Dockyards Limited",(Tsing Yi) 友聯船廠 Yiu Lian Dockyards,(Tsing Yi) 清甜街 Tsing Tim Street,(Tsing Yi) 蜆殼油庫 Shell Oil Depot,(Tsing Yi) 香港聯合船塢小巴總站 Hong Kong United Dockyard Minibus Terminus,,,,,,,,,,,,,,,,,,,,,,,,,,,,,,,,,,
69X,CMPattern_GMBBus69X_6065,12.5,10.79927595,Southern District Northwest > Southern District Southeast > Wan Chai,FALSE,數碼港公共運輸交滙處 Cyberport Public Transport Interchange,Southern District Northwest,"駱克道，近景隆街 Lockhart Road, near Cannon Street",Wan Chai,銅鑼灣駱克道 Causeway Bay (Lockhart Road),(Southern District Northwest) 數碼港公共運輸交滙處 Cyberport Public Transport Interchange,(Southern District Northwest) 資訊道 Information Crescent,"(Southern District Northwest) 數碼港道，數碼港3座對面 Cyberport Road, Opposite Cyberport 3","(Southern District Northwest) 數碼港道，貝沙灣1期對面 Cyperport Road, Opposite Bel-Air Phase 1","(Southern District Northwest) 數碼港道，近貝沙灣6期 Tower 7 Cyberport Road, near Bel-Air No. 8 Tower 7","(Southern District Northwest) 域多利道，域多利道分區電力站對面 Victoria Road, Opposite Victoria Road Zone Sub-Station","(Southern District Northwest) 域多利道，近免疫學研究院 Victoria Road, near Department of Health Institute of Immunology","(Southern District Northwest) 華康街，聖保羅書院小學 Wah Hong Street, St. Paul's College Primary School","(Southern District Northwest) 石排灣道，萬景樓外 Shek Pai Wan Road, outside Man King Building",(Southern District Northwest) 田灣街 Tin Wan Street,"(Southern District Northwest) 香港仔海傍道，香港仔巴士總站外 Aberdeen Praya Road, outside Aberdeen Bus Terminus","(Southern District Southeast) 香港仔大道48-50號，業漁大樓外 48-50 Aberdeen Main Road, outside Yip Yee Mansion",(Southern District Southeast) 業勤街 Yip Kan Street,"(Southern District Southeast) 黃竹坑道23號 Wong Chuk Hang Road, House No. 23",(Southern District Southeast) 黃竹坑道49-51號 Wong Chuk Hang Road House No. 49-51,(Southern District Southeast) 香港仔隧道收費廣場 Aberdeen Tunnel Toll Plaza,"(Wan Chai) 崇正大廈，摩理臣山道 Tsung Tsin Building, Morrison Hill Road",(Wan Chai) 摩理臣山道32號 32 Morrison Hill Road,(Wan Chai) 馬師道天橋 Marsh Road Flyover,"(Wan Chai) 駱克道，馬師道以東 Lockhart Road, East of Marsh Road",(Wan Chai) 駱克道483號 No. 483 Lockhart Road,"(Wan Chai) 駱克道，近景隆街 Lockhart Road, near Cannon Street",,,,,,,,,,,,,,,,,,,,,,,,,
69X,CMPattern_GMBBus69X_6138,12.5,10.91889568,Southern District Northwest > Southern District Southeast > Wan Chai,FALSE,數碼港公共運輸交滙處 Cyberport Public Transport Interchange,Southern District Northwest,"駱克道，近景隆街 Lockhart Road, near Cannon Street",Wan Chai,銅鑼灣駱克道（經華富北） Causeway Bay (Lockhart Road) (via Wah Fu (North)),(Southern District Northwest) 數碼港公共運輸交滙處 Cyberport Public Transport Interchange,(Southern District Northwest) 資訊道 Information Crescent,"(Southern District Northwest) 數碼港道，數碼港3座對面 Cyberport Road, Opposite Cyberport 3","(Southern District Northwest) 數碼港道，貝沙灣1期對面 Cyperport Road, Opposite Bel-Air Phase 1","(Southern District Northwest) 數碼港道，近貝沙灣6期 Tower 7 Cyberport Road, near Bel-Air No. 8 Tower 7","(Southern District Northwest) 域多利道，域多利道分區電力站對面 Victoria Road, Opposite Victoria Road Zone Sub-Station","(Southern District Northwest) 華景街，華翠樓外巴士總站 Wah King Street, Bus Terminus outside Wah Chui House",(Southern District Northwest) 華康街 Wah Hong Street,"(Southern District Northwest) 石排灣道，萬景樓外 Shek Pai Wan Road, outside Man King Building",(Southern District Northwest) 田灣街 Tin Wan Street,"(Southern District Northwest) 香港仔海傍道，香港仔巴士總站外 Aberdeen Praya Road, outside Aberdeen Bus Terminus","(Southern District Southeast) 香港仔大道48-50號，業漁大樓外 48-50 Aberdeen Main Road, outside Yip Yee Mansion",(Southern District Southeast) 業勤街 Yip Kan Street,"(Southern District Southeast) 黃竹坑道23號 Wong Chuk Hang Road, House No. 23",(Southern District Southeast) 黃竹坑道49-51號 Wong Chuk Hang Road House No. 49-51,(Southern District Southeast) 香港仔隧道收費廣場 Aberdeen Tunnel Toll Plaza,"(Wan Chai) 崇正大廈，摩理臣山道 Tsung Tsin Building, Morrison Hill Road",(Wan Chai) 摩理臣山道32號 32 Morrison Hill Road,(Wan Chai) 馬師道天橋 Marsh Road Flyover,"(Wan Chai) 駱克道，馬師道以東 Lockhart Road, East of Marsh Road",(Wan Chai) 駱克道483號 No. 483 Lockhart Road,"(Wan Chai) 駱克道，近景隆街 Lockhart Road, near Cannon Street",,,,,,,,,,,,,,,,,,,,,,,,,
54,CMPattern_GMBBus54_1_5285,9.4,6.857118417,Kwun Tong North > Kwun Tong West > Wong Tai Sin West > Wong Tai Sin East > Wong Tai Sin West,FALSE,順天邨 Shun Tin Estate,Kwun Tong North,樂富 Lok Fu,Wong Tai Sin West,樂富 Lok Fu,(Kwun Tong North) 順天邨 Shun Tin Estate,"(Kwun Tong North) 利安道，近順安邨多層停車場 Lee On Road, near Shun On Estate Multi-Storey Car Park",(Kwun Tong North) 順利邨利業樓 Lee Yip House Shun Lee Estate,"(Kwun Tong North) 利安道近利恒樓 Lee On Road, outside Lee Hang House","(Kwun Tong North) 利安道，近順利邨遊樂場 Lee On Road, near Shun Lee Tsuen Playground","(Kwun Tong West) 新清水灣道，近聖言中學 New Clear Water Bay Road, near Sing Yin Secondary School","(Kwun Tong West) 清水灣道坪石邨鑽石樓外 Clear Water Bay Road, outside Tsuen Shek House, Ping Shek Estate",(Wong Tai Sin West) 采頤花園 Rhythm Garden,(Wong Tai Sin West) 彩虹道224號 Choi Hung Road No. 224,"(Wong Tai Sin East) 沙田坳道聖十字架堂對面 Shatin Pass Road, Opposite Holy Cross Church",(Wong Tai Sin East) 龍慧樓 Lung Wai House,(Wong Tai Sin East) 龍榮樓 Lung Wing House,(Wong Tai Sin East) 東頭村道近大成街交界 Tung Tau Tsuen Road and Tai Shing Street Junction,(Wong Tai Sin West) 摩士第二公園 Morse Park No. 2,(Wong Tai Sin West) 摩士公園（四號公園） Morse Park (Park No. 4),(Wong Tai Sin West) 富茂街 Fu Mou Street,(Wong Tai Sin West) 橫頭磡邨宏業樓 Wang Yip House Wang Tau Hom Estate,(Wong Tai Sin West) 樂富 Lok Fu,,,,,,,,,,,,,,,,,,,,,,,,,,,,,
89C,CMPattern_CM_GMBBus_89c_6096,6.1,5.12474202,Kwun Tong West > Kwun Tong North,FALSE,牛頭角總站 Ngau Tau Kok Bus Terminus,Kwun Tong West,安翠街小巴總站 On Chui Street GMB Terminus,Kwun Tong North,安達邨（經秀茂坪南） On Tat Estate (via Sau Mau Ping (South)),(Kwun Tong West) 牛頭角總站 Ngau Tau Kok Bus Terminus,"(Kwun Tong West) 振華道，振華道體育館對面 Chun Wah Road, Opposite Chun Wah Road Sports Centre","(Kwun Tong West) 振華道，近樂華南邨 Chun Wah Road, near Lok Wah South Estate","(Kwun Tong West) 康寧道，康寧道公園對面 Hong Ning Road, Opposite Hong Ning Road Park","(Kwun Tong North) 康寧道，高雷中學對面 Hong Ning Road, Opposite Ko Lui Secondary School","(Kwun Tong North) 秀茂坪道，寧波第二中學外 Sau Mau Ping Road, outside Ning Po No. 2 College",(Kwun Tong North) 秀明道，秀明道公園對面 Sau Ming Road Opposite To Sau Ming Road Park,"(Kwun Tong North) 秀明道，秀茂坪邨秀康樓外 Sau Ming Road, outside Sau Hong House, Sau Mau Ping Estate",(Kwun Tong North) 秀明道基督教聖約教會堅樂小學外 The Mission Covenant Church Holm Glad Primary School,"(Kwun Tong North) 秀明道，秀茂坪商場外 Sau Ming Road, outside Sau Mau Ping Shopping Centre",(Kwun Tong North) 秀明道，路德會聖馬太學（秀茂坪） Sau Ming Road outside St. Matthew's Lutheran School (Sau Mau Ping),"(Kwun Tong North) 秀明道，觀塘官立小學對面 Sau Ming Road, Opposite Kwun Tong Government Primary School","(Kwun Tong North) 曉光街，秀茂坪南邨外 Hiu Kwong Street, outside Sau Mau Ping South Estate","(Kwun Tong North) 秀茂坪道，秀暉樓外 Sau Mau Ping Road, outside Sau Fai House","(Kwun Tong North) 寶琳路，寶達邨對面 Po Lam Road, Opposite Po Tat Estate","(Kwun Tong North) 安翠街，近善達樓 On Chui Street, near Sin Tat House",(Kwun Tong North) 安翠街小巴總站 On Chui Street GMB Terminus,,,,,,,,,,,,,,,,,,,,,,,,,,,,,,
89C,CMPattern_CM_GMBBus_89c_6098,6.1,4.079945858,Kwun Tong West > Kwun Tong North,FALSE,牛頭角總站 Ngau Tau Kok Bus Terminus,Kwun Tong West,安翠街小巴總站 On Chui Street GMB Terminus,Kwun Tong North,安達邨 On Tat Estate,(Kwun Tong West) 牛頭角總站 Ngau Tau Kok Bus Terminus,"(Kwun Tong West) 振華道，振華道體育館對面 Chun Wah Road, Opposite Chun Wah Road Sports Centre","(Kwun Tong West) 振華道，近樂華南邨 Chun Wah Road, near Lok Wah South Estate","(Kwun Tong West) 康寧道，康寧道公園對面 Hong Ning Road, Opposite Hong Ning Road Park","(Kwun Tong North) 康寧道，高雷中學對面 Hong Ning Road, Opposite Ko Lui Secondary School","(Kwun Tong North) 秀茂坪道，寧波第二中學外 Sau Mau Ping Road, outside Ning Po No. 2 College","(Kwun Tong North) 秀茂坪道，秀義樓對面 Sau Mau Ping Road, Opposite Sau Yee House","(Kwun Tong North) 秀茂坪道，秀程樓對面 Sau Mau Ping Road, Opposite Sau Ching House","(Kwun Tong North) 寶琳路，寶達邨對面 Po Lam Road, Opposite Po Tat Estate","(Kwun Tong North) 安翠街，近善達樓 On Chui Street, near Sin Tat House",(Kwun Tong North) 安翠街小巴總站 On Chui Street GMB Terminus,,,,,,,,,,,,,,,,,,,,,,,,,,,,,,,,,,,,
20C,CMPattern_CM_GMBBus_20c_8658,8.8,10.56022013,Tai Po North > Tai Po South,FALSE,大美督公共運輸交滙處 Tai Mei Tuk Public Transport Interchange,Tai Po North,大埔墟站專綫小巴總站 Tai Po Market Station Minibus Terminus,Tai Po South,大埔墟站 Tai Po Market Station,(Tai Po North) 大美督公共運輸交滙處 Tai Mei Tuk Public Transport Interchange,(Tai Po North) 龍尾 Lung Mei,(Tai Po North) 龍尾村 Lung Mei Village,(Tai Po North) 蘆慈田 Lo Tsz Tin,"(Tai Po North) 汀角路，山寮 Ting Kok Road, Shan Liu",(Tai Po North) 汀角 Ting Kok,"(Tai Po North) 汀角路，映月灣 Ting Kok Road, Green Cove","(Tai Po North) 汀角路，犁壁山 Ting Kok Road, Lai Pek Shan",(Tai Po North) 布心排 Po Sum Pai,(Tai Po North) 䃟頭角 San Tau Kok,"(Tai Po North) 汀角路，詹屋 Ting Kok Road, Chim Uk","(Tai Po North) 汀角路，近三門仔路 Ting Kok Road, near Sam Mun Tsai Road","(Tai Po North) 汀角路，雅景花園 Ting Kok Road, Fortune Garden",(Tai Po North) 露輝路 Lo Fai Road,"(Tai Po North) 汀角路，近大埔工業邨 Ting Kok Road, near Tai Po Industrial Estate","(Tai Po North) 汀角路，下坑 Ting Kok Road, Ha Hang","(Tai Po North) 汀角路，李錦記有限公司外 Ting Kok Road, outside Lee Kum Kee Company Limited",(Tai Po North) 魚角 Yue Kok,"(Tai Po North) 汀角路，救恩書院外 Ting Kok Road, outside Kau Yan College","(Tai Po North) 汀角路，怡雅苑怡厚閣外 Ting Kok Road, outside Yee Hau House, Yee Nga Court","(Tai Po North) 汀角路，近大元邨 Ting Kok Road, near Tai Yuen Estate","(Tai Po North) 汀角路，近南亞路德會沐恩中學 Ting Kok Road, near Immanuel Lutheran College","(Tai Po North) 安祥路，昌運中心外 On Cheung Road, outside Fortune Plaza","(Tai Po South) 寶鄉街，近寶鄉橋 Po Heung Street, near Po Heung Bridge",(Tai Po South) 廣福道71號 71 Kwong Fuk Road,"(Tai Po South) 運頭街，運頭坊 Wan Tau Street, Wan Tau Square",,,,,,,,,,,,,,,,,,,,,
20C,CMPattern_CM_GMBBus_20c_8664,8.8,9.439861692,Tai Po North > Tai Po South,FALSE,大美督公共運輸交滙處 Tai Mei Tuk Public Transport Interchange,Tai Po North,大埔墟站專綫小巴總站 Tai Po Market Station Minibus Terminus,Tai Po South,大埔墟站（經完善路） Tai Po Market Station (via Yuen Shin Road),(Tai Po North) 大美督公共運輸交滙處 Tai Mei Tuk Public Transport Interchange,(Tai Po North) 龍尾 Lung Mei,(Tai Po North) 龍尾村 Lung Mei Village,(Tai Po North) 蘆慈田 Lo Tsz Tin,"(Tai Po North) 汀角路，山寮 Ting Kok Road, Shan Liu",(Tai Po North) 汀角 Ting Kok,"(Tai Po North) 汀角路，映月灣 Ting Kok Road, Green Cove","(Tai Po North) 汀角路，犁壁山 Ting Kok Road, Lai Pek Shan",(Tai Po North) 布心排 Po Sum Pai,(Tai Po North) 䃟頭角 San Tau Kok,"(Tai Po North) 汀角路，詹屋 Ting Kok Road, Chim Uk","(Tai Po North) 汀角路，近三門仔路 Ting Kok Road, near Sam Mun Tsai Road","(Tai Po North) 汀角路，雅景花園 Ting Kok Road, Fortune Garden",(Tai Po North) 露輝路 Lo Fai Road,"(Tai Po North) 汀角路，近大埔工業邨 Ting Kok Road, near Tai Po Industrial Estate","(Tai Po North) 汀角路，下坑 Ting Kok Road, Ha Hang","(Tai Po North) 汀角路，李錦記有限公司外 Ting Kok Road, outside Lee Kum Kee Company Limited",(Tai Po North) 魚角 Yue Kok,(Tai Po South) 大埔墟站專綫小巴總站 Tai Po Market Station Minibus Terminus,,,,,,,,,,,,,,,,,,,,,,,,,,,,
69,CMPattern_CM_GMBBus_69_1_8407,8.9,7.571269447,Kowloon City North > Wong Tai Sin West > Kwun Tong Central,FALSE,"獅子石道，近創業樓 Lion Rock Road, near Chong Yip Building",Kowloon City North,麗港城公共運輸交滙處 Laguna City Public Transport Interchange,Kwun Tong Central,麗港城 Laguna City,"(Kowloon City North) 獅子石道，近創業樓 Lion Rock Road, near Chong Yip Building","(Kowloon City North) 太子道西，國華樓外 Prince Edward Road West, outside Kwok Hwa Building","(Kowloon City North) 太子道東，近啟德道 Prince Edward Road East, near Kai Tak Road",(Wong Tai Sin West) 譽．港灣 The Latitude,"(Wong Tai Sin West) 太子道東，超達工業大廈外 Prince Edward Road East, outside Chiu Tat Factory Building","(Kwun Tong Central) 觀塘，偉業街及偉樂街街口 Kwun Tong, Junction of Wai Yip Street and Wai Lok Street","(Kwun Tong Central) 茶果嶺道，近麗港城第十六座 Cha Kwo Ling Road, near Laguna City Block 16","(Kwun Tong Central) 茶果嶺道，麗港城一期商場外 Cha Kwo Ling Road, outside Laguna City Phase I Commercial Complex",(Kwun Tong Central) 麗港城公共運輸交滙處 Laguna City Public Transport Interchange,,,,,,,,,,,,,,,,,,,,,,,,,,,,,,,,,,,,,,
3,CMPattern_CM_GMBBus_3_7520,7.6,4.252875713,Central,FALSE,"寶珊道，近寶城大廈 A 座 Po Shan Road, near Po Shan Mansions Block A",Central,香港站小巴總站 Hong Kong Station Minibus Terminus,Central,中環香港站公共運輸交滙處 Central (Hong Kong Station Public Transport Interchange),"(Central) 寶珊道，近寶城大廈 A 座 Po Shan Road, near Po Shan Mansions Block A",(Central) 寶珊道一號 No. 1 Po Shan Road,(Central) 杏彤苑 Hatton Place,"(Central) 旭龢道，近旭龢道食水配水庫 Kotewall Road, near Kotewall Road Fresh Water Service Reservoir","(Central) 旭龢道，近香港大學校長寓所 Kotewall Road, near The University of Hong Kong University Lodge","(Central) 干德道51號對面 Conduit Road, Opposite No. 51",(Central) 帝豪閣 Imperial Court,(Central) 嘉富臺 Prosperous Height,(Central) 干德道56號 Conduit Road No. 56,(Central) 干德道38號 Conduit Road No. 38,(Central) 干德道22號 No. 22 Conduit Road,(Central) 麗豪閣 Tycoon Court,(Central) 雅賓利 The Albany,"(Central) 雲咸街藝穗會 Wyndham Street, Fringe Club","(Central) 雪廠街，近印刷行 Ice House Street, near Printing House","(Central) 畢打街，近中環站 D1 出口 Pedder Street, near Central Station Exit D1","(Central) 民耀街，近國際金融中心二期 Man Yiu Street, near Two International Finance Centre",(Central) 香港站小巴總站 Hong Kong Station Minibus Terminus,,,,,,,,,,,,,,,,,,,,,,,,,,,,,
83A,CMPattern_CM_GMBBus_83a_3_8992,6.4,4.512245034,Tsuen Wan Southeast > Kwai Chung East,FALSE,"川龍街，近海天豪苑協和廣場 Chuen Lung Street, near Concord Square, The Blue Yard",Tsuen Wan Southeast,"安捷街，近安蔭邨嘉蔭樓 On Chit Street, near Kar Yam House, On Yam Estate",Kwai Chung East,安蔭邨安捷街 On Yam Estate (On Chit Street),"(Tsuen Wan Southeast) 川龍街，近海天豪苑協和廣場 Chuen Lung Street, near Concord Square, The Blue Yard","(Tsuen Wan Southeast) 青山公路荃灣段，警署外 Castle Peak Road-Tsuen Wan, outside Police Quarters","(Tsuen Wan Southeast) 青山公路荃灣段，大窩口站 B 入口外 Tai Wo Hau Station, Exit B","(Tsuen Wan Southeast) 青山公路葵涌段659號對面 Castle Peak Road-Kwai Chung, Opposite No. 659",(Tsuen Wan Southeast) 青山公路葵涌段570號 No. 570 Castle Peak Road-Kwai Chung,"(Kwai Chung East) 青山公路－葵涌段，近名賢大樓 Castle Peak Road – Kwai Chung, near Ming Yin Building","(Kwai Chung East) 和宜合道，近打磚坪街 Wo Yi Hop Road, near Tai Chuen Ping Street","(Kwai Chung East) 大白田街，近石籬二邨石福樓 Tai Pak Tin Street, near Shek Fook House, Shek Lei (II) Estate",(Kwai Chung East) 大白田里 Tai Pak Tin Lane,(Kwai Chung East) 裘錦秋中學（葵涌） Ju Ching Chu Secondary School (Kwai Chung),"(Kwai Chung East) 安捷街，近安蔭邨嘉蔭樓 On Chit Street, near Kar Yam House, On Yam Estate",,,,,,,,,,,,,,,,,,,,,,,,,,,,,,,,,,,,
3,CMPattern_CM_GMBBus_3_7519,7.6,5.298906868,Central,FALSE,香港站小巴總站 Hong Kong Station Minibus Terminus,Central,"寶珊道，近寶城大廈 A 座 Po Shan Road, near Po Shan Mansions Block A",Central,寶珊道 Po Shan Road,(Central) 香港站小巴總站 Hong Kong Station Minibus Terminus,"(Central) 干諾道中，近大會堂 Connaught Road Central, near City Hall","(Central) 紅棉路，香港壁球中心 Hong Kong Squash Centre, Cotton Tree Drive","(Central) 羅便臣道，近雅慧園 Robinson Road, near Villa Elegance","(Central) 干德道，近芝蘭台 A 座 Conduit Road, near Botanic Terrace Block A","(Central) 干德道，近 Conduit 18 Conduit Road, near Conduit 18","(Central) 干德道，近全景大廈第1座 Conduit Road, near Panorama Block 1","(Central) 干德道，近敦皓 Conduit Road, near The Morgan",(Central) 聯邦花園 Realty Gardens,"(Central) 干德道，近年豐園二座 Conduit Road, near Skyline Mansion Block 2","(Central) 克頓道，近慧苑 A 座 Hatton Road, near Wisdom Court Block A","(Central) 旭龢道，近赫頓大廈 Kotewall Road, near Hatton House",(Central) 杏彤苑 Hatton Place,(Central) 寶珊道一號 No. 1 Po Shan Road,"(Central) 寶珊道，近寶城大廈 A 座 Po Shan Road, near Po Shan Mansions Block A",,,,,,,,,,,,,,,,,,,,,,,,,,,,,,,,
88M,CMPattern_CM_GMBBus_88m_9021,8.3,11.52414843,Tsing Yi > Kwai Chung West > Kwai Chung East,FALSE,香港聯合船塢小巴總站 Hong Kong United Dockyard Minibus Terminus,Tsing Yi,新葵芳花園 New Kwai Fong Gardens,Kwai Chung East,葵芳站 Kwai Fong Station,(Tsing Yi) 香港聯合船塢小巴總站 Hong Kong United Dockyard Minibus Terminus,(Tsing Yi) 蜆殼油庫 Shell Oil Depot,(Tsing Yi) 清甜街 Tsing Tim Street,(Tsing Yi) 友聯船廠 Yiu Lian Dockyards,"(Tsing Yi) 青衣路，近友聯船廠有限公司 Tsing Yi Road, near Yiu Lian Dockyards Limited",(Tsing Yi) 青強街 Tsing Keung Street,(Tsing Yi) 前青衣發電廠 Former Tsing Yi Power Station,(Tsing Yi) 天廚（青衣）工業中心 Tien Chu (Tsing Yi) Industrial Centre,"(Tsing Yi) 青衣路，近環境保護署化學廢物處理設施 Tsing Yi Road, near Environmental Protection Department Chemical Waste Treatment Facilities",(Tsing Yi) 大同工業大廈 Tai Tung Industrial Building,(Tsing Yi) 美景花園 Mayfair Gardens,(Tsing Yi) 長青巴士總站 Cheung Ching Bus Terminus,"(Tsing Yi) 青康路，近長青邨青榕樓 Ching Hong Road, near Ching Yung House, Cheung Ching Estate","(Tsing Yi) 青衣路，長青商場外 Tsing Yi Road, outside Cheung Ching Shopping Centre","(Kwai Chung West) 葵青路，近葵涌公園 Kwai Tsing Road, near Kwai Chung Park",(Kwai Chung East) 葵涌運動場 Kwai Chung Sports Ground,"(Kwai Chung East) 葵仁路，近葵芳站 Kwai Yan Road, near Kwai Fong Station",(Kwai Chung East) 新葵芳花園 New Kwai Fong Gardens,,,,,,,,,(屯門區) 青山公路青山灣段 - 置樂花園8座外,(屯門區) 屯興路 - 屯門官立中學外,(屯門區) 屯門鄉事會路 - 市中心輕鐵站外,(屯門區) 屯門站公共運輸交匯處,(屯門區) 河傍街 - 屯門新墟街市外,,,,,,,,,,,,,,,,
88M,CMPattern_CM_GMBBus_88m_9023,8.3,9.501553004,Tsing Yi > Kwai Chung West > Kwai Chung East,FALSE,香港聯合船塢小巴總站 Hong Kong United Dockyard Minibus Terminus,Tsing Yi,新葵芳花園 New Kwai Fong Gardens,Kwai Chung East,葵芳站（不經長青） Kwai Fong Station (omit Cheung Ching),(Tsing Yi) 香港聯合船塢小巴總站 Hong Kong United Dockyard Minibus Terminus,(Tsing Yi) 蜆殼油庫 Shell Oil Depot,(Tsing Yi) 清甜街 Tsing Tim Street,(Tsing Yi) 友聯船廠 Yiu Lian Dockyards,"(Tsing Yi) 青衣路，近友聯船廠有限公司 Tsing Yi Road, near Yiu Lian Dockyards Limited",(Tsing Yi) 青強街 Tsing Keung Street,(Tsing Yi) 前青衣發電廠 Former Tsing Yi Power Station,(Tsing Yi) 天廚（青衣）工業中心 Tien Chu (Tsing Yi) Industrial Centre,"(Tsing Yi) 青衣路，近環境保護署化學廢物處理設施 Tsing Yi Road, near Environmental Protection Department Chemical Waste Treatment Facilities",(Tsing Yi) 大同工業大廈 Tai Tung Industrial Building,"(Kwai Chung West) 葵青路，近葵涌公園 Kwai Tsing Road, near Kwai Chung Park",(Kwai Chung East) 葵涌運動場 Kwai Chung Sports Ground,"(Kwai Chung East) 葵仁路，近葵芳站 Kwai Yan Road, near Kwai Fong Station",(Kwai Chung East) 新葵芳花園 New Kwai Fong Gardens,,,,,,,,,,,,,,,,,,,,,,,,,,,,,,,,,
88M,CMPattern_CM_GMBBus_88m_9028,8.3,9.05184816,Tsing Yi > Kwai Chung West > Kwai Chung East,FALSE,香港聯合船塢小巴總站 Hong Kong United Dockyard Minibus Terminus,Tsing Yi,新葵芳花園 New Kwai Fong Gardens,Kwai Chung East,葵芳站（不經長青及新都會廣場） Kwai Fong Station (omit Cheung Ching and Metroplaza),(Tsing Yi) 香港聯合船塢小巴總站 Hong Kong United Dockyard Minibus Terminus,(Tsing Yi) 蜆殼油庫 Shell Oil Depot,(Tsing Yi) 清甜街 Tsing Tim Street,(Tsing Yi) 友聯船廠 Yiu Lian Dockyards,"(Tsing Yi) 青衣路，近友聯船廠有限公司 Tsing Yi Road, near Yiu Lian Dockyards Limited",(Tsing Yi) 青強街 Tsing Keung Street,(Tsing Yi) 前青衣發電廠 Former Tsing Yi Power Station,(Tsing Yi) 天廚（青衣）工業中心 Tien Chu (Tsing Yi) Industrial Centre,"(Tsing Yi) 青衣路，近環境保護署化學廢物處理設施 Tsing Yi Road, near Environmental Protection Department Chemical Waste Treatment Facilities",(Tsing Yi) 大同工業大廈 Tai Tung Industrial Building,"(Kwai Chung West) 葵青路，近葵涌公園 Kwai Tsing Road, near Kwai Chung Park",(Kwai Chung East) 新葵芳花園 New Kwai Fong Gardens,,,,,,,,,,,,,,,(屯門區) 青山公路大欖段 - 瑜翠園外,(屯門區) 青山公路掃管芴段 - 近青龍路,(屯門區) 青山公路掃管笏段 - 黃金海岸商場外,(屯門區) 青山公路青山灣段 - 黃金泳灘外,(屯門區) 青山公路青山灣段 - 珠海學院對面,(屯門區) 青山公路青山灣段 - 碧翠花園外,(屯門區) 青山公路青山灣段 - 青山灣泳灘外,(屯門區) 青山公路青山灣段 - 三聖邨滿漁樓外,(屯門區) 青山公路青山灣段 - 屯門兆麟政府綜合大樓外,(屯門區) 青山公路青山灣段 - 青善遊樂場外,(屯門區) 青山公路青山灣段 - 置樂花園8座外,(屯門區) 青山公路青山灣段 - 金安大廈外,(屯門區) 屯興路 - 屯門官立中學外,(屯門區) 屯門鄉事會路 - 市中心輕鐵站外,(屯門區) 屯門站公共運輸交匯處,(屯門區) 河傍街 - 屯門新墟街市外,,,,,
88M,CMPattern_CM_GMBBus_88m_9029,8.3,11.07444358,Tsing Yi > Kwai Chung West > Kwai Chung East,FALSE,香港聯合船塢小巴總站 Hong Kong United Dockyard Minibus Terminus,Tsing Yi,新葵芳花園 New Kwai Fong Gardens,Kwai Chung East,葵芳站（不經新都會廣場） Kwai Fong Station (omit Metroplaza),(Tsing Yi) 香港聯合船塢小巴總站 Hong Kong United Dockyard Minibus Terminus,(Tsing Yi) 蜆殼油庫 Shell Oil Depot,(Tsing Yi) 清甜街 Tsing Tim Street,(Tsing Yi) 友聯船廠 Yiu Lian Dockyards,"(Tsing Yi) 青衣路，近友聯船廠有限公司 Tsing Yi Road, near Yiu Lian Dockyards Limited",(Tsing Yi) 青強街 Tsing Keung Street,(Tsing Yi) 前青衣發電廠 Former Tsing Yi Power Station,(Tsing Yi) 天廚（青衣）工業中心 Tien Chu (Tsing Yi) Industrial Centre,"(Tsing Yi) 青衣路，近環境保護署化學廢物處理設施 Tsing Yi Road, near Environmental Protection Department Chemical Waste Treatment Facilities",(Tsing Yi) 大同工業大廈 Tai Tung Industrial Building,(Tsing Yi) 美景花園 Mayfair Gardens,(Tsing Yi) 長青巴士總站 Cheung Ching Bus Terminus,"(Tsing Yi) 青康路，近長青邨青榕樓 Ching Hong Road, near Ching Yung House, Cheung Ching Estate","(Tsing Yi) 青衣路，長青商場外 Tsing Yi Road, outside Cheung Ching Shopping Centre","(Kwai Chung West) 葵青路，近葵涌公園 Kwai Tsing Road, near Kwai Chung Park",(Kwai Chung East) 新葵芳花園 New Kwai Fong Gardens,,,,,,,,,,,,,,,,,,,,,,,,,,,,,,,
8S,CMPattern_CM_GMBBus_8s_6383,8,6.145428784,Kowloon City South > Yau Tsim Mong South,FALSE,何文田邨公共運輸交滙處 Ho Man Tin Estate Public Transport Interchange,Kowloon City South,"漢口道，漢口中心外 Hankow Road, outside Hankow Centre",Yau Tsim Mong South,尖沙咀漢口道 Tsim Sha Tsui (Hankow Road),(Kowloon City South) 何文田邨公共運輸交滙處 Ho Man Tin Estate Public Transport Interchange,(Kowloon City South) 何文田廣場 Ho Ma Tin Plaza,"(Kowloon City South) 佛光街，房屋委員會總部對面 Fat Kwong Street, Opposite Civil Engineering and Development Building","(Kowloon City South) 忠孝街，何文田政府合署外 Chung Hau Street, outside Ho Man Tin Government Offices",(Kowloon City South) 忠孝街公開大學銀禧學院 Chung Hau Street near The Open University of Hong Kong Jockey Club Campus – Jubilee College,"(Kowloon City South) 忠孝街，俊民苑文雄閣外 Chung Hau Street, outside Man Hung House, Chun Man Court",(Kowloon City South) 忠孝街昭民樓 Chung Hau Street near Chiu Man House,"(Kowloon City South) 忠孝街，愛民邨新民樓對面 Chung Hau Street, Opposite Sun Man House, Oi Man Estate",(Kowloon City South) 何文田站 Ho Man Tin Station,(Kowloon City South) 天鑄 Ultima,(Kowloon City South) 信用街 Shun Yung Street,(Kowloon City South) 馬頭圍道21號，義達工業大廈外 Ma Tau Wai Road O/s House No. 21,"(Kowloon City South) 明安街，寶石戲院大廈 A 座外 Ming On Street, outside Block A, Lux Theatre Building",(Kowloon City South) 機利士南路18號，必嘉街 Gillies Avenue South O/s House No. 18,(Yau Tsim Mong South) 紅磡站，暢運道入口 Hung Hom Station,(Yau Tsim Mong South) 暢運路，香港理工大學對面 Gillies Avenue South O/s House No. 18 Cheong Wan Road near B/s Opposite To Hong Kong Polytechnic University,(Yau Tsim Mong South) 香港科學館 Hong Kong Science Museum,(Yau Tsim Mong South) 漆咸道南近寶勒巷 Chatham Road South near Prat Avenue,(Yau Tsim Mong South) 梳士巴利道近新世界中心 Salisbury Road South near New World Centre,"(Yau Tsim Mong South) 漢口道，漢口中心外 Hankow Road, outside Hankow Centre",,,,,,,,,,,,,,,,,,,,,,,,,,,
401,CMPattern_CM_GMBBus_401_7498,8.2,6.75595322,Tsing Yi > Tsuen Wan Southeast > Kwai Chung East,FALSE,長安邨小巴總站 Cheung On Estate Minibus Terminus,Tsing Yi,"石蔭路，近石蔭路第三休憩花園 Shek Yam Road, near Shek Yam Road Rest Garden No. 3",Kwai Chung East,石蔭 Shek Yam,(Tsing Yi) 長安邨小巴總站 Cheung On Estate Minibus Terminus,(Tsuen Wan Southeast) 龍德街 Lung Tak Street,"(Tsuen Wan Southeast) 馬頭壩道，近爵悅庭東爵軒 Ma Tau Pa Road, near Tower East, Chelsea Court","(Tsuen Wan Southeast) 聯仁街，寶石大廈3座外 Luen Yan Street, outside Block 3, Bo Shek Mansion","(Tsuen Wan Southeast) 關門口街，近仁濟醫院 C 座 Kwan Mun Hau Street, near Yan Chai Hospital Block C","(Tsuen Wan Southeast) 青山公路荃灣段，大窩口站 B 入口外 Tai Wo Hau Station, Exit B",(Tsuen Wan Southeast) 青山公路葵涌段570號 No. 570 Castle Peak Road-Kwai Chung,"(Kwai Chung East) 青山公路－葵涌段，近名賢大樓 Castle Peak Road – Kwai Chung, near Ming Yin Building","(Kwai Chung East) 和宜合道，近打磚坪街 Wo Yi Hop Road, near Tai Chuen Ping Street",(Kwai Chung East) 和宜合道，75-87號 No. 75-87 Wo Yi Hop Road,"(Kwai Chung East) 大白田街，近石籬二邨石福樓 Tai Pak Tin Street, near Shek Fook House, Shek Lei (II) Estate",(Kwai Chung East) 石籬邨石祥樓 Shek Cheung House Shek Lei Estate,(Kwai Chung East) 石排街石歡樓 Shek Foon House Shek Pai Street,"(Kwai Chung East) 大白田街，近北葵涌診療所 Tai Pak Tin Street, near North Kwai Chung Clinic","(Kwai Chung East) 石蔭路，近石蔭路第三休憩花園 Shek Yam Road, near Shek Yam Road Rest Garden No. 3",,,,,,,,,,,,,,,,,,,,,,,,,,,,,,,,
27A,CMPattern_CM_GMBBus_27a_6170,4,5.094718855,Southern District Northwest > Southern District Southeast > Southern District Northwest,TRUE,"西安街，利港中心外 Sai On Street, outside Port Centre",Southern District Northwest,"西安街，利港中心外 Sai On Street, outside Port Centre",Southern District Northwest,香港仔西安街 - 鴨脷洲（循環綫） Aberdeen (Sai On Street) - Ap Lei Chau (Circular),"(Southern District Northwest) 西安街，利港中心外 Sai On Street, outside Port Centre","(Southern District Southeast) 香港仔大道48-50號，業漁大樓外 48-50 Aberdeen Main Road, outside Yip Yee Mansion",(Southern District Southeast) 鴨脷洲徑 Ap Lei Chau Drive,(Southern District Southeast) 鴨脷洲橋道，鴨脷洲邨巴士總站外 Ap Lei Chau Bridge Road outside Ap Lei Chau Estate Bus Terminus,"(Southern District Southeast) 香港仔海傍道，逸港居外 Aberdeen Praya Road, outside Ocean Court","(Southern District Northwest) 香港仔海傍道，香港仔海濱公園外 Aberdeen Praya Road, outside Aberdeen Promenade","(Southern District Northwest) 西安街，利港中心外 Sai On Street, outside Port Centre",,,,,,,,,,,,,,,,,,,,,,,,,,,,,,,,,,,,,,,,
25B,CMPattern_CM_GMBBus_25b_5615,7.9,5.383681079,Kowloon City North > Wong Tai Sin West,FALSE,九龍塘沙福道公共交通交滙處 Kowloon Tong Suffolk Road Public Transport Interchange,Kowloon City North,新蒲崗（譽港灣） San Po Kong (The Latitude),Wong Tai Sin West,新蒲崗譽．港灣 San Po Kong (The Latitude),(Kowloon City North) 九龍塘沙福道公共交通交滙處 Kowloon Tong Suffolk Road Public Transport Interchange,"(Kowloon City North) 律倫街，近 Croftlands Rutland Quadrant, near Croftlands","(Kowloon City North) 九龍仔業主會，對衡道 Kowloon Tsai House Owners Association, Durham Road","(Kowloon City North) 禧福道，近新德園66座 Hereford Road, near Sunderland Estate House 66","(Kowloon City North) 禧福道，近浸會大學道校園傳理視藝大樓 Hereford Road, near Communication and Visual Arts Building, Baptist University Road Campus","(Kowloon City North) 浸會大學道，近香港浸會大學學生舍堂校友樓 Baptist University Road, near Alumni Building, Hong Kong Baptist University Student Residence Halls","(Kowloon City North) 浸會大學道，近浸會大學道校園香港浸會大學教學及行政大樓 Baptist University Road, near Hong Kong Baptist University Academic and Administration Building, Baptist University Road Campus","(Kowloon City North) 聯福道，近香港高等教育科技學院 Renfrew Road, near Technological and Higher Education Institute of Hong Kong",(Kowloon City North) 對衡道 Durham Road,"(Kowloon City North) 東寶庭道，喇沙利道 Dumbarton Road, La Salle Road",(Kowloon City North) 蘭開夏道 Lancashire Road,(Kowloon City North) 喇沙書院 La Salle College,"(Kowloon City North) 喇沙利道，近碧華花園第六座 La Salle Road, near Laford Court","(Kowloon City North) 碧華花園外，界限街 Boundary Street, outside Beverly Villas",(Kowloon City North) 書院道 College Road,(Kowloon City North) 延文禮士道 Inverness Road,(Kowloon City North) 獅子石道 Lion Rock Road,(Kowloon City North) 南角道 Nam Kok Road,"(Kowloon City North) 衙前圍道，近創基樓 Nga Tsin Wai Road, near Chong Kee House",(Wong Tai Sin West) 譽．港灣 The Latitude,(Wong Tai Sin West) 新蒲崗（譽港灣） San Po Kong (The Latitude),,,,,,,,,,,,,,,,,,,,,,,,,,
39M,CMPattern_CM_GMBBus_39m_1_8071,4.8,4.439267983,Wong Tai Sin West,TRUE,"樂富邨樂富廣場 Lok Fu Place, Lok Fu Estate",Wong Tai Sin West,"樂富邨樂富廣場 Lok Fu Place, Lok Fu Estate",Wong Tai Sin West,樂富 - 東頭（循環綫） Lok Fu - Tung Tau (Circular),"(Wong Tai Sin West) 樂富邨樂富廣場 Lok Fu Place, Lok Fu Estate",(Wong Tai Sin West) 樂富遊樂場 Lok Fu Recreation Ground,(Wong Tai Sin West) 杏林街 Heng Lam Street,(Wong Tai Sin West) 美東邨美仁樓 Mei Yan House Mei Tung Estate,"(Wong Tai Sin West) 東頭村道，近侯王古廟 Tung Tau Tsuen Road, near Hau Wong Temple","(Wong Tai Sin West) 東頭村道，近美東邨美東樓 Tung Tau Tsuen Road, near Mei Tung House, Mei Tung Estate","(Wong Tai Sin West) 東隆道，近東頭（二）邨柏東樓 Tung Lung Road, near Pak Tung House, Tung Tau (II) Estate",(Wong Tai Sin West) 東頭邨興東樓 Hing Tung House Tung Tau Estate,"(Wong Tai Sin West) 彩虹道，近新蒲崗休憩處 Choi Hung Road, near San Po Kong Sitting-Out Area","(Wong Tai Sin West) 大成街，孔教學院大成學校外 Tai Shing Street, outside Confucian Tai Shing School",(Wong Tai Sin West) 康強苑 Hong Keung Court,(Wong Tai Sin West) 橫頭磡邨宏業樓 Wang Yip House Wang Tau Hom Estate,"(Wong Tai Sin West) 富美街，近橫頭磡邨宏安樓 Fu Mei Street, near Wang On House, Wang Tau Hom Estate","(Wong Tai Sin West) 富美街，近橫頭磡邨宏偉樓 Fu Mei Street, near Wang Wai House, Wang Tau Hom Estate","(Wong Tai Sin West) 橫頭磡中道，近橫頭磡邨宏顯樓 Wang Tau Hom Central Road, near Wang Hin House, Wang Tau Hom Estate","(Wong Tai Sin West) 樂富邨樂富廣場 Lok Fu Place, Lok Fu Estate",,,,,,,,,,,,,,,,,,,,,,,,,,,,,,,
39M,CMPattern_CM_GMBBus_39m_1_8072,4.8,4.970665213,Wong Tai Sin West,TRUE,"樂富邨樂富廣場 Lok Fu Place, Lok Fu Estate",Wong Tai Sin West,"樂富邨樂富廣場 Lok Fu Place, Lok Fu Estate",Wong Tai Sin West,樂富 - 東頭（經培民街）（循環綫） Lok Fu - Tung Tau (via Pui Man Street) (Circular),"(Wong Tai Sin West) 樂富邨樂富廣場 Lok Fu Place, Lok Fu Estate",(Wong Tai Sin West) 樂富遊樂場 Lok Fu Recreation Ground,(Wong Tai Sin West) 杏林街 Heng Lam Street,(Wong Tai Sin West) 美東邨美仁樓 Mei Yan House Mei Tung Estate,"(Wong Tai Sin West) 東頭村道，近侯王古廟 Tung Tau Tsuen Road, near Hau Wong Temple","(Wong Tai Sin West) 東頭村道，近美東邨美東樓 Tung Tau Tsuen Road, near Mei Tung House, Mei Tung Estate","(Wong Tai Sin West) 培民街，近福德學校 Pui Man Street, near Bishop Ford Memorial School","(Wong Tai Sin West) 東隆道，近東頭（二）邨柏東樓 Tung Lung Road, near Pak Tung House, Tung Tau (II) Estate",(Wong Tai Sin West) 東頭邨興東樓 Hing Tung House Tung Tau Estate,"(Wong Tai Sin West) 彩虹道，近新蒲崗休憩處 Choi Hung Road, near San Po Kong Sitting-Out Area","(Wong Tai Sin West) 大成街，孔教學院大成學校外 Tai Shing Street, outside Confucian Tai Shing School",(Wong Tai Sin West) 康強苑 Hong Keung Court,(Wong Tai Sin West) 橫頭磡邨宏業樓 Wang Yip House Wang Tau Hom Estate,"(Wong Tai Sin West) 富美街，近橫頭磡邨宏安樓 Fu Mei Street, near Wang On House, Wang Tau Hom Estate","(Wong Tai Sin West) 富美街，近橫頭磡邨宏偉樓 Fu Mei Street, near Wang Wai House, Wang Tau Hom Estate","(Wong Tai Sin West) 橫頭磡中道，近橫頭磡邨宏顯樓 Wang Tau Hom Central Road, near Wang Hin House, Wang Tau Hom Estate","(Wong Tai Sin West) 樂富邨樂富廣場 Lok Fu Place, Lok Fu Estate",,,,,,,,,,,,,,,,,,,,,,,,,,,,,,
88D,CMPattern_CM_GMBBus_88d_9011,5.3,5.84043759,Kwai Chung East > Kwai Chung West > Tsing Yi,FALSE,"興寧路，近新都會廣場 Hing Ning Road, near Metroplaza",Kwai Chung East,宏福花園 Tivoli Garden,Tsing Yi,宏福花園 Tivoli Garden,"(Kwai Chung East) 興寧路，近新都會廣場 Hing Ning Road, near Metroplaza","(Kwai Chung East) 興芳路，近新都會廣場第2座 Hing Fong Road, near Metroplaza Tower 2","(Kwai Chung West) 葵青路，近葵涌工業污水泵房 Kwai Tsing Road, near Kwai Chung Industrial Wastewater Pumping Station","(Tsing Yi) 青衣路，長青商場對面 Tsing Yi Road, Opposite Cheung Ching Shopping Centre",(Tsing Yi) 美景花園 Mayfair Gardens,(Tsing Yi) 長青巴士總站 Cheung Ching Bus Terminus,(Tsing Yi) 青盛苑 Ching Shing Court,"(Tsing Yi) 涌美路，近長康邨康順樓 Chung Mei Road, near Hong Shun House, Cheung Hong Estate",(Tsing Yi) 職安健學院 OSH Academy,"(Tsing Yi) 涌美路，近上高灘街休憩處 Chung Mei Road, near Sheung Ko Tan Street Sitting-Out Area",(Tsing Yi) 長青邨青楊樓 Ching Yeung House Cheung Ching Estate,(Tsing Yi) 青衣警署 Tsing Yi Police Station,(Tsing Yi) 青衣街市 Tsing Yi Market,(Tsing Yi) 青衣運動場 Tsing Yi Sports Ground,(Tsing Yi) 宏福花園 Tivoli Garden,,,,,,,,,,,,,,,,,,,,,,,,,,,,,,,,
32,CMPattern_CM_GMBBus_32_1_8751,6.4,5.134638109,Yuen Long Rural East > Tin Shui Wai South and Ping Ha > Yuen Long Town Centre,FALSE,"丹桂村路，近玉桂園第1座 Tan Kwai Tsuen Road, near Osmanthus Gardens Block 1",Yuen Long Rural East,元朗站（北）公共運輸交滙處 Yuen Long Station (North) Public Transport Interchange,Yuen Long Town Centre,元朗站北公共運輸交滙處 Yuen Long Station (North) Public Transport Interchange,"(Yuen Long Rural East) 丹桂村路，近玉桂園第1座 Tan Kwai Tsuen Road, near Osmanthus Gardens Block 1",(Yuen Long Rural East) 水庫路 Shui Fu Road,(Yuen Long Rural East) 丹桂花園 Tan Kwai Garden,(Yuen Long Rural East) 尚築 Domus,(Yuen Long Rural East) 菁雅居 Meadowlands,"(Yuen Long Rural East) 丹桂村路，近丹桂村路花園 Tan Kwai Tsuen Road, near Tan Kwai Tsuen Road Garden",(Yuen Long Rural East) 盈福街 Ying Fuk Street,(Yuen Long Rural East) 朗峰園 Symphony Garden,(Tin Shui Wai South and Ping Ha) 大道村 Tai Tao Tsuen,(Tin Shui Wai South and Ping Ha) 灰沙圍 Fui Sha Wai,"(Tin Shui Wai South and Ping Ha) 青山公路，近塘坊村站 Castle Peak Road, near Tong Fong Tsuen Stop","(Tin Shui Wai South and Ping Ha) 青山公路，近屏山站 Castle Peak Road, near Ping Shan Stop",(Tin Shui Wai South and Ping Ha) 朗庭園 Villa By The Park,"(Yuen Long Town Centre) 青山公路，元朗天主教中學外 Castle Peak Road, outside Yuen Long Catholic Secondary School","(Yuen Long Town Centre) 青山公路元朗段, 元朗廣場對出 Castle Peak Road-Yuen Long, outside Yuen Long Plaza","(Yuen Long Town Centre) 青山公路－元朗段，近建成樓 Castle Peak Road, Yuen Long, near Kin Shing Building, King Sing Building",(Yuen Long Town Centre) 開心廣場 Yuen Long Landmark,"(Yuen Long Town Centre) 青山公路元朗段，金豐大廈外 Castle Peak Road-Yuen Long, outside Kam Fung Building",(Yuen Long Town Centre) 元朗站（北）公共運輸交滙處 Yuen Long Station (North) Public Transport Interchange,,,,,,,,,,,,,,,,,,,,,,,,,,,,
27A,CMPattern_CM_GMBBus_27a_1_7549,9.2,8.926282749,Tai Po South > Sha Tin West,FALSE,白石角（天賦海灣）小巴總站 Pak Shek Kok (Providence Bay) Minibus Terminus,Tai Po South,"沙田中，排頭街，沙田站外 Pai Tau Street, outside Sha Tin Station",Sha Tin West,沙田排頭街 Sha Tin (Pai Tau Street),(Tai Po South) 白石角（天賦海灣）小巴總站 Pak Shek Kok (Providence Bay) Minibus Terminus,"(Tai Po South) 創新路，近溋玥．天賦海灣第二期 Chong San Road, near Providence Peak Phase 2","(Tai Po South) 科進路，近海鑽．天賦海灣2號 Fo Chun Road, near The Graces．Providence Bay House 2","(Tai Po South) 科進路，逸瓏灣外 Fo Chun Road, outside Providence Peak","(Tai Po South) 創新路，近雲滙 Chong San Road, near St. Martin",(Tai Po South) 創新路 Chong San Road,"(Tai Po South) 科研路，近香港科學園 Fo Yin Road, near Hong Kong Science Park 19w","(Sha Tin West) 創新路，近科學園第三期 Chong San Road, near Science Park Phase 3",(Sha Tin West) 科學園（第一期） Science Park (Phase 1),(Sha Tin West) 科學園路香港生物科技研究院對面 Opposite Research Institute of Biotechnology,(Sha Tin West) 水上活動中心 Water Sports Centre,"(Sha Tin West) 科學園路，近香港中文大學 Science Park Road, near The Chinese University of Hong Kong",(Sha Tin West) 馬料水海濱 Ma Liu Shui Waterfront,"(Sha Tin West) 沙田中，排頭街，沙田站外 Pai Tau Street, outside Sha Tin Station",,,,,,,,,,,,,(北區) 清曉路 - 御皇庭外,(北區) 清河邨公共運輸交匯處,,,,,,,,,,,,,,,,,,,
27A,CMPattern_CM_GMBBus_27a_1_7551,9.2,8.817198575,Tai Po South > Sha Tin West,FALSE,白石角（天賦海灣）小巴總站 Pak Shek Kok (Providence Bay) Minibus Terminus,Tai Po South,"沙田中，排頭街，沙田站外 Pai Tau Street, outside Sha Tin Station",Sha Tin West,沙田排頭街（經科技大道西） Sha Tin (Pai Tau Street) (via Science Park West Avenue),(Tai Po South) 白石角（天賦海灣）小巴總站 Pak Shek Kok (Providence Bay) Minibus Terminus,"(Tai Po South) 創新路，近溋玥．天賦海灣第二期 Chong San Road, near Providence Peak Phase 2","(Tai Po South) 科進路，近海鑽．天賦海灣2號 Fo Chun Road, near The Graces．Providence Bay House 2","(Tai Po South) 科進路，逸瓏灣外 Fo Chun Road, outside Providence Peak","(Tai Po South) 創新路，近雲滙 Chong San Road, near St. Martin",(Tai Po South) 創新路 Chong San Road,"(Tai Po South) 科研路，逸瓏灣8外 Fo Yin Road, outside Mayfair By The Sea 8","(Tai Po South) 科研路，近香港科學園 Fo Yin Road, near Hong Kong Science Park 19w",(Sha Tin West) 科技大道西12號 12 Science Park West Avenue,(Sha Tin West) 科技大道西1號外（總站） near 1 Science Park West Avenue,(Sha Tin West) 科學園路香港生物科技研究院對面 Opposite Research Institute of Biotechnology,(Sha Tin West) 水上活動中心 Water Sports Centre,"(Sha Tin West) 科學園路，近香港中文大學 Science Park Road, near The Chinese University of Hong Kong",(Sha Tin West) 馬料水海濱 Ma Liu Shui Waterfront,"(Sha Tin West) 沙田中，排頭街，沙田站外 Pai Tau Street, outside Sha Tin Station",,,,,,,,,,,,,,,,,,,,,,,,,,,,,,,,
36,CMPattern_CM_GMBBus_36_8768,9,7.211534969,Yuen Long Town Centre > Yuen Long Rural East,FALSE,"福康街，金寶樓外小巴總站 Fook Hong Street Public Light Bus Terminus, outside Kam Po Building",Yuen Long Town Centre,大生圍村公所小巴總站 Tai Sang Wai Village Office Minibus Terminus,Yuen Long Rural East,大生圍村公所 Tai Shang Wai Rural Office,"(Yuen Long Town Centre) 福康街，金寶樓外小巴總站 Fook Hong Street Public Light Bus Terminus, outside Kam Po Building",(Yuen Long Town Centre) 青山公路元朗段61號 No. 61 Castle Peak Road-Yuen Long,(Yuen Long Town Centre) 元朗站 Yuen Long Station,(Yuen Long Rural East) 東成里 Tung Shing Lei,"(Yuen Long Rural East) 青山公路－潭尾段，近元朗菜聯聯誼會有限公司天光墟蔬菜批發市場 Castle Peak Road – Tam Mi, near Yuen Long Vegetable Union Association Limited Temporary Vegetable Wholesale Market","(Yuen Long Rural East) 新潭路，近 Park Yoho Venezia San Tam Road, near near Park Yoho Venezia","(Yuen Long Rural East) 新潭路，近沙埔污水泵房 San Tam Road, near Sha Po Sewage Pumping Station",(Yuen Long Rural East) 新潭路，近金翠軒 San Tam Road,"(Yuen Long Rural East) 新潭路，近雅麗花園 San Tam Road, near Elite Garden","(Yuen Long Rural East) 新潭路，近首譽 San Tam Road, near Meister House","(Yuen Long Rural East) 錦綉花園大道，近首譽 A 座 Fairview Park Boulevard, near Meister House Tower A","(Yuen Long Rural East) 錦綉花園大道，近錦宇花園 C 座 Fairview Park Boulevard, near Kamease Garden Block C","(Yuen Long Rural East) 錦綉花園大道，近文苑村 Fairview Park Boulevard, near Man Yuen Chuen","(Yuen Long Rural East) 攸壆路，近錦綉花園 Yau Pok Road, near Fairview Park","(Yuen Long Rural East) 未命名通道，近文苑村 Unnamed Access Road, near Man Yuen Chuen","(Yuen Long Rural East) 未命名通道，近神樂院牛奶廠有限公司 Unnamed Access Road, near Trappist Dairy Limited",(Yuen Long Rural East) 大生圍村公所小巴總站 Tai Sang Wai Village Office Minibus Terminus,,,,,,,,,,,,,,,,,,,,,,,,,,,,,,
116,CMPattern_CM_GMBBus_116_10070,8.2,6.648537234,Sai Kung and Hang Hau > Tseung Kwan O South > Tseung Kwan O North > Sai Kung and Hang Hau,TRUE,消防及救護學院 Fire and Ambulance Services Academy,Sai Kung and Hang Hau,消防及救護學院 Fire and Ambulance Services Academy,Sai Kung and Hang Hau,百勝角 - 將軍澳站 （循環綫） Pak Shing Kok - Tseung Kwan O Station (Circular),(Sai Kung and Hang Hau) 消防及救護學院 Fire and Ambulance Services Academy,"(Sai Kung and Hang Hau) 環保大道，近百勝角路 Wan Po Road, near Pak Shing Kok Road","(Sai Kung and Hang Hau) 環保大道，啟思中學外 Wan Po Road, outside Creative Secondary School","(Tseung Kwan O South) 寶邑路，近寶盈花園第二座 Po Yap Road, near Bauhinia Garden Block 2",(Tseung Kwan O South) 寶邑路，將軍澳站對面 Po Yap Road Opposite To Tseung Kwan O Station,"(Tseung Kwan O South) 寶邑路，近將軍澳中心第五座 Po Yap Road, near Park Central Tower 5","(Tseung Kwan O South) 唐明街，近尚德邨尚明樓 Tong Ming Street, near Sheung Ming House, Sheung Tak Estate","(Tseung Kwan O South) 唐明街，尚德商場外 Tong Ming Street, outside Sheung Tak Shopping Centre",(Tseung Kwan O South) 尚德邨尚智樓 Sheung Chi House Sheung Tak Estate,"(Tseung Kwan O North) 寶康路，將軍澳運動場外 Po Hong Road, outside Tseung Kwan O Sports Ground","(Sai Kung and Hang Hau) 環保大道，清水灣半島對面 Wan Po Road, Opposite Oscar By The Sea",(Sai Kung and Hang Hau) 消防及救護學院 Fire and Ambulance Services Academy,,,,,,,,,,,,,,,,,,,,,,,,,,,,,,,,,,,
25A,CMPattern_CM_GMBBus_25a_1_8742,6.7,5.306122459,Tai Po South > Tai Po North > Tai Po South,FALSE,南華莆遊樂場 Nam Wah Po Playground,Tai Po South,大埔墟（靖遠街）總站 Tai Po Market (Tsing Yuen Street) Terminus,Tai Po South,大埔墟 Tai Po Market,(Tai Po South) 南華莆遊樂場 Nam Wah Po Playground,(Tai Po South) 主恩路 Grace Pavilion,(Tai Po South) 南華莆 Nam Wa Po,"(Tai Po South) 大窩西支路，大窩 Tai Wo Service Road West, Tai Wo","(Tai Po South) 大窩西支路，泰亨 Tai Wo Service Road West, Tai Hang","(Tai Po South) 大窩西支路，圍頭 Tai Wo Service Road West, Wai Tau",(Tai Po South) 帝欣苑 Parc Versailles,(Tai Po South) 水圍 Shui Wai,"(Tai Po South) 太和邨太和廣場西翼 Tai Wo Plaza West Wing, Tai Wo Estate","(Tai Po South) 汀角路，近大埔政府合署 Ting Kok Road, near Tai Po Government Offices","(Tai Po North) 大埔太和路，大埔舊墟遊樂場外 Tai Po Tai Wo Road, outside Tai Po Old Market Playground","(Tai Po South) 寶鄉橋, 六鄉新村公立學校對面 Po Heung Bridge, Opposite Luk Heung San Tsuen Public School",(Tai Po South) 南盛街小巴站 Nam Shing Street GMB Stand,(Tai Po South) 大埔墟（靖遠街）總站 Tai Po Market (Tsing Yuen Street) Terminus,,,,,,,,,,,,,,,,,,,,,,,,,,,,,,,,,
56K,CMPattern_CM_GMBBus_56k_6202,10.5,7.389056858,Robin’s Nest > Wu Tip Shan,FALSE,"沙頭角公路，萬屋邊 Sha Tau Kok Road, Man Uk Pin",Robin’s Nest,粉嶺站專綫小巴總站 Public Light Bus (Scheduled) Service Terminus at Fanling Station,Wu Tip Shan,粉嶺站 Fanling Station,"(Robin’s Nest) 沙頭角公路，萬屋邊 Sha Tau Kok Road, Man Uk Pin","(Robin’s Nest) 沙頭角公路，萊洞 Sha Tau Kok Road, Loi Tung","(Robin’s Nest) 沙頭角公路，馬尾下 Sha Tau Kok Road, Ma Mei Ha",(Wu Tip Shan) 孔嶺村 Hung Leng Tsuen,"(Wu Tip Shan) 沙頭角公路，坪輋路 Sha Tau Kok Road, Ping Che Road","(Wu Tip Shan) 流水響，沙頭角公路 Lau Shui Heung, Sha Tau Kok Road",(Wu Tip Shan) 沙頭角路近軍地 Sha Tau Kok Road near Kwan Tei,(Wu Tip Shan) 新圍軍營 San Wai Barracks,"(Wu Tip Shan) 新屋村／覲龍圍，沙頭角公路 San Uk Tsuen / Kan Lung Wai, Sha Tau Kok Road",(Wu Tip Shan) 御庭軒 Grand Regentville,"(Wu Tip Shan) 聯和道，聯和墟街市外 Luen Wo Road, outside Luen Wo Hui Market","(Wu Tip Shan) 新運路，祥華邨祥頌樓外 San Wan Road, outside Cheung Chung House, Cheung Wah Estate",(Wu Tip Shan) 粉嶺站專綫小巴總站 Public Light Bus (Scheduled) Service Terminus at Fanling Station,,,,,,,,,,,,,,(東區) 電氣道 - 近城市花園,(東區) 渣華道9號,(東區) 渣華道 - 近書局街,(東區) 馬寶道 - 華禮大廈外,,,,,,,,,,,,,,,,,
43M,CMPattern_GMBBus43M_5871,4.5,3.113899684,Yau Tsim Mong North > Yau Tsim Mong South > Yau Tsim Mong North,TRUE,旺角柏景灣總站 Mong Kok (Park Avenue) Bus Terminus,Yau Tsim Mong North,旺角柏景灣總站 Mong Kok (Park Avenue) Bus Terminus,Yau Tsim Mong North,旺角柏景灣 - 油麻地站（循環綫） Mong Kok (Park Avenue) - Yau Ma Tei Station (Circular),(Yau Tsim Mong North) 旺角柏景灣總站 Mong Kok (Park Avenue) Bus Terminus,"(Yau Tsim Mong South) 海泓道，富榮花園外 Hoi Wang Road, outside Charming Garden","(Yau Tsim Mong South) 砵蘭街，近油麻地站 Portland Street, near Yau Ma Tei Station",(Yau Tsim Mong South) 上海街近永星里 Shanghai Street near Wing Sing Lane,"(Yau Tsim Mong South) 甘肅街，油麻地街市外 Kansu Street, outside Yau Ma Tei Market",(Yau Tsim Mong South) 欣翔道，近渡船街 Yan Cheung Road near Ferry Street,"(Yau Tsim Mong South) 海泓道，富榮花園外 Hoi Wang Road, outside Charming Garden",(Yau Tsim Mong North) 旺角柏景灣總站 Mong Kok (Park Avenue) Bus Terminus,,,,,,,,,,,,,,,,,,,,,,,,,,,,,,,,,,,,,,,
43M,CMPattern_GMBBus43M_5873,4.5,3.843802764,Yau Tsim Mong North > Yau Tsim Mong South > Yau Tsim Mong North,TRUE,旺角柏景灣總站 Mong Kok (Park Avenue) Bus Terminus,Yau Tsim Mong North,旺角柏景灣總站 Mong Kok (Park Avenue) Bus Terminus,Yau Tsim Mong North,旺角柏景灣 - 油麻地站（循環綫） Mong Kok (Park Avenue) - Yau Ma Tei Station (Circular),(Yau Tsim Mong North) 旺角柏景灣總站 Mong Kok (Park Avenue) Bus Terminus,"(Yau Tsim Mong South) 海泓道，富榮花園外 Hoi Wang Road, outside Charming Garden",(Yau Tsim Mong South) 御金．國峯 The Coronation,"(Yau Tsim Mong South) 砵蘭街，近油麻地站 Portland Street, near Yau Ma Tei Station",(Yau Tsim Mong South) 上海街近永星里 Shanghai Street near Wing Sing Lane,"(Yau Tsim Mong South) 甘肅街，油麻地街市外 Kansu Street, outside Yau Ma Tei Market",(Yau Tsim Mong South) 欣翔道，近渡船街 Yan Cheung Road near Ferry Street,"(Yau Tsim Mong South) 海泓道，富榮花園外 Hoi Wang Road, outside Charming Garden",(Yau Tsim Mong North) 旺角柏景灣總站 Mong Kok (Park Avenue) Bus Terminus,,,,,,,,,,,,,,,,,,,,,,,,,,,,,,,,,,,,,,
72,CMPattern_CM_GMBBus_72_8438,7.5,5.665458535,Sham Shui Po East > Kowloon City North > Wong Tai Sin West > Wong Tai Sin East,FALSE,"達之路，又一城地面 Tat Chee Avenue, Ground Floor of The Festival Walk",Sham Shui Po East,宏景花園小巴總站 Grand View Garden Minibus Terminus,Wong Tai Sin East,宏景花園 Grand View Garden,"(Sham Shui Po East) 達之路，又一城地面 Tat Chee Avenue, Ground Floor of The Festival Walk","(Sham Shui Po East) 歌和老街畢架山峰外 Cornwall Street, outside Cornwall Street",(Kowloon City North) 歌和老街10號 No. 10 Cornwall Street,"(Kowloon City North) 歌和老街，歌和台外 Cornwall Street, outside Cornwall Terrace","(Kowloon City North) 聯合道，金城道遊樂場外 Junction Road, outside Kam Shing Road Recreation Ground","(Kowloon City North) 竹園道，近富美街 Chuk Yuen Road, near Fu Mei Street","(Wong Tai Sin West) 竹園道，天宏苑停車場對面 Chuk Yuen Road, Opposite Tin Wang Court Car Park","(Wong Tai Sin West) 竹園道，鵬程苑外 Chuk Yuen Road, outside Pang Ching Court","(Wong Tai Sin West) 竹園道，竹園室內運動場外 Chuk Yuen Road, outside Chuk Yuen Indoor Games Hall","(Wong Tai Sin West) 雅竹街，近竹園南邨趣園樓 Nga Chuk Street, near Chui Yuen House, Chuk Yuen (South) Estate","(Wong Tai Sin West) 黃大仙道，近竹園南邨趣園樓 Wong Tai Sin Road, near Chui Yuen House, Chuk Yuen (South) Estate","(Wong Tai Sin East) 鳳德道，近英祥樓 Fung Tak Road, near Ying Cheung Building",(Wong Tai Sin East) 美德樓 Mei Tak House,"(Wong Tai Sin East) 鳳德道，近鳳德邨斑鳳樓 Fung Tak Road, near Ban Fung House, Fung Tak Estate","(Wong Tai Sin East) 鳳德道，近鑽石山浸信會 Fung Tak Road, near Diamond Hill Baptist Church","(Wong Tai Sin East) 鳳德道，近志蓮淨苑天王殿 Fung Tak Road, near Hall of Deva Kings, Chi Lin Nunnery","(Wong Tai Sin East) 斧山道，近真鐸學校 Hammer Hill Road, near Chun Tok School",(Wong Tai Sin East) 宏景花園小巴總站 Grand View Garden Minibus Terminus,,,,,,,,,,,,,,,,,,,,,,,,,,,,,
88D,CMPattern_CM_GMBBus_88d_9010,5.3,5.925390687,Tsing Yi > Kwai Chung West > Kwai Chung East,FALSE,宏福花園 Tivoli Garden,Tsing Yi,"興寧路，近新都會廣場 Hing Ning Road, near Metroplaza",Kwai Chung East,葵芳站 Kwai Fong Station,(Tsing Yi) 宏福花園 Tivoli Garden,"(Tsing Yi) 青衣鄉事會路，近翠怡花園第三座 Tsing Yi Heung Sze Wui Road, near Greenfield Garden Block 3","(Tsing Yi) 涌美路，近長青邨青梅樓 Chung Mei Road, near Ching Mui House, Cheung Ching Estate",(Tsing Yi) 長康邨康富樓 Hong Fu House Cheung Hong Estate,"(Tsing Yi) 涌美路，康盛樓外 Chung Mei Road, outside Hong Shing House","(Tsing Yi) 涌美路，近長康邨康祥樓 Chung Mei Road, near Hong Cheung House, Cheung Hong Estate",(Tsing Yi) 青盛苑 Ching Shing Court,(Tsing Yi) 青盛苑 Ching Shing Court,"(Tsing Yi) 青康路，近長青邨民政事務總署長青社區中心 Ching Hong Road, near Cheung Ching Estate Community Centre","(Tsing Yi) 青康路，近長青邨青榕樓 Ching Hong Road, near Ching Yung House, Cheung Ching Estate","(Tsing Yi) 青衣路，長青商場外 Tsing Yi Road, outside Cheung Ching Shopping Centre","(Kwai Chung West) 葵青路，近葵涌公園 Kwai Tsing Road, near Kwai Chung Park",(Kwai Chung East) 葵涌運動場 Kwai Chung Sports Ground,"(Kwai Chung East) 葵仁路，近葵芳站 Kwai Yan Road, near Kwai Fong Station","(Kwai Chung East) 興寧路，近新都會廣場 Hing Ning Road, near Metroplaza",,,,,,,,,,,,,,,,,,,,,,,,,,,,,,,,
27A,CMPattern_CM_GMBBus_27a_1_7550,9.2,9.196174382,Sha Tin West > Tai Po South,FALSE,"沙田中，排頭街，沙田站外 Pai Tau Street, outside Sha Tin Station",Sha Tin West,白石角（天賦海灣）小巴總站 Pak Shek Kok (Providence Bay) Minibus Terminus,Tai Po South,白石角天賦海灣 Pak Shek Kok (Providence Bay),"(Sha Tin West) 沙田中，排頭街，沙田站外 Pai Tau Street, outside Sha Tin Station","(Sha Tin West) 科學園路，馬料水碼頭對面 Science Park Road, Opposite Ma Liu Shui Pier","(Sha Tin West) 科學園路香港中文大學水上活動中心對面 Science Park Road, Opposite Water Sports Centre",(Sha Tin West) 科學園路香港生物科技研究院 Research Institute of Biotechnology,(Sha Tin West) 科學園（第一期） Science Park (Phase 1),"(Sha Tin West) 創新路，近科學園第三期 Chong San Road, near Science Park Phase 3","(Tai Po South) 科研路，近香港科學園 Fo Yin Road, near Hong Kong Science Park 19w","(Tai Po South) 創新路，近雲滙 Chong San Road, near St. Martin","(Tai Po South) 科進路，逸瓏灣外 Fo Chun Road, outside Providence Peak","(Tai Po South) 科進路，近溋玥．天賦海灣10號 Fo Chun Road, near Providence Peak House 10","(Tai Po South) 創新路，近溋玥．天賦海灣第二期 Chong San Road, near Providence Peak Phase 2",(Tai Po South) 白石角（天賦海灣）小巴總站 Pak Shek Kok (Providence Bay) Minibus Terminus,,,,,,,,,,,,,,,,,,,,,,,,,,,,,,,,,,,
27A,CMPattern_CM_GMBBus_27a_1_7552,9.2,9.055184079,Sha Tin West > Tai Po South,FALSE,"沙田中，排頭街，沙田站外 Pai Tau Street, outside Sha Tin Station",Sha Tin West,白石角（天賦海灣）小巴總站 Pak Shek Kok (Providence Bay) Minibus Terminus,Tai Po South,白石角天賦海灣（經科技大道西） Pak Shek Kok (Providence Bay) (via Science Park West Avenue),"(Sha Tin West) 沙田中，排頭街，沙田站外 Pai Tau Street, outside Sha Tin Station","(Sha Tin West) 科學園路，馬料水碼頭對面 Science Park Road, Opposite Ma Liu Shui Pier","(Sha Tin West) 科學園路香港中文大學水上活動中心對面 Science Park Road, Opposite Water Sports Centre",(Sha Tin West) 科學園路香港生物科技研究院 Research Institute of Biotechnology,(Sha Tin West) 香港科學園 Hong Kong Science Park,(Sha Tin West) 生物科技中心 Biotech Centre,(Sha Tin West) 香港科學園第三期 Hong Kong Science Park Phase III,"(Tai Po South) 科研路，近香港科學園 Fo Yin Road, near Hong Kong Science Park 19w","(Tai Po South) 創新路，近雲滙 Chong San Road, near St. Martin","(Tai Po South) 科進路，逸瓏灣外 Fo Chun Road, outside Providence Peak","(Tai Po South) 科進路，近溋玥．天賦海灣10號 Fo Chun Road, near Providence Peak House 10","(Tai Po South) 創新路，近溋玥．天賦海灣第二期 Chong San Road, near Providence Peak Phase 2",(Tai Po South) 白石角（天賦海灣）小巴總站 Pak Shek Kok (Providence Bay) Minibus Terminus,,,,,,,,,,,,,,,,,,,,,,,,,,,,,,,,,,
51K,CMPattern_CM_GMBBus_51k_5983,6.7,6.047979098,Robin’s Nest,FALSE,"河上鄉排峰路，居石侯公祠外 Ho Sheung Heung Pai Tau Road, Kui Shek Hau Ancestral Hall",Robin’s Nest,上水站小巴總站 Sheung Shui Station Public Light Bus Terminus,Robin’s Nest,上水站 Sheung Shui Station,"(Robin’s Nest) 河上鄉排峰路，居石侯公祠外 Ho Sheung Heung Pai Tau Road, Kui Shek Hau Ancestral Hall",(Robin’s Nest) 河上鄉鄉公所 Ho Sheung Heung Village Office,(Robin’s Nest) 松菊徑 Chung Kuk Path,(Robin’s Nest) 馬草壟路 Ma Tso Lung Road,(Robin’s Nest) 石仔嶺 Shek Tsai Leng,(Robin’s Nest) 波樓路 Po Lau Road,"(Robin’s Nest) 青山公路，河上鄉路 Castle Peak Road, Ho Sheung Heung Road",(Robin’s Nest) 何東橋 Ho Tung Bridge,(Robin’s Nest) 青山公路／古洞路近燕崗 Castle Peak Road / Kwu Tung Road near Yin Kong,"(Robin’s Nest) 青山公路古洞段，高爾夫景園外 Castle Peak Road (Kwu Tung), outside Golf Parkview","(Robin’s Nest) 寶石湖路，東慶學校外 Po Shek Wu Road, outside Tung Hing School","(Robin’s Nest) 新豐路，石湖墟郵政局 San Fung Avenue, Shek Wu Hui Post Office",(Robin’s Nest) 上水站小巴總站 Sheung Shui Station Public Light Bus Terminus,,,,,,,,,,,,,,,,,,,,,,,,,,,,,,,,,,
72,CMPattern_CM_GMBBus_72_1_8971,8.7,12.1500131,Yuen Long Rural East > Yuen Long Town Centre,FALSE,雷公田村 Lui Kung Tin Tsuen,Yuen Long Rural East,元朗泰衡街 Yuen Long Tai Hang Street,Yuen Long Town Centre,元朗元朗泰衡街 Yuen Long (Yuen Long Tai Hang Street),(Yuen Long Rural East) 雷公田村 Lui Kung Tin Tsuen,(Yuen Long Rural East) 石崗軍營 Shek Kong Barracks,"(Yuen Long Rural East) 錦上路，近上村公園 Kam Sheung Road, near Sheung Tsuen Park","(Yuen Long Rural East) 錦上路，近杜屋村 Kam Sheung Road, near To Uk Tsuen","(Yuen Long Rural East) 錦上路，近金爵花園（一期） Kam Sheung Road, near Jazz Garden (Phase I)","(Yuen Long Rural East) 錦上路，近錦上華巒 Kam Sheung Road, near Lotus Hill",(Yuen Long Rural East) 牛徑村 Ngau Keng Tsuen,(Yuen Long Rural East) 水盞田 Shui Tsan Tin,"(Yuen Long Rural East) 錦上路，近溱璽 Kam Sheung Road, near Sky Oasis","(Yuen Long Rural East) 錦上路，近錦上花園 Kam Sheung Road, near Kam Sheung Villa",(Yuen Long Rural East) 富銀花園 Full Silver Garden,"(Yuen Long Rural East) 錦上路，石湖學校外 Kam Sheung Road, outside Shek Wu School",(Yuen Long Rural East) 金錢圍 Kam Tsin Wai,(Yuen Long Rural East) 新馬路 San Ma Lo,"(Yuen Long Rural East) 錦上路，近吳家村 Kam Sheung Road, near Ng Ka Tsuen",(Yuen Long Rural East) 錦上路站公共運輸交滙處 Kam Sheung Road Station Public Transport Interchange,(Yuen Long Rural East) 波地路 Po Tei Road,(Yuen Long Rural East) 祠堂村 Tsz Tong Tsuen,(Yuen Long Rural East) 錦上路休憩處 Kam Sheung Road Sitting-Out Area,"(Yuen Long Rural East) 錦田公路，蒙養公立學校對面 Kam Tin Road, Opposite Kam Tin Public Mong Yuen Primary School",(Yuen Long Rural East) 高埔村 Ko Po Tsuen,(Yuen Long Rural East) 錦田公路，近下高埔村 Kam Tin Road near Ha Ko Po Tsuen,"(Yuen Long Rural East) 青山公路，近凹頭迴旋處 Castle Peak Road, near Au Tau Interchange","(Yuen Long Rural East) 青山公路，近楊屋村 Castle Peak Road, near Yeung Uk Tsuen","(Yuen Long Town Centre) 青山公路元朗段，近 Yoho Midtown Castle Peak Road-Yuen Long, near Yoho Midtown","(Yuen Long Town Centre) 青山公路，又新街 Castle Peak Road, Yau San Street",,,,,,,,,,,,,,,,,,,,,
23M,CMPattern_GMBBus23M_1_3749,7.1,5.184168016,Southern District Northwest > Western,FALSE,"置富徑，置富花園 Chi Fu Close, Chi Fu Fa Yuen",Southern District Northwest,堅尼地城站 Kennedy Town Station,Western,堅尼地城站 Kennedy Town Station,"(Southern District Northwest) 置富徑，置富花園 Chi Fu Close, Chi Fu Fa Yuen",(Southern District Northwest) 雅緻洋房 Yat Chee Villas,(Southern District Northwest) 置富花園1-7座 Blocks 1-7 Chi Fu Fa Yuen,"(Southern District Northwest) 置富道第9座外 Chi Fu Road, outside Block No. 9",(Southern District Northwest) 富嘉苑 Fu Kar Yuen,(Southern District Northwest) 置富花園網球場 Chi Fu Fa Yuen Tennis Court,(Southern District Northwest) 薄扶林村 Pok Fu Lam Village,"(Southern District Northwest) 薄扶林道141號 Pok Fu Lam Road, House No. 141","(Southern District Northwest) 薄扶林道，心光學校 Ebenezer School, Pok Fu Lam Road",(Southern District Northwest) 瑪麗醫院 Queen Mary Hospital,"(Southern District Northwest) 薄扶林道，啟明寺 Pok Fu Lam Road, Kai Ming Temple",(Western) 科士街臨時公園 Forbes Street Temporary Playground,(Western) 爹核士街 Davis Street,"(Western) 卑路乍街144-148號 Belcher's Street, House No. 144-148",(Western) 厚和街 Hau Wo Street,(Western) 堅尼地城站 Kennedy Town Station,,,,,,,,,,,,,,,,,,,,,,,,,,,,,,,
25M,CMPattern_CM_GMBBus_25m_7978,6.9,4.803398568,Kowloon City North > Wong Tai Sin West,FALSE,九龍塘沙福道公共交通交滙處 Kowloon Tong Suffolk Road Public Transport Interchange,Kowloon City North,"東隆道，近東頭（二）邨街市及熟食檔 Tung Lung Road, near Tung Tau (II) Estate Market & Cooked Food Stalls",Wong Tai Sin West,東頭邨東隆道 Tung Tau Estate (Tung Lung Road),(Kowloon City North) 九龍塘沙福道公共交通交滙處 Kowloon Tong Suffolk Road Public Transport Interchange,"(Kowloon City North) 律倫街，近 Croftlands Rutland Quadrant, near Croftlands","(Kowloon City North) 禧福道，近新德園66座 Hereford Road, near Sunderland Estate House 66","(Kowloon City North) 禧福道，近浸會大學道校園傳理視藝大樓 Hereford Road, near Communication and Visual Arts Building, Baptist University Road Campus","(Kowloon City North) 浸會大學道，近香港浸會大學學生舍堂校友樓 Baptist University Road, near Alumni Building, Hong Kong Baptist University Student Residence Halls","(Kowloon City North) 浸會大學道，近浸會大學道校園香港浸會大學教學及行政大樓 Baptist University Road, near Hong Kong Baptist University Academic and Administration Building, Baptist University Road Campus","(Kowloon City North) 聯福道，近香港高等教育科技學院 Renfrew Road, near Technological and Higher Education Institute of Hong Kong",(Kowloon City North) 對衡道 Durham Road,"(Kowloon City North) 東寶庭道，喇沙利道 Dumbarton Road, La Salle Road",(Kowloon City North) 蘭開夏道 Lancashire Road,(Kowloon City North) 喇沙書院 La Salle College,"(Kowloon City North) 喇沙利道，近碧華花園第六座 La Salle Road, near Laford Court","(Kowloon City North) 碧華花園外，界限街 Boundary Street, outside Beverly Villas","(Kowloon City North) 界限街，近辰龍閣 Boundary Street, near Lee's Mansion","(Kowloon City North) 嘉林邊道，近嘉林閣 Grampian Road, near Kalam Court",(Kowloon City North) 獅子石道 Lion Rock Road,"(Kowloon City North) 衙前圍道，近創基樓 Nga Tsin Wai Road, near Chong Kee House","(Wong Tai Sin West) 東隆道，近東頭（二）邨街市及熟食檔 Tung Lung Road, near Tung Tau (II) Estate Market & Cooked Food Stalls",,,,,,,,,,,,,,,,,,,,,,,,,,,,,
51B,CMPattern_CM_GMBBus_51b_5981,8.6,5.412826782,Robin’s Nest,FALSE,馬草壟展能運動村 Ma Tso Lung (outside Community Sports Limited),Robin’s Nest,上水站小巴總站 Sheung Shui Station Public Light Bus Terminus,Robin’s Nest,上水站 Sheung Shui Station,(Robin’s Nest) 馬草壟展能運動村 Ma Tso Lung (outside Community Sports Limited),(Robin’s Nest) 東方區 Tung Fong District,(Robin’s Nest) 波樓路 Po Lau Road,"(Robin’s Nest) 青山公路，河上鄉路 Castle Peak Road, Ho Sheung Heung Road",(Robin’s Nest) 何東橋 Ho Tung Bridge,(Robin’s Nest) 青山公路／古洞路近燕崗 Castle Peak Road / Kwu Tung Road near Yin Kong,"(Robin’s Nest) 青山公路古洞段，高爾夫景園外 Castle Peak Road (Kwu Tung), outside Golf Parkview","(Robin’s Nest) 寶石湖路，東慶學校外 Po Shek Wu Road, outside Tung Hing School","(Robin’s Nest) 新豐路，石湖墟郵政局 San Fung Avenue, Shek Wu Hui Post Office",(Robin’s Nest) 上水站小巴總站 Sheung Shui Station Public Light Bus Terminus,,,,,,,,,,,,,,,,,,,,,,,,,,,,,,,,,,,,,
35,CMPattern_CM_GMBBus_35_1_7691,4.4,4.044650525,Kwun Tong West > Kwun Tong Central,FALSE,"彩禧路，近彩霞邨彩月樓 Choi Hei Road, near Choi Yuet House, Choi Ha Estate",Kwun Tong West,"康利道，近聖傑靈女子中學 Hong Lee Road, near St. Catharine's School For Girls Kwun Tong",Kwun Tong Central,康利苑 Hong Lee Court,"(Kwun Tong West) 彩禧路，近彩霞邨彩月樓 Choi Hei Road, near Choi Yuet House, Choi Ha Estate",(Kwun Tong West) 彩禧路公園 Choi Hei Road Park,"(Kwun Tong West) 佐敦谷北道，近彩霞道休憩處 Jordan Valley North Road, near Choi Ha Road Sitting Out Area","(Kwun Tong West) 牛頭角道，近牛頭角市政大廈牛頭角道體育館 Ngau Tau Kok Road, near Ngau Tau Kok Road Sports Centre, Ngau Tau Kok Municipal Services Building",(Kwun Tong West) 明愛牛頭角社區中心 Caritas Community Centre - Ngau Tau Kok,(Kwun Tong West) 牛頭角上邨常悅樓 Sheung Yuet House Upper Ngau Tau Kok Estate,(Kwun Tong Central) 觀塘花園大廈燕子樓 Yin Chee Lau Kwun Tong Garden Estate,"(Kwun Tong Central) 牛頭角道，近花園大廈喜鵲樓 Ngau Tau Kok Road, near Hay Cheuk Lau, Garden Estate","(Kwun Tong Central) 牛頭角道，玉蓮臺外 Ngau Tau Kok Road, outside Lotus Tower","(Kwun Tong Central) 牛頭角道，琼林大廈外 Ngau Tau Kok Road, outside Kentlum Mansion","(Kwun Tong Central) 康寧道，康寧閣外 Hong Ning Road, outside Hong Ning Court",(Kwun Tong Central) 佛教沈馬瑞英護理安老院 Buddhist Sum Ma Shui Ying Care and Attention Home For The Elderly,(Kwun Tong Central) 凱德大廈 Hyde Towers,(Kwun Tong Central) 碧麗苑 Belleve Garden,(Kwun Tong Central) 慕光英文書院 Mu Kuang English School,(Kwun Tong Central) 林景閣 Woodview Court,"(Kwun Tong Central) 康利道，近觀塘功樂官立中學 Hong Lee Road, near Kwun Tong Kung Lok Government Secondary School",(Kwun Tong Central) 樂意園 Joyful Villas,"(Kwun Tong Central) 康利道，近聖傑靈女子中學 Hong Lee Road, near St. Catharine's School For Girls Kwun Tong",,,,,,,,,,,,,,,,,,,,,,,,,,,,
78,CMPattern_CM_GMBBus_78_5996,9.7,15.71491429,Yuen Long Rural East,FALSE,落馬洲（新田）公共運輸交滙處 Lok Ma Chau (San Tin) Public Transport Interchange,Yuen Long Rural East,"八鄉路近大欖巴士轉車站 Pat Heung Road, near Tai Lam Bus-Bus Interchange",Yuen Long Rural East,八鄉路近大欖巴士轉車站 Pat Heung Road (near Tai Lam Bus-Bus Interchange),(Yuen Long Rural East) 落馬洲（新田）公共運輸交滙處 Lok Ma Chau (San Tin) Public Transport Interchange,(Yuen Long Rural East) 新田郵政局 San Tin Post Office,"(Yuen Long Rural East) 青山公路，近文天祥紀念公園 Castle Peak Road, near Man Tin Cheung Park",(Yuen Long Rural East) 米埔 Mai Po,(Yuen Long Rural East) 碧豪花園 Maple Garden,(Yuen Long Rural East) 夏威夷豪園 Casa Paradizo,(Yuen Long Rural East) 牛潭尾 Ngau Tam Mei,"(Yuen Long Rural East) 新潭路，近加多利園31 San Tam Road, near Kadoorie Villas 31","(Yuen Long Rural East) 青山公路－潭尾段，近悅富豪苑 House 1 Castle Peak Road - Tam Mi, near Merry Garden House 1","(Yuen Long Rural East) 青山公路－潭尾段，近雅麗花園 Castle Peak Road - Tam Mi, near Elite Garden",(Yuen Long Rural East) 青山公路－潭尾段，近金翠軒 Castle Peak Road - Tam Mi,"(Yuen Long Rural East) 青山公路－潭尾段，近冠珍興記醬園有限公司 Castle Peak Road - Tam Mi, near Koon Chun Hing Kee Soy & Sauce Factory Limited","(Yuen Long Rural East) 青山公路－潭尾段，近 Park Yoho Castle Peak Road - Tam Mi, near Park Yoho",(Yuen Long Rural East) 紅毛橋 Hung Mo Kiu,"(Yuen Long Rural East) 錦田公路，近下高埔村 Kam Tin Road, near Ha Ko Po Tsuen","(Yuen Long Rural East) 錦田公路，近高埔村 Kam Tin Road, near Ko Po Tsuen","(Yuen Long Rural East) 錦田公路，蒙養公立學校對面 Kam Tin Road, Opposite Kam Tin Public Mong Yuen Primary School",(Yuen Long Rural East) 錦上路休憩處 Kam Sheung Road Sitting-Out Area,(Yuen Long Rural East) 祠堂村 Tsz Tong Tsuen,(Yuen Long Rural East) 祠堂村 Tsz Tong Tsuen,(Yuen Long Rural East) 錦上路站公共運輸交滙處 Kam Sheung Road Station Public Transport Interchange,"(Yuen Long Rural East) 錦上路，近吳家村 Kam Sheung Road, near Ng Ka Tsuen",(Yuen Long Rural East) 金錢圍 Kam Tsin Wai,"(Yuen Long Rural East) 錦上路，近田心新村 Kam Sheung Road, near Tin Sam San Tsuen",(Yuen Long Rural East) 八鄉路 Pat Heung Road,"(Yuen Long Rural East) 八鄉路近大欖巴士轉車站 Pat Heung Road, near Tai Lam Bus-Bus Interchange",,,,,,,,,,,,,,,,,,,,,
78,CMPattern_CM_GMBBus_78_5998,9.7,17.05294293,Yuen Long Rural East,FALSE,落馬洲管制站 Lok Ma Chau Control Point,Yuen Long Rural East,"八鄉路近大欖巴士轉車站 Pat Heung Road, near Tai Lam Bus-Bus Interchange",Yuen Long Rural East,八鄉路近大欖巴士轉車站 Pat Heung Road (near Tai Lam Bus-Bus Interchange),(Yuen Long Rural East) 落馬洲管制站 Lok Ma Chau Control Point,(Yuen Long Rural East) 新田郵政局 San Tin Post Office,"(Yuen Long Rural East) 青山公路，近文天祥紀念公園 Castle Peak Road, near Man Tin Cheung Park",(Yuen Long Rural East) 米埔 Mai Po,(Yuen Long Rural East) 碧豪花園 Maple Garden,(Yuen Long Rural East) 夏威夷豪園 Casa Paradizo,(Yuen Long Rural East) 牛潭尾 Ngau Tam Mei,"(Yuen Long Rural East) 新潭路，近加多利園31 San Tam Road, near Kadoorie Villas 31","(Yuen Long Rural East) 青山公路－潭尾段，近悅富豪苑 House 1 Castle Peak Road - Tam Mi, near Merry Garden House 1","(Yuen Long Rural East) 青山公路－潭尾段，近雅麗花園 Castle Peak Road - Tam Mi, near Elite Garden",(Yuen Long Rural East) 青山公路－潭尾段，近金翠軒 Castle Peak Road - Tam Mi,"(Yuen Long Rural East) 青山公路－潭尾段，近冠珍興記醬園有限公司 Castle Peak Road - Tam Mi, near Koon Chun Hing Kee Soy & Sauce Factory Limited","(Yuen Long Rural East) 青山公路－潭尾段，近 Park Yoho Castle Peak Road - Tam Mi, near Park Yoho",(Yuen Long Rural East) 紅毛橋 Hung Mo Kiu,"(Yuen Long Rural East) 錦田公路，近下高埔村 Kam Tin Road, near Ha Ko Po Tsuen","(Yuen Long Rural East) 錦田公路，近高埔村 Kam Tin Road, near Ko Po Tsuen","(Yuen Long Rural East) 錦田公路，蒙養公立學校對面 Kam Tin Road, Opposite Kam Tin Public Mong Yuen Primary School",(Yuen Long Rural East) 錦上路休憩處 Kam Sheung Road Sitting-Out Area,(Yuen Long Rural East) 祠堂村 Tsz Tong Tsuen,(Yuen Long Rural East) 祠堂村 Tsz Tong Tsuen,(Yuen Long Rural East) 錦上路站公共運輸交滙處 Kam Sheung Road Station Public Transport Interchange,"(Yuen Long Rural East) 錦上路，近吳家村 Kam Sheung Road, near Ng Ka Tsuen",(Yuen Long Rural East) 金錢圍 Kam Tsin Wai,"(Yuen Long Rural East) 錦上路，近田心新村 Kam Sheung Road, near Tin Sam San Tsuen",(Yuen Long Rural East) 八鄉路 Pat Heung Road,"(Yuen Long Rural East) 八鄉路近大欖巴士轉車站 Pat Heung Road, near Tai Lam Bus-Bus Interchange",,,,,,,,,,,,,,,,,,,,,
78,CMPattern_CM_GMBBus_78_6000,9.7,15.52529567,Yuen Long Rural East,FALSE,落馬洲（新田）公共運輸交滙處 Lok Ma Chau (San Tin) Public Transport Interchange,Yuen Long Rural East,"八鄉路近大欖巴士轉車站 Pat Heung Road, near Tai Lam Bus-Bus Interchange",Yuen Long Rural East,八鄉路近大欖巴士轉車站（經新田公路） Pat Heung Road (near Tai Lam Bus-Bus Interchange) (via San Tin Highway),(Yuen Long Rural East) 落馬洲（新田）公共運輸交滙處 Lok Ma Chau (San Tin) Public Transport Interchange,(Yuen Long Rural East) 新田郵政局 San Tin Post Office,"(Yuen Long Rural East) 青山公路，近文天祥紀念公園 Castle Peak Road, near Man Tin Cheung Park","(Yuen Long Rural East) 青山公路－潭尾段，近悅富豪苑 House 1 Castle Peak Road - Tam Mi, near Merry Garden House 1","(Yuen Long Rural East) 青山公路－潭尾段，近雅麗花園 Castle Peak Road - Tam Mi, near Elite Garden",(Yuen Long Rural East) 青山公路－潭尾段，近金翠軒 Castle Peak Road - Tam Mi,"(Yuen Long Rural East) 青山公路－潭尾段，近冠珍興記醬園有限公司 Castle Peak Road - Tam Mi, near Koon Chun Hing Kee Soy & Sauce Factory Limited","(Yuen Long Rural East) 青山公路－潭尾段，近 Park Yoho Castle Peak Road - Tam Mi, near Park Yoho",(Yuen Long Rural East) 紅毛橋 Hung Mo Kiu,"(Yuen Long Rural East) 錦田公路，近下高埔村 Kam Tin Road, near Ha Ko Po Tsuen","(Yuen Long Rural East) 錦田公路，近高埔村 Kam Tin Road, near Ko Po Tsuen","(Yuen Long Rural East) 錦田公路，蒙養公立學校對面 Kam Tin Road, Opposite Kam Tin Public Mong Yuen Primary School",(Yuen Long Rural East) 錦上路休憩處 Kam Sheung Road Sitting-Out Area,(Yuen Long Rural East) 祠堂村 Tsz Tong Tsuen,(Yuen Long Rural East) 祠堂村 Tsz Tong Tsuen,(Yuen Long Rural East) 錦上路站公共運輸交滙處 Kam Sheung Road Station Public Transport Interchange,"(Yuen Long Rural East) 錦上路，近吳家村 Kam Sheung Road, near Ng Ka Tsuen",(Yuen Long Rural East) 金錢圍 Kam Tsin Wai,"(Yuen Long Rural East) 錦上路，近田心新村 Kam Sheung Road, near Tin Sam San Tsuen",(Yuen Long Rural East) 八鄉路 Pat Heung Road,"(Yuen Long Rural East) 八鄉路近大欖巴士轉車站 Pat Heung Road, near Tai Lam Bus-Bus Interchange",,,,,,,,,,,,,,,,,,,,,,,,,,
34S,CMPattern_CM_GMBBus_34s_7775,4.1,4.381497562,Kwun Tong North > Kwun Tong Central > Kwun Tong North > Kwun Tong Central > Kwun Tong North,TRUE,"曉光街，近秀茂坪道／曉光街休憩處 Hiu Kwong Street, near Sau Mau Ping Road / Hiu Kwong Street Sitting-Out Area",Kwun Tong North,"曉光街，近秀茂坪道／曉光街休憩處 Hiu Kwong Street, near Sau Mau Ping Road / Hiu Kwong Street Sitting-Out Area",Kwun Tong North,秀茂坪上巴士總站 - 觀塘裕民坊（循環綫） Sau Mau Ping (Upper) Bus Terminus - Kwun Tong (Yue Man Square) (Circular),"(Kwun Tong North) 曉光街，近秀茂坪道／曉光街休憩處 Hiu Kwong Street, near Sau Mau Ping Road / Hiu Kwong Street Sitting-Out Area","(Kwun Tong Central) 曉光街，近曉光街草坪公園 Hiu Kwong Street, near Hiu Kwong Street Park Strip","(Kwun Tong North) 曉光街，近曉光閣 Hiu Kwong Street, near Hiu Kwong Court","(Kwun Tong Central) 曉光街，近曉麗苑曉順閣 Hiu Kwong Street, near Hiu Shun House, Hiu Lai Court","(Kwun Tong Central) 協和街，近和樂邨長安樓 Hip Wo Street, near Cheung On House, Wo Lok Estate","(Kwun Tong Central) 協和街，近月華街遊樂場洗手間 Hip Wo Street, near Yuet Wah Street Playground's Toilet, Yuet Wah Street Playground",(Kwun Tong Central) 裕民坊公共運輸交滙處 Yue Man Square Public Transport Interchange,"(Kwun Tong Central) 協和街，近協和大廈 Hip Wo Street, near Hip Wo House","(Kwun Tong Central) 曉光街，近秀雅道遊樂場 Hiu Kwong Street, near Sau Nga Road Playground","(Kwun Tong Central) 曉光街，近曉麗苑曉順閣 Hiu Kwong Street, near Hiu Shun House, Hiu Lai Court","(Kwun Tong North) 曉光街，近秀茂坪邨秀潤樓 Hiu Kwong Street, near Sau Yun House, Sau Mau Ping Estate","(Kwun Tong North) 曉光街，近觀塘官立小學（秀明道） Hiu Kwong Street, near Kwun Tong Government Primary School (Sau Ming Road)","(Kwun Tong North) 曉光街，近秀茂坪道／曉光街休憩處 Hiu Kwong Street, near Sau Mau Ping Road / Hiu Kwong Street Sitting-Out Area",,,,,,,,,,,,,,,,,,,,,,,,,,,,,,,,,,
22,CMPattern_CM_GMBBus_22_6121,9.2,9.879435526,Central > Southern District Northwest,FALSE,中環（交易廣場） Central (Exchange Square),Central,"利牧徑，薄扶林花園 Claymore Avenue, Pok Fu Lam Garden",Southern District Northwest,薄扶林花園（經堅麗閣） Pok Fu Lam Gardens (via Kennedy Heights),(Central) 中環（交易廣場） Central (Exchange Square),"(Central) 紅棉路，香港壁球中心 Hong Kong Squash Centre, Cotton Tree Drive","(Central) 堅尼地道，堅麗閣 Kennedy Heights, Kennedy Road","(Central) 堅道，明愛中心 Caine Road, Caritas House","(Central) 堅道，些利街 Caine Road, Shelly Street","(Central) 堅道，城皇街 Caine Road, Shing Wong Street",(Central) 樓梯街 Ladder Street,(Central) 西摩道 Seymour Road,"(Central) 般咸道，豫苑 Bonham Road, Euston Court","(Central) 般咸道，東邊街 Bonham Road, Eastern Street","(Central) 般咸道，正街 Centre Street, Bonham Road","(Central) 薄扶林道，香港大學東閘 Pok Fu Lam Road, East Gate of University of Hong Kong","(Central) 薄扶林道，香港大學西閘 Pok Fu Lam Road, West Gate of University of Hong Kong","(Central) 薄扶林道，寶翠園對面 Pok Fu Lam Road, Opposite The Belcher","(Central) 薄扶林道，蒲飛路巴士總站 Pok Fu Lam Road, Pokfield Road Bus Terminus","(Central) 薄扶林道，薄扶林遊樂場 Pok Fu Lam Playground, Pok Fu Lam Road","(Southern District Northwest) 薄扶林道，瑪麗醫院 Pok Fu Lam Road, Queen Mary Hospital","(Southern District Northwest) 薄扶林道，心光學校 Ebenezer School, Pok Fu Lam Road","(Southern District Northwest) 薄扶林道，薄扶林水塘道 Pok Fu Lam Reservoir Road, Pok Fu Lam Road","(Southern District Northwest) 薄扶林道，薄扶林村 Pok Fu Lam Village, Pok Fu Lam Road","(Southern District Northwest) 置富道，近置富花園富麗苑 Chi Fu Road, near Fu Lai Yuen, Chi Fu Fa Yuen","(Southern District Northwest) 置富道第9座外 Chi Fu Road, outside Block No. 9",(Southern District Northwest) 富嘉苑 Fu Kar Yuen,(Southern District Northwest) 置富花園網球場 Chi Fu Fa Yuen Tennis Court,"(Southern District Northwest) 利牧徑，薄扶林花園 Claymore Avenue, Pok Fu Lam Garden",,,,,,,,,,,,,,,,,,,,,,
22,CMPattern_CM_GMBBus_22_6122,9.2,9.806382387,Central > Southern District Northwest,FALSE,中環（交易廣場） Central (Exchange Square),Central,"利牧徑，薄扶林花園 Claymore Avenue, Pok Fu Lam Garden",Southern District Northwest,薄扶林花園 Pok Fu Lam Gardens,(Central) 中環（交易廣場） Central (Exchange Square),"(Central) 堅道，明愛中心 Caine Road, Caritas House","(Central) 堅道，些利街 Caine Road, Shelly Street","(Central) 堅道，城皇街 Caine Road, Shing Wong Street",(Central) 樓梯街 Ladder Street,(Central) 西摩道 Seymour Road,"(Central) 般咸道，豫苑 Bonham Road, Euston Court","(Central) 般咸道，東邊街 Bonham Road, Eastern Street","(Central) 般咸道，正街 Centre Street, Bonham Road","(Central) 薄扶林道，香港大學東閘 Pok Fu Lam Road, East Gate of University of Hong Kong","(Central) 薄扶林道，香港大學西閘 Pok Fu Lam Road, West Gate of University of Hong Kong","(Central) 薄扶林道，寶翠園對面 Pok Fu Lam Road, Opposite The Belcher","(Central) 薄扶林道，蒲飛路巴士總站 Pok Fu Lam Road, Pokfield Road Bus Terminus","(Central) 薄扶林道，薄扶林遊樂場 Pok Fu Lam Playground, Pok Fu Lam Road","(Southern District Northwest) 薄扶林道，瑪麗醫院 Pok Fu Lam Road, Queen Mary Hospital","(Southern District Northwest) 薄扶林道，心光學校 Ebenezer School, Pok Fu Lam Road","(Southern District Northwest) 薄扶林道，薄扶林水塘道 Pok Fu Lam Reservoir Road, Pok Fu Lam Road","(Southern District Northwest) 薄扶林道，薄扶林村 Pok Fu Lam Village, Pok Fu Lam Road","(Southern District Northwest) 置富道，近置富花園富麗苑 Chi Fu Road, near Fu Lai Yuen, Chi Fu Fa Yuen","(Southern District Northwest) 置富道第9座外 Chi Fu Road, outside Block No. 9",(Southern District Northwest) 富嘉苑 Fu Kar Yuen,(Southern District Northwest) 置富花園網球場 Chi Fu Fa Yuen Tennis Court,"(Southern District Northwest) 利牧徑，薄扶林花園 Claymore Avenue, Pok Fu Lam Garden",,,,,,,,,,,,,,,,,,,,,,,,
23K,CMPattern_CM_GMBBus_23k_8726,5.7,4.727700699,Tai Po South,TRUE,"碗窰路，新屋家 Wun Yiu Road, San Uk Ka",Tai Po South,"碗窰路，新屋家 Wun Yiu Road, San Uk Ka",Tai Po South,新屋家 - 大埔墟（循環綫） San Uk Ka - Tai Po Market (Circular),"(Tai Po South) 碗窰路，新屋家 Wun Yiu Road, San Uk Ka",(Tai Po South) 張屋地 Cheung Uk Tei,"(Tai Po South) 碗窰路，碗窰 Wun Yiu Road, Wun Yiu","(Tai Po South) 碗窰路，沙埔仔 Wun Yiu Road, Sha Po Tsai","(Tai Po South) 達運道，荔枝山 Tat Wan Road, Lai Chi Shan",(Tai Po South) 大埔墟站專綫小巴總站 Tai Po Market Station Minibus Terminus,(Tai Po South) 王肇枝中學 Wong Shiu Chi Secondary School,"(Tai Po South) 運頭街，運頭坊 Wan Tau Street, Wan Tau Square","(Tai Po South) 運頭街，香島專科學校 Wan Tau Street, Heung To College of Professional Studies","(Tai Po South) 達運道，荔枝山 Tat Wan Road, Lai Chi Shan","(Tai Po South) 碗窰路，沙埔仔 Wun Yiu Road, Sha Po Tsai","(Tai Po South) 碗窰路，碗窰 Wun Yiu Road, Wun Yiu",(Tai Po South) 張屋地 Cheung Uk Tei,"(Tai Po South) 碗窰路，新屋家 Wun Yiu Road, San Uk Ka",,,,,,,,,,,,,,,,,,,,,,,,,,,,,,,,,
47E,CMPattern_GMBBus47E_10644,8.2,4.450650492,Chai Wan,FALSE,東區尤德夫人那打素醫院主座大樓 Pamela Youde Nethersole Eastern Hospital Main Block,Chai Wan,小西灣第三期 Siu Sai Wan Phase III,Chai Wan,小西灣邨 Siu Sai Wan Estate,(Chai Wan) 東區尤德夫人那打素醫院主座大樓 Pamela Youde Nethersole Eastern Hospital Main Block,"(Chai Wan) 樂民道，近東區尤德夫人那打素醫院病理學大樓 Lok Man Road, near Pamela Youde Nethersole Eastern Hospital Pathology Block",(Chai Wan) 張振興伉儷書院 Chong Gene Hang College,"(Chai Wan) 泰民街，樂翠臺外 Tai Man Street, outside Neptune Terrace",(Chai Wan) 康翠臺 Greenwood Terrace,(Chai Wan) 銀星中心 Silver Technical Tower,(Chai Wan) 柴灣站 Chai Wan Station,(Chai Wan) 怡泰街 Yee Tai Street,"(Chai Wan) 柴灣道，宏德居外 Chai Wan Road, outside Walton Estate","(Chai Wan) 柴灣道，漁灣邨外 Chai Wan Road, outside Yu Wan Estate","(Chai Wan) 豐業街，啟力工業中心外 Fung Yip Street, outside Kailey Industrial Centre","(Chai Wan) 豐業街，近志同昌工業大廈 Fung Yip Street, near Gee Tung Chang Industrial Building","(Chai Wan) 新業街，八號商業廣場外 Sun Yip Street, outside Commercial Tower 8","(Chai Wan) 小西灣道，富欣花園外 Siu Sai Wan Road, outside Harmony Garden","(Chai Wan) 小西灣道，富怡道 Siu Wai Wan Road, Fu Yee Road","(Chai Wan) 富怡道，培橋小學外 Fu Yee Road, outside Pui Kiu Primary School",(Chai Wan) 小西灣海濱花園 Siu Sai Wan Promenade,"(Chai Wan) 小西灣道，衞理中學對面 Siu Sai Wan Road, Opposite Wesley College",(Chai Wan) 小西灣第三期 Siu Sai Wan Phase III,,,,,,,,,,,,,,,,,,,,,,,,,,,,
3A,CMPattern_CM_GMBBus_3a_7524,7.6,3.789147947,Central,FALSE,"旭龢道，近旭龢道食水配水庫 Kotewall Road, near Kotewall Road Fresh Water Service Reservoir",Central,香港站小巴總站 Hong Kong Station Minibus Terminus,Central,中環香港站公共運輸交滙處 Central (Hong Kong Station Public Transport Interchange),"(Central) 旭龢道，近旭龢道食水配水庫 Kotewall Road, near Kotewall Road Fresh Water Service Reservoir","(Central) 旭龢道，近香港大學校長寓所 Kotewall Road, near The University of Hong Kong University Lodge",(Central) 克頓道 Hatton Road,"(Central) 干德道51號對面 Conduit Road, Opposite No. 51",(Central) 帝豪閣 Imperial Court,(Central) 嘉富臺 Prosperous Height,(Central) 干德道56號 Conduit Road No. 56,(Central) 干德道38號 Conduit Road No. 38,(Central) 干德道22號 No. 22 Conduit Road,(Central) 麗豪閣 Tycoon Court,(Central) 雅賓利 The Albany,"(Central) 雲咸街藝穗會 Wyndham Street, Fringe Club","(Central) 雪廠街，近印刷行 Ice House Street, near Printing House","(Central) 畢打街，近中環站 D1 出口 Pedder Street, near Central Station Exit D1","(Central) 民耀街，近國際金融中心二期 Man Yiu Street, near Two International Finance Centre",(Central) 香港站小巴總站 Hong Kong Station Minibus Terminus,,,,,,,,,,,,,,,,,,,,,,,,,,,,,,,
20K,CMPattern_CM_GMBBus_20k_8674,7.2,7.69559933,Tai Po North > Tai Po South,FALSE,"三門仔路，暉曜花園對面 Sam Mun Tsai Road, Opposite Springdale Garden",Tai Po North,大埔墟站專綫小巴總站 Tai Po Market Station Minibus Terminus,Tai Po South,大埔墟站 Tai Po Market Station,"(Tai Po North) 三門仔路，暉曜花園對面 Sam Mun Tsai Road, Opposite Springdale Garden",(Tai Po North) 三門仔路，近沙欄路 Sam Mun Tsai Road near Sha Lan Road,(Tai Po North) 三門仔路，比華利山別墅 Sam Mun Tsai Road The Beverly Hills,"(Tai Po North) 汀角路，雅景花園 Ting Kok Road, Fortune Garden",(Tai Po North) 露輝路 Lo Fai Road,"(Tai Po North) 汀角路，近大埔工業邨 Ting Kok Road, near Tai Po Industrial Estate","(Tai Po North) 汀角路，下坑 Ting Kok Road, Ha Hang","(Tai Po North) 汀角路，李錦記有限公司外 Ting Kok Road, outside Lee Kum Kee Company Limited",(Tai Po North) 魚角 Yue Kok,"(Tai Po North) 汀角路，救恩書院外 Ting Kok Road, outside Kau Yan College","(Tai Po North) 汀角路，怡雅苑怡厚閣外 Ting Kok Road, outside Yee Hau House, Yee Nga Court","(Tai Po North) 汀角路，近大元邨 Ting Kok Road, near Tai Yuen Estate","(Tai Po North) 汀角路，近南亞路德會沐恩中學 Ting Kok Road, near Immanuel Lutheran College","(Tai Po North) 安祥路，昌運中心外 On Cheung Road, outside Fortune Plaza","(Tai Po South) 寶鄉街，近寶鄉橋 Po Heung Street, near Po Heung Bridge",(Tai Po South) 廣福道71號 71 Kwong Fuk Road,"(Tai Po South) 運頭街，運頭坊 Wan Tau Street, Wan Tau Square","(Tai Po South) 運頭街，香島專科學校 Wan Tau Street, Heung To College of Professional Studies",(Tai Po South) 大埔墟站專綫小巴總站 Tai Po Market Station Minibus Terminus,,,,,,,,,,,,,,,,,,,,,,,,,,,,
20K,CMPattern_CM_GMBBus_20k_8677,7.2,6.600420188,Tai Po North > Tai Po South,FALSE,"三門仔路，暉曜花園對面 Sam Mun Tsai Road, Opposite Springdale Garden",Tai Po North,大埔墟站專綫小巴總站 Tai Po Market Station Minibus Terminus,Tai Po South,大埔墟站（經完善路） Tai Po Market Station (via Yuen Shin Road),"(Tai Po North) 三門仔路，暉曜花園對面 Sam Mun Tsai Road, Opposite Springdale Garden",(Tai Po North) 三門仔路，近沙欄路 Sam Mun Tsai Road near Sha Lan Road,(Tai Po North) 三門仔路，比華利山別墅 Sam Mun Tsai Road The Beverly Hills,"(Tai Po North) 汀角路，雅景花園 Ting Kok Road, Fortune Garden",(Tai Po North) 露輝路 Lo Fai Road,"(Tai Po North) 汀角路，近大埔工業邨 Ting Kok Road, near Tai Po Industrial Estate","(Tai Po North) 汀角路，下坑 Ting Kok Road, Ha Hang","(Tai Po North) 汀角路，李錦記有限公司外 Ting Kok Road, outside Lee Kum Kee Company Limited",(Tai Po North) 魚角 Yue Kok,(Tai Po South) 大埔墟站專綫小巴總站 Tai Po Market Station Minibus Terminus,,,,,,,,,,,,,,,,,,,,,,,,,,,,,,,,,,,,,
20K,CMPattern_CM_GMBBus_20k_8680,7.2,8.960886683,Tai Po North > Tai Po South,FALSE,三門仔路，近沙欄路 Sam Mun Tsai Road near Sha Lan Road,Tai Po North,大埔墟站專綫小巴總站 Tai Po Market Station Minibus Terminus,Tai Po South,大埔墟站 Tai Po Market Station,(Tai Po North) 三門仔路，近沙欄路 Sam Mun Tsai Road near Sha Lan Road,(Tai Po North) 沙欄 Sha Lan,(Tai Po North) 沙欄小築 Sha Lan Villas,"(Tai Po North) 三門仔路，暉曜花園對面 Sam Mun Tsai Road, Opposite Springdale Garden",(Tai Po North) 三門仔路，近沙欄路 Sam Mun Tsai Road near Sha Lan Road,(Tai Po North) 三門仔路，比華利山別墅 Sam Mun Tsai Road The Beverly Hills,(Tai Po North) 露輝路 Lo Fai Road,"(Tai Po North) 汀角路，近大埔工業邨 Ting Kok Road, near Tai Po Industrial Estate","(Tai Po North) 汀角路，怡雅苑怡厚閣外 Ting Kok Road, outside Yee Hau House, Yee Nga Court","(Tai Po North) 汀角路，近大元邨 Ting Kok Road, near Tai Yuen Estate","(Tai Po North) 汀角路，近南亞路德會沐恩中學 Ting Kok Road, near Immanuel Lutheran College","(Tai Po North) 安祥路，昌運中心外 On Cheung Road, outside Fortune Plaza","(Tai Po South) 寶鄉橋, 六鄉新村公立學校對面 Po Heung Bridge, Opposite Luk Heung San Tsuen Public School",(Tai Po South) 廣福道71號 71 Kwong Fuk Road,"(Tai Po South) 運頭街，運頭坊 Wan Tau Street, Wan Tau Square","(Tai Po South) 運頭街，香島專科學校 Wan Tau Street, Heung To College of Professional Studies",(Tai Po South) 大埔墟站專綫小巴總站 Tai Po Market Station Minibus Terminus,,,,,,,,,,,,,,,,,,,,,,,,,,,,,,
25A,CMPattern_CM_GMBBus_25a_6247,6.9,3.278284405,Wong Tai Sin West > Kowloon City North,FALSE,"東隆道，近東頭（二）邨街市及熟食檔 Tung Lung Road, near Tung Tau (II) Estate Market & Cooked Food Stalls",Wong Tai Sin West,九龍塘沙福道公共交通交滙處 Kowloon Tong Suffolk Road Public Transport Interchange,Kowloon City North,九龍塘沙福道公共交通交滙處 Kowloon Tong (Suffolk Road) Public Transport Interchange,"(Wong Tai Sin West) 東隆道，近東頭（二）邨街市及熟食檔 Tung Lung Road, near Tung Tau (II) Estate Market & Cooked Food Stalls",(Wong Tai Sin West) 東頭邨彩東樓 Choi Tung House Tung Tau Estate,(Wong Tai Sin West) 東滙邨 Tung Wui Estate,(Kowloon City North) 富豪東方酒店 Regal Oriental Hotel,(Kowloon City North) 南角道 Nam Kok Road,(Kowloon City North) 衙前塱道 Nga Tsin Long Road,(Kowloon City North) 福佬村道 Fuk Lok Tsun Road,"(Kowloon City North) 書院道，衙前圍道 College Road, Nga Tsin Wai Road",(Kowloon City North) 衙前圍道休憩處 Nga Tsin Wai Road Sitting-Out Area,"(Kowloon City North) 蘭開夏道，近牛津道 Lancashire Road, near Oxford Road",(Kowloon City North) 基督中心堂 Christian Central Church,(Kowloon City North) 九龍塘站 Kowloon Tong Station,(Kowloon City North) 九龍塘沙福道公共交通交滙處 Kowloon Tong Suffolk Road Public Transport Interchange,,,,,,,,,,,,,,(灣仔區) 謝斐道 - 近兆安廣場,,,,,,,,,,,,,,,,,,,,
63A,CMPattern_GMBBus63A_1_3866,4.8,6.168402918,Southern District Northwest,FALSE,"南寧街，海湖閣外 Nam Ning Street, outside Hoi Wun Court",Southern District Northwest,"南寧街，海湖閣外 Nam Ning Street, outside Hoi Wun Court",Southern District Northwest,香港仔南寧街 - 華富邨（循環綫） Aberdeen (Nam Ning Street) - Wah Fu Estate (Circular),"(Southern District Northwest) 南寧街，海湖閣外 Nam Ning Street, outside Hoi Wun Court","(Southern District Northwest) 香港仔大道，聖伯多祿中學外 Aberdeen Main Road, outside St Peter's Secondary School","(Southern District Northwest) 珍寶碼頭，香港仔海傍道 Jumbo Pier, Aberdeen Praya Road",(Southern District Northwest) 華林徑 Wah Lam Path,(Southern District Northwest) 華富邨華景樓 Wah King House Wah Fu Estate,"(Southern District Northwest) 華景街，華翠樓外巴士總站 Wah King Street, Bus Terminus outside Wah Chui House","(Southern District Northwest) 華富道，培英中學外 Wah Fu Road, outside Pui Ying Secondary School",(Southern District Northwest) 華富邨華生樓 Wah Sang House Wah Fu Estate,"(Southern District Northwest) 華富道，近華富（二）邨華泰樓 Wah Fu Road, near Wah Tai House, Wah Fu (II) Estate",(Southern District Northwest) 華富邨華安樓 Wah On House Wah Fu Estate,"(Southern District Northwest) 石排灣道，萬景樓外 Shek Pai Wan Road, outside Man King Building",(Southern District Northwest) 田灣街 Tin Wan Street,"(Southern District Northwest) 香港仔大道，聖伯多祿中學外 Aberdeen Main Road, outside St Peter's Secondary School","(Southern District Northwest) 南寧街，海湖閣外 Nam Ning Street, outside Hoi Wun Court",,,,,,,,,,,,,,,,,,,,,,,,,,,,,,,,,
57K,CMPattern_CM_GMBBus_57k_1_8861,8.5,5.5698541,Robin’s Nest,FALSE,上水站小巴總站 Sheung Shui Station Public Light Bus Terminus,Robin’s Nest,"蕉徑路，近彭氏宗祠 Tsiu Keng Road, near Pang Temple",Robin’s Nest,蕉徑 Tsiu Keng,(Robin’s Nest) 上水站小巴總站 Sheung Shui Station Public Light Bus Terminus,"(Robin’s Nest) 新豐路，石湖墟郵政局 San Fung Avenue, Shek Wu Hui Post Office","(Robin’s Nest) 寶石湖路，東慶學校對面 Po Shek Wu Road, Opposite Tung Hing School",(Robin’s Nest) 丙崗 Ping Kong,"(Robin’s Nest) 粉錦公路，近香港高爾夫球會 Fan Kam Road, near Hong Kong Golf Club","(Robin’s Nest) 粉錦公路，近香港高爾夫球會 Fan Kam Road, near Hong Kong Golf Club","(Robin’s Nest) 粉錦公路，近歌賦嶺 Fan Kam Road, near The Green","(Robin’s Nest) 粉錦公路，近高爾夫花園 Fan Kam Road, near Villa De La Golfe",(Robin’s Nest) 蕉徑老圍 Tsiu Keng Lo Wai,"(Robin’s Nest) 蕉徑路，近彭氏宗祠 Tsiu Keng Road, near Pang Temple",,,,,,,,,,,,,,,,,,,,,,,,,,,,,,,,,,,,,
308M,CMPattern_GMBBus308M_7383,9.6,23.52309755,Tsing Yi > Tsuen Wan Northwest > Tsing Yi,FALSE,青衣站小巴總站 Tsing Yi Station GMB Terminus,Tsing Yi,青衣站小巴總站 Tsing Yi Station GMB Terminus,Tsing Yi,青衣站 - 荃灣浪翠園（經青嶼幹綫訪客中心）（循環綫） Tsing Yi Station - Tsuen Wan (Sea Crest Villa) (via Lantau Link Visitors Centre) (Circular),(Tsing Yi) 青衣站小巴總站 Tsing Yi Station GMB Terminus,"(Tsing Yi) 青敬路，灝景灣購物中心對面 Tsing King Road, Opposite Villa Esplanada Shopping Centre","(Tsing Yi) 青衣西路，長亨邨亨翠樓對面 Tsing Yi Road West, Opposite Hang Chui House, Cheung Hang Estate","(Tsing Yi) 青衣西路，青華花園外 Tsing Yi Road West, outside Ching Wah Garden",(Tsing Yi) 青嶼幹綫訪客中心 Lantau Link Visitors Centre,"(Tsuen Wan Northwest) 青山公路深井段，海韻花園對面 Castle Peak Road-Sham Tseng, Opposite Rhine Garden","(Tsuen Wan Northwest) 青山公路深井段，麗都花園外 Castle Peak Road-Sham Tseng, outside Lido Garden",(Tsuen Wan Northwest) 馬灣碼頭 Ma Wan Pier,(Tsuen Wan Northwest) 浪翠園第三期 Sea Crest Villa Phase 3,(Tsuen Wan Northwest) 浪翠園第二期 Sea Crest Villa Phase 2,(Tsuen Wan Northwest) 浪翠園第一期 Sea Crest Villa Phase I,(Tsuen Wan Northwest) 浪翠園第二期 Sea Crest Villa Phase 2,(Tsuen Wan Northwest) 浪翠園第三期 Sea Crest Villa Phase 3,(Tsuen Wan Northwest) 馬灣碼頭 Ma Wan Pier,"(Tsuen Wan Northwest) 青山公路深井段，麗都花園對面 Castle Peak Road-Sham Tseng, Opposite Lido Garden",(Tsuen Wan Northwest) 海韻花園 Rhine Garden,(Tsing Yi) 青嶼幹綫訪客中心 Lantau Link Visitors Centre,"(Tsing Yi) 青衣西路，青華遊樂場對面 Tsing Yi Road West, Opposite Ching Wah Playground",(Tsing Yi) 長亨邨 Cheung Hang Estate,(Tsing Yi) 長安邨安清樓 On Ching House Cheung On Estate,"(Tsing Yi) 青敬路，灝景灣購物中心外 Tsing King Road, outside Villa Esplanada Shopping Centre",(Tsing Yi) 青衣站小巴總站 Tsing Yi Station GMB Terminus,,,,,,,,,,,,,,,,,,,,,,,,,
37,CMPattern_CM_GMBBus_37_7681,5.8,5.327156162,Southern District Southeast,TRUE,"平瀾街，年豐大廈對面 Ping Lan Street, Opposite Ning Fung Mansion",Southern District Southeast,"平瀾街，年豐大廈對面 Ping Lan Street, Opposite Ning Fung Mansion",Southern District Southeast,鴨脷洲平瀾街 - 利東邨（循環綫） Ap Lei Chau (Ping Lan Street) - Lei Tung Estate (Circular),"(Southern District Southeast) 平瀾街，年豐大廈對面 Ping Lan Street, Opposite Ning Fung Mansion",(Southern District Southeast) 華庭街 Wah Ting Street,"(Southern District Southeast) 鴨脷洲大街，近鴨脷洲診所 Ap Lei Chau Main Street, near Ap Lei Chau Clinic",(Southern District Southeast) 鴨脷洲中心 Ap Lei Chau Centre,"(Southern District Southeast) 利東邨道，東昇樓 Lei Tung Estate Road, Tung Sing House","(Southern District Southeast) 利東邨道，東業樓 Lei Tung Estate Road, Tung Yip House","(Southern District Southeast) 利東邨道，近漁安苑珊安閣 Lei Tung Estate Road, near Shan On House, Yue On Court","(Southern District Southeast) 怡南路，近海怡半島海怡東商場 Yi Nam Road, near Marina Square East Centre, South Horizons",(Southern District Southeast) 鴨脷洲橋道，鴨脷洲邨巴士總站外 Ap Lei Chau Bridge Road outside Ap Lei Chau Estate Bus Terminus,(Southern District Southeast) 鴨脷洲大街 Ap Lei Chau Main Street,"(Southern District Southeast) 悅海街，東南大廈對面 Yuet Hoi Street, Opposite Tung Nam Building",(Southern District Southeast) 洪聖街 Hung Shing Street,"(Southern District Southeast) 平瀾街，年豐大廈對面 Ping Lan Street, Opposite Ning Fung Mansion",,,,,,,,,,,,,,,,,,,,,,,,,,,,,,,,,,
35,CMPattern_CM_GMBBus_35_1_7692,4.4,3.868178584,Kwun Tong Central > Kwun Tong West,FALSE,"康利道，近聖傑靈女子中學 Hong Lee Road, near St. Catharine's School For Girls Kwun Tong",Kwun Tong Central,"彩禧路，近彩霞邨彩月樓 Choi Hei Road, near Choi Yuet House, Choi Ha Estate",Kwun Tong West,彩霞邨 Choi Ha Estate,"(Kwun Tong Central) 康利道，近聖傑靈女子中學 Hong Lee Road, near St. Catharine's School For Girls Kwun Tong",(Kwun Tong Central) 樂意園 Joyful Villas,(Kwun Tong Central) 觀塘廣蔭老人院 Kwun Tong Kwong Yum Home For The Aged,(Kwun Tong Central) 鳳儀大廈 Louisa Tower,(Kwun Tong Central) 林景閣 Woodview Court,(Kwun Tong Central) 功樂大廈 Kung Lok Building,(Kwun Tong Central) 海天園 The Verandah Garden,(Kwun Tong Central) 凱德大廈 Hyde Towers,(Kwun Tong Central) 明智街 Ming Chi Street,"(Kwun Tong Central) 牛頭角道，裕民中心外 Ngau Tau Kok Road, outside Yue Man Centre","(Kwun Tong Central) 牛頭角道，玉蓮臺對面 Ngau Tau Kok Road, outside Lotus Tower","(Kwun Tong Central) 牛頭角道，近觀塘官立小學 Ngau Tau Kok Road, near Kwun Tong Government Primary School",(Kwun Tong West) 觀塘花園大廈燕子樓 Yin Chee Lau Kwun Tong Garden Estate,(Kwun Tong West) 牛頭角上邨常悅樓 Sheung Yuet House Upper Ngau Tau Kok Estate,(Kwun Tong West) 牛頭角上邨常逸樓 Sheung Yat House Upper Ngau Tau Kok Estate,"(Kwun Tong West) 安德道，近牛頭角上邨商場 On Tak Road, near Upper Ngau Tau Kok Estate Shopping Centre, Upper Ngau Tau Kok Estate",(Kwun Tong West) 安基苑 On Kay Court,"(Kwun Tong West) 佐敦谷北道，近淘大花園 P 座 Jordan Valley North Road, near Amoy Gardens Block P",(Kwun Tong West) 彩禧路公園 Choi Hei Road Park,"(Kwun Tong West) 彩禧路，近彩霞邨彩月樓 Choi Hei Road, near Choi Yuet House, Choi Ha Estate",,,,,,,,,,,,,,,,,,,,,,,,,,,
51K,CMPattern_CM_GMBBus_51k_5982,6.7,5.838446551,Robin’s Nest,FALSE,上水站小巴總站 Sheung Shui Station Public Light Bus Terminus,Robin’s Nest,"河上鄉排峰路，居石侯公祠外 Ho Sheung Heung Pai Tau Road, Kui Shek Hau Ancestral Hall",Robin’s Nest,河上鄉 Ho Sheung Heung,(Robin’s Nest) 上水站小巴總站 Sheung Shui Station Public Light Bus Terminus,"(Robin’s Nest) 寶石湖路，東慶學校對面 Po Shek Wu Road, Opposite Tung Hing School","(Robin’s Nest) 青山公路古洞段，高爾夫景園對面 Castle Peak Road (Kwu Tung), Opposite Golf Parkview",(Robin’s Nest) 青山公路／古洞路近燕崗 Castle Peak Road / Kwu Tung Road near Yin Kong,(Robin’s Nest) 何東橋 Ho Tung Bridge,"(Robin’s Nest) 青山公路，河上鄉路 Castle Peak Road, Ho Sheung Heung Road",(Robin’s Nest) 波樓路 Po Lau Road,(Robin’s Nest) 石仔嶺 Shek Tsai Leng,(Robin’s Nest) 馬草壟路 Ma Tso Lung Road,(Robin’s Nest) 松菊徑 Chung Kuk Path,(Robin’s Nest) 河上鄉鄉公所 Ho Sheung Heung Village Office,"(Robin’s Nest) 河上鄉排峰路，居石侯公祠外 Ho Sheung Heung Pai Tau Road, Kui Shek Hau Ancestral Hall",,,,,,,,,,,,,,,,,,,,,,,,,,,,,,,,,,,
89C,CMPattern_CM_GMBBus_89c_6095,6.1,5.07501327,Kwun Tong North > Kwun Tong West,FALSE,安翠街小巴總站 On Chui Street GMB Terminus,Kwun Tong North,牛頭角總站 Ngau Tau Kok Bus Terminus,Kwun Tong West,牛頭角（經秀茂坪南） Ngau Tau Kok (via Sau Mau Ping (South)),(Kwun Tong North) 安翠街小巴總站 On Chui Street GMB Terminus,"(Kwun Tong North) 寶琳路，寶達邨外 Po Lam Road, outside Po Tat Estate","(Kwun Tong North) 曉光街，秀茂坪南邨外 Hiu Kwong Street, Opposite Sau Mau Ping South Estate",(Kwun Tong North) 秀明樓 Sau Ming House,(Kwun Tong North) 秀富樓 Sau Fu House,"(Kwun Tong North) 秀明道，秀茂坪商場對面 Sau Mau Ping Road, Opposite Sau Mau Ping Shopping Centre","(Kwun Tong North) 秀明道，秀義樓對面 Sau Ming Road, Opposite Sau Yee House","(Kwun Tong North) 秀茂坪道，寧波第二中學對面 Sau Mau Ping Road, Opposite Ning Po No. 2 College","(Kwun Tong West) 康寧道，高雷中學外 Hong Ning Road, outside Ko Lui Secondary School","(Kwun Tong West) 康寧道，秀茂坪紀律部隊宿舍外 Hong Ning Road, outside Sau Mau Ping Disciplined Services Quarters",(Kwun Tong West) 振華道樂華社區中心 Chun Wah Road Lok Wah Estate Community Centre,(Kwun Tong West) 樂雅苑 Lok Nga Court,(Kwun Tong West) 牛頭角總站 Ngau Tau Kok Bus Terminus,,,,,,,,,,,,,,,,,,,,,,,,,,,,,,,,,,
89C,CMPattern_CM_GMBBus_89c_6097,6.1,4.145562017,Kwun Tong North > Kwun Tong West,FALSE,安翠街小巴總站 On Chui Street GMB Terminus,Kwun Tong North,牛頭角總站 Ngau Tau Kok Bus Terminus,Kwun Tong West,牛頭角 Ngau Tau Kok,(Kwun Tong North) 安翠街小巴總站 On Chui Street GMB Terminus,"(Kwun Tong North) 寶琳路，寶達邨外 Po Lam Road, outside Po Tat Estate","(Kwun Tong North) 秀茂坪道，秀程樓外 Sau Mau Ping Road, outside Sau Ching House","(Kwun Tong North) 秀茂坪道，秀康樓外 Sau Mau Ping Road, outside Sau Hong House","(Kwun Tong North) 秀茂坪道，秀義樓外 Sau Mau Ping Road, outside Sau Yee House","(Kwun Tong North) 秀茂坪道，寧波第二中學對面 Sau Mau Ping Road, Opposite Ning Po No. 2 College","(Kwun Tong West) 康寧道，高雷中學外 Hong Ning Road, outside Ko Lui Secondary School","(Kwun Tong West) 康寧道，秀茂坪紀律部隊宿舍外 Hong Ning Road, outside Sau Mau Ping Disciplined Services Quarters",(Kwun Tong West) 振華道樂華社區中心 Chun Wah Road Lok Wah Estate Community Centre,(Kwun Tong West) 樂雅苑 Lok Nga Court,(Kwun Tong West) 牛頭角總站 Ngau Tau Kok Bus Terminus,,,,,,,,,,,,,,,,,,,,,,,,,,,,,,,,,,,,
5M,CMPattern_CM_GMBBus_5m_1_7852,5.3,4.005465916,Kowloon City South > Yau Tsim Mong North > Kowloon City South,TRUE,"學餘里，近樂園 Hok Yu Lane, near Happy Court",Kowloon City South,"學餘里，近樂園 Hok Yu Lane, near Happy Court",Kowloon City South,窩打老道山學餘里 - 旺角站（經亞皆老街）（循環綫） Waterloo Hill (Hok Yu Lane) - Mong Kok Station (via Argyle Street) (Circular),"(Kowloon City South) 學餘里，近樂園 Hok Yu Lane, near Happy Court",(Kowloon City South) 新法書院 New Method College,"(Kowloon City South) 文運道，近文星樓 Man Wan Road, near Star Court","(Kowloon City South) 培正道，近香港培正小學梁泳釗樓 Pui Ching Road, near Leung Wing Chiu Building, Pui Ching Primary School","(Kowloon City South) 梭椏道，近梭椏園 Soares Avenue, near Soares Garden","(Kowloon City South) 亞皆老街98號 No. 98 Argyle Street, near Peace Avenue",(Yau Tsim Mong North) 亞皆老街62號 No. 62 Argyle Street,"(Yau Tsim Mong North) 西洋菜南街，近旺角城市中心 Sai Yeung Choi Street South, near Mongkok City Centre",(Yau Tsim Mong North) 奶路臣街 Nelson Street,(Yau Tsim Mong North) 通菜街 Tung Choi Street,"(Kowloon City South) 亞皆老街，近基堤道 Argyle Street, near Embankment Road",(Kowloon City South) 九龍維景酒店 Metropark Hotel Kowloon,"(Kowloon City South) 培正道，近培正道遊樂場 Pui Ching Road, near Pui Ching Road Playground","(Kowloon City South) 文福道，近冠華園 B 座 Man Fuk Road, near Cambridge Court Block B","(Kowloon City South) 學餘里，近樂園 Hok Yu Lane, near Happy Court",,,,,,,,,,,,,,,,,,,,,,,,,,,,,,,,
73,CMPattern_CM_GMBBus_73_1_6362,6.6,5.460810351,Yuen Long Town Centre > Yuen Long Rural East,FALSE,"媽橫路，近朗屏站 Ma Wang Road, near Long Ping Station",Yuen Long Town Centre,元朗（崇山新村）小巴總站 Yuen Long (Sung Shan New Village) Minibus Terminus,Yuen Long Rural East,崇山新村 Sung Shan New Village,"(Yuen Long Town Centre) 媽橫路，近朗屏站 Ma Wang Road, near Long Ping Station","(Yuen Long Town Centre) 福康街，金寶樓外小巴總站 Fook Hong Street Public Light Bus Terminus, outside Kam Po Building",(Yuen Long Town Centre) 蝶翠峰 Sereno Verde,"(Yuen Long Rural East) 大樹下東路，近大旗嶺休憩處 Tai Shu Ha Road East, near Tai Kei Ling Sitting-Out Area","(Yuen Long Rural East) 大樹下東路，近天后古廟 Tai Shu Ha Road East, near Tin Hau Temple","(Yuen Long Rural East) 大樹下東路，近塘頭埔村 Tai Shu Ha Road East, near Tong Tau Po Tsuen","(Yuen Long Rural East) 未命名通道，近塘頭埔村 Unnamed Access Road, near Tong Tau Po Tsuen","(Yuen Long Rural East) 未命名通道，近建造業機械技術訓練中心 Unnamed Access Road, near Construction Machinery Technical Training Centre",(Yuen Long Rural East) 元朗（崇山新村）小巴總站 Yuen Long (Sung Shan New Village) Minibus Terminus,,,,,,,,,,,,,,,,,,,,,,,,,,,,,,,,,,,,,,
609S,CMPattern_CM_GMBBus_609s_7490,5.1,7.695250408,Yuen Long Rural East > Yuen Long Town Centre > Yuen Long Rural East,FALSE,朗善邨 Long Shin Estate,Yuen Long Rural East,朗善邨 Long Shin Estate,Yuen Long Rural East,朗善邨 - 元朗市中心（經博愛醫院）（循環綫） Long Shin Estate - Yuen Long Town (via Pok Oi Hospital) (Circular),(Yuen Long Rural East) 朗善邨 Long Shin Estate,"(Yuen Long Rural East) 青山公路，近楊屋村 Castle Peak Road, near Yeung Uk Tsuen","(Yuen Long Rural East) 博愛醫院南翼外 Pok Oi Hospital, outside South Wing","(Yuen Long Town Centre) 青山公路元朗段，近 Yoho Midtown Castle Peak Road-Yuen Long, near Yoho Midtown",(Yuen Long Town Centre) 又新街 Yau San Street,(Yuen Long Town Centre) 元朗站（北）公共運輸交滙處 Yuen Long Station (North) Public Transport Interchange,"(Yuen Long Rural East) 博愛醫院南翼外 Pok Oi Hospital, outside South Wing","(Yuen Long Rural East) 青山公路，近凹頭迴旋處 Castle Peak Road, near Au Tau Interchange",(Yuen Long Rural East) 朗善邨 Long Shin Estate,,,,,,,,,,,,,,,,,,,,,,,,,,,,,,,,,,,,,,
13,CMPattern_CM_GMBBus_13_2_7762,6.8,7.570863695,Sai Kung and Hang Hau > Tseung Kwan O South > Sai Kung and Hang Hau > Kwun Tong North > Kwun Tong Central > Kwun Tong North > Kwun Tong Central,FALSE,康盛花園小巴總站 Hong Sing Garden Minibus Terminus,Sai Kung and Hang Hau,裕民坊公共運輸交滙處 Yue Man Square Public Transport Interchange,Kwun Tong Central,觀塘裕民坊 Kwun Tong (Yue Man Square),(Sai Kung and Hang Hau) 康盛花園小巴總站 Hong Sing Garden Minibus Terminus,(Sai Kung and Hang Hau) 茅湖仔村 Mau Wu Tsai Village,(Sai Kung and Hang Hau) 獅子會青年會將軍澳青年營 Lions YMCA Junk Bay Youth Camp,"(Tseung Kwan O South) 靈實路，靈實醫院外 Haven of Hope Road, outside Haven of Hope Hospital",(Sai Kung and Hang Hau) 獅子會青年會將軍澳青年營 Lions YMCA Junk Bay Youth Camp,(Sai Kung and Hang Hau) 茅湖仔村 Mau Wu Tsai Village,(Sai Kung and Hang Hau) 康盛花園小巴總站 Hong Sing Garden Minibus Terminus,(Sai Kung and Hang Hau) 茅湖仔 Mau Wu Tsai,"(Sai Kung and Hang Hau) 寶琳路，近馬游塘 Po Lam Road, near Ma Yau Tong","(Kwun Tong North) 寶琳路，寶達邨外 Po Lam Road, outside Po Tat Estate","(Kwun Tong North) 秀茂坪道，近寶達邨達祥樓 Sau Mau Ping Road, near Tat Cheung House, Po Tat Estate","(Kwun Tong North) 曉光街，秀茂坪南邨外 Hiu Kwong Street, Opposite Sau Mau Ping South Estate","(Kwun Tong Central) 曉光街，近曉光街草坪公園 Hiu Kwong Street, near Hiu Kwong Street Park Strip","(Kwun Tong North) 曉光街，近曉光閣 Hiu Kwong Street, near Hiu Kwong Court","(Kwun Tong Central) 曉光街，近曉麗苑曉順閣 Hiu Kwong Street, near Hiu Shun House, Hiu Lai Court","(Kwun Tong Central) 協和街，近曉光街體育館 Hip Wo Street, near Hiu Kwong Street Sports Centre","(Kwun Tong Central) 協和街，近和樂邨長安樓 Hip Wo Street, near Cheung On House, Wo Lok Estate","(Kwun Tong Central) 協和街，近月華街遊樂場洗手間 Hip Wo Street, near Yuet Wah Street Playground's Toilet, Yuet Wah Street Playground",(Kwun Tong Central) 裕民坊公共運輸交滙處 Yue Man Square Public Transport Interchange,,,,,,,,,,,,,,,,,,,,,,,,,,,,
43M,CMPattern_GMBBus43M_5872,4.5,2.769000894,Yau Tsim Mong South > Yau Tsim Mong North,FALSE,"海泓道，富榮花園外 Hoi Wang Road, outside Charming Garden",Yau Tsim Mong South,旺角柏景灣總站 Mong Kok (Park Avenue) Bus Terminus,Yau Tsim Mong North,旺角柏景灣 Mong Kok (Park Avenue),"(Yau Tsim Mong South) 海泓道，富榮花園外 Hoi Wang Road, outside Charming Garden","(Yau Tsim Mong South) 砵蘭街，近油麻地站 Portland Street, near Yau Ma Tei Station",(Yau Tsim Mong South) 上海街近永星里 Shanghai Street near Wing Sing Lane,"(Yau Tsim Mong South) 甘肅街，油麻地街市外 Kansu Street, outside Yau Ma Tei Market",(Yau Tsim Mong South) 欣翔道，近渡船街 Yan Cheung Road near Ferry Street,"(Yau Tsim Mong South) 海泓道，富榮花園外 Hoi Wang Road, outside Charming Garden",(Yau Tsim Mong North) 旺角柏景灣總站 Mong Kok (Park Avenue) Bus Terminus,,,,,,,,,,,,,,,,,,,,,,,,,,,,,,,,,,,,,,,,
58,CMPattern_GMBBus58_5881,7.5,5.842923752,Southern District Northwest,FALSE,"大口環道，大口環根德公爵夫人兒童醫院 Sandy Bay Road, The Duchess of Kent Children’s Hospital",Southern District Northwest,"湖南街，安泰大廈外 Wu Nam Street, outside On Tai Building",Southern District Northwest,香港仔湖南街 Aberdeen (Wu Nam Street),"(Southern District Northwest) 大口環道，大口環根德公爵夫人兒童醫院 Sandy Bay Road, The Duchess of Kent Children’s Hospital","(Southern District Northwest) 沙灣徑，麥理浩復康院 Sha Wan Drive, Maclehose Medical Rehabilitation Centre","(Southern District Northwest) 數碼港道數碼港商場停車處對面 The Layby at Cyberport Road Opposite To The Arcade, Cyberport","(Southern District Northwest) 數碼港道，數碼港3座對面 Cyberport Road, Opposite Cyberport 3","(Southern District Northwest) 數碼港道，貝沙灣1期對面 Cyperport Road, Opposite Bel-Air Phase 1","(Southern District Northwest) 數碼港道，近貝沙灣6期 Tower 7 Cyberport Road, near Bel-Air No. 8 Tower 7","(Southern District Northwest) 域多利道，域多利道分區電力站對面 Victoria Road, Opposite Victoria Road Zone Sub-Station","(Southern District Northwest) 域多利道，近華翠街 Victoria Road, near Wah Tsui Street","(Southern District Northwest) 華康街，聖保羅書院小學 Wah Hong Street, St. Paul's College Primary School",(Southern District Northwest) 石排灣道53號 No. 53 Shek Pai Wan Road,(Southern District Northwest) 田灣街 Tin Wan Street,"(Southern District Northwest) 湖南街，安泰大廈外 Wu Nam Street, outside On Tai Building",,,,,,,,,,,,,,,,,,,,,,,,,,,,,,,,,,,
23M,CMPattern_GMBBus23M_1_5864,7.1,4.370083554,Western > Central > Southern District Northwest,FALSE,堅尼地城站 Kennedy Town Station,Western,"置富徑，置富花園 Chi Fu Close, Chi Fu Fa Yuen",Southern District Northwest,置富花園 Chi Fu Fa Yuen,(Western) 堅尼地城站 Kennedy Town Station,"(Western) 士美非路 12r 號 Smithfield, House No. 12r","(Central) 薄扶林道，薄扶林道遊樂場 Pok Fu Lam Road, Pok Fu Lam Road Playground","(Southern District Northwest) 薄扶林道，瑪麗醫院 Pok Fu Lam Road, Queen Mary Hospital","(Southern District Northwest) 薄扶林道，心光學校 Ebenezer School, Pok Fu Lam Road","(Southern District Northwest) 薄扶林道，薄扶林水塘道 Pok Fu Lam Reservoir Road, Pok Fu Lam Road","(Southern District Northwest) 薄扶林道，薄扶林村 Pok Fu Lam Village, Pok Fu Lam Road",(Southern District Northwest) 富明苑 Fu Ming Yuen,(Southern District Northwest) 富俊苑 Fu Chun Yuen,"(Southern District Northwest) 置富道第10座外 Chi Fu Road, outside Block No. 10",(Southern District Northwest) 雅緻洋房 Yat Chee Villas,"(Southern District Northwest) 置富徑，置富花園 Chi Fu Close, Chi Fu Fa Yuen",,,,,,,,,,,,,,,,,,,,,,,,,,,,,,,,,,,
91A,CMPattern_CM_GMBBus_91a_6408,6.2,4.897365436,Kwai Chung West > Kwai Chung East > Kwai Chung West > Kwai Chung East,FALSE,"荔崗街，浩景臺3座對面 Lai Kong Street, Opposite Block 3, Highland Park",Kwai Chung West,"興寧路，近新都會廣場 Hing Ning Road, near Metroplaza",Kwai Chung East,葵芳站 Kwai Fong Station,"(Kwai Chung West) 荔崗街，浩景臺3座對面 Lai Kong Street, Opposite Block 3, Highland Park","(Kwai Chung West) 荔崗街，浩景臺1座對面 Lai Kong Street, Opposite Block 1, Highland Park",(Kwai Chung West) 瑪嘉烈醫院荔景大樓 Princess Margaret Hospital Lai King Building,"(Kwai Chung West) 荔枝嶺路，紀律部隊宿舍外 Lai Chi Ling Road, outside Disciplined Services Quarters","(Kwai Chung West) 荔枝嶺路，翠瑤苑對面 Lai Chi Ling Road, Opposite Tsui Yiu Court","(Kwai Chung East) 華瑤路，葵涌循道中學對面 Wah Yiu Road, Opposite Kwai Chung Methodist College","(Kwai Chung East) 華瑤路，麗瑤邨樂瑤樓外 Wah Yiu Road, outside Lok Yiu House, Lai Yiu Estate","(Kwai Chung East) 麗瑤街，麗瑤邨富瑤樓對面 Lai Yiu Street, Opposite Fu Yiu House, Lai Yiu Estate",(Kwai Chung East) 麗瑤邨榮瑤樓 Wing Yiu House Lai Yiu Estate,"(Kwai Chung West) 麗祖路，下葵涌分科診所及特殊教育服務中心對面 Lai Cho Road, Opposite H.K.C. Ha Kwai Chung Polyclinic & Special Education Centre",(Kwai Chung West) 悅麗苑麗虹閣 Lai Hung House Yuet Lai Court,"(Kwai Chung West) 麗祖路，近悅麗苑麗華閣 Lai Cho Road, near Lai Wah House, Yuet Lai Court","(Kwai Chung West) 麗祖路，近祖堯邨啓敬樓 Lai Cho Road, near Kai King Lau, Cho Yiu Chuen","(Kwai Chung West) 念祖街，祖堯邨啟廉樓外 Lim Cho Street, outside Kai Lim House, Cho Yiu Chuen","(Kwai Chung West) 景祖路，祖堯邨商場外 King Cho Road, Cho Yiu Estate Commercial Centre","(Kwai Chung West) 敬祖路，製衣業訓練中心外 King Cho Road, outside Clothing Industry Training Centre","(Kwai Chung West) 荔景山路，荔景站外 Lai King Hill Road, outside Lai King Station","(Kwai Chung West) 荔景山路，日景樓外 Lai King Hill Road, outside Yat King House","(Kwai Chung West) 荔景山路，和景樓外 Lai King Hill Road, outside Wo King House","(Kwai Chung West) 荔景山路，荔景天主教中學外 Lai King Hill Road, outside Lai King Catholic Secondary School","(Kwai Chung East) 興寧路，近新都會廣場 Hing Ning Road, near Metroplaza",,,,,,,,,,,,,,,,,,,,,,,,,,(大埔區) 大埔墟站專線小巴總站
89A,CMPattern_CM_GMBBus_89a_5330,6.1,5.051314595,Kwun Tong North > Kwun Tong West,FALSE,"安茵街，近智泰樓 On Yan Street, near Chi Tai House",Kwun Tong North,牛頭角總站 Ngau Tau Kok Bus Terminus,Kwun Tong West,牛頭角總站 Ngau Tau Kok Bus Terminus,"(Kwun Tong North) 安茵街，近智泰樓 On Yan Street, near Chi Tai House","(Kwun Tong North) 安秀道，安泰邨錦泰樓對面 On Sau Road, Opposite Kam Tai House","(Kwun Tong North) 安秀道，安達邨愛達樓出面 On Sau Road, near Oi Tat House","(Kwun Tong North) 安秀道，安達邨正達樓出面 On Chui Street, outside Ching Tat House","(Kwun Tong North) 寶琳路，寶達邨外 Po Lam Road, outside Po Tat Estate","(Kwun Tong North) 秀茂坪道，秀明小學外 Sau Mau Ping Road, outside Sau Ming Primary School","(Kwun Tong North) 秀茂坪道，秀康樓外 Sau Mau Ping Road, outside Sau Hong House","(Kwun Tong North) 秀茂坪道，秀義樓外 Sau Mau Ping Road, outside Sau Yee House","(Kwun Tong North) 秀茂坪道，寧波第二中學對面 Sau Mau Ping Road, Opposite Ning Po No. 2 College","(Kwun Tong West) 康寧道，高雷中學外 Hong Ning Road, outside Ko Lui Secondary School","(Kwun Tong West) 康寧道，秀茂坪紀律部隊宿舍外 Hong Ning Road, outside Sau Mau Ping Disciplined Services Quarters",(Kwun Tong West) 振華道樂華社區中心 Chun Wah Road Lok Wah Estate Community Centre,(Kwun Tong West) 樂雅苑 Lok Nga Court,(Kwun Tong West) 牛頭角總站 Ngau Tau Kok Bus Terminus,,,,,,,,,,,,,,,,,,,,,,,,,,,,,,,,,
807K,CMPattern_CM_GMBBus_807k_7583,9.3,5.713010334,Tai Po North > Sha Tin North,FALSE,井頭小巴總站 Tseng Tau Minibus Terminus,Tai Po North,海栢花園公共運輸交滙處 Bayshore Towers Public Transport Interchange,Sha Tin North,馬鞍山站海栢花園 Ma On Shan Station (Bayshore Towers),(Tai Po North) 井頭小巴總站 Tseng Tau Minibus Terminus,(Tai Po North) 大洞 Tai Tung,(Tai Po North) 輋下 Che Ha,"(Tai Po North) 西沙路近泥涌 Sai Sha Road, near Nai Chung",(Tai Po North) 泥涌 Nai Chung,"(Tai Po North) 西沙路近西澳 Sai Sha Road, near Sai O","(Tai Po North) 西沙路，近帝琴灣凱琴居六座 Sai Sha Road, near Symphony Bay, Villa Rhapsody Block 6, Symphony Bay Villa Rhapsody",(Sha Tin North) 烏溪沙站巴士總站 Wu Kai Sha Station Bus Terminus,"(Sha Tin North) 未命名通道，近利安邨利榮樓 Unnamed Access Road, near Lee Wing House, Lee On Estate","(Sha Tin North) 西沙路南行綫，雅典居對面 Sai Sha Road Southbound, Opposite Villa Athena",(Sha Tin North) 海栢花園公共運輸交滙處 Bayshore Towers Public Transport Interchange,,,,,,,,,,,,,,,,,,,,,,,,,,,,,,,,,,,,
87,CMPattern_CM_GMBBus_87_9004,5.4,3.587458839,Kwai Chung East > Kwai Chung West > Tsuen Wan Southeast,FALSE,"盛芳街，近協德大廈 Shing Fong Street, near Hip Tak Building",Kwai Chung East,"鹹田街，近荃灣石壁遷置村遊樂場 Ham Tin Street, near Shek Pik Resettlers' Playground, Tsuen Wan",Tsuen Wan Southeast,荃灣鹹田街 Tsuen Wan (Ham Tin Street),"(Kwai Chung East) 盛芳街，近協德大廈 Shing Fong Street, near Hip Tak Building",(Kwai Chung West) 香港專業教育學院（葵涌） Hong Kong Institute of Vocational Education (Kwai Chung),(Kwai Chung West) 葵盛東邨盛樂樓 Shing Lok House Kwai Shing East Estate,(Kwai Chung West) 葵聯邨聯悅樓 Luen Yuet House Kwai Luen Estate,"(Kwai Chung West) 葵盛圍，近南葵涌賽馬會分科診療所 Kwai Shing Circuit, near South Kwai Chung Jockey Club Polyclinic","(Kwai Chung West) 葵盛圍，近葵盛游泳池香港 ISSF 氣槍射擊中心 Kwai Shing Circuit, near Hong Kong ISSF Air Gun Shooting Centre, Kwai Shing Swimming Pool","(Kwai Chung West) 葵福路，晉昇工廠大廈外 Kwai Fuk Road, outside Chun Shing Factory Estate","(Tsuen Wan Southeast) 楊屋道，近樂悠居 Yeung Uk Road, near Indi Home","(Tsuen Wan Southeast) 聯仁街，寶石大廈3座外 Luen Yan Street, outside Block 3, Bo Shek Mansion","(Tsuen Wan Southeast) 沙咀道，寶石大廈外 Sha Tsui Road, outside Bo Shek Mansion","(Tsuen Wan Southeast) 鹹田街，寶石大廈3座外 Ham Tin Street, outside Block 3, Bo Shek Mansion","(Tsuen Wan Southeast) 鹹田街，近荃灣石壁遷置村遊樂場 Ham Tin Street, near Shek Pik Resettlers' Playground, Tsuen Wan",,,,,,,,,,,,,,,,,,,,,,,,,,,,,,,,,,,
29A,CMPattern_CM_GMBBus_29a_1_8023,5.7,4.272625235,Kowloon City North,TRUE,九龍塘沙福道公共交通交滙處 Kowloon Tong Suffolk Road Public Transport Interchange,Kowloon City North,九龍塘沙福道公共交通交滙處 Kowloon Tong Suffolk Road Public Transport Interchange,Kowloon City North,九龍塘沙福道公共運輸交滙處 - 廣播道（循環綫） Kowloon Tong (Suffolk Road) Public Transport Interchange - Broadcast Drive (Circular),(Kowloon City North) 九龍塘沙福道公共交通交滙處 Kowloon Tong Suffolk Road Public Transport Interchange,"(Kowloon City North) 歌和老街，歌和台外 Cornwall Street, outside Cornwall Terrace",(Kowloon City North) 聯合道322號 No. 322 Junction Road,"(Kowloon City North) 聯合道，九龍國際浸信會外 Junction Road, outside Kowloon International Baptist Church",(Kowloon City North) 逸瓏 One Mayfair,"(Kowloon City North) 廣播道，香港電台電視大廈外 Broadcast Drive, outside Radio Television Hong Kong Television House",(Kowloon City North) 紹邦樓 Shiu Pong Hall,"(Kowloon City North) 廣播道，香港電台廣播大廈對面 Broadcast Drive, Opposite Radio Hong Kong Broadcasting House","(Kowloon City North) 廣播道，雅麗園 B 座外 Broadcast Drive, outside Block B, Alice Court","(Kowloon City North) 廣播道，星輝豪庭外 Broadcast Drive, outside Peninsular Heights",(Kowloon City North) 廣播道近馬可尼道 Broadcast Drive near Marconi Road,"(Kowloon City North) 聯合道，香港浸會大學網球場外 Junction Road, outside Hong Kong Baptist University Tennis Court","(Kowloon City North) 聯合道，金城道遊樂場對面 Junction Road, Opposite Kam Shing Road Recreation Ground","(Kowloon City North) 九龍塘站根德道出口對面 Kowloon Tong Station, Opposite Kent Road Exit",(Kowloon City North) 九龍塘沙福道公共交通交滙處 Kowloon Tong Suffolk Road Public Transport Interchange,,,,,,,,,,,,,,,,,,,,,,,,,,,,,,,,
82,CMPattern_CM_GMBBus_82_1_8773,6.2,4.699462771,Tsuen Wan Southeast,FALSE,"兆和街，近永安樓 Shiu Wo Street, near Wing On House",Tsuen Wan Southeast,"城門道，近城門郊野公園遊客中心 Shing Mun Road, near Shing Mun Country Park Visitor Centre",Tsuen Wan Southeast,城門水塘 Shing Mun Reservoir,"(Tsuen Wan Southeast) 兆和街，近永安樓 Shiu Wo Street, near Wing On House",(Tsuen Wan Southeast) 石圍角邨石蓮樓 Shek Lin House Shek Wai Kok Estate,"(Tsuen Wan Southeast) 石圍角路，近石圍角邨石葵樓 Shek Wai Kok Road, near Shek Kwai House, Shek Wai Kok Estate",(Tsuen Wan Southeast) 東普陀 Tung Po To,"(Tsuen Wan Southeast) 三棟屋路，近陳氏家祠三棟屋村村公所 Sam Tung Uk Road, near Sam Tung Uk Resite Village Tsz Tong",(Tsuen Wan Southeast) 和宜合交滙處 Wo Yi Hop Interchange,"(Tsuen Wan Southeast) 和宜合道，嗇色園可風中學外 Wo Yi Hop Road, outside Ho Fung College Sponsored By Sik Sik Yuen",(Tsuen Wan Southeast) 和宜合村 Wo Yi Hop Village,"(Tsuen Wan Southeast) 城門道，近城門郊野公園遊客中心 Shing Mun Road, near Shing Mun Country Park Visitor Centre",,,,,,,,,,,,,,,,,,,,,,,,,,,,,,,,,,,,,,
52K,CMPattern_CM_GMBBus_52k_6085,7.4,7.779676907,Robin’s Nest > Wu Tip Shan,FALSE,坪洋村 Ping Yeung Tsuen,Robin’s Nest,粉嶺站專綫小巴總站 Public Light Bus (Scheduled) Service Terminus at Fanling Station,Wu Tip Shan,粉嶺站 Fanling Station,(Robin’s Nest) 坪洋村 Ping Yeung Tsuen,(Robin’s Nest) 坪洋公立學校 Ping Yeung Public School,(Robin’s Nest) 坪輋隔田 Ping Che Kat Tin,(Robin’s Nest) 坪輋花園 Ping Che Garden,(Robin’s Nest) 香港浸會園 Hong Kong Baptist Assembly,(Wu Tip Shan) 孔嶺村 Hung Leng Tsuen,"(Wu Tip Shan) 流水響，沙頭角公路 Lau Shui Heung, Sha Tau Kok Road",(Wu Tip Shan) 沙頭角路近軍地 Sha Tau Kok Road near Kwan Tei,(Wu Tip Shan) 新圍軍營 San Wai Barracks,"(Wu Tip Shan) 新屋村／覲龍圍，沙頭角公路 San Uk Tsuen / Kan Lung Wai, Sha Tau Kok Road",(Wu Tip Shan) 御庭軒 Grand Regentville,"(Wu Tip Shan) 聯和道，聯和墟街市外 Luen Wo Road, outside Luen Wo Hui Market","(Wu Tip Shan) 新運路，祥華邨祥頌樓外 San Wan Road, outside Cheung Chung House, Cheung Wah Estate",(Wu Tip Shan) 粉嶺站專綫小巴總站 Public Light Bus (Scheduled) Service Terminus at Fanling Station,,,,,,,,,,,,,,,,,,,,,,,,,,,,,,,,,
90A,CMPattern_CM_GMBBus_90a_6017,5.5,5.439877843,Kwun Tong Southeast > Kwun Tong Central > Kowloon City North,FALSE,"油麗邨翠麗樓外小巴站 GMB Stop outside Tsui Lai House, Yau Lai Estate",Kwun Tong Southeast,香港兒童醫院 Hong Kong Childrens Hospital,Kowloon City North,香港兒童醫院 Hong Kong Childrens Hospital,"(Kwun Tong Southeast) 油麗邨翠麗樓外小巴站 GMB Stop outside Tsui Lai House, Yau Lai Estate",(Kwun Tong Southeast) 聖公會油塘基顯小學 s. K. H. Yautong Kei Hin Primary School,"(Kwun Tong Southeast) 茶果嶺道，榮山工業大廈外 Cha Kwo Ling Road, outside Wing Shan Industrial Building","(Kwun Tong Southeast) 茶果嶺道，茶果嶺鄉民聯誼會對面 Cha Kwo Ling Road, Opposite Cha Kwo Ling Village Fraternity Association","(Kwun Tong Southeast) 茶果嶺道，茶果嶺鄉診所對面 Cha Kwo Ling Road, Opposite Cha Kwo Ling Village Clinic","(Kwun Tong Central) 茶果嶺道，嘉慶樓對面 Cha Kwo Ling Road, Opposite Kar Hing Building","(Kwun Tong Central) 偉業街，麗港城對面 Wai Yip Street, Opposite Laguna City",(Kwun Tong Central) 海濱道近觀塘公眾碼頭 Hoi Bun Road near Kwun Tong Public Pier,(Kwun Tong Central) 海濱道門牌139號對面 Hoi Bun Road Opposite To House No. 139,(Kwun Tong Central) 海濱道 One Bay East 對面 Hoi Bun Road Opposite To One Bay East,(Kowloon City North) 香港兒童醫院 Hong Kong Childrens Hospital,,,,,,,,,,,,,,,,,,,,,,,,,,,,,,,,,,,,
15,CMPattern_CM_GMBBus_15_1_8616,5.2,6.22572351,Tseung Kwan O North > Sai Kung and Hang Hau,FALSE,"寶寧路，近將軍澳醫院 Po Ning Road, near Tseung Kwan O Hospital",Tseung Kwan O North,康盛花園小巴總站 Hong Sing Garden Minibus Terminus,Sai Kung and Hang Hau,康盛 Hong Sing,"(Tseung Kwan O North) 寶寧路，近將軍澳醫院 Po Ning Road, near Tseung Kwan O Hospital","(Tseung Kwan O North) 寶寧路，將軍澳醫院對面 Po Ning Road, Opposite Tseung Kwan O Hospital","(Tseung Kwan O North) 重華路，東港城第6座對面 Chung Wa Road, Opposite Block 6, East Point City","(Tseung Kwan O North) 培成路，近保良局馮晴紀念小學 Pui Shing Road, near Po Leung Kuk Fung Ching Memorial Primary School","(Tseung Kwan O North) 寶寧路，厚德邨外 Po Ning Road, outside Hau Tak Estate",(Tseung Kwan O North) 景林邨 King Lam Estate,"(Tseung Kwan O North) 欣景路，近新都城第二期第四座 Yan King Road, near Metro City Phase 2 Block 4","(Tseung Kwan O North) 寶琳北路，樂善堂劉德小學外 Po Lam Road North, outside Lok Sin Tong Lau Tak Primary School","(Tseung Kwan O North) 寶琳北路，寶琳邨寶仁樓外 Po Lam Road North, outside Po Yan House, Po Lam Estate","(Sai Kung and Hang Hau) 翠林邨翠林體育館 Tsui Lam Sports Centre, Tsui Lam Estate","(Sai Kung and Hang Hau) 寶琳北路，翠林邨對面 Po Lam Road North, near Tsui Lam Estate",(Sai Kung and Hang Hau) 康盛花園小巴總站 Hong Sing Garden Minibus Terminus,,,,,,,,,,,,,,,,,,,,,,,,,,,,,,,,,,,
38,CMPattern_CM_GMBBus_38_8802,9,7.709253885,Yuen Long Town Centre > Yuen Long Rural East,FALSE,"福康街，金寶樓外小巴總站 Fook Hong Street Public Light Bus Terminus, outside Kam Po Building",Yuen Long Town Centre,"竹攸路，近香港政府環境保護署牛潭尾堆肥廠 Chuk Yau Road, near Hong Kong Government Environmental Protection Department Ngau Tam Mei Composting Plant",Yuen Long Rural East,攸潭尾西近何生農場 Ha Chuk Yuen (near Ho Sang Farm),"(Yuen Long Town Centre) 福康街，金寶樓外小巴總站 Fook Hong Street Public Light Bus Terminus, outside Kam Po Building",(Yuen Long Town Centre) 青山公路元朗段61號 No. 61 Castle Peak Road-Yuen Long,(Yuen Long Town Centre) 元朗站 Yuen Long Station,(Yuen Long Rural East) 東成里 Tung Shing Lei,"(Yuen Long Rural East) 青山公路－潭尾段，近元朗菜聯聯誼會有限公司天光墟蔬菜批發市場 Castle Peak Road – Tam Mi, near Yuen Long Vegetable Union Association Limited Temporary Vegetable Wholesale Market","(Yuen Long Rural East) 青山公路－潭尾段，近 Park Yoho Castle Peak Road – Tam Mi, near Park Yoho","(Yuen Long Rural East) 青山公路－潭尾段，近沙埔污水泵房 Castle Peak Road – Tam Mi, near Sha Po Sewage Pumping Station",(Yuen Long Rural East) 青山公路－潭尾段，近金翠軒 Castle Peak Road – Tam Mi,"(Yuen Long Rural East) 青山公路－潭尾段，近雅麗花園 Castle Peak Road – Tam Mi, near Elite Garden","(Yuen Long Rural East) 青山公路，近悅富豪苑 Castle Peak Road, near Merry Garden","(Yuen Long Rural East) 青山公路，近首譽 Castle Peak Road, near Meister House","(Yuen Long Rural East) 新潭路，近怡安苑1座 San Tam Road, near Ian Court Block 1","(Yuen Long Rural East) 新潭路，近加多利園1 San Tam Road, near Kadoorie Villas 1",(Yuen Long Rural East) 上竹園1號 1 Sheung Chuk Yuen,"(Yuen Long Rural East) 竹攸路，近康泰護老院 Chuk Yau Road, near Hongtai Home For The Aged",(Yuen Long Rural East) 西華路 Sai Wah Road,"(Yuen Long Rural East) 竹攸路，近香港政府環境保護署牛潭尾堆肥廠 Chuk Yau Road, near Hong Kong Government Environmental Protection Department Ngau Tam Mei Composting Plant",,,,,,,,,,,,,,,,,,,,,,,,,,,,,,
94A,CMPattern_CM_GMBBus_94a_9435,7.2,7.305197198,Tsuen Wan Southeast > Kwai Chung East > Kwai Chung West > Kwai Chung East > Tsuen Wan Southeast,TRUE,梨木樹邨公共運輸交滙處 Lei Muk Shue Estate Public Transport Interchange,Tsuen Wan Southeast,梨木樹邨公共運輸交滙處 Lei Muk Shue Estate Public Transport Interchange,Tsuen Wan Southeast,梨木樹邨公共運輸交滙處 - 葵富路（循環綫） Lei Muk Shue Estate Public Transport Interchange - Kwai Foo Road (Circular),(Tsuen Wan Southeast) 梨木樹邨公共運輸交滙處 Lei Muk Shue Estate Public Transport Interchange,(Kwai Chung East) 和宜合道伍若瑜夫人健康院外 Wo Yi Hop Road outside Mrs Wu York Yu Health Centre,"(Kwai Chung East) 和宜合道，北葵涌賽馬會公眾泳池外 Wo Yi Hop Road, outside North Kwai Chung Jockey Club Public Swimming Pool",(Kwai Chung East) 昌榮路同珍醬園外 Cheung Wing Road outside Tung Chun Canning and Soy Limited,(Kwai Chung East) 葵涌道成美工業大廈外 Kwai Chung Road outside Sing Mei Industrial Building,"(Kwai Chung East) 葵涌道，豪華工業大廈外 Kwai Chung Road, outside Hover Industrial Building","(Kwai Chung East) 葵涌道，近富都工業大廈 Kwai Chung Road, near Fabrico Industrial Building",(Kwai Chung East) 葵芳邨 Kwai Fong Estate,(Kwai Chung East) 葵涌道葵芳邨對面的巴士站 Kwai Chung Road at The Bus Stop Opposite To Kwai Fong Estate,"(Kwai Chung East) 葵富路，近新葵芳花園 E 座 Kwai Foo Road, near New Kwai Fong Gardens Block E",(Kwai Chung East) 智芳街 Che Fong Street,"(Kwai Chung West) 興芳路，近林士德體育館 Hing Fong Road, near Osman Ramju Sadick Memorial Sports Centre",(Kwai Chung West) 葵興站 Kwai Hing Station,"(Kwai Chung West) 葵興路，近葵興邨興福樓 Kwai Hing Road, near Hing Fuk House, Kwai Hing Estate","(Kwai Chung West) 禾塘咀街，近萬成大廈 Wo Tong Tsui Street, near Man Shing Building","(Kwai Chung East) 青山公路－葵涌段，近名賢大樓 Castle Peak Road – Kwai Chung, near Ming Yin Building","(Kwai Chung East) 和宜合道，近打磚坪街 Wo Yi Hop Road, near Tai Chuen Ping Street",(Kwai Chung East) 和宜合道，75-87號 No. 75-87 Wo Yi Hop Road,"(Kwai Chung East) 和宜合道，捷德工廠大廈外 Wo Yi Hop Road, outside Chip Tak Weaving Factory Building","(Kwai Chung East) 和宜合道，達利中心外 Wo Yi Hop Road, outside Riley House","(Kwai Chung East) 和宜合道，華寶工業大廈外 Wo Yi Hop Road, outside Grand Industrial Building","(Tsuen Wan Southeast) 和宜合道，北葵涌賽馬會公眾泳池對面 Wo Yi Hop Road, Opposite North Kwai Chung Jockey Club Public Swimming Pool","(Tsuen Wan Southeast) 和宜合道，伍若瑜夫人健康院對面 Wo Yi Hop Road, Opposite Mrs. Wu York Yu Health Centre",(Tsuen Wan Southeast) 梨木樹邨公共運輸交滙處 Lei Muk Shue Estate Public Transport Interchange,,,,,,,,,,,,,,,,,,,,,,,
26A,CMPattern_CM_GMBBus_26a_8747,7.9,11.78911452,Tai Po North > Tai Po South > Tai Po North,TRUE,露屏路公共交通交滙處 Lo Ping Road Public Transport Interchange,Tai Po North,露屏路公共交通交滙處 Lo Ping Road Public Transport Interchange,Tai Po North,香港教育大學 - 大埔墟廣福道（循環綫） The Education University of Hong Kong - Tai Po Market (Kwong Fuk Road) (Circular),(Tai Po North) 露屏路公共交通交滙處 Lo Ping Road Public Transport Interchange,(Tai Po North) 大富街 Dai Fu Street,(Tai Po North) 大利街 Dai Li Street,(Tai Po North) 大鵬街 Dai Pang Street,(Tai Po North) 大埔工業邨總站 Tai Po Industrial Estate Bus Terminus,(Tai Po North) 大昌街 Dai Cheong Street,(Tai Po North) 大富街 Dai Fu Street,(Tai Po North) 大宏街 Dai Wang Street,"(Tai Po North) 汀角路，李錦記有限公司外 Ting Kok Road, outside Lee Kum Kee Company Limited",(Tai Po North) 魚角 Yue Kok,"(Tai Po North) 汀角路，救恩書院外 Ting Kok Road, outside Kau Yan College","(Tai Po North) 汀角路，怡雅苑怡厚閣外 Ting Kok Road, outside Yee Hau House, Yee Nga Court","(Tai Po North) 南運路，新興花園外 Nam Wan Road, outside Sun Hing Garden","(Tai Po North) 大埔太和路，大埔中心對面 Tai Po Tai Wo Road, Opposite Tai Po Centre","(Tai Po South) 寶鄉橋, 六鄉新村公立學校對面 Po Heung Bridge, Opposite Luk Heung San Tsuen Public School",(Tai Po South) 廣福道71號 71 Kwong Fuk Road,(Tai Po South) 廣福道119號 No. 119 Kwong Fuk Road,"(Tai Po South) 廣福道，運頭角里 Kwong Fuk Road, Wan Tau Kok Lane","(Tai Po South) 大埔公路，廣福邨外 Tai Po Road, outside Kwong Fuk Estate",(Tai Po South) 王肇枝中學 Wong Shiu Chi Secondary School,(Tai Po South) 廣福道 Kwong Fuk Road,"(Tai Po South) 寶鄉街，近寶鄉橋 Po Heung Street, near Po Heung Bridge","(Tai Po North) 大埔太和路，大埔中心外 Tai Po Tai Wo Road, outside Tai Po Centre","(Tai Po North) 南運路，大埔中心第十七座外 Nam Wan Road, outside Block 17, Tai Po Centre","(Tai Po North) 汀角路，中華聖潔會靈風中學外 Ting Kok Road, outside China Holiness Church Living Spirit College",(Tai Po North) 大發街 Dai Fat Street,,,,,,,,,,,,,,,,,,,,,
65A,CMPattern_CM_GMBBus_65a_7577,6.5,5.376959439,Sha Tin West > Sha Tin East,FALSE,沙田站公共運輸交滙處 Shatin Station Public Transport Interchange,Sha Tin West,黃泥頭巴士總站 Wong Nai Tau Bus Terminus,Sha Tin East,黃泥頭 Wong Nai Tau,(Sha Tin West) 沙田站公共運輸交滙處 Shatin Station Public Transport Interchange,"(Sha Tin East) 大涌橋路，近河畔花園 Tai Chung Kiu Road, near Garden Rivera","(Sha Tin East) 大涌橋路，富豪花園對面 Tai Chung Kiu Road, Opposite Belair Gardens","(Sha Tin East) 小瀝源路，小瀝源路遊樂場外 Siu Lek Yuen Road, outside Siu Lek Yuen Road Playground","(Sha Tin East) 小瀝源路，近小瀝源路遊樂場 Siu Lek Yuen Road, near Siu Lek Yuen Road Playground","(Sha Tin East) 安明街，石門站外 On Ming Street, outside Shek Mun Station","(Sha Tin East) 安明街，石門站對面 On Ming Street, Opposite Shek Mun Station",(Sha Tin East) 歷奇單車場 Adventure Cycling Area,(Sha Tin East) 綠怡雅苑 Greenhill Villa,(Sha Tin East) 帝堡城 Castello,(Sha Tin East) 黃泥頭巴士總站 Wong Nai Tau Bus Terminus,,,,,,,,,,,,,,,,,,,,,,,,,,,,,,,,,,,,
5M,CMPattern_CM_GMBBus_5m_1_7850,5.3,3.439675342,Kowloon City South > Yau Tsim Mong North > Kowloon City South,TRUE,"學餘里，近樂園 Hok Yu Lane, near Happy Court",Kowloon City South,"學餘里，近樂園 Hok Yu Lane, near Happy Court",Kowloon City South,窩打老道山學餘里 - 旺角站（循環綫） Waterloo Hill (Hok Yu Lane) - Mong Kok Station (Circular),"(Kowloon City South) 學餘里，近樂園 Hok Yu Lane, near Happy Court",(Kowloon City South) 新法書院 New Method College,"(Kowloon City South) 文運道，近文星樓 Man Wan Road, near Star Court","(Kowloon City South) 培正道，近香港培正小學梁泳釗樓 Pui Ching Road, near Leung Wing Chiu Building, Pui Ching Primary School","(Kowloon City South) 梭椏道，近梭椏園 Soares Avenue, near Soares Garden","(Kowloon City South) 亞皆老街98號 No. 98 Argyle Street, near Peace Avenue",(Yau Tsim Mong North) 亞皆老街62號 No. 62 Argyle Street,"(Yau Tsim Mong North) 西洋菜南街，近旺角城市中心 Sai Yeung Choi Street South, near Mongkok City Centre",(Yau Tsim Mong North) 奶路臣街 Nelson Street,(Yau Tsim Mong North) 通菜街 Tung Choi Street,"(Kowloon City South) 培正道，近培正道遊樂場 Pui Ching Road, near Pui Ching Road Playground","(Kowloon City South) 文福道，近冠華園 B 座 Man Fuk Road, near Cambridge Court Block B","(Kowloon City South) 學餘里，近樂園 Hok Yu Lane, near Happy Court",,,,,,,,,,,,,,,,,,,,,,,,,,,,,,,,,,
32,CMPattern_CM_GMBBus_32_1_8750,6.4,5.971870997,Yuen Long Town Centre > Tin Shui Wai South and Ping Ha > Yuen Long Rural East > Tin Shui Wai South and Ping Ha > Yuen Long Rural East,FALSE,元朗站（北）公共運輸交滙處 Yuen Long Station (North) Public Transport Interchange,Yuen Long Town Centre,"丹桂村路，近玉桂園第1座 Tan Kwai Tsuen Road, near Osmanthus Gardens Block 1",Yuen Long Rural East,丹桂村 Tan Kwai Tsuen,(Yuen Long Town Centre) 元朗站（北）公共運輸交滙處 Yuen Long Station (North) Public Transport Interchange,"(Yuen Long Town Centre) 康景街，近利景樓 Hong King Street, near Lee King Building",(Yuen Long Town Centre) 元朗警署 Yuen Long Police Station,(Tin Shui Wai South and Ping Ha) 水邊村 Shui Pin Tsuen,(Tin Shui Wai South and Ping Ha) 元朗公園 Yuen Long Park,(Yuen Long Rural East) 朗邊 Long Bin,(Tin Shui Wai South and Ping Ha) 屏山 Ping Shan,(Tin Shui Wai South and Ping Ha) 新起村 San Hei Tsuen,"(Tin Shui Wai South and Ping Ha) 青山公路，近灰沙圍 Castle Peak Road, near Fui Sha Wai",(Yuen Long Rural East) 大道村 Tai Tao Tsuen,(Yuen Long Rural East) 尚城 Uptown,(Yuen Long Rural East) 朗峰園 Symphony Garden,"(Yuen Long Rural East) 洪順路，近銘威苑 A 座 Hung Shun Road, near Ming Wai Court Block A",(Yuen Long Rural East) 偉景園 Great Garden,(Yuen Long Rural East) 尚築 Domus,(Yuen Long Rural East) 水庫路 Shui Fu Road,"(Yuen Long Rural East) 丹桂村路，近玉桂園第1座 Tan Kwai Tsuen Road, near Osmanthus Gardens Block 1",,,,,,,,,,,,,,,,,,,,,,,,,,,,,,
47M,CMPattern_CM_GMBBus_47m_1_7586,4.2,5.159321883,Chai Wan,TRUE,柴灣站巴士總站 Chai Wan Station Bus Terminus,Chai Wan,柴灣站巴士總站 Chai Wan Station Bus Terminus,Chai Wan,柴灣站 - 小西灣第三期（循環綫） Chai Wan Station - Siu Sai Wan Phase III (Circular),(Chai Wan) 柴灣站巴士總站 Chai Wan Station Bus Terminus,(Chai Wan) 怡泰街 Yee Tai Street,"(Chai Wan) 柴灣道，宏德居外 Chai Wan Road, outside Walton Estate","(Chai Wan) 柴灣道，漁灣邨外 Chai Wan Road, outside Yu Wan Estate","(Chai Wan) 豐業街，啟力工業中心外 Fung Yip Street, outside Kailey Industrial Centre","(Chai Wan) 豐業街，近志同昌工業大廈 Fung Yip Street, near Gee Tung Chang Industrial Building","(Chai Wan) 新業街，八號商業廣場外 Sun Yip Street, outside Commercial Tower 8","(Chai Wan) 小西灣道，富欣花園外 Siu Sai Wan Road, outside Harmony Garden","(Chai Wan) 小西灣道，富怡道 Siu Wai Wan Road, Fu Yee Road","(Chai Wan) 富怡道，培橋小學外 Fu Yee Road, outside Pui Kiu Primary School",(Chai Wan) 小西灣海濱花園 Siu Sai Wan Promenade,"(Chai Wan) 小西灣道，衞理中學對面 Siu Sai Wan Road, Opposite Wesley College",(Chai Wan) 小西灣第三期 Siu Sai Wan Phase III,"(Chai Wan) 小西灣道，小西灣邨巴士總站 Siu Sai Wan Road, Siu Sai Wan Estate Bus Terminus","(Chai Wan) 小西灣道，李志雄小學外 Siu Sai Wan Road, outside Lee Chi Hung Primary School",(Chai Wan) 富城閣 Fu Shing Court,"(Chai Wan) 永平街，新德樓外 Wing Ping Street, outside Sun Tak House",(Chai Wan) 柴灣邨 Chai Wan Estate,"(Chai Wan) 新廈街，樂軒臺外 San Ha Street, outside Lok Hin Terrace","(Chai Wan) 柴灣道，環翠邨街市外 Chai Wan Road, outside Wan Tsui Estate Market",(Chai Wan) 柴灣站巴士總站 Chai Wan Station Bus Terminus,,,,,,,,,,,,,,,,,,,,,,,,,,
25A,CMPattern_CM_GMBBus_25a_1_8741,6.7,4.349978114,Tai Po South,FALSE,太和廣場 Tai Wo Plaza,Tai Po South,南華莆遊樂場 Nam Wah Po Playground,Tai Po South,南華莆 Nam Wa Po,(Tai Po South) 太和廣場 Tai Wo Plaza,(Tai Po South) 水圍 Shui Wai,(Tai Po South) 帝欣苑 Parc Versailles,"(Tai Po South) 大窩西支路，圍頭 Tai Wo Service Road West, Wai Tau",(Tai Po South) 泰亨灰沙圍112號 112 Tai Hang Fui Sha Wai,(Tai Po South) 泰亨灰沙圍14號 14 Tai Hang Fui Sha Wai,(Tai Po South) 泰亨鄉公所 Tai Hang Village Office,(Tai Po South) 俊亨豪園 Prince Garden,(Tai Po South) 泰亨灰沙圍200號 200 Tai Hang Fui Sha Wai,(Tai Po South) 卓爾新城 Prosperous City,(Tai Po South) 好時花園 Blossom Villas,(Tai Po South) 南華莆遊樂場 Nam Wah Po Playground,,,,,,,,,,,,,,,,,,,,,,,,,,,,,,,,,,,
15,CMPattern_CM_GMBBus_15_1_8617,5.2,5.813384047,Sai Kung and Hang Hau > Tseung Kwan O North > Sai Kung and Hang Hau > Tseung Kwan O North,FALSE,康盛花園小巴總站 Hong Sing Garden Minibus Terminus,Sai Kung and Hang Hau,"寶寧路，近將軍澳醫院 Po Ning Road, near Tseung Kwan O Hospital",Tseung Kwan O North,坑口 Hang Hau,(Sai Kung and Hang Hau) 康盛花園小巴總站 Hong Sing Garden Minibus Terminus,"(Sai Kung and Hang Hau) 寶琳北路，康盛花園外 Po Lam Road North, outside Hong Sing Garden","(Sai Kung and Hang Hau) 翠林邨翠林體育館 Tsui Lam Sports Centre, Tsui Lam Estate","(Sai Kung and Hang Hau) 寶琳北路，景明苑旭景閣外 Po Lam Road North, outside Yuk King House, King Ming Court","(Sai Kung and Hang Hau) 寶琳北路，近寶林消防局 Po Lam Road North, near Po Lam Fire Station","(Tseung Kwan O North) 寶琳北路，樂善堂劉德小學對面 Po Lam Road North, Opposite Lok Sin Tong Lau Tak Primary School","(Tseung Kwan O North) 欣景路，欣明苑外 Yan King Road, outside Yan Ming Court",(Sai Kung and Hang Hau) 景林邨 King Lam Estate,"(Sai Kung and Hang Hau) 寶寧路，厚德邨對面 Po Ning Road, Opposite Hau Tak Estate","(Tseung Kwan O North) 重華路，東港城第6座對面 Chung Wa Road, Opposite Block 6, East Point City","(Tseung Kwan O North) 培成路，近保良局馮晴紀念小學 Pui Shing Road, near Po Leung Kuk Fung Ching Memorial Primary School",(Tseung Kwan O North) 富寧花園 Fu Ning Garden,"(Tseung Kwan O North) 寶寧路，近將軍澳醫院 Po Ning Road, near Tseung Kwan O Hospital",,,,,,,,,,,,,,,,,,,,,,,,,,,,,,,,,,
91A,CMPattern_CM_GMBBus_91a_6409,6.2,5.264547781,Kwai Chung East > Kwai Chung West > Kwai Chung East > Kwai Chung West,FALSE,"興寧路，近新都會廣場 Hing Ning Road, near Metroplaza",Kwai Chung East,"荔崗街，浩景臺3座對面 Lai Kong Street, Opposite Block 3, Highland Park",Kwai Chung West,荔崗街 Lai Kong Street,"(Kwai Chung East) 興寧路，近新都會廣場 Hing Ning Road, near Metroplaza","(Kwai Chung West) 荔景山路，荔景邨和景樓對面 Lai King Hill Road, Opposite Wo King House, Lai King Estate","(Kwai Chung West) 荔景山路，賢麗苑購物中心對面 Lai King Hill Road, Opposite Yin Lai Court Shopping Centre","(Kwai Chung West) 敬祖路，製衣業訓練中心對面 King Cho Road, Opposite Clothing Industry Training Centre","(Kwai Chung West) 敬祖路，祖堯邨市場外 King Cho Road, outside Cho Yiu Chuen Market","(Kwai Chung West) 念祖街，祖堯邨啟廉樓對面 Lim Cho Street, outside Kai Hang House, Cho Yiu Chuen","(Kwai Chung West) 麗祖路，近祖堯邨啓敬樓 Lai Cho Road, near Kai King Lau, Cho Yiu Chuen","(Kwai Chung West) 麗祖路，近悅麗苑麗雲閣 Lai Cho Road, near Lai Wan House, Yuet Lai Court","(Kwai Chung West) 麗祖路，近悅麗苑麗霞閣 Lai Cho Road, near Lai Ha House, Yuet Lai Estate","(Kwai Chung East) 麗祖路，下葵涌分科診所及特殊教育服務中心外 Lai Cho Road, Opposite H.K.C. Ha Kwai Chung Polyclinic & Special Education Centre",(Kwai Chung East) 麗瑤邨榮瑤樓 Wing Yiu House Lai Yiu Estate,"(Kwai Chung East) 麗瑤街，麗瑤邨富瑤樓外 Lai Yiu Street, outside Fu Yiu House, Lai Yiu Estate","(Kwai Chung East) 華瑤路，麗瑤邨樂瑤樓對面 Wah Yiu Road, Opposite Lok Yiu House, Lai Yiu Estate","(Kwai Chung East) 華瑤路，葵涌循道中學外 Wah Yiu Road, outside Kwai Chung Methodist College",(Kwai Chung East) 華瑤路及荔枝嶺路交界 Wah Yiu Road and Lai Chi Ling Road Interchange,"(Kwai Chung East) 荔枝嶺路，翠瑤苑外 Lai Chi Ling Road, outside Tsui Yiu Court","(Kwai Chung West) 荔枝嶺路，荔枝嶺路政府宿舍對面 Lai Chi Ling Road, Opposite Disciplined Services Quarters",(Kwai Chung West) 荔枝嶺路與荔崗街交界 Junction of Lai Chi Ling Road and Lai Kong Street,"(Kwai Chung West) 荔崗街，近荔枝嶺路 Lai Kong Street, near Lai Chi Ling Road","(Kwai Chung West) 荔崗街，浩景臺1座外 Lai Kong Street, outside Block 1, Highland Park","(Kwai Chung West) 荔崗街，近浩景臺第四座 Lai Kong Street, near Highland Park Block 4","(Kwai Chung West) 荔崗街，浩景臺3座對面 Lai Kong Street, Opposite Block 3, Highland Park",,,,,,,,,,,,,,,,,,,,,,,,,
103,CMPattern_CM_GMBBus_103_6105,11.1,14.00842429,Kwun Tong Central > Tseung Kwan O North > Sai Kung and Hang Hau > Tseung Kwan O North > Sai Kung and Hang Hau,FALSE,觀塘碼頭 Kwun Tong Ferry,Kwun Tong Central,清水灣第二灣泳灘 Clear Water Bay Second Beach,Sai Kung and Hang Hau,清水灣（經敬業街） Clear Water Bay (via King Yip Street),(Kwun Tong Central) 觀塘碼頭 Kwun Tong Ferry,(Kwun Tong Central) 敬業街 King Yip Street,(Kwun Tong Central) 敬業街57號 No. 57 King Yip Street,"(Kwun Tong Central) 觀塘道，新城工商中心外 Kwun Tong Road, outside New City Centre","(Kwun Tong Central) 鯉魚門道近觀塘游泳池 Lei Yue Mun Road, near Kwun Tong Swimming Pool",(Kwun Tong Central) 觀塘警署 Kwun Tong Police Station,"(Tseung Kwan O North) 寶順路，將軍澳游泳池外 Po Shun Road, outside Tseung Kwan O Swimming Pool","(Sai Kung and Hang Hau) 寶寧路，厚德邨對面 Po Ning Road, Opposite Hau Tak Estate","(Tseung Kwan O North) 寶寧路，坑口（北）公共運輸交滙處外 Po Ning Road, outside Hang Hau (North) Public Transport Interchange","(Tseung Kwan O North) 坑口道，將軍澳醫院外 Hang Hau Road, outside Tseung Kwan O Hospital",(Sai Kung and Hang Hau) 水邊村 Shui Bin Tsuen,(Sai Kung and Hang Hau) 清水灣道328號 Clear Water Bay Road No. 328,(Sai Kung and Hang Hau) 銀綫灣廣場 Silverstrand Mart,(Sai Kung and Hang Hau) 碧沙路 Pik Sha Road,(Sai Kung and Hang Hau) 孟公屋 Mang Kung Uk,(Sai Kung and Hang Hau) 五塊田 Ng Fai Tin,(Sai Kung and Hang Hau) 檳榔灣 Pan Long Wan,(Sai Kung and Hang Hau) 香港三育書院 Hong Kong Adventist College,(Sai Kung and Hang Hau) 下洋 Ha Yeung,(Sai Kung and Hang Hau) 兩塊田 Leung Fai Tin,(Sai Kung and Hang Hau) 相思灣 Sheung Sze Wan,(Sai Kung and Hang Hau) 大坳門 Tai Au Mun,(Sai Kung and Hang Hau) 清水灣第一灘 Clear Water Bay 1st Beach,(Sai Kung and Hang Hau) 清水灣第二灣泳灘 Clear Water Bay Second Beach,,,,,,,,,,,,,,,,,,,,,,,
103,CMPattern_CM_GMBBus_103_6106,11.1,13.07649883,Kwun Tong Central > Tseung Kwan O North > Sai Kung and Hang Hau > Tseung Kwan O North > Sai Kung and Hang Hau,FALSE,觀塘碼頭 Kwun Tong Ferry,Kwun Tong Central,清水灣第二灣泳灘 Clear Water Bay Second Beach,Sai Kung and Hang Hau,清水灣 Clear Water Bay,(Kwun Tong Central) 觀塘碼頭 Kwun Tong Ferry,"(Tseung Kwan O North) 寶順路，將軍澳游泳池外 Po Shun Road, outside Tseung Kwan O Swimming Pool","(Sai Kung and Hang Hau) 寶寧路，厚德邨對面 Po Ning Road, Opposite Hau Tak Estate","(Tseung Kwan O North) 寶寧路，坑口（北）公共運輸交滙處外 Po Ning Road, outside Hang Hau (North) Public Transport Interchange","(Tseung Kwan O North) 坑口道，將軍澳醫院外 Hang Hau Road, outside Tseung Kwan O Hospital",(Sai Kung and Hang Hau) 水邊村 Shui Bin Tsuen,(Sai Kung and Hang Hau) 清水灣道328號 Clear Water Bay Road No. 328,(Sai Kung and Hang Hau) 銀綫灣廣場 Silverstrand Mart,(Sai Kung and Hang Hau) 碧沙路 Pik Sha Road,(Sai Kung and Hang Hau) 孟公屋 Mang Kung Uk,(Sai Kung and Hang Hau) 五塊田 Ng Fai Tin,(Sai Kung and Hang Hau) 檳榔灣 Pan Long Wan,(Sai Kung and Hang Hau) 香港三育書院 Hong Kong Adventist College,(Sai Kung and Hang Hau) 下洋 Ha Yeung,(Sai Kung and Hang Hau) 兩塊田 Leung Fai Tin,(Sai Kung and Hang Hau) 相思灣 Sheung Sze Wan,(Sai Kung and Hang Hau) 大坳門 Tai Au Mun,(Sai Kung and Hang Hau) 清水灣第一灘 Clear Water Bay 1st Beach,(Sai Kung and Hang Hau) 清水灣第二灣泳灘 Clear Water Bay Second Beach,,,,,,,,,,,,,,,,,,,,,,,,,,,,
44A,CMPattern_CM_GMBBus_44a_7871,4.2,6.114137304,Sham Shui Po West,TRUE,長沙灣廣場小巴總站 Cheung Sha Wan Minibus Terminus,Sham Shui Po West,長沙灣廣場小巴總站 Cheung Sha Wan Minibus Terminus,Sham Shui Po West,長沙灣廣場 - 海盈邨（循環綫） Cheung Sha Wan Plaza - Hoi Ying Estate (Circular),(Sham Shui Po West) 長沙灣廣場小巴總站 Cheung Sha Wan Minibus Terminus,"(Sham Shui Po West) 興華街西，近德貞女子中學 Hing Wah Street West, near Tack Ching Girls' Secondary School",(Sham Shui Po West) 海麗邨海麗商場 Hoi Lai Estate Hoi Lai Shopping Centre,"(Sham Shui Po West) 荔盈街，近凱樂苑凱碧閣 Lai Ying Street, near Hoi Pik House, Hoi Lok Court","(Sham Shui Po West) 興華街西，近碧海藍天會所 Hing Wah Street West, near Aqua Marine Club House","(Sham Shui Po West) 興華街，近長沙灣臨時家禽批發市場 Hing Wah Street, near Cheung Sha Wan Temporary Wholesale Poultry Market","(Sham Shui Po West) 長義街，近好運工業中心 Cheung Yee Street, near Goodluck Industrial Centre",(Sham Shui Po West) 長沙灣廣場小巴總站 Cheung Sha Wan Minibus Terminus,,,,,,,,,,,,,,,,,,,,,,,,,,,,,,,,,,,,,,,
39,CMPattern_CM_GMBBus_39_8757,7.2,4.519544159,Yuen Long Town Centre > Yuen Long Rural East,FALSE,元朗（鳳翔路）總站 Yuen Long (Fung Cheung Road) Bus Terminus,Yuen Long Town Centre,"公庵路，近培康居 Kung Um Road, near Pui Hong Kui",Yuen Long Rural East,公庵 Kung Um,(Yuen Long Town Centre) 元朗（鳳翔路）總站 Yuen Long (Fung Cheung Road) Bus Terminus,"(Yuen Long Town Centre) 合益路，近金堂樓 Hop Yick Road, near Kam Tong Building","(Yuen Long Town Centre) 教育路，近興發大樓 Kau Yuk Road, near Hing Fat House",(Yuen Long Town Centre) 仁樂坊 Yan Lok Square,(Yuen Long Town Centre) 元朗安興街 Yuen Long On Hing Street,(Yuen Long Town Centre) 僑興路，近榮麗苑1座 Kiu Hing Road,"(Yuen Long Town Centre) 僑興路，近原築 Kiu Hing Road, near La Grove","(Yuen Long Town Centre) 公庵路，近溱柏 Kung Um Road, near Park Signature",(Yuen Long Rural East) 田寮村 Tin Liu Tsuen,"(Yuen Long Rural East) 公庵路，近新美花園 Kung Um Road, near Sun Mei Garden","(Yuen Long Rural East) 公庵路，近振輝花園 Kung Um Road, near Chun Fai Garden",(Yuen Long Rural East) 大發村 Tai Fat Tsuen,(Yuen Long Rural East) 白沙村劉屋 Pak Sha Tsuen Lau Uk,(Yuen Long Rural East) 凱巒 Regent's Park,(Yuen Long Rural East) 白沙村第二段 Pak Sha Tsuen Section 2,(Yuen Long Rural East) 白沙村第三段 Pak Sha Tsuen Section 3,(Yuen Long Rural East) 公庵居民信箱 Kung Um Resident Letter Box,"(Yuen Long Rural East) 公庵路，近培康居 Kung Um Road, near Pui Hong Kui",,,,,,,,,,,,,,,,,,,,,,,,,,,,,
71A,CMPattern_CM_GMBBus_71a_6417,7,6.103524734,Yuen Long Rural East,FALSE,錦上路站公共運輸交滙處 Kam Sheung Road Station Public Transport Interchange,Yuen Long Rural East,長莆村 Cheung Po Tsuen,Yuen Long Rural East,長莆村 Cheung Po Tsuen,(Yuen Long Rural East) 錦上路站公共運輸交滙處 Kam Sheung Road Station Public Transport Interchange,"(Yuen Long Rural East) 錦上路，近吳家村 Kam Sheung Road, near Ng Ka Tsuen",(Yuen Long Rural East) 金錢圍 Kam Tsin Wai,(Yuen Long Rural East) 田心新村 Tin Sam San Tsuen,"(Yuen Long Rural East) 石田路，近威裕花園 Shek Tin Road, near Win Gain Garden","(Yuen Long Rural East) 石田路，近樂湖軒 Shek Tin Road, near Happy Villa","(Yuen Long Rural East) 石田路，近八鄉田心村村公所 Shek Tin Road, near Pat Heung Tin Sam Tsuen Village Office","(Yuen Long Rural East) 八鄉路，近八鄉車廠 Pat Heung Road, near Pat Heung Depot",(Yuen Long Rural East) 碧戶軒 Tourmaline Villa,(Yuen Long Rural East) 長莆村 Cheung Po Tsuen,(Yuen Long Rural East) 長莆村 Cheung Po Tsuen,,,,,,,,,,,,,,,,,,,,,,,,,,,,,,,,,,,,
20K,CMPattern_CM_GMBBus_20k_8673,7.2,7.866947108,Tai Po South > Tai Po North,FALSE,大埔墟站專綫小巴總站 Tai Po Market Station Minibus Terminus,Tai Po South,"三門仔路，暉曜花園對面 Sam Mun Tsai Road, Opposite Springdale Garden",Tai Po North,三門仔 Sam Mun Tsai,(Tai Po South) 大埔墟站專綫小巴總站 Tai Po Market Station Minibus Terminus,(Tai Po South) 運頭塘邨 Wan Tau Tong Estate,"(Tai Po South) 運頭街，大埔綜合大樓 Wan Tau Street, Tai Po Complex",(Tai Po South) 寶鄉街 Po Heung Street,"(Tai Po South) 寶鄉街，近寶鄉橋 Po Heung Street, near Po Heung Bridge","(Tai Po North) 安慈路，八號花園外 On Chee Road, outside Eightland Gardens",(Tai Po North) 汀角路，榮暉花園外 Ting Kok Road outside Wing Fai Garden,"(Tai Po North) 汀角路，太平工業中心外 Ting Kok Road, outside Tai Ping Industrial Centre","(Tai Po North) 汀角路，富亨邨 Ting Kok Road, Fu Heng Estate","(Tai Po North) 汀角路，中華聖潔會靈風中學外 Ting Kok Road, outside China Holiness Church Living Spirit College","(Tai Po North) 汀角路，近漁角 Ting Kok Road, near Yue Kok",(Tai Po North) 鳳園路 Fung Yuen Road,(Tai Po North) 下坑 Ha Hang,"(Tai Po North) 汀角路，近大貴街 Ting Kok Road, near Dai Kwai Street","(Tai Po North) 汀角路，露輝路 Ting Kok Road, near Lo Fai Road",(Tai Po North) 雅景花園 Fortune Garden,(Tai Po North) 三門仔路，比華利山別墅 Sam Mun Tsai Road The Beverly Hills,(Tai Po North) 三門仔路，近沙欄路 Sam Mun Tsai Road near Sha Lan Road,(Tai Po North) 沙欄路 Sha Lan Road,"(Tai Po North) 三門仔路，暉曜花園對面 Sam Mun Tsai Road, Opposite Springdale Garden",,,,,,,,,,,,,,,,,,,,,,,,,,,
20K,CMPattern_CM_GMBBus_20k_8676,7.2,6.469346562,Tai Po South > Tai Po North,FALSE,大埔墟站專綫小巴總站 Tai Po Market Station Minibus Terminus,Tai Po South,"三門仔路，暉曜花園對面 Sam Mun Tsai Road, Opposite Springdale Garden",Tai Po North,三門仔（經完善路） Sam Mun Tsai (via Yuen Shin Road),(Tai Po South) 大埔墟站專綫小巴總站 Tai Po Market Station Minibus Terminus,"(Tai Po North) 汀角路，近漁角 Ting Kok Road, near Yue Kok",(Tai Po North) 鳳園路 Fung Yuen Road,(Tai Po North) 下坑 Ha Hang,"(Tai Po North) 汀角路，近大貴街 Ting Kok Road, near Dai Kwai Street","(Tai Po North) 汀角路，露輝路 Ting Kok Road, near Lo Fai Road",(Tai Po North) 雅景花園 Fortune Garden,(Tai Po North) 三門仔路，比華利山別墅 Sam Mun Tsai Road The Beverly Hills,(Tai Po North) 三門仔路，近沙欄路 Sam Mun Tsai Road near Sha Lan Road,(Tai Po North) 沙欄路 Sha Lan Road,"(Tai Po North) 三門仔路，暉曜花園對面 Sam Mun Tsai Road, Opposite Springdale Garden",,,,,,,,,,,,,,,,,,,,,,,,,,,,,,,,,,,,
20K,CMPattern_CM_GMBBus_20k_8678,7.2,8.76172582,Tai Po South > Tai Po North,FALSE,大埔墟站專綫小巴總站 Tai Po Market Station Minibus Terminus,Tai Po South,"三門仔路，暉曜花園對面 Sam Mun Tsai Road, Opposite Springdale Garden",Tai Po North,三門仔（經沙欄路） Sam Mun Tsai (via Sha Lan Road),(Tai Po South) 大埔墟站專綫小巴總站 Tai Po Market Station Minibus Terminus,(Tai Po South) 運頭塘邨 Wan Tau Tong Estate,"(Tai Po South) 運頭街，大埔綜合大樓 Wan Tau Street, Tai Po Complex",(Tai Po South) 寶鄉街 Po Heung Street,"(Tai Po South) 寶鄉街，近寶鄉橋 Po Heung Street, near Po Heung Bridge","(Tai Po North) 安慈路，八號花園外 On Chee Road, outside Eightland Gardens",(Tai Po North) 汀角路，榮暉花園外 Ting Kok Road outside Wing Fai Garden,"(Tai Po North) 汀角路，太平工業中心外 Ting Kok Road, outside Tai Ping Industrial Centre","(Tai Po North) 汀角路，富亨邨 Ting Kok Road, Fu Heng Estate","(Tai Po North) 汀角路，中華聖潔會靈風中學外 Ting Kok Road, outside China Holiness Church Living Spirit College","(Tai Po North) 汀角路，近漁角 Ting Kok Road, near Yue Kok",(Tai Po North) 鳳園路 Fung Yuen Road,(Tai Po North) 下坑 Ha Hang,"(Tai Po North) 汀角路，近大貴街 Ting Kok Road, near Dai Kwai Street","(Tai Po North) 汀角路，露輝路 Ting Kok Road, near Lo Fai Road",(Tai Po North) 雅景花園 Fortune Garden,(Tai Po North) 三門仔路，比華利山別墅 Sam Mun Tsai Road The Beverly Hills,(Tai Po North) 三門仔路，近沙欄路 Sam Mun Tsai Road near Sha Lan Road,(Tai Po North) 沙欄路 Sha Lan Road,(Tai Po North) 沙欄小築 Sha Lan Villas,(Tai Po North) 沙欄 Sha Lan,"(Tai Po North) 三門仔路，暉曜花園對面 Sam Mun Tsai Road, Opposite Springdale Garden",,,,,,,,,,,,,,,,,,,,,,,,,
20K,CMPattern_CM_GMBBus_20k_8679,7.2,8.028828464,Tai Po South > Tai Po North,FALSE,大埔墟站專綫小巴總站 Tai Po Market Station Minibus Terminus,Tai Po South,聯益漁村 Luen Yick Fishermen Village,Tai Po North,聯益新村 Luen Yick New Village,(Tai Po South) 大埔墟站專綫小巴總站 Tai Po Market Station Minibus Terminus,(Tai Po South) 運頭塘邨 Wan Tau Tong Estate,"(Tai Po South) 鄉事會街，大埔綜合大樓 Heung Sze Wui Street, Tai Po Complex",(Tai Po South) 寶鄉街 Po Heung Street,"(Tai Po South) 寶鄉街，近寶鄉橋 Po Heung Street, near Po Heung Bridge","(Tai Po North) 安慈路，八號花園外 On Chee Road, outside Eightland Gardens",(Tai Po North) 汀角路，榮暉花園外 Ting Kok Road outside Wing Fai Garden,"(Tai Po North) 汀角路，太平工業中心外 Ting Kok Road, outside Tai Ping Industrial Centre","(Tai Po North) 汀角路，富亨邨 Ting Kok Road, Fu Heng Estate","(Tai Po North) 汀角路，中華聖潔會靈風中學外 Ting Kok Road, outside China Holiness Church Living Spirit College","(Tai Po North) 汀角路，近漁角 Ting Kok Road, near Yue Kok","(Tai Po North) 汀角路，近大貴街 Ting Kok Road, near Dai Kwai Street",(Tai Po North) 三門仔路，比華利山別墅 Sam Mun Tsai Road The Beverly Hills,(Tai Po North) 三門仔路，近沙欄路 Sam Mun Tsai Road near Sha Lan Road,(Tai Po North) 沙欄路 Sha Lan Road,"(Tai Po North) 三門仔路，暉曜花園對面 Sam Mun Tsai Road, Opposite Springdale Garden",(Tai Po North) 聯益漁村 Luen Yick Fishermen Village,,,,,,,,,,,,,,,,,,,,,,,,,,,,,,
60K,CMPattern_CM_GMBBus_60k_6132,6.1,4.445067771,Sha Tin West,FALSE,沙田站公共運輸交滙處 Shatin Station Public Transport Interchange,Sha Tin West,桂地新村停車場 Kwai Tei San Chuen Car Park,Sha Tin West,火炭平房區 Fo Tan Cottage Area,(Sha Tin West) 沙田站公共運輸交滙處 Shatin Station Public Transport Interchange,"(Sha Tin West) 源禾路，瀝源邨外 Yuen Wo Road, outside Lek Yuen Estate",(Sha Tin West) 瀝源邨壽全樓 Sau Chuen House Lek Yuen Estate,"(Sha Tin West) 豐順街，沙田區總部及分區警署外 Fung Shun Street, outside Sha Tin District Headquarter & Divisional Police Station","(Sha Tin West) 豐順街，禾輋信義學校外 Fung Shun Street, outside Wo Che Lutheran School","(Sha Tin West) 德厚街，禾輋商場外 Tak Hau Street, outside Wo Che Commercial Centre","(Sha Tin West) 源禾路，禾輋邨外 Yuen Wo Road, outside Wo Che Estate","(Sha Tin West) 坳背灣街，喜利佳工業大廈外 Au Pui Wan Street, outside Hairbest Industrial Building","(Sha Tin West) 坳背灣街，利達工業中心外 Au Pui Wan Street, outside Leader Industrial Centre",(Sha Tin West) 環球工業中心 World-Wide Industrial Centre,"(Sha Tin West) 桂地街，華生工業中心外 Kwei Tei Street, outside Wah Sang Industrial Building","(Sha Tin West) 黃竹洋街，近桂地新村路 Wong Chuk Yeung Street, near Kwai Tei San Chuen Road",(Sha Tin West) 黃竹洋村徑 Wong Chuk Yeung Tsuen Path,"(Sha Tin West) 桂地新村路，桂地新村 Kwei Tei San Chuen Road, Kwai Tei San Chuen",(Sha Tin West) 桂地新村停車場 Kwai Tei San Chuen Car Park,,,,,,,,,,,,,,,,,,,,,,,,,,,,,,,,
32,CMPattern_CM_GMBBus_32_7670,5.6,4.2853006,Hong Wan > Tai Pak > Hong Wan,FALSE,"康盛街，近康怡花園俱樂部 Hong Shing Street, near Kornhill Recreation Club",Hong Wan,"望隆街，近峻峰花園 D 座 Mong Lung Street, near Perfect Mount Gardens Block D",Hong Wan,筲箕灣站 Shau Kei Wan Station,"(Hong Wan) 康盛街，近康怡花園俱樂部 Hong Shing Street, near Kornhill Recreation Club",(Hong Wan) 康怡花園 E 座 Block E Kornhill,(Hong Wan) 康怡花園 H 座 Block H Kornhill,(Hong Wan) 康怡花園 K 座 Block K Kornhill,(Hong Wan) 康怡花園 L 座 Block L Kornhill,"(Hong Wan) 基利路，近南豐新邨第5座 Greig Road, near Nam Fung Sun Chuen Block 5","(Hong Wan) 基利路，近南豐新邨第4座 Greig Road, near Nam Fung Sun Chuen Block 4",(Hong Wan) 英皇道1031號 1031 King's Road,"(Tai Pak) 英皇道，太古城中心一期 King's Road, outside Cityplaza I","(Hong Wan) 筲箕灣道，近興祥大樓 Shau Kei Wan Road, near Hing Cheong Building","(Hong Wan) 筲箕灣道，近太安樓 Shau Kei Wan Road, near Tai On Building","(Hong Wan) 筲箕灣道，近 Island Residence Shau Kei Wan Road, near Island Residence","(Hong Wan) 筲箕灣道，近南華大廈 Shau Kei Wan Road, near Nam Wah Building","(Hong Wan) 筲箕灣道，近譽都 Shau Kei Wan Road, near I.Uniq Residence",(Hong Wan) 筲箕灣道345號 No. 345 Shau Kei Wan Road,"(Hong Wan) 筲箕灣道，近筲箕灣中心3座 Shau Kei Wan Road, near Shau Kei Wan Centre Block 3","(Hong Wan) 工廠街，近筲箕灣中心1座 Factory Street, near Shau Kei Wan Centre Block 1","(Hong Wan) 望隆街，近峻峰花園 D 座 Mong Lung Street, near Perfect Mount Gardens Block D",,,,,,,,,(大埔區) 汀角路 - 龍尾村,(大埔區) 汀角路 - 龍尾,(大埔區) 大美督公共運輸交匯處,,,,,,,,,,,,,,,,,,
16,CMPattern_CM_GMBBus_16_1_8631,6.3,6.831022785,Tseung Kwan O North > Sai Kung and Hang Hau,FALSE,"重華路，東港城第6座對面 Chung Wa Road, Opposite Block 6, East Point City",Tseung Kwan O North,大坳門 Tai Au Mun,Sai Kung and Hang Hau,大坳門 Tai Au Mun,"(Tseung Kwan O North) 重華路，東港城第6座對面 Chung Wa Road, Opposite Block 6, East Point City","(Tseung Kwan O North) 培成路，近保良局馮晴紀念小學 Pui Shing Road, near Po Leung Kuk Fung Ching Memorial Primary School","(Tseung Kwan O North) 寶寧路，坑口（北）公共運輸交滙處外 Po Ning Road, outside Hang Hau (North) Public Transport Interchange",(Sai Kung and Hang Hau) 水邊村 Shui Bin Tsuen,(Sai Kung and Hang Hau) 清水灣道328號 Clear Water Bay Road No. 328,(Sai Kung and Hang Hau) 銀綫灣廣場 Silverstrand Mart,(Sai Kung and Hang Hau) 碧沙路 Pik Sha Road,(Sai Kung and Hang Hau) 孟公屋 Mang Kung Uk,(Sai Kung and Hang Hau) 五塊田 Ng Fai Tin,(Sai Kung and Hang Hau) 檳榔灣 Pan Long Wan,(Sai Kung and Hang Hau) 上洋 Sheung Yeung,(Sai Kung and Hang Hau) 香港三育書院 Hong Kong Adventist College,(Sai Kung and Hang Hau) 下洋 Ha Yeung,(Sai Kung and Hang Hau) 兩塊田 Leung Fai Tin,(Sai Kung and Hang Hau) 下洋新村 Ha Yeung San Tsuen,(Sai Kung and Hang Hau) 相思灣 Sheung Sze Wan,(Sai Kung and Hang Hau) 大坳門 Tai Au Mun,,,,,,,,,,,,,,,,,,,,,,,,,,,,,,
25A,CMPattern_CM_GMBBus_25a_1_8743,6.7,6.083741525,Tai Po South > Tai Po North > Tai Po South,FALSE,泰亨鄉公所 Tai Hang Village Office,Tai Po South,大埔墟（靖遠街）總站 Tai Po Market (Tsing Yuen Street) Terminus,Tai Po South,大埔墟 Tai Po Market,(Tai Po South) 泰亨鄉公所 Tai Hang Village Office,(Tai Po South) 俊亨豪園 Prince Garden,(Tai Po South) 泰亨灰沙圍200號 200 Tai Hang Fui Sha Wai,(Tai Po South) 卓爾新城 Prosperous City,(Tai Po South) 好時花園 Blossom Villas,(Tai Po South) 南華莆遊樂場 Nam Wah Po Playground,(Tai Po South) 主恩路 Grace Pavilion,(Tai Po South) 南華莆 Nam Wa Po,"(Tai Po South) 大窩西支路，大窩 Tai Wo Service Road West, Tai Wo","(Tai Po South) 大窩西支路，泰亨 Tai Wo Service Road West, Tai Hang","(Tai Po South) 大窩西支路，圍頭 Tai Wo Service Road West, Wai Tau",(Tai Po South) 帝欣苑 Parc Versailles,(Tai Po South) 水圍 Shui Wai,"(Tai Po South) 太和邨太和廣場西翼 Tai Wo Plaza West Wing, Tai Wo Estate","(Tai Po South) 汀角路，近大埔政府合署 Ting Kok Road, near Tai Po Government Offices","(Tai Po North) 大埔太和路，大埔舊墟遊樂場外 Tai Po Tai Wo Road, outside Tai Po Old Market Playground","(Tai Po South) 寶鄉橋, 六鄉新村公立學校對面 Po Heung Bridge, Opposite Luk Heung San Tsuen Public School",(Tai Po South) 南盛街小巴站 Nam Shing Street GMB Stand,(Tai Po South) 大埔墟（靖遠街）總站 Tai Po Market (Tsing Yuen Street) Terminus,,,,,,,,,,,,,,,,,,,,,,,,,,,,
9,CMPattern_CM_GMBBus_9_1_8573,8.4,5.841567679,Sai Kung and Hang Hau,FALSE,大網仔 Tai Mong Tsai,Sai Kung and Hang Hau,"福民路小巴總站，經華樓外 Fuk Man Road Public Light Bus Terminus, outside King Wah Building",Sai Kung and Hang Hau,西貢 Sai Kung,(Sai Kung and Hang Hau) 大網仔 Tai Mong Tsai,(Sai Kung and Hang Hau) 大網仔 Tai Mong Tsai,(Sai Kung and Hang Hau) 大網仔 Tai Mong Tsai,(Sai Kung and Hang Hau) 早禾坑 Tso Wo Hang,(Sai Kung and Hang Hau) 黃竹灣 Wong Chuk Wan,"(Sai Kung and Hang Hau) 福民路小巴總站，經華樓外 Fuk Man Road Public Light Bus Terminus, outside King Wah Building",,,,,,,,,,,,,,,,,,,,,,,,,,,,,,,,,,,,,,,,,
32,CMPattern_CM_GMBBus_32_7671,5.6,3.964405657,Hong Wan,FALSE,"望隆街，近峻峰花園 D 座 Mong Lung Street, near Perfect Mount Gardens Block D",Hong Wan,"康盛街，近康怡花園俱樂部 Hong Shing Street, near Kornhill Recreation Club",Hong Wan,康山 Kornhill,"(Hong Wan) 望隆街，近峻峰花園 D 座 Mong Lung Street, near Perfect Mount Gardens Block D","(Hong Wan) 望隆街，近銀河廣場 Mong Lung Street, near Galaxy Plaza","(Hong Wan) 筲箕灣道，近逢源大廈 Shau Kei Wan Road, near Fung Yuen Building","(Hong Wan) 筲箕灣道，近康泰大樓 Shau Kei Wan Road, near Hong Tai Building","(Hong Wan) 筲箕灣道，近延齡大廈 Shau Kei Wan Road, near Ellen Building","(Hong Wan) 筲箕灣道，近富裕中心 Shau Kei Wan Road, near Wealthy Plaza","(Hong Wan) 筲箕灣道，近業寧大廈 Shau Kei Wan Road, near Yip Ning Building",(Hong Wan) 太富街 Tai Foo Street,"(Hong Wan) 康山道，近逸意居 Kornhill Road, near The Floridian","(Hong Wan) 康山道，近康山花園第9座 Kornhill Road, near Kornhill Gardens Block 9","(Hong Wan) 英皇道，近基利路休憩處 King's Road, near Greig Road Sitting-Out Area","(Hong Wan) 基利路，近基利路休憩處 Greig Road, near Greig Road Sitting-Out Area","(Hong Wan) 基利路，近南豐新邨第3座 Greig Road, near Nam Fung Sun Chuen Block 3","(Hong Wan) 基利路，近南豐新邨第5座 Greig Road, near Nam Fung Sun Chuen Block 5","(Hong Wan) 康愉街，近康怡花園 J 座 Hong Yue Street, near Kornhill Block J",(Hong Wan) 康怡花園 K 座 Block K Kornhill,(Hong Wan) 康怡花園 H 座 Block H Kornhill,"(Hong Wan) 康盛街，近康怡花園 F 座 Hong Shing Street, near Kornhill Block F","(Hong Wan) 康盛街，近康怡花園俱樂部 Hong Shing Street, near Kornhill Recreation Club",,,,,,,,,,,,,,,,,,,,,,,,,,,,
403P,CMPattern_CM_GMBBus_403p_6187,12.3,22.22222979,Kwai Chung East > Tsuen Wan Southeast > Sha Tin West > Tsuen Wan Southeast > Kwai Chung East,TRUE,"梨貝街巴士站，石籬邨石俊樓外 Lei Pui Street Bus Terminus, outside Shek Chun House, Shek Lei Estate",Kwai Chung East,"梨貝街巴士站，石籬邨石俊樓外 Lei Pui Street Bus Terminus, outside Shek Chun House, Shek Lei Estate",Kwai Chung East,石籬梨貝街 - 沙田担杆莆街（循環綫） Shek Lei (Lei Pui Street) - Sha Tin (Tam Kon Po Street) (Circular),"(Kwai Chung East) 梨貝街巴士站，石籬邨石俊樓外 Lei Pui Street Bus Terminus, outside Shek Chun House, Shek Lei Estate","(Kwai Chung East) 梨貝街，石籬邨石佳樓外 Lei Pui Street, outside Shek Kai House, Shek Lei Estate",(Kwai Chung East) 石籬邨石佳樓 Shek Kai House Shek Lei Estate,"(Kwai Chung East) 圍乪街，石籬邨石安樓外 Wai Kek Street, outside Shek On House, Shek Lei Estate","(Kwai Chung East) 大隴街，石籬商場外 Tai Loong Street, outside Shek Lei Shopping Centre","(Kwai Chung East) 和宜合道，近打磚坪街 Wo Yi Hop Road, near Tai Chuen Ping Street",(Kwai Chung East) 和宜合道，75-87號 No. 75-87 Wo Yi Hop Road,"(Kwai Chung East) 和宜合道，長榮工業大廈外 Wo Yi Hop Road, outside Cheung Wing Industrial Building",(Kwai Chung East) 和宜合道，123號 No. 123 Wo Yi Hop Road,"(Kwai Chung East) 和宜合道，達利中心外 Wo Yi Hop Road, outside Riley House","(Kwai Chung East) 和宜合道，華寶工業大廈外 Wo Yi Hop Road, outside Grand Industrial Building","(Tsuen Wan Southeast) 和宜合道，北葵涌賽馬會公眾泳池對面 Wo Yi Hop Road, Opposite North Kwai Chung Jockey Club Public Swimming Pool","(Tsuen Wan Southeast) 和宜合道，伍若瑜夫人健康院對面 Wo Yi Hop Road, Opposite Mrs. Wu York Yu Health Centre",(Tsuen Wan Southeast) 和宜合道，梨木樹邨竹樹樓外 Wo Yip Hop Road outside Chuk Shue House of Lei Muk Shue Estate,"(Tsuen Wan Southeast) 和宜合道，近嗇色園主辦可風中學 Wo Yi Hop Road, near Ho Fung College Sponsored By Sik Sik Yuen","(Sha Tin West) 担杆莆街，沙田大會堂外 Tam Kon Po Street, outside Sha Tin Town Hall","(Tsuen Wan Southeast) 和宜合道，嗇色園可風中學外 Wo Yi Hop Road, outside Ho Fung College Sponsored By Sik Sik Yuen",(Kwai Chung East) 梨木樹邨 Lei Muk Shue Estate,"(Kwai Chung East) 和宜合道，北葵涌賽馬會公眾泳池外 Wo Yi Hop Road, outside North Kwai Chung Jockey Club Public Swimming Pool",(Kwai Chung East) 和宜合道218號 No. 218 Wo Yi Hop Road,(Kwai Chung East) 和宜合道110號 No. 110 Wo Yi Hop Road,"(Kwai Chung East) 大隴街，石籬商場第2期外 Shek Lei Commercial Centre, Phase 2",(Kwai Chung East) 石籬邨石佳樓 Shek Kai House Shek Lei Estate,"(Kwai Chung East) 梨貝街巴士站，石籬邨石俊樓外 Lei Pui Street Bus Terminus, outside Shek Chun House, Shek Lei Estate",,,,,,,,,,,,,,,,,,,,,,,
60K,CMPattern_CM_GMBBus_60k_6133,6.1,4.201194926,Sha Tin West,FALSE,桂地新村停車場 Kwai Tei San Chuen Car Park,Sha Tin West,沙田站公共運輸交滙處 Shatin Station Public Transport Interchange,Sha Tin West,沙田站 Sha Tin Station,(Sha Tin West) 桂地新村停車場 Kwai Tei San Chuen Car Park,(Sha Tin West) 黃竹洋村徑 Wong Chuk Yeung Tsuen Path,"(Sha Tin West) 桂地街，近駿洋商場 Kwei Tei Street, near Chun Yeung Shopping Centre",(Sha Tin West) 桂地街 Kwei Tei Street,(Sha Tin West) 盈力工業中心 Yale Industrial Centre,(Sha Tin West) 利達工業中心 Leader Industrial Centre,"(Sha Tin West) 坳背灣街，金豪工業大廈外 Au Pui Wan Street, outside Kinho Industrial Building","(Sha Tin West) 源禾路，沙田運動場外 Yuen Wo Road, Otuside Sha Tin Sports Ground","(Sha Tin West) 源禾路，沙田賽馬會泳池外 Yuen Wo Road, outside Sha Tin Jockey Club Swimming Pool",(Sha Tin West) 沙田站公共運輸交滙處 Shatin Station Public Transport Interchange,,,,,,,,,,,,,,,,,,,,,,,,,,,,,,,,,,,,,
28,CMPattern_GMBBus28_1332,11.5,11.9288646,Wan Chai > Central > Western > Central > Southern District Northwest,FALSE,"新會道，近京城大廈 Sun Wui Road, near Capital Building",Wan Chai,"上碧瑤灣24座外 Baguio Villa (Upper), outside Block 24",Southern District Northwest,碧瑤灣上 Baguio Villa (Upper),"(Wan Chai) 新會道，近京城大廈 Sun Wui Road, near Capital Building","(Wan Chai) 禮頓道，第一商業大廈對面 Leighton Road, Opposite First Commercial Building",(Wan Chai) 跑馬地馬場 Happy Valley Racecourse,(Wan Chai) 皇后大道東385號 No. 385 Queen's Road East,"(Wan Chai) 皇后大道東，近華仁書院入口 Queen's Road East, near Wah Yan College Access Road","(Wan Chai) 堅尼地道，近皇后大道東 Kennedy Road, near Queen's Road East",(Wan Chai) 堅尼地道130號 No. 130 Kennedy Road,(Wan Chai) 堅尼地道80號 No. 80 Kennedy Road,"(Wan Chai) 堅尼地道合和中心對面 Kennedy Road, Opposite Hopewell Centre",(Wan Chai) 堅尼地道50號 No. 50 Kennedy Road,(Wan Chai) 堅尼地道48號 No. 48 Kennedy Road,(Wan Chai) 寶雲徑 Bowen Drive,"(Central) 堅尼地道，香港電燈有限公司 Kennedy Road, The Hong Kong Electric Centre","(Central) 堅尼地道，近波老道 Kennedy Road, near Borrett Road",(Central) 堅尼地道42號 No. 42 Kennedy Road,(Central) 堅尼地道32號 No. 32 Kennedy Road,"(Central) 堅尼地道，近纜車徑 Kennedy Road, near Tramway Path","(Central) 堅道，明愛中心 Caine Road, Caritas House","(Central) 堅道，些利街 Caine Road, Shelly Street","(Central) 堅道，城皇街 Caine Road, Shing Wong Street","(Central) 樓梯街, 堅道 Ladder Street, Caine Road",(Central) 西摩道 Seymour Road,"(Central) 般咸道，豫苑 Bonham Road, Euston Court","(Western) 般咸道，正街 Bonham Road, Centre Street","(Central) 薄扶林道，香港大學東閘 Pok Fu Lam Road, East Gate of University of Hong Kong","(Central) 薄扶林道，香港大學西閘 Pok Fu Lam Road, West Gate of University of Hong Kong",,,,,,,,,,,,,,,,,,,,,
56,CMPattern_CM_GMBBus_56_1_8201,6.4,3.471543368,Kwun Tong West > Kwun Tong Central,FALSE,麗晶花園小巴總站 Richland Gardens Minibus Terminus,Kwun Tong West,"崇仁街，南華大樓外 Shung Yan Street, outside Nam Wah Mansion",Kwun Tong Central,崇仁街 Shung Yan Street,(Kwun Tong West) 麗晶花園小巴總站 Richland Gardens Minibus Terminus,(Kwun Tong West) 九龍灣健康中心 Kowloon Bay Health Centre,"(Kwun Tong West) 啟禮道，單車公園對面 Kai Lai Road, Opposite Cycling Park","(Kwun Tong West) 宏照道，九龍灣運動場外 Wang Chiu Road, outside Kowloon Bay Sports Ground","(Kwun Tong West) 牛頭角道，近牛頭角市政大廈牛頭角道體育館 Ngau Tau Kok Road, near Ngau Tau Kok Road Sports Centre, Ngau Tau Kok Municipal Services Building","(Kwun Tong West) 牛頭角道，近⽜頭⾓上邨常泰樓外巴⼠站 Ngau Tau Kok Road, near The Bus Stop outside Sheung Tai House, Upper Ngau Tau Kok Estate","(Kwun Tong West) 牛頭角道，近牛頭角上邨常興樓 Ngau Tau Kok Road, near Sheung Hing House, Upper Ngau Tau Kok Estate","(Kwun Tong Central) 牛頭角道，近花園大廈喜鵲樓 Ngau Tau Kok Road, near Hay Cheuk Lau, Garden Estate","(Kwun Tong Central) 牛頭角道，玉蓮臺外 Ngau Tau Kok Road, outside Lotus Tower","(Kwun Tong Central) 牛頭角道，琼林大廈外 Ngau Tau Kok Road, outside Kentlum Mansion","(Kwun Tong Central) 崇仁街，南華大樓外 Shung Yan Street, outside Nam Wah Mansion",,,,,,,,,,,,,,,,,,,,,,,,,,,,,,,,,,,,
71A,CMPattern_CM_GMBBus_71a_6413,7,6.122866018,Yuen Long Rural East,FALSE,長莆村 Cheung Po Tsuen,Yuen Long Rural East,錦上路站公共運輸交滙處 Kam Sheung Road Station Public Transport Interchange,Yuen Long Rural East,錦上路站公共運輸交滙處 Kam Sheung Road Station Public Transport Interchange,(Yuen Long Rural East) 長莆村 Cheung Po Tsuen,(Yuen Long Rural East) 長莆村 Cheung Po Tsuen,(Yuen Long Rural East) 碧戶軒 Tourmaline Villa,"(Yuen Long Rural East) 八鄉路，近八鄉車廠 Pat Heung Road, near Pat Heung Depot","(Yuen Long Rural East) 石田路，近八鄉田心村村公所 Shek Tin Road, near Pat Heung Tin Sam Tsuen Village Office","(Yuen Long Rural East) 石田路，近樂湖軒 Shek Tin Road, near Happy Villa","(Yuen Long Rural East) 石田路，近威裕花園 Shek Tin Road, near Win Gain Garden","(Yuen Long Rural East) 錦上路，石湖學校外 Kam Sheung Road, outside Shek Wu School",(Yuen Long Rural East) 金錢圍 Kam Tsin Wai,"(Yuen Long Rural East) 錦上路，近吳家村 Kam Sheung Road, near Ng Ka Tsuen",(Yuen Long Rural East) 錦上路站公共運輸交滙處 Kam Sheung Road Station Public Transport Interchange,,,,,,,,,,,,,,,,,,,,,,,,,,,,,,,,,,,,
25A,CMPattern_CM_GMBBus_25a_1_8740,6.7,3.865879305,Tai Po South,FALSE,南華莆遊樂場 Nam Wah Po Playground,Tai Po South,"太和邨太和廣場西翼 Tai Wo Plaza West Wing, Tai Wo Estate",Tai Po South,太和站 Tai Wo Station,(Tai Po South) 南華莆遊樂場 Nam Wah Po Playground,(Tai Po South) 主恩路 Grace Pavilion,(Tai Po South) 南華莆 Nam Wa Po,"(Tai Po South) 大窩西支路，大窩 Tai Wo Service Road West, Tai Wo","(Tai Po South) 大窩西支路，泰亨 Tai Wo Service Road West, Tai Hang","(Tai Po South) 大窩西支路，圍頭 Tai Wo Service Road West, Wai Tau",(Tai Po South) 帝欣苑 Parc Versailles,(Tai Po South) 水圍 Shui Wai,"(Tai Po South) 太和邨太和廣場西翼 Tai Wo Plaza West Wing, Tai Wo Estate",,,,,,,,,,,,,,,,,,,,,,,,,,,,,,,,,,,,,,
56,CMPattern_CM_GMBBus_56_1_8202,6.4,3.51037134,Kwun Tong Central > Kwun Tong West,FALSE,"崇仁街，南華大樓外 Shung Yan Street, outside Nam Wah Mansion",Kwun Tong Central,麗晶花園小巴總站 Richland Gardens Minibus Terminus,Kwun Tong West,麗晶花園 Richland Gardens,"(Kwun Tong Central) 崇仁街，南華大樓外 Shung Yan Street, outside Nam Wah Mansion","(Kwun Tong Central) 牛頭角道，寶峰大廈外 Ngau Tau Kok Road, outside Bo Fung Building","(Kwun Tong Central) 牛頭角道，玉蓮臺對面 Ngau Tau Kok Road, outside Lotus Tower","(Kwun Tong Central) 牛頭角道，近觀塘官立小學 Ngau Tau Kok Road, near Kwun Tong Government Primary School","(Kwun Tong Central) 牛頭角道，安德大廈外 Ngau Tau Kok Road, outside On Tak Building","(Kwun Tong West) 牛頭角道，近牛頭角下邨貴輝樓 Ngau Tau Kok Road, near Kwai Fai House, Lower Ngau Tau Kok Estate","(Kwun Tong West) 牛頭角道，牛頭角市政大廈對面 Ngau Tau Kok Road, Opposite Ngau Tau Kok Municipal Services Building",(Kwun Tong West) 淘大花園 Amoy Gardens,(Kwun Tong West) 九龍灣運動場 Kowloon Bay Sports Ground,(Kwun Tong West) 仁濟醫院羅陳楚思中學 Yan Chai Hospital Law Chan Chor Si College,"(Kwun Tong West) 啟仁街，九龍灣健康中心那打素護養院對面 Kai Tan Street, Opposite Kowloon Bay Centre Ho Miu Ling Nethersole Nursing Home",(Kwun Tong West) 麗晶花園小巴總站 Richland Gardens Minibus Terminus,,,,,,,,,,,,,,,,,,,,,,,,,,,,,,,,,,,
2,CMPattern_CM_GMBBus_2_2_8481,5.9,5.485932576,Sai Kung and Hang Hau,FALSE,"宜春街，西貢街市對面 Yi Chun Street, Opposite Sai Kung Market",Sai Kung and Hang Hau,"蠔涌路，蠔涌外 Ho Chung Road, outside Ho Chung",Sai Kung and Hang Hau,蠔涌 Ho Chung,"(Sai Kung and Hang Hau) 宜春街，西貢街市對面 Yi Chun Street, Opposite Sai Kung Market",(Sai Kung and Hang Hau) 翠塘花園 Lake Side Garden,(Sai Kung and Hang Hau) 菠蘿輋 Po Lo Che,"(Sai Kung and Hang Hau) 北港, 西貢公路 Pak Kong, Hiram's Highway","(Sai Kung and Hang Hau) 西貢公路，白沙灣遊艇會外 Hiram's Highway, outside Hebe Haven Yacht Club",(Sai Kung and Hang Hau) 匡湖居 Marina Cove,"(Sai Kung and Hang Hau) 蠔涌路，蠔涌外 Ho Chung Road, outside Ho Chung",,,,,,,,,,,,,,,,,,,,,,,,,,,,,,,,,,,,,,,,
16,CMPattern_CM_GMBBus_16_1_8632,6.3,6.065876903,Sai Kung and Hang Hau > Tseung Kwan O North,FALSE,大坳門 Tai Au Mun,Sai Kung and Hang Hau,"重華路，東港城第6座對面 Chung Wa Road, Opposite Block 6, East Point City",Tseung Kwan O North,坑口重華路 Hang Hau (Chung Wa Road),(Sai Kung and Hang Hau) 大坳門 Tai Au Mun,(Sai Kung and Hang Hau) 相思灣 Sheung Sze Wan,(Sai Kung and Hang Hau) 兩塊田 Leung Fai Tin,(Sai Kung and Hang Hau) 下洋 Ha Yeung,"(Sai Kung and Hang Hau) 清水灣道，近上洋 Clear Water Bay Road, near Sheung Yeung",(Sai Kung and Hang Hau) 檳榔灣 Pan Long Wan,"(Sai Kung and Hang Hau) 清水灣道，近釣魚翁郊遊徑 Clear Water Bay Road, near High Junk Peak Country Trail","(Sai Kung and Hang Hau) 清水灣道，圍心村外 Clear Water Bay Road, outside Wat Sum Village",(Sai Kung and Hang Hau) 碧沙路 Pik Sha Road,"(Sai Kung and Hang Hau) 清水灣道，近銀綫灣廣場 Clear Water Bay Road, near Silverstand Mart","(Sai Kung and Hang Hau) 清水灣道，近清雅苑 Clear Water Bay Road, near Sussex Lodge",(Sai Kung and Hang Hau) 水邊村 Shui Bin Tsuen,"(Sai Kung and Hang Hau) 坑口道，將軍澳醫院對面 Hang Hau Road, Opposite Tseung Kwan O Hospital","(Tseung Kwan O North) 寶寧路，將軍澳醫院對面 Po Ning Road, Opposite Tseung Kwan O Hospital","(Tseung Kwan O North) 重華路，東港城第6座對面 Chung Wa Road, Opposite Block 6, East Point City",,,,,,,,,,,,,,,,,,,,,,,,,,,,,,,,
59,CMPattern_CM_GMBBus_59_1_8205,4.5,3.865577617,Kwun Tong Central,TRUE,"翠屏南邨翠松樓外 Tsui Ping (South) Estate, outside Tsui Chung House",Kwun Tong Central,"翠屏南邨翠松樓外 Tsui Ping (South) Estate, outside Tsui Chung House",Kwun Tong Central,翠屏南邨 - 協和街（經佳廉道）（循環綫） Tsui Ping Estate South - Hip Wo Street (via Kai Lim Road) (Circular),"(Kwun Tong Central) 翠屏南邨翠松樓外 Tsui Ping (South) Estate, outside Tsui Chung House","(Kwun Tong Central) 翠屏南邨翠桐樓外 Tsui Ping (South) Estate, outside Tsui Tung House","(Kwun Tong Central) 翠屏南邨翠榮樓外 Tsui Ping (South) Estate, outside Tsui Wing House",(Kwun Tong Central) 翠屏南邨翠杭樓 Tsui Hon House Tsui Ping South Estate,"(Kwun Tong Central) 翠屏南邨翠樂樓外 Tsui Ping (South) Estate, outside Tsui Lok House","(Kwun Tong Central) 未命名通道，近翠屏（南）邨天主教佑華小學 Unnamed Access Road, near Our Lady of China Catholic Primary School, Tsui Ping (South) Estate","(Kwun Tong Central) 佳廉道，近翠屏（南）邨翠櫻樓 Kai Lim Road, near Tsui Ying House, Tsui Ping (South) Estate","(Kwun Tong Central) 佳廉道，近翠屏（南）邨翠樂樓 Kai Lim Road, near Tsui Lok House, Tsui Ping (South) Estate",(Kwun Tong Central) 翠柏樓 Tsui Pak House,"(Kwun Tong Central) 翠屏道，近翠屏（北）邨翠桉樓 Tsui Ping Road, near Tsui On House, Tsui Ping (North) Estate","(Kwun Tong Central) 翠屏道，近翠屏（北）邨翠楠樓 Tsui Ping Road, near Tsui Nam House, Tsui Ping (North) Estate","(Kwun Tong Central) 翠屏道，近寶珮苑寶瑛閣 Tsui Ping Road, near Po Ying House, Po Pui Court","(Kwun Tong Central) 協和街，近月華街遊樂場洗手間 Hip Wo Street, near Yuet Wah Street Playground's Toilet, Yuet Wah Street Playground",(Kwun Tong Central) 協和街近觀塘站 Hip Wo Street near Kwun Tong Station,"(Kwun Tong Central) 福塘道，近香港學生輔助會 Fuk Tong Road, near Hong Kong Student Aid Society","(Kwun Tong Central) 翠屏道，近基督教家庭服務中心賽馬會大樓 Tsui Ping Road, near Christian Family Service Centre Jockey Club Building","(Kwun Tong Central) 翠屏北邨翠梓樓外 Tsui Ping (North) Estate, outside Tsui Tsz House","(Kwun Tong Central) 翠屏南邨翠樂樓對面 Tsui Ping (South) Estate, Opposite Tsui Lok House","(Kwun Tong Central) 翠屏南邨翠杏樓對面 Tsui Ping (South) Estate, Opposite Tsui Heng House","(Kwun Tong Central) 翠屏南邨翠榮樓對面 Tsui Ping (South) Estate, Opposite Tsui Wing House",(Kwun Tong Central) 翠屏南邨翠桐樓 Tsui Tung House Tsui Ping South Estate,"(Kwun Tong Central) 翠屏南邨翠松樓外 Tsui Ping (South) Estate, outside Tsui Chung House",,,,,,,,,,,,,,,,,,,,,,,,,
88F,CMPattern_CM_GMBBus_88f_9015,4,3.729172895,Tsing Yi,FALSE,藍澄灣第三座 Rambler Crest Tower 3,Tsing Yi,青衣站小巴總站 Tsing Yi Station GMB Terminus,Tsing Yi,青衣站 Tsing Yi Station,(Tsing Yi) 藍澄灣第三座 Rambler Crest Tower 3,(Tsing Yi) 美景花園 Mayfair Gardens,(Tsing Yi) 長青巴士總站 Cheung Ching Bus Terminus,(Tsing Yi) 青盛苑 Ching Shing Court,"(Tsing Yi) 涌美路，近長康邨康順樓 Chung Mei Road, near Hong Shun House, Cheung Hong Estate",(Tsing Yi) 職安健學院 OSH Academy,"(Tsing Yi) 涌美路，近上高灘街休憩處 Chung Mei Road, near Sheung Ko Tan Street Sitting-Out Area",(Tsing Yi) 青衣警署 Tsing Yi Police Station,(Tsing Yi) 青衣街市 Tsing Yi Market,(Tsing Yi) 青衣站小巴總站 Tsing Yi Station GMB Terminus,,,,,,,,,,,,,,,,,,,,,,,,,,,,,,,,,,,,,
57K,CMPattern_CM_GMBBus_57k_8858,8.5,5.358690973,Robin’s Nest,FALSE,長瀝村 Cheung Lek Village,Robin’s Nest,上水站小巴總站 Sheung Shui Station Public Light Bus Terminus,Robin’s Nest,上水站 Sheung Shui Station,(Robin’s Nest) 長瀝村 Cheung Lek Village,(Robin’s Nest) 粉嶺（唐公嶺）小巴總站 Fanling (Tong Kung Leng) Minibus Terminus,(Robin’s Nest) 蓮塘尾 Lin Tong Mei,"(Robin’s Nest) 粉錦公路，近香港高爾夫球會 Fan Kam Road, near Hong Kong Golf Club","(Robin’s Nest) 粉錦公路，近香港高爾夫球會 Fan Kam Road, near Hong Kong Golf Club",(Robin’s Nest) 丙崗 Ping Kong,"(Robin’s Nest) 寶石湖路，東慶學校外 Po Shek Wu Road, outside Tung Hing School","(Robin’s Nest) 新豐路，石湖墟郵政局 San Fung Avenue, Shek Wu Hui Post Office",(Robin’s Nest) 上水站小巴總站 Sheung Shui Station Public Light Bus Terminus,,,,,,,,,,,,,,,,,,,,,,,,,,,,,,,,,,,,,,
88F,CMPattern_CM_GMBBus_88f_9014,4,4.391235097,Tsing Yi,FALSE,青衣站小巴總站 Tsing Yi Station GMB Terminus,Tsing Yi,藍澄灣第三座 Rambler Crest Tower 3,Tsing Yi,藍澄灣 Rambler Crest,(Tsing Yi) 青衣站小巴總站 Tsing Yi Station GMB Terminus,(Tsing Yi) 宏福花園 Tivoli Garden,"(Tsing Yi) 青衣鄉事會路，近翠怡花園第三座 Tsing Yi Heung Sze Wui Road, near Greenfield Garden Block 3","(Tsing Yi) 涌美路，近長青邨青梅樓 Chung Mei Road, near Ching Mui House, Cheung Ching Estate",(Tsing Yi) 長康邨康富樓 Hong Fu House Cheung Hong Estate,"(Tsing Yi) 涌美路，近長康邨康祥樓 Chung Mei Road, near Hong Cheung House, Cheung Hong Estate",(Tsing Yi) 青盛苑 Ching Shing Court,"(Tsing Yi) 青康路，近長青邨民政事務總署長青社區中心 Ching Hong Road, near Cheung Ching Estate Community Centre","(Tsing Yi) 青康路，近長青邨青榕樓 Ching Hong Road, near Ching Yung House, Cheung Ching Estate",(Tsing Yi) 藍澄灣第三座 Rambler Crest Tower 3,,,,,,,,,,,,,,,,,,,,,,,,,,,,,,,,,,,,,
102,CMPattern_CM_GMBBus_102_9064,10.8,6.31173446,Kwun Tong Central > Tseung Kwan O North > Sai Kung and Hang Hau > Tseung Kwan O North,FALSE,牛頭角站 Ngau Tau Kok Station,Kwun Tong Central,坑口站公共運輸交滙處 Hang Hau Station Public Transport Interchange,Tseung Kwan O North,坑口站 Hang Hau Station,(Kwun Tong Central) 牛頭角站 Ngau Tau Kok Station,"(Kwun Tong Central) 觀塘道，近裕民中心第二座 Kwun Tong Road, near Yue Man Centre Block 2","(Kwun Tong Central) 鯉魚門道近觀塘游泳池 Lei Yue Mun Road, near Kwun Tong Swimming Pool",(Kwun Tong Central) 觀塘警署 Kwun Tong Police Station,"(Tseung Kwan O North) 寶順路，將軍澳游泳池外 Po Shun Road, outside Tseung Kwan O Swimming Pool","(Sai Kung and Hang Hau) 寶寧路，厚德邨對面 Po Ning Road, Opposite Hau Tak Estate","(Tseung Kwan O North) 重華路，東港城第6座對面 Chung Wa Road, Opposite Block 6, East Point City",(Tseung Kwan O North) 坑口站公共運輸交滙處 Hang Hau Station Public Transport Interchange,,,,,,,,,,,,,,,,,,,,,,,,,,,,,,,,,,,,,,,
60K,CMPattern_CM_GMBBus_60k_6135,8.4,5.253518775,Sha Tin West,FALSE,沙田站公共運輸交滙處 Shatin Station Public Transport Interchange,Sha Tin West,黃竹洋村 Wong Chuk Yeung Village,Sha Tin West,黃竹洋村 Wong Chuk Yeung Village,(Sha Tin West) 沙田站公共運輸交滙處 Shatin Station Public Transport Interchange,"(Sha Tin West) 源禾路，瀝源邨外 Yuen Wo Road, outside Lek Yuen Estate",(Sha Tin West) 瀝源邨壽全樓 Sau Chuen House Lek Yuen Estate,"(Sha Tin West) 豐順街，沙田區總部及分區警署外 Fung Shun Street, outside Sha Tin District Headquarter & Divisional Police Station","(Sha Tin West) 豐順街，禾輋信義學校外 Fung Shun Street, outside Wo Che Lutheran School","(Sha Tin West) 德厚街，禾輋商場外 Tak Hau Street, outside Wo Che Commercial Centre","(Sha Tin West) 源禾路，禾輋邨外 Yuen Wo Road, outside Wo Che Estate","(Sha Tin West) 坳背灣街，喜利佳工業大廈外 Au Pui Wan Street, outside Hairbest Industrial Building","(Sha Tin West) 坳背灣街，利達工業中心外 Au Pui Wan Street, outside Leader Industrial Centre",(Sha Tin West) 環球工業中心 World-Wide Industrial Centre,"(Sha Tin West) 桂地街，華生工業中心外 Kwei Tei Street, outside Wah Sang Industrial Building","(Sha Tin West) 黃竹洋街，近桂地新村路 Wong Chuk Yeung Street, near Kwai Tei San Chuen Road",(Sha Tin West) 黃竹洋村 Wong Chuk Yeung Village,,,,,,,,,,,,,,,,,,,,,,,,,,,,,,,,,,
812A,CMPattern_CM_GMBBus_812a_10174,4.1,1.511960645,Sha Tin South > Sha Tin East,FALSE,博泉徑 Pok Chuen Path,Sha Tin South,"逸泰街，沙田圍站外 Yat Tai Street, outside Sha Tin Wai Station",Sha Tin East,沙田圍站 Sha Tin Wai Station,(Sha Tin South) 博泉徑 Pok Chuen Path,"(Sha Tin South) 博泉街，朗泉樓外 Pok Chuen Street, outside Long Chuen House","(Sha Tin South) 博泉街，月泉樓外 Pok Chuen Street, outside Yuet Chuen House","(Sha Tin East) 沙角街，沙田圍站外 Sha Kok Street, outside Sha Tin Wai Station","(Sha Tin East) 逸泰街，沙田圍站外 Yat Tai Street, outside Sha Tin Wai Station",,,,,,,,,,,,,,,,,,,,,,,,,,,,,,,,,,,,,,,,,,
54M,CMPattern_CM_GMBBus_54m_7729,6.6,4.34183172,Southern District Northwest > Western,FALSE,"瑪麗醫院 J 座 Queen Mary Hopital, Block J",Southern District Northwest,堅尼地城站 Kennedy Town Station,Western,堅尼地城站 Kennedy Town Station,"(Southern District Northwest) 瑪麗醫院 J 座 Queen Mary Hopital, Block J","(Southern District Northwest) 薄扶林道，啟明寺 Pok Fu Lam Road, Kai Ming Temple",(Western) 堅尼地城站 Kennedy Town Station,(Western) 吉席街近泓都 Catchick Street near The Merton,"(Western) 卑路乍街34號 Belcher's Street, House No. 34","(Western) 卑路乍街，近隆基大樓 Belcher's Street, near Lungga Mansion",(Western) 堅尼地城站 Kennedy Town Station,,,,,,,,,,,,,,,,,,,,,,,,,,,,,,,,,,,,,,,,
27,CMPattern_GMBBus27_5866,8.6,6.548449186,Sha Tin West,FALSE,"沙田中，排頭街，沙田站外 Pai Tau Street, outside Sha Tin Station",Sha Tin West,香港科學園（第3期） Hong Kong Science Park (Phase 3),Sha Tin West,香港科學園第3期 Hong Kong Science Park (Phase 3),"(Sha Tin West) 沙田中，排頭街，沙田站外 Pai Tau Street, outside Sha Tin Station","(Sha Tin West) 科學園路，馬料水碼頭對面 Science Park Road, Opposite Ma Liu Shui Pier","(Sha Tin West) 科學園路香港中文大學水上活動中心對面 Science Park Road, Opposite Water Sports Centre",(Sha Tin West) 科學園路香港生物科技研究院 Research Institute of Biotechnology,(Sha Tin West) 科技大道西1號外（總站） near 1 Science Park West Avenue,(Sha Tin West) 生物科技中心 Biotech Centre,(Sha Tin West) 香港科學園（第3期） Hong Kong Science Park (Phase 3),,,,,,,,,,,,,,,,,,,,,,,,,,,,,,,,,,,,,,,,
5M,CMPattern_CM_GMBBus_5m_1_7851,5.3,2.565378633,Kowloon City South > Yau Tsim Mong North > Kowloon City South,TRUE,"學餘里，近樂園 Hok Yu Lane, near Happy Court",Kowloon City South,"學餘里，近樂園 Hok Yu Lane, near Happy Court",Kowloon City South,窩打老道山學餘里 - 旺角站（經花園街）（循環綫） Waterloo Hill (Hok Yu Lane) - Mong Kok Station (via Fa Yuen Street) (Circular),"(Kowloon City South) 學餘里，近樂園 Hok Yu Lane, near Happy Court",(Kowloon City South) 新法書院 New Method College,"(Kowloon City South) 文運道，近文星樓 Man Wan Road, near Star Court","(Kowloon City South) 培正道，近香港培正小學梁泳釗樓 Pui Ching Road, near Leung Wing Chiu Building, Pui Ching Primary School","(Kowloon City South) 梭椏道，近梭椏園 Soares Avenue, near Soares Garden","(Kowloon City South) 亞皆老街98號 No. 98 Argyle Street, near Peace Avenue",(Yau Tsim Mong North) 亞皆老街62號 No. 62 Argyle Street,"(Kowloon City South) 培正道，近培正道遊樂場 Pui Ching Road, near Pui Ching Road Playground","(Kowloon City South) 文福道，近冠華園 B 座 Man Fuk Road, near Cambridge Court Block B","(Kowloon City South) 學餘里，近樂園 Hok Yu Lane, near Happy Court",,,,,,,,,,,,,,,,,,,,,,,,,,,,,,,,,,,,,
33,CMPattern_CM_GMBBus_33_7676,5.6,3.791268851,Tai Pak > Hong Wan,FALSE,"馬寶道，華禮大廈外 Marble Road, outside Wah Lai Mansion",Tai Pak,"康盛街，近康怡花園俱樂部 Hong Shing Street, near Kornhill Recreation Club",Hong Wan,康山 Kornhill,"(Tai Pak) 馬寶道，華禮大廈外 Marble Road, outside Wah Lai Mansion","(Tai Pak) 渣華道，近海璇第 5a 座 Java Road, near Victoria Harbour Tower 5a","(Tai Pak) 渣華道，柯達大廈外 Java Road, outside Kodak House","(Tai Pak) 渣華道，近北角政府合署 Java Road, near North Point Government Offices","(Tai Pak) 渣華道，近香港中華煤氣有限公司 Java Road, near The Hong Kong and China Gas Company Limited","(Tai Pak) 英皇道，近麗華樓 King's Road, near Lai Wah Mansion","(Tai Pak) 英皇道，近多寶樓 King's Road, near Tor Po Mansion","(Tai Pak) 英皇道，太古坊外 King's Road, outside Taikoo Place","(Hong Wan) 英皇道，新威園外 King's Road, outside Sunway Garden","(Hong Wan) 基利路，近基利路休憩處 Greig Road, near Greig Road Sitting-Out Area","(Hong Wan) 基利路，近南豐新邨第3座 Greig Road, near Nam Fung Sun Chuen Block 3","(Hong Wan) 基利路，近南豐新邨第5座 Greig Road, near Nam Fung Sun Chuen Block 5","(Hong Wan) 康愉街，近康怡花園 J 座 Hong Yue Street, near Kornhill Block J",(Hong Wan) 康怡花園 K 座 Block K Kornhill,(Hong Wan) 康怡花園 H 座 Block H Kornhill,"(Hong Wan) 康盛街，近康怡花園 F 座 Hong Shing Street, near Kornhill Block F","(Hong Wan) 康盛街，近康怡花園俱樂部 Hong Shing Street, near Kornhill Recreation Club",,,,,,,,,,,,,,,,,,,,,,,,,,,,,,
57K,CMPattern_CM_GMBBus_57k_8857,8.5,5.113619882,Robin’s Nest,FALSE,上水站小巴總站 Sheung Shui Station Public Light Bus Terminus,Robin’s Nest,長瀝村 Cheung Lek Village,Robin’s Nest,唐公嶺 Tong Kung Leng,(Robin’s Nest) 上水站小巴總站 Sheung Shui Station Public Light Bus Terminus,"(Robin’s Nest) 新豐路，石湖墟郵政局 San Fung Avenue, Shek Wu Hui Post Office","(Robin’s Nest) 寶石湖路，東慶學校對面 Po Shek Wu Road, Opposite Tung Hing School",(Robin’s Nest) 丙崗 Ping Kong,"(Robin’s Nest) 粉錦公路，近香港高爾夫球會 Fan Kam Road, near Hong Kong Golf Club","(Robin’s Nest) 粉錦公路，近香港高爾夫球會 Fan Kam Road, near Hong Kong Golf Club",(Robin’s Nest) 蓮塘尾 Lin Tong Mei,(Robin’s Nest) 唐公嶺 Tong Kung Leng,(Robin’s Nest) 長瀝村 Cheung Lek Village,,,,,,,,,,,,,,,,,,,,,,,,,,,,,,,,,,,,,,
94A,CMPattern_CM_GMBBus_94a_9044,7.2,4.590901654,Tsuen Wan Southeast > Kwai Chung East > Kwai Chung West,FALSE,梨木樹邨公共運輸交滙處 Lei Muk Shue Estate Public Transport Interchange,Tsuen Wan Southeast,"葵盛圍，近香港專業教育學院（葵涌） Kwai Shing Circuit, near Hong Kong Institute of Vocational Education (Kwai Chung)",Kwai Chung West,葵盛 Kwai Shing,(Tsuen Wan Southeast) 梨木樹邨公共運輸交滙處 Lei Muk Shue Estate Public Transport Interchange,(Kwai Chung East) 和宜合道伍若瑜夫人健康院外 Wo Yi Hop Road outside Mrs Wu York Yu Health Centre,"(Kwai Chung East) 和宜合道，北葵涌賽馬會公眾泳池外 Wo Yi Hop Road, outside North Kwai Chung Jockey Club Public Swimming Pool",(Kwai Chung East) 昌榮路同珍醬園外 Cheung Wing Road outside Tung Chun Canning and Soy Limited,(Kwai Chung East) 葵涌道成美工業大廈外 Kwai Chung Road outside Sing Mei Industrial Building,"(Kwai Chung East) 葵涌道，豪華工業大廈外 Kwai Chung Road, outside Hover Industrial Building","(Kwai Chung East) 葵涌道，近富都工業大廈 Kwai Chung Road, near Fabrico Industrial Building",(Kwai Chung East) 葵芳邨 Kwai Fong Estate,(Kwai Chung East) 葵涌道葵芳邨對面的巴士站 Kwai Chung Road at The Bus Stop Opposite To Kwai Fong Estate,(Kwai Chung East) 葵翠邨公共運輸交滙處 Kwai Tsui Estate Public Transport Interchange,"(Kwai Chung West) 葵福路，近葵喜街休憩處 Kwai Fuk Road, near Kwai Hei Street Sitting-Out Area","(Kwai Chung West) 葵盛圍，近葵盛西邨第十座 Kwai Shing Circuit, near Kwai Shing West Estate Block 10","(Kwai Chung West) 葵盛圍，近順德聯誼總會李兆基中學 Kwai Shing Circuit, near Shun Tak Fraternal Association Lee Shau Kee College",(Kwai Chung West) 葵聯邨聯悅樓 Luen Yuet House Kwai Luen Estate,"(Kwai Chung West) 葵盛圍，近香港專業教育學院（葵涌） Kwai Shing Circuit, near Hong Kong Institute of Vocational Education (Kwai Chung)",,,,,,,,,,,,,,,,,,,,,,,,,,,,,,,,
13,CMPattern_CM_GMBBus_13_2_7763,6.8,8.326561463,Kwun Tong Central > Kwun Tong North > Sai Kung and Hang Hau > Tseung Kwan O South > Sai Kung and Hang Hau,FALSE,裕民坊公共運輸交滙處 Yue Man Square Public Transport Interchange,Kwun Tong Central,康盛花園小巴總站 Hong Sing Garden Minibus Terminus,Sai Kung and Hang Hau,康盛花園 Hong Sing Garden,(Kwun Tong Central) 裕民坊公共運輸交滙處 Yue Man Square Public Transport Interchange,"(Kwun Tong Central) 鯉魚門道近觀塘游泳池 Lei Yue Mun Road, near Kwun Tong Swimming Pool",(Kwun Tong Central) 觀塘警署 Kwun Tong Police Station,(Kwun Tong Central) 曉光街 Hiu Kwong Street,"(Kwun Tong North) 秀茂坪道，秀暉樓外 Sau Mau Ping Road, outside Sau Fai House","(Kwun Tong North) 寶琳路，寶達邨對面 Po Lam Road, Opposite Po Tat Estate","(Sai Kung and Hang Hau) 寶琳路，近基督教靈實協會靈實恩光學校 Po Lam Road, near Haven of Hope Sunnyside School","(Sai Kung and Hang Hau) 寶琳路，近馬游塘 Po Lam Road, near Ma Yau Tong","(Sai Kung and Hang Hau) 寶琳路，茅湖仔對面 Po Lam Road, Opposite Mau Wu Tsai",(Sai Kung and Hang Hau) 康盛花園小巴總站 Hong Sing Garden Minibus Terminus,(Sai Kung and Hang Hau) 茅湖仔村 Mau Wu Tsai Village,(Sai Kung and Hang Hau) 獅子會青年會將軍澳青年營 Lions YMCA Junk Bay Youth Camp,"(Tseung Kwan O South) 靈實路，靈實醫院外 Haven of Hope Road, outside Haven of Hope Hospital",(Sai Kung and Hang Hau) 康盛花園小巴總站 Hong Sing Garden Minibus Terminus,,,,,,,,,,,,,,,,,,,,,,,,,,,,,,,,,
12,CMPattern_CM_GMBBus_12_1_7860,6.2,3.221303927,Yau Tsim Mong North > Sham Shui Po East,FALSE,旺角東站 Mong Kok East Station,Yau Tsim Mong North,白田邨小巴總站 Pak Tin Estate Minibus Terminus,Sham Shui Po East,白田 Pak Tin,(Yau Tsim Mong North) 旺角東站 Mong Kok East Station,"(Yau Tsim Mong North) 洗衣街，近貴華閣 Sai Yee Street, near Kwai Wah Court","(Yau Tsim Mong North) 通菜街，旺角警署外 Tung Choi Street, outside Mong Kok Police Station","(Sham Shui Po East) 大坑東道，蘭芳閣對面 Tai Hang Tung Road, Opposite Royal Magnolia",(Sham Shui Po East) 棠蔭街15號 Tong Yam Street No. 15,(Sham Shui Po East) 大坑西新邨民興樓 Man Hing House Tai Hang Sai Estate,(Sham Shui Po East) 石硤尾警署 Shek Kip Mei Police Station,(Sham Shui Po East) 田豐樓 Tin Fung House,(Sham Shui Po East) 白田邨安田樓 On Tin House Pak Tin Estate,(Sham Shui Po East) 白田邨小巴總站 Pak Tin Estate Minibus Terminus,,,,,,,,,,,,,,,,,,,,,,,,,,,,,,,,,,,,,
12B,CMPattern_CM_GMBBus_12b_7867,5,2.009989177,Yau Tsim Mong North,FALSE,"福利街，近港灣豪庭第七座 Fuk Lee Street, near Metro Harbour View Block 7",Yau Tsim Mong North,旺角東站 Mong Kok East Station,Yau Tsim Mong North,旺角東站 Mong Kok East Station,"(Yau Tsim Mong North) 福利街，近港灣豪庭第七座 Fuk Lee Street, near Metro Harbour View Block 7","(Yau Tsim Mong North) 福全街，近福全工廠大廈 Fuk Tsun Street, near Fuk Tsun Factory Building",(Yau Tsim Mong North) 旺角道 Mong Kok Road,"(Yau Tsim Mong North) 快富街，近旺角中心 Fife Street, near Argyle Centre","(Yau Tsim Mong North) 亞皆老街，近先施大廈 Argyle Street, near Sincere House",(Yau Tsim Mong North) 旺角東站 Mong Kok East Station,,,,,,,,,,,,,,,,,,,,,,,,,,,,,,,,,,,,,,,,,
47S,CMPattern_CM_GMBBus_47s_7700,4.2,4.329629472,Chai Wan,TRUE,柴灣站巴士總站 Chai Wan Station Bus Terminus,Chai Wan,柴灣站巴士總站 Chai Wan Station Bus Terminus,Chai Wan,柴灣站 - 富欣花園（循環綫） Chai Wan Station - Harmony Garden (Circular),(Chai Wan) 柴灣站巴士總站 Chai Wan Station Bus Terminus,(Chai Wan) 怡泰街 Yee Tai Street,"(Chai Wan) 柴灣道，宏德居外 Chai Wan Road, outside Walton Estate","(Chai Wan) 柴灣道，漁灣邨外 Chai Wan Road, outside Yu Wan Estate","(Chai Wan) 豐業街，啟力工業中心外 Fung Yip Street, outside Kailey Industrial Centre","(Chai Wan) 豐業街，近志同昌工業大廈 Fung Yip Street, near Gee Tung Chang Industrial Building","(Chai Wan) 新業街，八號商業廣場外 Sun Yip Street, outside Commercial Tower 8","(Chai Wan) 小西灣道，李志雄小學外 Siu Sai Wan Road, outside Lee Chi Hung Primary School",(Chai Wan) 富城閣 Fu Shing Court,"(Chai Wan) 永平街，新德樓外 Wing Ping Street, outside Sun Tak House",(Chai Wan) 柴灣邨 Chai Wan Estate,"(Chai Wan) 新廈街，樂軒臺外 San Ha Street, outside Lok Hin Terrace","(Chai Wan) 新廈街，近環翠邨利翠樓 San Ha Street, near Lee Tsui House, Wan Tsui Estate",(Chai Wan) 柴灣站巴士總站 Chai Wan Station Bus Terminus,,,,,,,,,,,,,,,,,,,,,,,,,,,,,,,,,
60K,CMPattern_CM_GMBBus_60k_6134,8.4,4.987211412,Sha Tin West,FALSE,黃竹洋村 Wong Chuk Yeung Village,Sha Tin West,沙田站公共運輸交滙處 Shatin Station Public Transport Interchange,Sha Tin West,沙田站 Sha Tin Station,(Sha Tin West) 黃竹洋村 Wong Chuk Yeung Village,(Sha Tin West) 黃竹洋村徑 Wong Chuk Yeung Tsuen Path,"(Sha Tin West) 桂地街，近駿洋商場 Kwei Tei Street, near Chun Yeung Shopping Centre",(Sha Tin West) 桂地街 Kwei Tei Street,(Sha Tin West) 盈力工業中心 Yale Industrial Centre,(Sha Tin West) 利達工業中心 Leader Industrial Centre,"(Sha Tin West) 坳背灣街，金豪工業大廈外 Au Pui Wan Street, outside Kinho Industrial Building","(Sha Tin West) 源禾路，沙田運動場外 Yuen Wo Road, Otuside Sha Tin Sports Ground","(Sha Tin West) 源禾路，沙田賽馬會泳池外 Yuen Wo Road, outside Sha Tin Jockey Club Swimming Pool",(Sha Tin West) 沙田站公共運輸交滙處 Shatin Station Public Transport Interchange,,,,,,,,,,,,,,,,,,,,,,,,,,,,,,,,,,,,,
12,CMPattern_CM_GMBBus_12_1_7859,6.2,3.911489964,Sham Shui Po East > Kowloon City South > Yau Tsim Mong North,FALSE,白田邨小巴總站 Pak Tin Estate Minibus Terminus,Sham Shui Po East,旺角東站 Mong Kok East Station,Yau Tsim Mong North,旺角東站 Mong Kok East Station,(Sham Shui Po East) 白田邨小巴總站 Pak Tin Estate Minibus Terminus,(Sham Shui Po East) 白田邨安田樓 On Tin House Pak Tin Estate,(Sham Shui Po East) 白田邨麗田樓 Lai Tin House Pak Tin Estate,(Sham Shui Po East) 南山商場 Nam Shan Shopping Centre,"(Sham Shui Po East) 大坑東道，近大坑東邨東龍樓 Tai Hang Tung Road, near Tung Lung House, Tai Hang Tung Estate","(Sham Shui Po East) 大坑東道，近蘭芳閣 Tai Hang Tung Road, near Royal Magnolia",(Kowloon City South) 勵德街 Knight Street,"(Yau Tsim Mong North) 太子道西，新世紀廣場外 Prince Edward Road West, outside Grand Century Plaza",(Yau Tsim Mong North) 伊利沙伯中學 Queen Elizabeth School,(Yau Tsim Mong North) 旺角東站 Mong Kok East Station,,,,,,,,,,,,,,,,,,,,,,,,,,,,,,,,,,,,,
27,CMPattern_GMBBus27_4030,8.6,5.997940441,Sha Tin West,FALSE,科技大道西1號外（總站） near 1 Science Park West Avenue,Sha Tin West,"沙田中，排頭街，沙田站外 Pai Tau Street, outside Sha Tin Station",Sha Tin West,沙田排頭街 Sha Tin (Pai Tau Street),(Sha Tin West) 科技大道西1號外（總站） near 1 Science Park West Avenue,(Sha Tin West) 科學園路香港生物科技研究院對面 Opposite Research Institute of Biotechnology,(Sha Tin West) 水上活動中心 Water Sports Centre,"(Sha Tin West) 科學園路，近馬料水碼頭 Science Park Road, near Ma Liu Shui Pier",(Sha Tin West) 馬料水海濱 Ma Liu Shui Waterfront,"(Sha Tin West) 沙田中，排頭街，沙田站外 Pai Tau Street, outside Sha Tin Station",,,,,,,,,,,,,,,,,,,,,,,,,,,,,,,,,,,,,,,,,
27,CMPattern_GMBBus27_5867,8.6,6.401594872,Sha Tin West,FALSE,香港科學園（第3期） Hong Kong Science Park (Phase 3),Sha Tin West,"沙田中，排頭街，沙田站外 Pai Tau Street, outside Sha Tin Station",Sha Tin West,沙田排頭街 Sha Tin (Pai Tau Street),(Sha Tin West) 香港科學園（第3期） Hong Kong Science Park (Phase 3),(Sha Tin West) 科技大道西1號外（總站） near 1 Science Park West Avenue,(Sha Tin West) 科學園路香港生物科技研究院對面 Opposite Research Institute of Biotechnology,(Sha Tin West) 水上活動中心 Water Sports Centre,"(Sha Tin West) 科學園路，近馬料水碼頭 Science Park Road, near Ma Liu Shui Pier",(Sha Tin West) 馬料水海濱 Ma Liu Shui Waterfront,"(Sha Tin West) 沙田中，排頭街，沙田站外 Pai Tau Street, outside Sha Tin Station",,,,,,,,,,,,,,,,,,,,,,,,,,,,,,,,,,,,,,,,
2,CMPattern_CM_GMBBus_2_2_8482,5.9,5.039253436,Sai Kung and Hang Hau,FALSE,"蠔涌路，蠔涌外 Ho Chung Road, outside Ho Chung",Sai Kung and Hang Hau,"宜春街，西貢街市對面 Yi Chun Street, Opposite Sai Kung Market",Sai Kung and Hang Hau,西貢 Sai Kung,"(Sai Kung and Hang Hau) 蠔涌路，蠔涌外 Ho Chung Road, outside Ho Chung","(Sai Kung and Hang Hau) 西貢公路，匡湖居對面 Hiram's Highway, Opposite Marina Cove","(Sai Kung and Hang Hau) 西貢公路，白沙灣遊艇會對面 Hiram's Highway, Opposite Hebe Haven Yacht Club",(Sai Kung and Hang Hau) 北港 Pak Kong,(Sai Kung and Hang Hau) 菠蘿輋 Po Lo Che,(Sai Kung and Hang Hau) 翠塘花園 Lake Side Garden,"(Sai Kung and Hang Hau) 宜春街，西貢街市對面 Yi Chun Street, Opposite Sai Kung Market",,,,,,,,,,,,,,,,,,,,,,,,,,,,,,,,,,,,,,,,
56B,CMPattern_CM_GMBBus_56b_1_7777,9.9,7.52544707,Wu Tip Shan,FALSE,丹竹坑（獅頭嶺村） Tan Chuk Hang (Sze Tau Leng Tsuen),Wu Tip Shan,粉嶺站專綫小巴總站 Public Light Bus (Scheduled) Service Terminus at Fanling Station,Wu Tip Shan,粉嶺站 Fanling Station,(Wu Tip Shan) 丹竹坑（獅頭嶺村） Tan Chuk Hang (Sze Tau Leng Tsuen),(Wu Tip Shan) 新屋仔村 San Uk Tsai Tsuen,(Wu Tip Shan) 丹竹坑村 Tan Chuk Hang Tsuen,(Wu Tip Shan) 嶺皮村 Leng Pei Tsuen,(Wu Tip Shan) 簡頭村路口 Kan Tau Tsuen,(Wu Tip Shan) 孔嶺村 Hung Leng Tsuen,"(Wu Tip Shan) 沙頭角公路，坪輋路 Sha Tau Kok Road, Ping Che Road","(Wu Tip Shan) 流水響，沙頭角公路 Lau Shui Heung, Sha Tau Kok Road",(Wu Tip Shan) 沙頭角路近軍地 Sha Tau Kok Road near Kwan Tei,(Wu Tip Shan) 新圍軍營 San Wai Barracks,"(Wu Tip Shan) 新屋村／覲龍圍，沙頭角公路 San Uk Tsuen / Kan Lung Wai, Sha Tau Kok Road",(Wu Tip Shan) 御庭軒 Grand Regentville,"(Wu Tip Shan) 聯和道，聯和墟街市外 Luen Wo Road, outside Luen Wo Hui Market","(Wu Tip Shan) 沙頭角公路，上水分區警署外 Sha Tau Kok Road, outside Sheung Shui Divisional Police Station","(Wu Tip Shan) 新運路，祥華邨祥頌樓外 San Wan Road, outside Cheung Chung House, Cheung Wah Estate",(Wu Tip Shan) 粉嶺站專綫小巴總站 Public Light Bus (Scheduled) Service Terminus at Fanling Station,,,,,,,,,,,,,,,,,,,,,,,,,,,,,,,
4M,CMPattern_CM_GMBBus_4m_5618,4.9,3.955477923,Southern District Southeast > Southern District Northwest > Southern District Southeast > Southern District Northwest,FALSE,黃竹坑站 Wong Chuk Hang Station,Southern District Southeast,石排灣邨公共運輸交滙處 Shek Pai Wan Estate Public Transport Interchange,Southern District Northwest,香港仔石排灣 Aberdeen (Shek Pai Wan),(Southern District Southeast) 黃竹坑站 Wong Chuk Hang Station,"(Southern District Southeast) 黃竹坑道，黃竹坑遊樂場外 Wong Chuk Hang Road, outside Wong Chuk Hang Recreation Ground","(Southern District Southeast) 黃竹坑道，南朗山道 Nam Long Shan Road, Wong Chuk Hang Road","(Southern District Southeast) 黃竹坑道16號，勝利工業大廈 Wong Chuk Hang Road, outside House No. 16, Victory Factory Building","(Southern District Southeast) 香港仔海傍道，逸港居外 Aberdeen Praya Road, outside Ocean Court","(Southern District Northwest) 香港仔海傍道，香港仔海濱公園外 Aberdeen Praya Road, outside Aberdeen Promenade","(Southern District Northwest) 香港仔大道，金豐大廈外 Aberdeen Main Road, outside Kam Fung Building","(Southern District Southeast) 香港仔水瑭道，漁光邨 Yue Kwong Chuen , Aberdeen Reservoir Road",(Southern District Southeast) 漁光村海鷗樓 Hoy Au Lau Yue Kwong Chuen,"(Southern District Southeast) 漁光道，建造業訓練中心 Construction Industrytraining Authority, Yue Kwong Road","(Southern District Southeast) 漁光道，近扶康會康復中心 Yue Kwong Road, near Fu Hong Society Rehabilitation Centre",(Southern District Southeast) 石排灣邨 Shek Pai Wan Estate,(Southern District Northwest) 漁暉苑日暉閣 Yat Fai House Yue Fai Court,(Southern District Northwest) 石排灣邨公共運輸交滙處 Shek Pai Wan Estate Public Transport Interchange,,,,,,,,,,,,,,,,,,,,,,,,,,,,,,,,,
621,CMPattern_CM_GMBBus_621_6040,6.1,3.852250776,Tin Shui Wai South and Ping Ha > Yuen Long Rural East,FALSE,天水圍醫院 Tin Shui Wai Hospital,Tin Shui Wai South and Ping Ha,"洪元路，洪福邨外 Hung Yuen Road, outside Hung Fuk Estate",Yuen Long Rural East,洪水橋洪元路 Hung Shui Kiu (Hung Yuen Road),(Tin Shui Wai South and Ping Ha) 天水圍醫院 Tin Shui Wai Hospital,(Tin Shui Wai South and Ping Ha) 天水圍官立小學 Tin Shui Wai Government Primary School,"(Tin Shui Wai South and Ping Ha) 天瑞路，天瑞商場對面 Tin Shui Road, Opposite Tin Shui Commercial Complex","(Tin Shui Wai South and Ping Ha) 天瑞路，天水圍公園外 Tin Shui Road, outside Tin Shui Wai Park","(Tin Shui Wai South and Ping Ha) 天湖路，耀盛樓外 Tin Wu Road, outside Yiu Shing House","(Tin Shui Wai South and Ping Ha) 天耀路，耀民樓外 Tin Yiu Road, outside Yiu Man House","(Tin Shui Wai South and Ping Ha) 屏廈路，近天水圍站 Ping Ha Road, near Tin Shui Wai Station","(Tin Shui Wai South and Ping Ha) 洪天路，近石埗村 Hung Tin Road, near Shek Po Tsuen","(Yuen Long Rural East) 洪元路，洪福邨外 Hung Yuen Road, outside Hung Fuk Estate",,,,,,,,,,,,,,,,,,,,,,,,,,,,,,,,,,,,,,
9,CMPattern_CM_GMBBus_9_7590,8.1,3.581578162,Central,FALSE,"寶雲道，近 Bo Kwong Apartments Bowen Road, near Bo Kwong Apartments",Central,"美利道，美利道多層停車場大廈外 Murry Road, outside Murray Road Multi-Story Car Park",Central,美利道 Murray Road,"(Central) 寶雲道，近 Bo Kwong Apartments Bowen Road, near Bo Kwong Apartments",(Central) 富滙豪庭 Regence Royale,(Central) 寶雲山莊 Fairlane Tower,"(Central) 寶雲道，近寶德臺 Bowen Road, near Borrett Mansions","(Central) 波老道，近香港猶太教國際學校 Borrett Road, near Carmel School","(Central) 波老道，近港島中學 Borrett Road, near Island School",(Central) 寶德臺 Borrett Mansions,"(Central) 堅尼地道，近波老道 Kennedy Road, near Borrett Road",(Central) 堅尼地道42號 No. 42 Kennedy Road,"(Central) 堅尼地道，近聖保羅男女中學 Kennedy Road, near St. Paul's Co-Educational College","(Central) 堅尼地道，堅麗閣 Kennedy Heights, Kennedy Road",(Central) 花園道 Garden Road,"(Central) 美利道，美利道多層停車場大廈外 Murry Road, outside Murray Road Multi-Story Car Park",,,,,,,,,,,,,,,,,,,,,,,,,,,,,,,,,,
58,CMPattern_GMBBus58_5880,7.5,3.687345234,Southern District Northwest > Western,FALSE,"沙灣徑，麥理浩復康院 Sha Wan Drive, Maclehose Medical Rehabilitation Centre",Southern District Northwest,堅尼地城站 Kennedy Town Station,Western,堅尼地城站 Kennedy Town Station,"(Southern District Northwest) 沙灣徑，麥理浩復康院 Sha Wan Drive, Maclehose Medical Rehabilitation Centre","(Southern District Northwest) 大口環道，大口環根德公爵夫人兒童醫院 Sandy Bay Road, The Duchess of Kent Children’s Hospital",(Southern District Northwest) 東華三院賽馬會護理安老院 Twghs Jockey Club Care & Attention Home For The Elderly,"(Southern District Northwest) 域多利道，英基學校協會西港島中學外 Victoria Road, outside English School Foundation West Island School",(Western) 域多利道，近摩星嶺道 Victoria Road near Mount Davis Road,(Western) 摩星嶺徑 Mount Davis Path,(Western) 明愛賽馬會宿舍 Caritas Jockey Club Hostel,"(Western) 域多利道，近傲翔灣畔 Victoria Road, near The Sail at Victoria",(Western) 西市街 Sai See Street,(Western) 吉席街近泓都 Catchick Street near The Merton,(Western) 堅尼地城站 Kennedy Town Station,,,,,,,,,,,,,,,,,,,,,,,,,,,,,,,,,,,,
17M,CMPattern_GMBBus17M_2347,5.9,4.699611502,Yau Tsim Mong North > Kowloon City South > Kowloon City North > Yau Tsim Mong North,TRUE,"西洋菜南街，長寧大廈外 Sai Yeung Choi Street South, outside Cheung Ling Mansion",Yau Tsim Mong North,"西洋菜南街，長寧大廈外 Sai Yeung Choi Street South, outside Cheung Ling Mansion",Yau Tsim Mong North,九龍醫院 - 太子站（循環綫） Kowloon Hospital - Prince Edward Station (Circular),"(Yau Tsim Mong North) 西洋菜南街，長寧大廈外 Sai Yeung Choi Street South, outside Cheung Ling Mansion","(Kowloon City South) 亞皆老街，新勝大樓對面 Argyle Street, Opposite Sunshine Building","(Kowloon City North) 亞皆老街，中九龍診所外 Argyle Street, outside Central Kowloon Health Centre","(Kowloon City North) 九龍醫院，九龍醫院西翼外 Kowloon Hospital, outside Kowloon Hospital West Wing",(Kowloon City North) 賽馬會九龍康復中心外 Jockey Club Kowloon Rehabilitation Centre,(Kowloon City North) 九龍醫院康復大樓外 Kowloon Hospital Rehabilitation Building,"(Kowloon City North) 太子道西，聖德肋撒法國醫院外 Prince Edward Road West, outside St. Teresa's Hospital","(Kowloon City North) 太子道西，愛華閣第二期外 Prince Edward Road West, outside Edwardian Heights Phase II","(Yau Tsim Mong North) 西洋菜南街，長寧大廈外 Sai Yeung Choi Street South, outside Cheung Ling Mansion",,,,,,,,,,,,,,,,,,,,,,,,,,,,,,,,,,,,,,
27,CMPattern_GMBBus27_4031,8.6,7.144540182,Sha Tin West,FALSE,"沙田中，排頭街，沙田站外 Pai Tau Street, outside Sha Tin Station",Sha Tin West,科技大道西1號外（總站） near 1 Science Park West Avenue,Sha Tin West,香港科學園 Hong Kong Science Park,"(Sha Tin West) 沙田中，排頭街，沙田站外 Pai Tau Street, outside Sha Tin Station","(Sha Tin West) 科學園路，馬料水碼頭對面 Science Park Road, Opposite Ma Liu Shui Pier","(Sha Tin West) 科學園路香港中文大學水上活動中心對面 Science Park Road, Opposite Water Sports Centre",(Sha Tin West) 科學園路香港生物科技研究院 Research Institute of Biotechnology,(Sha Tin West) 香港科學園 Hong Kong Science Park,(Sha Tin West) 生物科技中心 Biotech Centre,(Sha Tin West) 科技大道西12號 12 Science Park West Avenue,(Sha Tin West) 科技大道西1號外（總站） near 1 Science Park West Avenue,,,,,,,,,,,,,,,,,,,,,,,,,,,,,,,,,,,,,,,
88,CMPattern_CM_GMBBus_88_1_8648,5.7,4.562493506,Tsing Yi > Kwai Chung West > Kwai Chung East,FALSE,青衣邨小巴總站 Tsing Yi Estate Minibus Terminus,Tsing Yi,新葵芳花園 New Kwai Fong Gardens,Kwai Chung East,葵芳站 Kwai Fong Station,(Tsing Yi) 青衣邨小巴總站 Tsing Yi Estate Minibus Terminus,"(Tsing Yi) 楓樹窩路，荃灣商會小學外 Fung Shue Wo Road, outside Tsuen Wan Trade Association Primary School","(Tsing Yi) 楓樹窩路，綠悠雅苑外 Fung Shue Wo Road, outside Greenview Villa","(Tsing Yi) 青衣鄉事會路，近翠怡花園第三座 Tsing Yi Heung Sze Wui Road, near Greenfield Garden Block 3","(Tsing Yi) 青衣鄉事會路，近立信大廈 Tsing Yi Heung Sze Wui Road, near Fong's Building","(Kwai Chung West) 葵青路，近葵涌公園 Kwai Tsing Road, near Kwai Chung Park",(Kwai Chung East) 葵涌運動場 Kwai Chung Sports Ground,"(Kwai Chung East) 葵仁路，近葵芳站 Kwai Yan Road, near Kwai Fong Station",(Kwai Chung East) 新葵芳花園 New Kwai Fong Gardens,,,,,,,,,,,,,,,,,,,,,,,,,,,,,,,,,,,,,,
88,CMPattern_CM_GMBBus_88_1_8649,5.7,4.112788663,Tsing Yi > Kwai Chung West > Kwai Chung East,FALSE,青衣邨小巴總站 Tsing Yi Estate Minibus Terminus,Tsing Yi,新葵芳花園 New Kwai Fong Gardens,Kwai Chung East,葵芳站（經葵福路） Kwai Fong Station (via Kwai Fuk Road),(Tsing Yi) 青衣邨小巴總站 Tsing Yi Estate Minibus Terminus,"(Tsing Yi) 楓樹窩路，荃灣商會小學外 Fung Shue Wo Road, outside Tsuen Wan Trade Association Primary School","(Tsing Yi) 楓樹窩路，綠悠雅苑外 Fung Shue Wo Road, outside Greenview Villa","(Tsing Yi) 青衣鄉事會路，近翠怡花園第三座 Tsing Yi Heung Sze Wui Road, near Greenfield Garden Block 3","(Tsing Yi) 青衣鄉事會路，近立信大廈 Tsing Yi Heung Sze Wui Road, near Fong's Building","(Kwai Chung West) 葵青路，近葵涌公園 Kwai Tsing Road, near Kwai Chung Park",(Kwai Chung East) 新葵芳花園 New Kwai Fong Gardens,,,,,,,,,,,,,,,,,,,,,,,,,,,,,,,,,,,,,,,,
39,CMPattern_CM_GMBBus_39_8759,7.2,6.090967652,Yuen Long Town Centre > Yuen Long Rural East,FALSE,元朗站（北）公共運輸交滙處 Yuen Long Station (North) Public Transport Interchange,Yuen Long Town Centre,"公庵路，近培康居 Kung Um Road, near Pui Hong Kui",Yuen Long Rural East,公庵路 Kung Um Road,(Yuen Long Town Centre) 元朗站（北）公共運輸交滙處 Yuen Long Station (North) Public Transport Interchange,(Yuen Long Town Centre) 銀田花園 Silver Field Garden,(Yuen Long Town Centre) 馬田村 Ma Tin Tsuen,(Yuen Long Town Centre) 僑興路，近榮麗苑1座 Kiu Hing Road,"(Yuen Long Town Centre) 僑興路，近原築 Kiu Hing Road, near La Grove","(Yuen Long Town Centre) 公庵路，近溱柏 Kung Um Road, near Park Signature",(Yuen Long Rural East) 田寮村 Tin Liu Tsuen,"(Yuen Long Rural East) 公庵路，近新美花園 Kung Um Road, near Sun Mei Garden","(Yuen Long Rural East) 公庵路，近振輝花園 Kung Um Road, near Chun Fai Garden",(Yuen Long Rural East) 大發村 Tai Fat Tsuen,(Yuen Long Rural East) 白沙村劉屋 Pak Sha Tsuen Lau Uk,(Yuen Long Rural East) 凱巒 Regent's Park,(Yuen Long Rural East) 白沙村第二段 Pak Sha Tsuen Section 2,(Yuen Long Rural East) 白沙村第三段 Pak Sha Tsuen Section 3,(Yuen Long Rural East) 公庵居民信箱 Kung Um Resident Letter Box,"(Yuen Long Rural East) 公庵路，近培康居 Kung Um Road, near Pui Hong Kui",,,,,,,,,,,,,,,,,,,,,,,,,,,,,,,
63A,CMPattern_CM_GMBBus_63a_8900,3.9,2.805158942,Sha Tin West > Sha Tin South > Sha Tin West,TRUE,美松苑小巴總站 Mei Chung Court Minibus Terminus,Sha Tin West,美松苑小巴總站 Mei Chung Court Minibus Terminus,Sha Tin West,美松苑 - 大圍站村南道（循環綫） Mei Chung Court - Tai Wai Station (Tsuen Nam Road) (Circular),(Sha Tin West) 美松苑小巴總站 Mei Chung Court Minibus Terminus,"(Sha Tin West) 美田路，近美城苑貴城閣 Mei Tin Road, near Kwai Shing House, May Shing Court","(Sha Tin West) 積存街，近埃索－大圍加油站 Chik Chuen Street, near Esso - Tai Wai Petrol Filling Station","(Sha Tin South) 村南道，近金昌樓 Tsuen Nam Road, near Kam Cheong Building","(Sha Tin South) 村南道，近大圍站 Tsuen Nam Road, near Tai Wai Station","(Sha Tin South) 大圍道，近金禧花園第6座 Tai Wai Road, near Grandeur Garden Block 6","(Sha Tin West) 美田路，近美田路休憩處 Mei Tin Road, near Mei Tin Road Sitting-Out Area",(Sha Tin West) 美城苑 May Shing Court,(Sha Tin West) 美松苑小巴總站 Mei Chung Court Minibus Terminus,,,,,,,,,,,,,,,,,,,,,,,,,,,,,,,,,,,,,,
89B,CMPattern_CM_GMBBus_89b_1_7460,5.8,2.455495101,Kwai Chung West,FALSE,"石頭街，近大窩口邨富泰樓 Shek Tau Street, near Fu Tai House, Tai Wo Hau Estate",Kwai Chung West,"葵盛圍，近葵盛游泳池香港 ISSF 氣槍射擊中心 Kwai Shing Circuit, near Hong Kong ISSF Air Gun Shooting Centre, Kwai Shing Swimming Pool",Kwai Chung West,葵盛圍下段 Kwai Shing Circuit (Lower Section),"(Kwai Chung West) 石頭街，近大窩口邨富泰樓 Shek Tau Street, near Fu Tai House, Tai Wo Hau Estate",(Kwai Chung West) 中華基督教會全完第二小學 CCC Chuen Yuen Secondary Primary School,"(Kwai Chung West) 上角街，近葵涌邨葵涌商場 Sheung Kok Street, near Kwai Chung Shopping Centre, Kwai Chung Estate",(Kwai Chung West) 葵盛東邨盛樂樓 Shing Lok House Kwai Shing East Estate,"(Kwai Chung West) 葵盛圍，近南葵涌賽馬會分科診療所 Kwai Shing Circuit, near South Kwai Chung Jockey Club Polyclinic","(Kwai Chung West) 葵盛圍，近葵盛游泳池香港 ISSF 氣槍射擊中心 Kwai Shing Circuit, near Hong Kong ISSF Air Gun Shooting Centre, Kwai Shing Swimming Pool",,,,,,,,,,,,,,,,,,,,,,,,,,,,,,,,,,,,,,,,,
89B,CMPattern_CM_GMBBus_89b_1_7461,5.8,3.909427504,Kwai Chung West,FALSE,"石頭街，近大窩口邨富泰樓 Shek Tau Street, near Fu Tai House, Tai Wo Hau Estate",Kwai Chung West,"葵盛圍，近葵盛游泳池香港 ISSF 氣槍射擊中心 Kwai Shing Circuit, near Hong Kong ISSF Air Gun Shooting Centre, Kwai Shing Swimming Pool",Kwai Chung West,葵盛圍下段（經禾塘咀街） Kwai Shing Circuit (Lower Section) (via Wo Tong Tsui Street),"(Kwai Chung West) 石頭街，近大窩口邨富泰樓 Shek Tau Street, near Fu Tai House, Tai Wo Hau Estate",(Kwai Chung West) 中華基督教會全完第二小學 CCC Chuen Yuen Secondary Primary School,"(Kwai Chung West) 上角街，近葵涌邨葵涌商場 Sheung Kok Street, near Kwai Chung Shopping Centre, Kwai Chung Estate","(Kwai Chung West) 禾塘咀街，近葵涌街坊福利會 Wo Tong Tsui Street, near Kai Fong Association","(Kwai Chung West) 禾塘咀街，近飛亞工業中心 Wo Tong Tsui Street, near Favour Industrial Centre","(Kwai Chung West) 禾塘咀街，近美葵大廈 Wo Tong Tsui Street, near Mai Kwai Mansion",(Kwai Chung West) 葵俊苑 Kwai Chun Court,"(Kwai Chung West) 葵興路，近葵興邨中華傳道會許大同小學 Kwai Hing Road, near CNEC Ta Tung School, Kwai Hing Estate","(Kwai Chung West) 興芳路，近葵興政府合署 Hing Fong Road, near Kwai Hing Government Offices",(Kwai Chung West) 葵興站 Kwai Hing Station,"(Kwai Chung West) 大窩口道，近葵康苑葵明閣 Tai Wo Hau Road, near Kwai Ming House, Kwai Hong Court",(Kwai Chung West) 葵盛東邨盛樂樓 Shing Lok House Kwai Shing East Estate,"(Kwai Chung West) 葵盛圍，近南葵涌賽馬會分科診療所 Kwai Shing Circuit, near South Kwai Chung Jockey Club Polyclinic","(Kwai Chung West) 葵盛圍，近葵盛游泳池香港 ISSF 氣槍射擊中心 Kwai Shing Circuit, near Hong Kong ISSF Air Gun Shooting Centre, Kwai Shing Swimming Pool",,,,,,,,,,,,,,,,,,,,,,,,,,,,,,,,,
23S,CMPattern_CM_GMBBus_23s_1_8730,6.2,3.917672354,Tai Po South,FALSE,打鐵屻通路 Ta Tit Yan,Tai Po South,"運頭街，運頭坊 Wan Tau Street, Wan Tau Square",Tai Po South,大埔墟 Tai Po Market,(Tai Po South) 打鐵屻通路 Ta Tit Yan,(Tai Po South) 新屋家 San Uk Ka,(Tai Po South) 張屋地 Cheung Uk Tei,"(Tai Po South) 碗窰路，碗窰 Wun Yiu Road, Wun Yiu",(Tai Po South) 碗窰通路 Access Road To Wun Yiu,"(Tai Po South) 碗窰路，沙埔仔 Wun Yiu Road, Sha Po Tsai","(Tai Po South) 達運道，荔枝山 Tat Wan Road, Lai Chi Shan",(Tai Po South) 大埔墟站專綫小巴總站 Tai Po Market Station Minibus Terminus,(Tai Po South) 王肇枝中學 Wong Shiu Chi Secondary School,"(Tai Po South) 運頭街，運頭坊 Wan Tau Street, Wan Tau Square",,,,,,,,,,,,,,,,,,,,,,,,,,,,,,,,,,,,,
28S,CMPattern_CM_GMBBus_28s_1_7645,11.5,10.6284439,Southern District Northwest > Western > Central > Western > Central > Wan Chai,FALSE,"上碧瑤灣24座外 Baguio Villa (Upper), outside Block 24",Southern District Northwest,"新會道，近京城大廈 Sun Wui Road, near Capital Building",Wan Chai,銅鑼灣新會道 Causeway Bay (Sun Wui Road),"(Southern District Northwest) 上碧瑤灣24座外 Baguio Villa (Upper), outside Block 24","(Southern District Northwest) 域多利道，近沙宣道 Victoria Road, near Sassoon Road",(Southern District Northwest) 碧麗苑 Provident Villas,"(Southern District Northwest) 沙宣道21號對面 Sassoon Road, Opposite House No. 21","(Southern District Northwest) 沙宣道，近香港大學利銘澤堂 Sassoon Road, near The University of Hong Kong R. C. Lee Hall","(Southern District Northwest) 薄扶林道，啟明寺 Pok Fu Lam Road, Kai Ming Temple","(Western) 薄扶林道，蒲飛路 Pok Fu Lam Road, Pokfield Road","(Central) 薄扶林道，寶翠園 Pok Fu Lam Road, Belcher Gardens",(Central) 薄扶林道山道天橋以西巴士停車處西端 Pok Fu Lam Road Western End of Bus Bay West of Hill Road Flyover,(Western) 英皇書院 King's College,(Western) 寧養台 Ning Yeung Terrace,"(Western) 般咸道，近西營盤站 C 出口 Bonham Road, near Sai Ying Pun Station Exit C","(Central) 般咸道，高街 Bonham Road, High Street","(Central) 般咸道，醫院道 Bonham Road, Hospital Road","(Central) 堅道，樓梯街 Caine Road, Ladder Street","(Central) 堅道，城皇街 Caine Road, Shing Wong Street",(Central) 鴨巴甸街 Aberdeen Street,"(Central) 堅道，卑利街 Caine Road, Peel Street",(Central) 奧卑利街 Old Bailey Street,(Central) 堅道19號 No. 19 Caine Road,(Central) 堅尼地道1號 No. 1 Kennedy Road,(Central) 堅尼地道 32a 號對面 Opposite To No. 32a Kennedy Road,(Central) 堅尼地道42號對面 Opposite To No. 42 Kennedy Road,"(Central) 堅尼地道，近羅拔時樓，母親的抉擇對面 Kennedy Road, Opposite Roberts Block, Mother's Choice",(Central) 堅尼地道 9a 號 No. 9a Kennedy Road,(Central) 堅尼地道，燈柱22424 Kennedy Road Lamp Post No. 22424,,,,,,,,,,,,,,,,,,,,,
25A,CMPattern_CM_GMBBus_25a_1_8739,6.7,3.543009595,Tai Po South,FALSE,太和廣場 Tai Wo Plaza,Tai Po South,泰亨鄉公所 Tai Hang Village Office,Tai Po South,泰亨 Tai Hang,(Tai Po South) 太和廣場 Tai Wo Plaza,(Tai Po South) 水圍 Shui Wai,(Tai Po South) 帝欣苑 Parc Versailles,"(Tai Po South) 大窩西支路，圍頭 Tai Wo Service Road West, Wai Tau",(Tai Po South) 泰亨灰沙圍112號 112 Tai Hang Fui Sha Wai,(Tai Po South) 泰亨灰沙圍14號 14 Tai Hang Fui Sha Wai,(Tai Po South) 泰亨鄉公所 Tai Hang Village Office,,,,,,,,,,,,,,,,,,,,,,,,,,,,,,,,,,,,,,,,
98,CMPattern_CM_GMBBus_98_5959,5.5,6.077483731,Tsuen Wan Southeast > Kwai Chung West > Tsuen Wan Southeast,TRUE,"河背街，天佑學校外 Ho Pui Street, outside Mary of Providence School",Tsuen Wan Southeast,"河背街，天佑學校外 Ho Pui Street, outside Mary of Providence School",Tsuen Wan Southeast,荃灣河背街 - 高盛臺（循環綫） Tsuen Wan (Ho Pui Street) - High Prosperity Terrace (Circular),"(Tsuen Wan Southeast) 河背街，天佑學校外 Ho Pui Street, outside Mary of Providence School",(Tsuen Wan Southeast) 楊屋道85號 No. 85 Yeung Uk Road,"(Kwai Chung West) 葵福路，晉昇工廠大廈對面 Kwai Fuk Road, Opposite Chun Shing Factory Estate","(Kwai Chung West) 盛福街，近中華傳道會李賢堯紀念中學 Shing Fuk Street, near CNEC Lee I Yao Memorial Secondary School",(Kwai Chung West) 葵盛邨六座 Block 6 Kwai Shing Estate,(Kwai Chung West) 李一諤紀念學校 Lee Yat Ngok Memorial School,(Kwai Chung West) 高盛臺 High Prosperity Terrace,"(Kwai Chung West) 葵盛圍，香港警務處葵盛車輛扣留所外 Kwai Shing Circuit, outside H.K.P.F. Kwai Shing Vehicle Pounds","(Kwai Chung West) 葵盛圍，近循道衞理聯合教會李惠利中學李惠利中學 Kwai Shing Circuit, near The Methodist Lee Wai Lee College","(Kwai Chung West) 葵聯路，葵盛東邨盛富樓外 Kwai Luen Road, outside Shing Fu House, Kwai Shing Estate East",(Kwai Chung West) 葵盛東巴士總站 Kwai Shing (East) Bus Terminus,(Kwai Chung West) 葵聯邨第一期 Kwai Luen Estate Phase 1,"(Kwai Chung West) 葵聯路，葵盛西邨巴士總站 Kwai Luen Road, Kwai Shing Estate West Bus Terminus","(Kwai Chung West) 葵福路，晉昇工廠大廈外 Kwai Fuk Road, outside Chun Shing Factory Estate","(Tsuen Wan Southeast) 沙咀道，大窩口工廠大廈外 Sha Tsui Road, outside Tai Wo Hau Factory Estate","(Tsuen Wan Southeast) 沙咀道，近尚翠苑翠湖閣 Sha Tsui Road, near Chui Wu House, Sheung Chui Court","(Tsuen Wan Southeast) 沙咀道，寶石大廈外 Sha Tsui Road, outside Bo Shek Mansion","(Tsuen Wan Southeast) 河背街，天佑學校外 Ho Pui Street, outside Mary of Providence School",,,,,,,,,,,,,,,,,,,,,,,,,,,,,
23S,CMPattern_CM_GMBBus_23s_1_8729,6.2,3.007987067,Tai Po South,FALSE,"運頭街，運頭坊 Wan Tau Street, Wan Tau Square",Tai Po South,打鐵屻通路 Ta Tit Yan,Tai Po South,打鐵屻通路 Ta Tit Yan,"(Tai Po South) 運頭街，運頭坊 Wan Tau Street, Wan Tau Square","(Tai Po South) 運頭街，香島專科學校 Wan Tau Street, Heung To College of Professional Studies","(Tai Po South) 達運道，荔枝山 Tat Wan Road, Lai Chi Shan","(Tai Po South) 碗窰路，沙埔仔 Wun Yiu Road, Sha Po Tsai",(Tai Po South) 碗窰通路 Access Road To Wun Yiu,"(Tai Po South) 碗窰路，碗窰 Wun Yiu Road, Wun Yiu",(Tai Po South) 張屋地 Cheung Uk Tei,"(Tai Po South) 碗窰路，新屋家 Wun Yiu Road, San Uk Ka",(Tai Po South) 打鐵屻通路 Ta Tit Yan,,,,,,,,,,,,,,,,,,,,,,,,,,,,,,,,,,,,,,
25A,CMPattern_CM_GMBBus_25a_6246,6.9,4.816930761,Kowloon City North > Wong Tai Sin West,FALSE,九龍塘沙福道公共交通交滙處 Kowloon Tong Suffolk Road Public Transport Interchange,Kowloon City North,"東隆道，近東頭（二）邨街市及熟食檔 Tung Lung Road, near Tung Tau (II) Estate Market & Cooked Food Stalls",Wong Tai Sin West,東頭邨東隆道 Tung Tau Estate (Tung Lung Road),(Kowloon City North) 九龍塘沙福道公共交通交滙處 Kowloon Tong Suffolk Road Public Transport Interchange,"(Kowloon City North) 律倫街，近 Croftlands Rutland Quadrant, near Croftlands","(Kowloon City North) 九龍仔業主會，對衡道 Kowloon Tsai House Owners Association, Durham Road","(Kowloon City North) 禧福道，近新德園66座 Hereford Road, near Sunderland Estate House 66","(Kowloon City North) 禧福道，近浸會大學道校園傳理視藝大樓 Hereford Road, near Communication and Visual Arts Building, Baptist University Road Campus","(Kowloon City North) 浸會大學道，近香港浸會大學學生舍堂校友樓 Baptist University Road, near Alumni Building, Hong Kong Baptist University Student Residence Halls","(Kowloon City North) 浸會大學道，近浸會大學道校園香港浸會大學教學及行政大樓 Baptist University Road, near Hong Kong Baptist University Academic and Administration Building, Baptist University Road Campus","(Kowloon City North) 聯福道，近香港高等教育科技學院 Renfrew Road, near Technological and Higher Education Institute of Hong Kong",(Kowloon City North) 對衡道 Durham Road,"(Kowloon City North) 東寶庭道，喇沙利道 Dumbarton Road, La Salle Road",(Kowloon City North) 蘭開夏道 Lancashire Road,(Kowloon City North) 喇沙書院 La Salle College,"(Kowloon City North) 喇沙利道，近碧華花園第六座 La Salle Road, near Laford Court","(Kowloon City North) 碧華花園外，界限街 Boundary Street, outside Beverly Villas",(Kowloon City North) 書院道 College Road,(Kowloon City North) 延文禮士道 Inverness Road,(Kowloon City North) 獅子石道 Lion Rock Road,(Kowloon City North) 南角道 Nam Kok Road,"(Kowloon City North) 衙前圍道，近創基樓 Nga Tsin Wai Road, near Chong Kee House",(Kowloon City North) 打鼓嶺道 Tak Ku Ling Road,"(Wong Tai Sin West) 樂善道，近東頭（一）邨 Lok Sin Road, near Tung Tau (I) Estate","(Wong Tai Sin West) 東隆道，近東頭（二）邨街市及熟食檔 Tung Lung Road, near Tung Tau (II) Estate Market & Cooked Food Stalls",,,,,(元朗區) 同樂街/開心廣場,(元朗區) 谷亭街,(元朗區) 元朗站,(元朗區) 朗樂路,(元朗區) 康景街 - 近利景樓,,,,,,,,,,,,,,,,
63,CMPattern_CM_GMBBus_63_7773,5.4,9.059686296,Kwun Tong Southeast > Kwun Tong Central > Kwun Tong Southeast,TRUE,廣田邨小巴總站 Kwong Tin Estate Minibus Terminus,Kwun Tong Southeast,廣田邨小巴總站 Kwong Tin Estate Minibus Terminus,Kwun Tong Southeast,藍田廣田邨 - 觀塘裕民坊（循環綫） Lam Tin (Kwong Tin Estate) - Kwun Tong (Yue Man Square) (Circular),(Kwun Tong Southeast) 廣田邨小巴總站 Kwong Tin Estate Minibus Terminus,"(Kwun Tong Southeast) 碧雲道，廣田商場對面 Pik Wan Road, Opposite Kwong Tin Commercial Centre","(Kwun Tong Southeast) 碧雲道，康柏苑祥柏閣外 Pik Wan Road, outside Cheung Pak House, Hong Pak Court","(Kwun Tong Southeast) 碧雲道，廣田邨廣靖樓對面 Pik Wan Road, Opposite Kwong Ching House, Kwong Tin Estate","(Kwun Tong Southeast) 碧雲道，近德田邨德欣樓 Pik Wan Road, near Tak Yan House, Tak Tin Estate","(Kwun Tong Southeast) 碧雲道，近德田邨德田停車場 Pik Wan Road, near Tak Tin Car Park, Tak Tin Estate","(Kwun Tong Southeast) 碧雲道，德田邨德敬樓外 Pik Wan Road, outside Tak King House, Tak Tin Estate",(Kwun Tong Southeast) 連德道彩田樓外 Lin Tak Road outside Choi Tin House,(Kwun Tong Central) 裕民坊公共運輸交滙處 Yue Man Square Public Transport Interchange,"(Kwun Tong Southeast) 連德道，近康華苑怡康閣 Lin Tak Road, near Yee Hong House, Hong Wah Court","(Kwun Tong Southeast) 連德道彩田樓對面 Lin Tak Road, Opposite Choi Tin House",(Kwun Tong Southeast) 興田 Hing Tin,(Kwun Tong Southeast) 藍田公園 Lam Tin Park,(Kwun Tong Southeast) 德田邨德樂樓 Tak Lok House Tak Tin Estate,(Kwun Tong Southeast) 德田邨德康樓 Tak Hong House Tak Tin Estate,(Kwun Tong Southeast) 德田邨德隆樓 Tak Lung House Tak Tin Estate,"(Kwun Tong Southeast) 碧雲道，近廣田邨廣靖樓 Pik Wan Road, near Kwong Ching House, Kwong Tin Estate","(Kwun Tong Southeast) 碧雲道，廣田商場外 Pik Wan Road, outside Kwong Tin Commercial Centre",(Kwun Tong Southeast) 廣田邨小巴總站 Kwong Tin Estate Minibus Terminus,,,,,,,,,,,,,,,,,,,,,,,,,,,,
403P,CMPattern_CM_GMBBus_403p_6189,12.3,20.48427707,Kwai Chung East > Tsuen Wan Southeast > Sha Tin West > Tsuen Wan Southeast > Kwai Chung East,TRUE,"和宜合道，近打磚坪街 Wo Yi Hop Road, near Tai Chuen Ping Street",Kwai Chung East,"和宜合道，近打磚坪街 Wo Yi Hop Road, near Tai Chuen Ping Street",Kwai Chung East,雍雅軒 - 沙田担杆莆街（循環綫） The Apex - Sha Tin (Tam Kon Po Street) (Circular),"(Kwai Chung East) 和宜合道，近打磚坪街 Wo Yi Hop Road, near Tai Chuen Ping Street",(Kwai Chung East) 和宜合道，75-87號 No. 75-87 Wo Yi Hop Road,"(Kwai Chung East) 和宜合道，長榮工業大廈外 Wo Yi Hop Road, outside Cheung Wing Industrial Building",(Kwai Chung East) 和宜合道，123號 No. 123 Wo Yi Hop Road,"(Kwai Chung East) 和宜合道，達利中心外 Wo Yi Hop Road, outside Riley House","(Kwai Chung East) 和宜合道，華寶工業大廈外 Wo Yi Hop Road, outside Grand Industrial Building","(Tsuen Wan Southeast) 和宜合道，北葵涌賽馬會公眾泳池對面 Wo Yi Hop Road, Opposite North Kwai Chung Jockey Club Public Swimming Pool","(Tsuen Wan Southeast) 和宜合道，伍若瑜夫人健康院對面 Wo Yi Hop Road, Opposite Mrs. Wu York Yu Health Centre",(Tsuen Wan Southeast) 和宜合道，梨木樹邨竹樹樓外 Wo Yip Hop Road outside Chuk Shue House of Lei Muk Shue Estate,"(Tsuen Wan Southeast) 和宜合道，近嗇色園主辦可風中學 Wo Yi Hop Road, near Ho Fung College Sponsored By Sik Sik Yuen","(Sha Tin West) 担杆莆街，沙田大會堂外 Tam Kon Po Street, outside Sha Tin Town Hall","(Tsuen Wan Southeast) 和宜合道，嗇色園可風中學外 Wo Yi Hop Road, outside Ho Fung College Sponsored By Sik Sik Yuen",(Kwai Chung East) 梨木樹邨 Lei Muk Shue Estate,"(Kwai Chung East) 和宜合道，北葵涌賽馬會公眾泳池外 Wo Yi Hop Road, outside North Kwai Chung Jockey Club Public Swimming Pool",(Kwai Chung East) 和宜合道218號 No. 218 Wo Yi Hop Road,(Kwai Chung East) 和宜合道110號 No. 110 Wo Yi Hop Road,"(Kwai Chung East) 大隴街，石籬商場第2期外 Shek Lei Commercial Centre, Phase 2","(Kwai Chung East) 大隴街，石籬商場外 Tai Loong Street, outside Shek Lei Shopping Centre","(Kwai Chung East) 和宜合道，近打磚坪街 Wo Yi Hop Road, near Tai Chuen Ping Street",,,,,,,,,,,,,,,,,,,,,,,,,,,,
47M,CMPattern_CM_GMBBus_47m_6006,5.9,8.224801116,Kwai Chung East > Kwai Chung West > Kwai Chung East,TRUE,"華景山路，華景商場外 Wah King Hill Road, outside Wonderland Villas Commercial Complex",Kwai Chung East,"華景山路，華景商場外 Wah King Hill Road, outside Wonderland Villas Commercial Complex",Kwai Chung East,華景山莊 - 荔景站（循環綫） Wonderland Villas - Lai King Station (Circular),"(Kwai Chung East) 華景山路，華景商場外 Wah King Hill Road, outside Wonderland Villas Commercial Complex",(Kwai Chung East) 長坑村 Cheung Hang Village,"(Kwai Chung East) 華景山路，華員邨華禮閣外 Wah King Hill Road, outside Wah Lai Court, Wah Yuen Chuen","(Kwai Chung East) 華景山路，迦密愛禮信中學外 Wah King Hill Road, outside Carmel Alison Lam Foundation Secondary School","(Kwai Chung East) 華瑤路，翠瑤苑外 Wah Yiu Road, outside Tsui Yiu Court","(Kwai Chung East) 華瑤路，葵涌循道中學對面 Wah Yiu Road, Opposite Kwai Chung Methodist College","(Kwai Chung East) 華瑤路，麗瑤邨樂瑤樓外 Wah Yiu Road, outside Lok Yiu House, Lai Yiu Estate","(Kwai Chung East) 麗瑤街，麗瑤邨富瑤樓對面 Lai Yiu Street, Opposite Fu Yiu House, Lai Yiu Estate",(Kwai Chung East) 麗瑤邨榮瑤樓 Wing Yiu House Lai Yiu Estate,"(Kwai Chung West) 麗祖路，下葵涌分科診所及特殊教育服務中心對面 Lai Cho Road, Opposite H.K.C. Ha Kwai Chung Polyclinic & Special Education Centre","(Kwai Chung West) 荔景山路，荔景邨和景樓對面 Lai King Hill Road, Opposite Wo King House, Lai King Estate","(Kwai Chung West) 荔景山路，賢麗苑購物中心對面 Lai King Hill Road, Opposite Yin Lai Court Shopping Centre","(Kwai Chung West) 敬祖路，製衣業訓練中心對面 King Cho Road, Opposite Clothing Industry Training Centre","(Kwai Chung West) 敬祖路，祖堯邨市場外 King Cho Road, outside Cho Yiu Chuen Market","(Kwai Chung West) 念祖街，祖堯邨啟廉樓對面 Lim Cho Street, outside Kai Hang House, Cho Yiu Chuen","(Kwai Chung West) 念祖街，祖堯邨啟恒樓外 Llim Cho Street, outside Kai Hang House, Cho Yiu Chuen","(Kwai Chung West) 念祖街，祖堯邨啟勉樓對面 Lim Cho Street, Opposite Kai Min Lau, Cho Yiu Chuen","(Kwai Chung West) 念祖街東行綫，近荔枝嶺路 Lim Cho Street Eastbound, near Lai Chi Ling Road","(Kwai Chung West) 荔枝嶺路，紀律部隊宿舍外 Lai Chi Ling Road, outside Disciplined Services Quarters","(Kwai Chung West) 荔枝嶺路，翠瑤苑對面 Lai Chi Ling Road, Opposite Tsui Yiu Court","(Kwai Chung East) 華瑤路，翠瑤苑對面 Wah Yiu Road, Opposite Tsui Yiu Court","(Kwai Chung East) 華泰路，加德士油站對面 Wa Tai Road, Opposite Caltex Petrol Station","(Kwai Chung East) 華景山路，迦密愛禮信中學對面 Wah King Hill Road, Opposite Carmel Alison Lam Foundation Secondary School","(Kwai Chung East) 華景山路，華員邨華禮閣對面 Wah King Hill Road, Opposite Wah Lai Court, Wah Yuen Chuen","(Kwai Chung East) 華景山路，華景山莊第8座外 Wah King Hill Road, outside Block 8, Wonderland Villas","(Kwai Chung East) 華景山路，華景山莊第15座外 Wah King Hill Road, outside Block 15, Wonderland Villas",,,,,,,,,,,,,,,,,,,,,
81,CMPattern_CM_GMBBus_81_7780,6.2,3.793346025,Tsuen Wan Southeast,FALSE,"兆和街，近永安樓 Shiu Wo Street, near Wing On House",Tsuen Wan Southeast,"老圍路，近圓玄學院 Lo Wai Road, near The Yuen Yuen Institute",Tsuen Wan Southeast,老圍 Lo Wai,"(Tsuen Wan Southeast) 兆和街，近永安樓 Shiu Wo Street, near Wing On House",(Tsuen Wan Southeast) 石圍角邨石蓮樓 Shek Lin House Shek Wai Kok Estate,"(Tsuen Wan Southeast) 石圍角路，近石圍角邨石葵樓 Shek Wai Kok Road, near Shek Kwai House, Shek Wai Kok Estate",(Tsuen Wan Southeast) 東普陀 Tung Po To,(Tsuen Wan Southeast) 傳耀臺 Chuen Yiu Terrace,(Tsuen Wan Southeast) 老圍村 Lo Wai Tsuen,(Tsuen Wan Southeast) 西方寺 Western Monastery,(Tsuen Wan Southeast) 三疊潭 Sam Dip Tam,"(Tsuen Wan Southeast) 老圍路，近圓玄學院 Lo Wai Road, near The Yuen Yuen Institute",,,,,,,,,,,,,,,,,,,,,,,,,,,,,,,,,,,,,,
33,CMPattern_CM_GMBBus_33_7675,5.6,3.438294641,Hong Wan > Tai Pak,FALSE,"康盛街，近康怡花園俱樂部 Hong Shing Street, near Kornhill Recreation Club",Hong Wan,"馬寶道，華禮大廈外 Marble Road, outside Wah Lai Mansion",Tai Pak,北角馬寶道 North Point (Marble Road),"(Hong Wan) 康盛街，近康怡花園俱樂部 Hong Shing Street, near Kornhill Recreation Club",(Hong Wan) 康怡花園 E 座 Block E Kornhill,(Hong Wan) 康怡花園 H 座 Block H Kornhill,(Hong Wan) 康怡花園 K 座 Block K Kornhill,(Hong Wan) 康怡花園 L 座 Block L Kornhill,"(Hong Wan) 基利路，近南豐新邨第5座 Greig Road, near Nam Fung Sun Chuen Block 5","(Hong Wan) 基利路，近南豐新邨第4座 Greig Road, near Nam Fung Sun Chuen Block 4",(Hong Wan) 英皇道1018-1024號 1018-1024 King's Road,"(Tai Pak) 英皇道，康橋大廈對面 King's Road, Opposite Cambridge House","(Tai Pak) 英皇道，北角官立小學外 King's Road, outside North Point Government Primary School","(Tai Pak) 模範里，近模範邨民祥樓 Model Lane, near Man Cheung House, Model Housing Estate",(Tai Pak) 北角街市 North Point Market,(Tai Pak) 兆華大廈 Siu Wah Mansion,"(Tai Pak) 馬寶道，華禮大廈外 Marble Road, outside Wah Lai Mansion",,,,,,,,,,,,,,,,,,,,,,,,,,,,,,,,,
52,CMPattern_CM_GMBBus_52_1_8162,6.6,2.631746316,Wong Tai Sin West > Wong Tai Sin East,FALSE,"康強街，安強大樓外 Hong Keung Street, outside On Keung Building",Wong Tai Sin West,"銀竹里，近竹園南邨秀園樓 Ngan Chuk Lane, near Sau Yuen House, Chuk Yuen (South) Estate",Wong Tai Sin East,竹園邨 Chuk Yuen Estate,"(Wong Tai Sin West) 康強街，安強大樓外 Hong Keung Street, outside On Keung Building",(Wong Tai Sin West) 爵祿街28-34號 Nos. 28-34 Tseuk Luk Street,"(Wong Tai Sin West) 大成街，孔教學院大成學校外 Tai Shing Street, outside Confucian Tai Shing School",(Wong Tai Sin West) 摩士公園（四號公園） Morse Park (Park No. 4),(Wong Tai Sin West) 康強苑 Hong Keung Court,(Wong Tai Sin West) 富茂街 Fu Mou Street,(Wong Tai Sin West) 天宏苑 Tin Wang Court,"(Wong Tai Sin West) 竹園道，鵬程苑外 Chuk Yuen Road, outside Pang Ching Court","(Wong Tai Sin East) 銀竹里，近竹園南邨秀園樓 Ngan Chuk Lane, near Sau Yuen House, Chuk Yuen (South) Estate",,,,,,,,,,,,,,,,,,,,,,,,,,,,,,,,,,,,,,
55K,CMPattern_CM_GMBBus_55k_1_6195,11.5,2.720215521,Wu Tip Shan > Robin’s Nest,FALSE,和滿街小巴總站 Wo Mun Street Public Light Bus Terminus,Wu Tip Shan,上水站小巴總站 Sheung Shui Station Public Light Bus Terminus,Robin’s Nest,上水站 Sheung Shui Station,(Wu Tip Shan) 和滿街小巴總站 Wo Mun Street Public Light Bus Terminus,"(Wu Tip Shan) 沙頭角公路，上水分區警署外 Sha Tau Kok Road, outside Sheung Shui Divisional Police Station","(Wu Tip Shan) 馬會道，近粉嶺裁判法院 Jockey Club Road, near Fanling Magistrates' Courts","(Wu Tip Shan) 馬會道，信義會心誠中學外 Jockey Club Road, outside Fanling Lutheran Secondary School","(Wu Tip Shan) 馬會道，近粉嶺北圍 Jockey Club Road, near Fan Leng Pak Wai","(Robin’s Nest) 馬會道，順欣花園外 Jockey Club Road, outside Sunningdale Garden","(Robin’s Nest) 馬會道，東莞小學外 Jockey Club Road, outside Tonguan Primary School","(Robin’s Nest) 龍琛路，龍豐花園外 Lung Sum Avenue, outside Lung Fung Garden",(Robin’s Nest) 上水站小巴總站 Sheung Shui Station Public Light Bus Terminus,,,,,,,,,,,,,,,,,,,,,,,,,,,,,,,,,,,,,,
47M,CMPattern_CM_GMBBus_47m_1_7587,4.2,4.423649042,Chai Wan,TRUE,柴灣站巴士總站 Chai Wan Station Bus Terminus,Chai Wan,柴灣站巴士總站 Chai Wan Station Bus Terminus,Chai Wan,柴灣站 - 柴灣曉翠街（循環綫） Chai Wan Station - Chai Wan (Hiu Tsui Street) (Circular),(Chai Wan) 柴灣站巴士總站 Chai Wan Station Bus Terminus,(Chai Wan) 怡泰街 Yee Tai Street,"(Chai Wan) 柴灣道，宏德居外 Chai Wan Road, outside Walton Estate","(Chai Wan) 柴灣道，漁灣邨外 Chai Wan Road, outside Yu Wan Estate","(Chai Wan) 豐業街，啟力工業中心外 Fung Yip Street, outside Kailey Industrial Centre","(Chai Wan) 新業街，八號商業廣場外 Sun Yip Street, outside Commercial Tower 8","(Chai Wan) 曉翠街，近小西灣邨瑞盛樓 Hiu Tsui Street, near Sui Shing House, Siu Sai Wan Estate",(Chai Wan) 富城閣 Fu Shing Court,"(Chai Wan) 永平街，新德樓外 Wing Ping Street, outside Sun Tak House",(Chai Wan) 柴灣邨 Chai Wan Estate,"(Chai Wan) 新廈街，樂軒臺外 San Ha Street, outside Lok Hin Terrace","(Chai Wan) 柴灣道，環翠邨街市外 Chai Wan Road, outside Wan Tsui Estate Market",(Chai Wan) 柴灣站巴士總站 Chai Wan Station Bus Terminus,,,,,,,,,,,,,,,,,,,,,,,,,,,,,,,,,,
12B,CMPattern_CM_GMBBus_12b_7866,5,2.52282336,Yau Tsim Mong North,FALSE,旺角東站 Mong Kok East Station,Yau Tsim Mong North,"福利街，近港灣豪庭第七座 Fuk Lee Street, near Metro Harbour View Block 7",Yau Tsim Mong North,港灣豪庭 Metro Harbour View,(Yau Tsim Mong North) 旺角東站 Mong Kok East Station,(Yau Tsim Mong North) 亞皆老街62號 No. 62 Argyle Street,"(Yau Tsim Mong North) 亞皆老街，近新亞大樓 Argyle Street, near New Asia Building",(Yau Tsim Mong North) 塘尾道27號 No. 27 Tong Mi Road,"(Yau Tsim Mong North) 松樹街，近福興大樓 Fir Street, near Fuk Hing Building",(Yau Tsim Mong North) 杉樹街 Pine Street,"(Yau Tsim Mong North) 埃華街，近香港旺角帝盛酒店 Ivy Street, near Dorsett Mongkok, Hong Kong",(Yau Tsim Mong North) 大同新村 Cosmopolitan Estate,"(Yau Tsim Mong North) 大角咀道，近中美樓 Tai Kok Tsui Road, near Chung Mei Building","(Yau Tsim Mong North) 福利街，近港灣豪庭第七座 Fuk Lee Street, near Metro Harbour View Block 7",,,,,,,,,,,,,,,,,,,,,,,,,,,,,,,,,,,,,
71A,CMPattern_CM_GMBBus_71a_1_8432,4.9,5.911620268,Kwun Tong North > Kwun Tong Central > Kwun Tong North,TRUE,"寶達邨達祥樓 Tat Cheung House, Po Tat Estate",Kwun Tong North,"寶達邨達祥樓 Tat Cheung House, Po Tat Estate",Kwun Tong North,寶達邨 - 藍田站（循環綫） Po Tat Estate - Lam Tin Station (Circular),"(Kwun Tong North) 寶達邨達祥樓 Tat Cheung House, Po Tat Estate",(Kwun Tong Central) 藍田站 Lam Tin Station,(Kwun Tong Central) 觀塘警署 Kwun Tong Police Station,(Kwun Tong Central) 曉光街 Hiu Kwong Street,"(Kwun Tong North) 秀茂坪道，秀暉樓外 Sau Mau Ping Road, outside Sau Fai House","(Kwun Tong North) 寶達邨達祥樓 Tat Cheung House, Po Tat Estate",,,,,,,,,,,,,,,,,,,,,,,,,,,,,,,,,,,,,,,,,
8,CMPattern_GMBBus8_4360,8,6.697165706,Kowloon City South > Yau Tsim Mong South,FALSE,何文田（常和街）總站 Ho Man Tin Estate (Sheung Lok Street),Kowloon City South,"漢口道，漢口中心外 Hankow Road, outside Hankow Centre",Yau Tsim Mong South,尖沙咀漢口道 Tsim Sha Tsui (Hankow Road),(Kowloon City South) 何文田（常和街）總站 Ho Man Tin Estate (Sheung Lok Street),(Kowloon City South) 常盛街近皓畋 Sheung Shing Street near Mantin Heights,(Kowloon City South) 常盛街近景文樓梯位 Sheung Shing Street near King Man House,"(Kowloon City South) 佛光街，房屋委員會總部對面 Fat Kwong Street, Opposite Civil Engineering and Development Building","(Kowloon City South) 忠孝街，何文田政府合署外 Chung Hau Street, outside Ho Man Tin Government Offices",(Kowloon City South) 忠孝街公開大學銀禧學院 Chung Hau Street near The Open University of Hong Kong Jockey Club Campus – Jubilee College,"(Kowloon City South) 忠孝街，俊民苑文雄閣外 Chung Hau Street, outside Man Hung House, Chun Man Court",(Kowloon City South) 忠孝街昭民樓 Chung Hau Street near Chiu Man House,"(Kowloon City South) 忠孝街，愛民邨新民樓對面 Chung Hau Street, Opposite Sun Man House, Oi Man Estate",(Kowloon City South) 何文田站 Ho Man Tin Station,(Kowloon City South) 天鑄 Ultima,(Kowloon City South) 信用街 Shun Yung Street,(Kowloon City South) 馬頭圍道21號，義達工業大廈外 Ma Tau Wai Road O/s House No. 21,"(Kowloon City South) 明安街，寶石戲院大廈 A 座外 Ming On Street, outside Block A, Lux Theatre Building",(Kowloon City South) 機利士南路18號，必嘉街 Gillies Avenue South O/s House No. 18,(Yau Tsim Mong South) 紅磡站，暢運道入口 Hung Hom Station,(Yau Tsim Mong South) 暢運路，香港理工大學對面 Gillies Avenue South O/s House No. 18 Cheong Wan Road near B/s Opposite To Hong Kong Polytechnic University,(Yau Tsim Mong South) 香港科學館 Hong Kong Science Museum,(Yau Tsim Mong South) 漆咸道南近寶勒巷 Chatham Road South near Prat Avenue,(Yau Tsim Mong South) 梳士巴利道近新世界中心 Salisbury Road South near New World Centre,"(Yau Tsim Mong South) 漢口道，漢口中心外 Hankow Road, outside Hankow Centre",,,,,,,,,,,,,,,,,,,,,,,,,,
72,CMPattern_CM_GMBBus_72_1_8970,8.7,12.11942023,Yuen Long Town Centre > Yuen Long Rural East,FALSE,元朗泰衡街 Yuen Long Tai Hang Street,Yuen Long Town Centre,雷公田村 Lui Kung Tin Tsuen,Yuen Long Rural East,雷公田 Lui Kung Tin,(Yuen Long Town Centre) 元朗泰衡街 Yuen Long Tai Hang Street,"(Yuen Long Town Centre) 青山公路元朗段，金豐大廈外 Castle Peak Road-Yuen Long, outside Kam Fung Building",(Yuen Long Town Centre) 元朗站（北）公共運輸交滙處 Yuen Long Station (North) Public Transport Interchange,"(Yuen Long Rural East) 青山公路元朗段，元朗東成里路 Castle Peak Road, Yuen Long Tung Shing Lei Road","(Yuen Long Rural East) 錦田公路，近下高埔村 Kam Tin Road, near Ha Ko Po Tsuen","(Yuen Long Rural East) 錦田公路，近高埔村 Kam Tin Road, near Ko Po Tsuen","(Yuen Long Rural East) 錦田公路，蒙養公立學校對面 Kam Tin Road, Opposite Kam Tin Public Mong Yuen Primary School",(Yuen Long Rural East) 錦上路休憩處 Kam Sheung Road Sitting-Out Area,(Yuen Long Rural East) 祠堂村 Tsz Tong Tsuen,(Yuen Long Rural East) 波地路 Po Tei Road,(Yuen Long Rural East) 錦上路站公共運輸交滙處 Kam Sheung Road Station Public Transport Interchange,"(Yuen Long Rural East) 錦上路，近吳家村 Kam Sheung Road, near Ng Ka Tsuen",(Yuen Long Rural East) 新馬路 San Ma Lo,(Yuen Long Rural East) 金錢圍 Kam Tsin Wai,"(Yuen Long Rural East) 錦上路，近田心新村 Kam Sheung Road, near Tin Sam San Tsuen",(Yuen Long Rural East) 八鄉路 Pat Heung Road,(Yuen Long Rural East) 元崗村 Yuen Kong Tsuen,"(Yuen Long Rural East) 錦上路，近溱璽 Kam Sheung Road, near Sky Oasis",(Yuen Long Rural East) 水盞田 Shui Tsan Tin,(Yuen Long Rural East) 牛徑村 Ngau Keng Tsuen,"(Yuen Long Rural East) 錦上路，近錦上華巒 Kam Sheung Road, near Lotus Hill","(Yuen Long Rural East) 錦上路，近金爵花園（一期） Kam Sheung Road, near Jazz Garden (Phase I)",(Yuen Long Rural East) 杜屋村 Dao Uk Tsuen,"(Yuen Long Rural East) 錦上路，近上村公園 Kam Sheung Road, near Sheung Tsuen Park",(Yuen Long Rural East) 雷公田村 Lui Kung Tin Tsuen,(Yuen Long Rural East) 雷公田村 Lui Kung Tin Tsuen,,,,,,,,,,,,,,,,,,,,,
20M,CMPattern_CM_GMBBus_20m_10181,6.5,4.746017048,Tai Po North,TRUE,鳳園總站 Fung Yuen Bus Terminus,Tai Po North,鳳園總站 Fung Yuen Bus Terminus,Tai Po North,鳳園 - 大埔中心（循環綫） Fung Yuen - Tai Po Central (Circular),(Tai Po North) 鳳園總站 Fung Yuen Bus Terminus,(Tai Po North) 嵐山 Mont Vert,(Tai Po North) 流坑 Lau Hang,(Tai Po North) 鳳園路 Fung Yuen Road,"(Tai Po North) 汀角路，近漁角 Ting Kok Road, near Yue Kok","(Tai Po North) 汀角路，救恩書院外 Ting Kok Road, outside Kau Yan College","(Tai Po North) 汀角路，怡雅苑怡厚閣外 Ting Kok Road, outside Yee Hau House, Yee Nga Court",(Tai Po North) 大埔中心總站 Tai Po Centre Bus Terminus,"(Tai Po North) 汀角路，中華聖潔會靈風中學外 Ting Kok Road, outside China Holiness Church Living Spirit College","(Tai Po North) 汀角路，近漁角 Ting Kok Road, near Yue Kok",(Tai Po North) 鳳園路 Fung Yuen Road,(Tai Po North) 流坑村 Lau Hang Village,(Tai Po North) 嵐山 Mont Vert,(Tai Po North) 鳳園總站 Fung Yuen Bus Terminus,,,,,,,,,,,,,,,,,,,,,,,,,,,,,,,,,
15A,CMPattern_CM_GMBBus_15a_8619,5.2,4.443123557,Tseung Kwan O North > Sai Kung and Hang Hau > Tseung Kwan O North > Sai Kung and Hang Hau > Tseung Kwan O North,FALSE,"貿業路，近寶琳站 Mau Yip Road, near Po Lam Station",Tseung Kwan O North,"寶寧路，近將軍澳醫院 Po Ning Road, near Tseung Kwan O Hospital",Tseung Kwan O North,坑口北 Hang Hau (North),"(Tseung Kwan O North) 貿業路，近寶琳站 Mau Yip Road, near Po Lam Station","(Tseung Kwan O North) 貿泰路，新都城一期外 Mau Tai Road, outside Metro City Phase 1","(Tseung Kwan O North) 貿泰路，近茵怡花園第二座 Mau Tai Road, near Verbena Heights Block 2","(Sai Kung and Hang Hau) 寶豐路，近怡心園第3座 Po Fung Road, near Serenity Place Block 3",(Tseung Kwan O North) 寶儉樓 Po Kim House,"(Tseung Kwan O North) 欣景路，欣明苑外 Yan King Road, outside Yan Ming Court",(Sai Kung and Hang Hau) 景林邨 King Lam Estate,"(Sai Kung and Hang Hau) 寶寧路，厚德邨對面 Po Ning Road, Opposite Hau Tak Estate","(Tseung Kwan O North) 重華路，東港城第6座對面 Chung Wa Road, Opposite Block 6, East Point City","(Tseung Kwan O North) 培成路，近保良局馮晴紀念小學 Pui Shing Road, near Po Leung Kuk Fung Ching Memorial Primary School","(Tseung Kwan O North) 寶寧路，近將軍澳醫院 Po Ning Road, near Tseung Kwan O Hospital",,,,,,,,,,,,,,,,,,,,,,,,,,,,,,,,,,,,
24M,CMPattern_CM_GMBBus_24m_6244,4.3,2.925171459,Kwun Tong Southeast,FALSE,大本型 Domain,Kwun Tong Southeast,藍田公園 Lam Tin Park,Kwun Tong Southeast,興田邨碧雲道 Hing Tin Estate (Pik Wan Road),(Kwun Tong Southeast) 大本型 Domain,(Kwun Tong Southeast) 鯉魚門廣場 Lei Yue Mun Plaza,"(Kwun Tong Southeast) 鯉魚門道，近油美苑淑美閣 Lei Yue Mun Road, near Shuk Mei House, Yau Mei Court",(Kwun Tong Southeast) 聖安當女書院 St. Antonius Girls' College,"(Kwun Tong Southeast) 碧雲道，近香港中國婦女會黃陳淑英紀念護理安老院 Pik Wan Road, near Hong Kong Chinese Women's Club Madam Wong Chan Sook Ying Memorial Care & Attention Home For The Aged",(Kwun Tong Southeast) 碧雲道近康瑞苑 Pik Wan Road near Hong Shui Court,"(Kwun Tong Southeast) 碧雲道，廣田商場對面 Pik Wan Road, Opposite Kwong Tin Commercial Centre","(Kwun Tong Southeast) 碧雲道，康柏苑祥柏閣外 Pik Wan Road, outside Cheung Pak House, Hong Pak Court","(Kwun Tong Southeast) 碧雲道，廣田邨廣靖樓對面 Pik Wan Road, Opposite Kwong Ching House, Kwong Tin Estate","(Kwun Tong Southeast) 碧雲道，近德田邨德欣樓 Pik Wan Road, near Tak Yan House, Tak Tin Estate","(Kwun Tong Southeast) 碧雲道，近德田邨德田停車場 Pik Wan Road, near Tak Tin Car Park, Tak Tin Estate","(Kwun Tong Southeast) 碧雲道，德田邨德敬樓外 Pik Wan Road, outside Tak King House, Tak Tin Estate",(Kwun Tong Southeast) 藍田公園 Lam Tin Park,,,,,,,,,,,,,,,,,,,,,,,,,,,,,,,,,,
25M,CMPattern_CM_GMBBus_25m_7980,6.9,1.749767056,Kowloon City North,FALSE,九龍塘沙福道公共交通交滙處 Kowloon Tong Suffolk Road Public Transport Interchange,Kowloon City North,"喇沙利道，近碧華花園第六座 La Salle Road, near Laford Court",Kowloon City North,喇沙利道 La Salle Road,(Kowloon City North) 九龍塘沙福道公共交通交滙處 Kowloon Tong Suffolk Road Public Transport Interchange,"(Kowloon City North) 律倫街，近 Croftlands Rutland Quadrant, near Croftlands","(Kowloon City North) 東寶庭道，喇沙利道 Dumbarton Road, La Salle Road",(Kowloon City North) 蘭開夏道 Lancashire Road,(Kowloon City North) 喇沙書院 La Salle College,"(Kowloon City North) 喇沙利道，近碧華花園第六座 La Salle Road, near Laford Court",,,,,,,,,,,,,,,,,,,,,(元朗區) 朗樂路,(元朗區) 康景街總站,,,,,,,,,,,,,,,,,,,
621,CMPattern_CM_GMBBus_621_6039,6.1,5.062078482,Yuen Long Rural East > Tin Shui Wai South and Ping Ha > Yuen Long Rural East > Tin Shui Wai South and Ping Ha,FALSE,"洪元路，洪福邨外 Hung Yuen Road, outside Hung Fuk Estate",Yuen Long Rural East,天水圍醫院 Tin Shui Wai Hospital,Tin Shui Wai South and Ping Ha,天水圍醫院 Tin Shui Wai Hospital,"(Yuen Long Rural East) 洪元路，洪福邨外 Hung Yuen Road, outside Hung Fuk Estate","(Tin Shui Wai South and Ping Ha) 洪水橋大街，洪栢路 Hung Shui Kiu Main Street, Hongbai Road","(Yuen Long Rural East) 青山公路，近洪水橋站 Castle Peak Road, near Hung Shui Kiu Stop","(Yuen Long Rural East) 洪天路，洪福邨外 Hung Tin Road, outside Hung Fuk Estate","(Tin Shui Wai South and Ping Ha) 洪天路，近石埗村 Hung Tin Road, near Shek Po Tsuen","(Tin Shui Wai South and Ping Ha) 屏廈路，元朗公立中學校友會鄧兆棠中學外 Ping Ha Road, outside Ylpmsaa Tang Siu Tong Secondary School","(Tin Shui Wai South and Ping Ha) 天耀路，天盛商場外 Tin Yiu Road, outside Tin Shing Shopping Centre","(Tin Shui Wai South and Ping Ha) 天湖路，近賞湖居 Tin Wu Road, near Sherwood Court","(Tin Shui Wai South and Ping Ha) 天湖路，裘錦秋中學外 Tin Yiu Road, outside Tin Shing Shopping Centre","(Tin Shui Wai South and Ping Ha) 天瑞路，天水圍公園對面 Tin Shui Road, Opposite Tin Shui Wai Park","(Tin Shui Wai South and Ping Ha) 天瑞路，天瑞商場外 Tin Shui Road, outside Tin Shui Commercial Complex",(Tin Shui Wai South and Ping Ha) 天水圍醫院 Tin Shui Wai Hospital,,,,,,,,,,,,,,,,,,,,,,,,,,,,,,,,,,,
807K,CMPattern_CM_GMBBus_807k_7580,9.3,3.874888439,Tai Po North > Sha Tin North,FALSE,井頭小巴總站 Tseng Tau Minibus Terminus,Tai Po North,烏溪沙站巴士總站 Wu Kai Sha Station Bus Terminus,Sha Tin North,烏溪沙站 Wu Kai Sha Station,(Tai Po North) 井頭小巴總站 Tseng Tau Minibus Terminus,(Tai Po North) 大洞 Tai Tung,(Tai Po North) 輋下 Che Ha,"(Tai Po North) 西沙路近泥涌 Sai Sha Road, near Nai Chung",(Tai Po North) 泥涌 Nai Chung,"(Tai Po North) 西沙路近西澳 Sai Sha Road, near Sai O","(Tai Po North) 西沙路，近帝琴灣凱琴居六座 Sai Sha Road, near Symphony Bay, Villa Rhapsody Block 6, Symphony Bay Villa Rhapsody",(Sha Tin North) 烏溪沙站巴士總站 Wu Kai Sha Station Bus Terminus,,,,,,,,,,,,,,,,,,,,,,,,,,,,,,,,,,,,,,,
68K,CMPattern_GMBBus68K_4015,6.4,6.241860924,Sha Tin West > Sha Tin South,FALSE,"排頭街，沙田站外 Pai Tau Street, outside Sha Tin Station",Sha Tin West,"顯泰街，近瑞峰花園 Hin Tai Street, near Julimount Garden",Sha Tin South,瑞峰花園 Julimount Garden,"(Sha Tin West) 排頭街，沙田站外 Pai Tau Street, outside Sha Tin Station","(Sha Tin West) 担杆莆街，沙田大會堂外 Tam Kon Po Street, outside Sha Tin Town Hall","(Sha Tin West) 白鶴汀街，近帝都酒店外的巴士停車灣 Pak Hok Ting Street, Bus Lay-By outside Royal Park Hotel","(Sha Tin West) 獅子山隧道公路沙田中央公園外的巴士停車灣 Lion Rock Tunnel Road, Bus Lay-By outside Sha Tin Central Park","(Sha Tin South) 車公廟路，秦石邨外的巴士停車灣 Che Kung Miu Road, Bus Lay-By outside Chun Shek Estate","(Sha Tin South) 車公廟路，李屋新村外的巴士停車灣 Che Kung Miu Road, Bus Lay-By outside Lei Uk San Tsuen","(Sha Tin South) 車公廟路，沙田崇真中學外的巴士停車灣 Che Kung Miu Road, Bus Lay-By outside Shatin Tsung Tsin Secondary School",(Sha Tin South) 大圍站公共運輸交滙處 Tai Wai Station Public Transport Interchange,"(Sha Tin South) 紅梅谷路，近新翠邨新月樓 Hung Mui Kuk Road, near Sun Yuet House, Sun Chui Estate","(Sha Tin South) 田心街，榮心樓外 Tin Sam Street, near Wing Sam House","(Sha Tin South) 田心街，雲疊花園第四座對面 Tin Sam Street, Opposite Carado Garden Block 4","(Sha Tin South) 富健街，隆亨邨學心樓外 Fu Kin Street, outside Hok Sam House, Lung Hang Estate","(Sha Tin South) 富健街，隆亨邨善心樓外 Fu Kin Street, outside Sin Sam House, Lung Hang Estate","(Sha Tin South) 富健街，仁安醫院外 Fu Kin Street, outside Union Hospital",(Sha Tin South) 瑞峰花園 Julimount Garden,"(Sha Tin South) 顯泰街，近瑞峰花園 Hin Tai Street, near Julimount Garden",,,,,,,,,,,,,,,,,,,,,,,,,,,,,,,
89A,CMPattern_CM_GMBBus_89a_5331,6.1,5.492602209,Kwun Tong West > Kwun Tong North,FALSE,牛頭角總站 Ngau Tau Kok Bus Terminus,Kwun Tong West,"安茵街，近智泰樓 On Yan Street, near Chi Tai House",Kwun Tong North,安泰邨 On Tai Estate,(Kwun Tong West) 牛頭角總站 Ngau Tau Kok Bus Terminus,"(Kwun Tong West) 振華道，振華道體育館對面 Chun Wah Road, Opposite Chun Wah Road Sports Centre","(Kwun Tong West) 振華道，近樂華南邨 Chun Wah Road, near Lok Wah South Estate","(Kwun Tong West) 康寧道，康寧道公園對面 Hong Ning Road, Opposite Hong Ning Road Park","(Kwun Tong North) 康寧道，高雷中學對面 Hong Ning Road, Opposite Ko Lui Secondary School","(Kwun Tong North) 秀茂坪道，寧波第二中學外 Sau Mau Ping Road, outside Ning Po No. 2 College","(Kwun Tong North) 秀茂坪道，秀義樓對面 Sau Mau Ping Road, Opposite Sau Yee House","(Kwun Tong North) 秀茂坪道，秀程樓對面 Sau Mau Ping Road, Opposite Sau Ching House","(Kwun Tong North) 寶琳路，寶達邨對面 Po Lam Road, Opposite Po Tat Estate","(Kwun Tong North) 安翠街，近善達樓 On Chui Street, near Sin Tat House","(Kwun Tong North) 安翠街，近安達邨商場 On Tsui Street, near On Tat Shopping Centre","(Kwun Tong North) 安秀道，近錦泰樓巴士站 On Sau Road, near Kam Tai House Bus Stop",(Kwun Tong North) 安泰邨居泰樓 Kui Tai House On Tai Estate,"(Kwun Tong North) 安茵街，近智泰樓 On Yan Street, near Chi Tai House",,,,,,,,,,,,,,,,,,,,,,,,,,,,,,,,,
83A,CMPattern_CM_GMBBus_83a_8460,4.5,2.005001239,Kwun Tong West,FALSE,坪石公共運輸交滙處一樓平台 Ping Shek Public Transport Interchange Podium,Kwun Tong West,"彩榮路，近彩福邨彩歡樓 Choi Wing Road, near Choi Foon House, Choi Fook Estate",Kwun Tong West,彩福邨 Choi Fook Estate,(Kwun Tong West) 坪石公共運輸交滙處一樓平台 Ping Shek Public Transport Interchange Podium,(Kwun Tong West) 彩興里 Choi Hing Lane,"(Kwun Tong West) 彩興路，近彩德邨彩義樓 Choi Hing Road, near Choi Yee House, Choi Tak Estate","(Kwun Tong West) 彩榮路，近彩德邨彩仁樓 Choi Wing Road, near Choi Yan House, Choi Tak Estate","(Kwun Tong West) 彩榮路，近彩德邨彩信樓 Choi Wing Road, near Choi Shun House, Choi Tak Estate",(Kwun Tong West) 彩德邨彩亮樓 Choi Leung House Choi Tak Estate,"(Kwun Tong West) 彩榮路，近彩福邨彩樂樓 Choi Wing Road, near Choi Lok House, Choi Fook Estate","(Kwun Tong West) 彩榮路，近彩福邨彩歡樓 Choi Wing Road, near Choi Foon House, Choi Fook Estate",,,,,,,,,,,,,,,,,,,,,,,,,,,,,,,,,,,,,,,
76A,CMPattern_CM_GMBBus_76a_8443,6.6,10.35086197,Kwun Tong Southeast > Kwun Tong Central > Kwun Tong North > Kwun Tong Central > Kwun Tong West > Kwun Tong North > Kwun Tong Southeast,TRUE,廣田邨小巴總站 Kwong Tin Estate Minibus Terminus,Kwun Tong Southeast,廣田邨小巴總站 Kwong Tin Estate Minibus Terminus,Kwun Tong Southeast,廣田 - 基督教聯合醫院（循環綫） Kwong Tin - United Christian Hospital (Circular),(Kwun Tong Southeast) 廣田邨小巴總站 Kwong Tin Estate Minibus Terminus,"(Kwun Tong Southeast) 碧雲道，廣田商場對面 Pik Wan Road, Opposite Kwong Tin Commercial Centre","(Kwun Tong Southeast) 碧雲道，近康栢苑祥栢閣 Pik Wan Road, near Cheung Pak House, Hong Pak Court","(Kwun Tong Southeast) 碧雲道，廣田邨廣靖樓對面 Pik Wan Road, Opposite Kwong Ching House, Kwong Tin Estate","(Kwun Tong Southeast) 碧雲道北行藍田社區綜合大樓對面 Pik Wan Road Northbound, Opposite Lam Tin Community Complex","(Kwun Tong Southeast) 碧雲道，近德田邨德田停車場 Pik Wan Road, near Tak Tin Car Park, Tak Tin Estate","(Kwun Tong Southeast) 碧雲道，德田邨德敬樓外 Pik Wan Road, outside Tak King House, Tak Tin Estate",(Kwun Tong Southeast) 連德道彩田樓外 Lin Tak Road outside Choi Tin House,"(Kwun Tong Southeast) 連德道，康華苑宏康閣 Lin Tak Road, Wang Hong House Hong Wah Court",(Kwun Tong Central) 曉光街 Hiu Kwong Street,"(Kwun Tong North) 秀茂坪道，秀暉樓外 Sau Mau Ping Road, outside Sau Fai House","(Kwun Tong North) 秀茂坪道，秀明小學外 Sau Mau Ping Road, outside Sau Ming Primary School","(Kwun Tong North) 秀茂坪道，近秀茂坪邨基督教聖約教會堅樂小學 Sau Mau Ping Road, near The Mission Covenant Church Holm Glad Primary School, Sau Mau Ping Estate","(Kwun Tong North) 秀茂坪道，秀義樓外 Sau Mau Ping Road, outside Sau Yee House","(Kwun Tong North) 秀茂坪道，寧波第二中學對面 Sau Mau Ping Road, Opposite Ning Po No. 2 College","(Kwun Tong North) 協和街，近秀雅道遊樂場 Hip Wo Street, near Sau Nga Road Playground",(Kwun Tong North) 基督教聯合醫院 United Christian Hospital,(Kwun Tong Central) 秀雅道 Sau Nga Road,"(Kwun Tong West) 協和街，近高雷中學 Hip Wo Street, near Ko Lui Secondary School",(Kwun Tong North) 順天邨天瑤樓 Tin Yiu House Shun Tin Estate,"(Kwun Tong North) 順安道，近順天邨天樂樓 Shun On Road, near Tin Lok House, Shun Tin Estate",(Kwun Tong North) 寧波第二中學 Ning Po No. 2 College,(Kwun Tong North) 秀康樓對面 Opposite Sau Hong House,"(Kwun Tong North) 秀茂坪道，秀程樓對面 Sau Mau Ping Road, Opposite Sau Ching House","(Kwun Tong North) 秀茂坪道，近寶達邨達祥樓 Sau Mau Ping Road, near Tat Cheung House, Po Tat Estate","(Kwun Tong Southeast) 連德道，近康華苑怡康閣 Lin Tak Road, near Yee Hong House, Hong Wah Court",,,,,,,,,,,,,,,,,,,,,
24M,CMPattern_CM_GMBBus_24m_6243,4.3,3.075717329,Kwun Tong Southeast,FALSE,藍田公園 Lam Tin Park,Kwun Tong Southeast,大本型 Domain,Kwun Tong Southeast,油塘站 Yau Tong Station,(Kwun Tong Southeast) 藍田公園 Lam Tin Park,(Kwun Tong Southeast) 德田邨德樂樓 Tak Lok House Tak Tin Estate,(Kwun Tong Southeast) 德田邨德隆樓 Tak Lung House Tak Tin Estate,"(Kwun Tong Southeast) 碧雲道，近廣田邨廣靖樓 Pik Wan Road, near Kwong Ching House, Kwong Tin Estate",(Kwun Tong Southeast) 廣田邨停車場 Kwong Tin Estate Car Park,"(Kwun Tong Southeast) 碧雲道，廣田商場外 Pik Wan Road, outside Kwong Tin Commercial Centre",(Kwun Tong Southeast) 碧雲道南行近黃陳淑英紀念護理安老院 Pik Wan Road Southbound near Hkcwc Madam Wong Chan Sook Ying Memorial Care and Attention Home For The Aged,"(Kwun Tong Southeast) 鯉魚門道，近鯉魚門道遊樂場 Lei Yue Mun Road, near Lei Yue Mun Road Playground","(Kwun Tong Southeast) 鯉魚門道，近高翔苑高恒閣 Lei Yue Mun Road, near Ko Hang House, Ko Cheung Court",(Kwun Tong Southeast) 油塘中心 Yau Tong Centre,(Kwun Tong Southeast) 大本型 Domain,,,,,,,,,,,,,,,,,,,,,,,,,,,,,,,,,,,,
18M,CMPattern_CM_GMBBus_18m_7601,8.7,3.891436682,Chai Wan,FALSE,柴灣站巴士總站 Chai Wan Station Bus Terminus,Chai Wan,"歌連臣角道，近歌連臣角懲教所 Cape Collinson Road, near Cape Collinson Correctional Institution",Chai Wan,歌連臣角懲教所 Cape Collinson (Correctional Institution),(Chai Wan) 柴灣站巴士總站 Chai Wan Station Bus Terminus,"(Chai Wan) 環翠道，近環翠邨澤翠樓 Wan Tsui Road, near Chak Tsui House, Wan Tsui Estate",(Chai Wan) 環翠邨停車場 Wan Tsui Carpark,(Chai Wan) 天主教聖十字架墳場 Holy Cross Catholic Cemetery,"(Chai Wan) 歌連臣角道，近柴灣華人永遠墳場墳場辦事處 Cape Collinson Road, near Cemetery Office, Cape Collinson Chinese Permanent Cemetery","(Chai Wan) 歌連臣角道，近柴灣華人永遠墳場第二靈灰閣 Cape Collinson Road, near Second Columbarium, Cape Collinson Chinese Permanent Cemetery","(Chai Wan) 歌連臣角道，近歌連臣角懲教所 Cape Collinson Road, near Cape Collinson Correctional Institution",,,,,,,,,,,,,,,,,,,,,,,,,,,,,,,,,,,,,,,,
68K,CMPattern_GMBBus68K_5884,4.3,2.00538675,Sha Tin South,FALSE,"顯泰街，近瑞峰花園 Hin Tai Street, near Julimount Garden",Sha Tin South,大圍站公共運輸交滙處 Tai Wai Station Public Transport Interchange,Sha Tin South,大圍站 Tai Wai Station,"(Sha Tin South) 顯泰街，近瑞峰花園 Hin Tai Street, near Julimount Garden",(Sha Tin South) 旭達商場 Julimount Garden Shopping Arcade,"(Sha Tin South) 富健街，隆亨邨善心樓對面 Fu Kin Street, Opposite Sin Sam House, Lung Hang Estate","(Sha Tin South) 田心街，雲疊花園外（門牌17號） Tin Sam Street, outside Carado Garden (House No. 17)","(Sha Tin South) 田心街，田心村外的巴士停車灣 Tin Sam Street, Bus Lay-By outside Tin Sam Village",(Sha Tin South) 大圍站公共運輸交滙處 Tai Wai Station Public Transport Interchange,,,,,,,,,,,,,,,,,,,,,,,,,,,,,,,,,,,,,,,,,
812,CMPattern_CM_GMBBus_812_3972,5.9,4.977219419,Sha Tin South > Sha Tin East > Sha Tin South,FALSE,"車公廟路，顯徑商場對面 Che Kung Miu Road, Opposite Hin Keng Shopping Centre",Sha Tin South,"博泉街，近樂泉樓外迴旋處 Pok Chuen Street, near Roundabout outside Lok Chuen House",Sha Tin South,水泉澳 Shui Chuen O,"(Sha Tin South) 車公廟路，顯徑商場對面 Che Kung Miu Road, Opposite Hin Keng Shopping Centre","(Sha Tin South) 車公廟路，顯田遊樂場外 Che Kung Miu Road, outside Hin Tin Playground","(Sha Tin South) 田心街，近雲疊花園 Tin Sam Street, near Carado Garden","(Sha Tin South) 田心街，田心村外的巴士停車灣 Tin Sam Street, Bus Lay-By outside Tin Sam Village","(Sha Tin South) 車公廟路，大圍站外 Che Kung Miu Road, outside Tai Wai Station","(Sha Tin South) 車公廟路，車公廟站外 Che Kung Miu Road, outside Che Kung Miu Station",(Sha Tin South) 乙明邨明恩樓 Ming Yan Lau Jat Min Chuen,"(Sha Tin East) 逸泰街，沙田圍站外 Yat Tai Street, outside Sha Tin Wai Station","(Sha Tin South) 博泉街，城泉樓外 Pok Chuen Street, outside Shing Chuen House","(Sha Tin South) 博泉街，近樂泉樓外迴旋處 Pok Chuen Street, near Roundabout outside Lok Chuen House",,,,,,,,,,,,,,,,,(中西區) 雲咸街藝穗會,(中西區) 皇后大道中 - 新世界大廈,(中西區) 畢打街環球大廈外,(中西區) 康樂廣場 - 交易廣場外,(中西區) 中環(交易廣場),,,,,,,,,,,,,,,,
52,CMPattern_CM_GMBBus_52_1_8161,6.6,3.104459549,Wong Tai Sin East > Wong Tai Sin West > Wong Tai Sin East > Wong Tai Sin West,FALSE,"銀竹里，近竹園南邨秀園樓 Ngan Chuk Lane, near Sau Yuen House, Chuk Yuen (South) Estate",Wong Tai Sin East,"康強街，安強大樓外 Hong Keung Street, outside On Keung Building",Wong Tai Sin West,新蒲崗 San Po Kong,"(Wong Tai Sin East) 銀竹里，近竹園南邨秀園樓 Ngan Chuk Lane, near Sau Yuen House, Chuk Yuen (South) Estate","(Wong Tai Sin West) 竹園道，浸信會天虹小學外 Chuk Yuen Road, outside Baptist Rainbow Primary School",(Wong Tai Sin West) 馬仔坑遊樂場 Ma Chai Hang Recreation Ground,"(Wong Tai Sin West) 黃大仙道，近竹園南邨趣園樓 Wong Tai Sin Road, near Chui Yuen House, Chuk Yuen (South) Estate","(Wong Tai Sin East) 鳳德道，近英祥樓 Fung Tak Road, near Ying Cheung Building",(Wong Tai Sin East) 美德樓 Mei Tak House,"(Wong Tai Sin West) 大有街，近寶城工業大廈 Tai Yau Street, near Po Shing Industrial Building",(Wong Tai Sin West) 大有街31號 Tai Yau Street No. 31,"(Wong Tai Sin West) 康強街，安強大樓外 Hong Keung Street, outside On Keung Building",,,,,,,,,,,,,,,,,,(九龍城區) 新碼頭街 - 紅棉工業大廈,(九龍城區) 偉景街 - 偉景閣A座外,,,,,,,,,,,,,,,,,,,
83A,CMPattern_CM_GMBBus_83a_8459,4.5,2.574028654,Kwun Tong West,FALSE,"彩榮路，近彩福邨彩歡樓 Choi Wing Road, near Choi Foon House, Choi Fook Estate",Kwun Tong West,坪石公共運輸交滙處一樓平台 Ping Shek Public Transport Interchange Podium,Kwun Tong West,坪石 Ping Shek,"(Kwun Tong West) 彩榮路，近彩福邨彩歡樓 Choi Wing Road, near Choi Foon House, Choi Fook Estate","(Kwun Tong West) 彩榮路，近彩福邨彩善樓 Choi Wing Road, near Choi Sin House, Choi Fook Estate","(Kwun Tong West) 彩榮路，近彩德邨彩賢樓 Choi Wing Road, near Choi Yin House, Choi Tak Estate","(Kwun Tong West) 彩榮路，近彩德邨彩仁樓 Choi Wing Road, near Choi Yan House, Choi Tak Estate",(Kwun Tong West) 彩德邨彩誠樓 Choi Shing House Choi Tak Estate,"(Kwun Tong West) 彩興路，近彩興苑彩薈閣 Choi Hing Road, near Choi Wui House, Choi Hing Court","(Kwun Tong West) 彩興里，近彩興苑彩蕎閣 Choi Hing Lane, near Choi Hing Court",(Kwun Tong West) 坪石公共運輸交滙處一樓平台 Ping Shek Public Transport Interchange Podium,,,,,,,,,,,,,,,,,,,,,,,,,,,,,,,,,,,,,,,
68K,CMPattern_GMBBus68K_4014,6.4,6.009175861,Sha Tin South > Sha Tin West,FALSE,"顯泰街，近瑞峰花園 Hin Tai Street, near Julimount Garden",Sha Tin South,"排頭街，沙田站外 Pai Tau Street, outside Sha Tin Station",Sha Tin West,沙田站排頭街 Sha Tin Station (Pai Tau Street),"(Sha Tin South) 顯泰街，近瑞峰花園 Hin Tai Street, near Julimount Garden",(Sha Tin South) 旭達商場 Julimount Garden Shopping Arcade,(Sha Tin South) 瑞峰花園 Julimount Garden,"(Sha Tin South) 富健街，仁安醫院外 Fu Kin Street, outside Union Hospital","(Sha Tin South) 富健街，隆亨邨善心樓對面 Fu Kin Street, Opposite Sin Sam House, Lung Hang Estate","(Sha Tin South) 田心街，雲疊花園外（門牌17號） Tin Sam Street, outside Carado Garden (House No. 17)","(Sha Tin South) 田心街，田心村外的巴士停車灣 Tin Sam Street, Bus Lay-By outside Tin Sam Village",(Sha Tin South) 大圍站公共運輸交滙處 Tai Wai Station Public Transport Interchange,"(Sha Tin South) 車公廟路，沙田崇真中學對面的巴士停車灣 Che Kung Miu Road, Bus Lay-By Opposite To Shatin Tsung Tsin Secondary School","(Sha Tin South) 車公廟路，李屋新村對面的巴士停車灣 Che Kung Miu Road, Bus Lay-By Opposite To Lei Uk San Tsuen","(Sha Tin South) 車公廟路，秦石邨對面的巴士停車灣 Che Kung Miu Road, Bus Lay-By Opposite To Chun Shek Estate","(Sha Tin West) 獅子山隧道公路，沙田中央公園對面的巴士站 Lion Rock Tunnel Road, Bus Stop Opposite To Sha Tin Central Park","(Sha Tin West) 沙田正街，希爾頓中心外的巴士停車灣 Sha Tin Central Street, Bus Lay-By outside Hilton Centre",(Sha Tin West) 新城市廣場 New Town Plaza,(Sha Tin West) 沙田廣場 Shatin Plaza,"(Sha Tin West) 橫壆街，好運中心外 Wang Pok Street, outside Lucky Plaza","(Sha Tin West) 排頭街，沙田站外 Pai Tau Street, outside Sha Tin Station",,,,,,,,,,,,,,,,,,,,,,,,,,,,,,
68K,CMPattern_GMBBus68K_5883,4.3,1.911289526,Sha Tin South,FALSE,大圍站公共運輸交滙處 Tai Wai Station Public Transport Interchange,Sha Tin South,"顯泰街，近瑞峰花園 Hin Tai Street, near Julimount Garden",Sha Tin South,瑞峰花園 Julimount Garden,(Sha Tin South) 大圍站公共運輸交滙處 Tai Wai Station Public Transport Interchange,"(Sha Tin South) 紅梅谷路，近新翠邨新月樓 Hung Mui Kuk Road, near Sun Yuet House, Sun Chui Estate","(Sha Tin South) 田心街，榮心樓外 Tin Sam Street, near Wing Sam House","(Sha Tin South) 田心街，雲疊花園第四座對面 Tin Sam Street, Opposite Carado Garden Block 4","(Sha Tin South) 富健街，隆亨邨學心樓外 Fu Kin Street, outside Hok Sam House, Lung Hang Estate","(Sha Tin South) 富健街，隆亨邨善心樓外 Fu Kin Street, outside Sin Sam House, Lung Hang Estate",(Sha Tin South) 瑞峰花園 Julimount Garden,"(Sha Tin South) 顯泰街，近瑞峰花園 Hin Tai Street, near Julimount Garden",,,,,,,,,,,,,,,,,,,,,,,,,,,,,,,,,,,,,,,
812,CMPattern_CM_GMBBus_812_5962,5.9,4.764344386,Sha Tin South > Sha Tin East > Sha Tin South,FALSE,水泉澳公共運輸交滙處 Shui Chuen O Public Transport Interchange,Sha Tin South,"車公廟路，顯徑商場對面 Che Kung Miu Road, Opposite Hin Keng Shopping Centre",Sha Tin South,顯徑車公廟路 Hin Keng (Che Kung Miu Road),(Sha Tin South) 水泉澳公共運輸交滙處 Shui Chuen O Public Transport Interchange,"(Sha Tin South) 博泉街，月泉樓外 Pok Chuen Street, outside Yuet Chuen House","(Sha Tin East) 水泉坳街，保良局朱正賢小學 Shui Chuen Au Street, Po Leung Kuk Chee Jing Yin Primary School","(Sha Tin East) 沙角街，沙田圍站外 Sha Kok Street, outside Sha Tin Wai Station",(Sha Tin East) 田家炳學校 Tin Ka Ping Primary School,(Sha Tin South) 秦石邨 Chun Shek Estate,"(Sha Tin South) 車公廟路，李屋村外 Che Kung Miu Road, outside Lei Uk Tsuen","(Sha Tin South) 車公廟路，新翠邨外 Che Kung Miu Road, outside Sun Chui Estate","(Sha Tin South) 田心街，榮心樓外 Tin Sam Street, near Wing Sam House","(Sha Tin South) 顯徑街，近下徑口德安苑 Hin Keng Street, near Ha Keng Hau",(Sha Tin South) 顯田村 Hin Tin Village,"(Sha Tin South) 車公廟路，顯徑商場對面 Che Kung Miu Road, Opposite Hin Keng Shopping Centre",,,,,,,,,,,,,,,(中西區) 康樂廣場 - 交易廣場外,(中西區) 中環(交易廣場),,,,,,,,,,,,,,,,,,,
43M,CMPattern_GMBBus43M_5874,4.5,2.209785803,Yau Tsim Mong South,TRUE,御金．國峯 The Coronation,Yau Tsim Mong South,御金．國峯 The Coronation,Yau Tsim Mong South,御金．國峯 - 油麻地站（循環綫） The Coronation - Yau Ma Tei Station (Circular),(Yau Tsim Mong South) 御金．國峯 The Coronation,"(Yau Tsim Mong South) 砵蘭街，近油麻地站 Portland Street, near Yau Ma Tei Station",(Yau Tsim Mong South) 御金．國峯 The Coronation,,,,,,,,,,,,,,,,,,,,,,,,,,,,,,,,,,,,,,,,,,,,
52A,CMPattern_CM_GMBBus_52a_8839,3.9,1.665569898,Wu Tip Shan,FALSE,和滿街小巴總站 Wo Mun Street Public Light Bus Terminus,Wu Tip Shan,粉嶺站專綫小巴總站 Public Light Bus (Scheduled) Service Terminus at Fanling Station,Wu Tip Shan,粉嶺站（不經粉嶺樓路） Fanling Station (omit Fan Leng Lau Road),(Wu Tip Shan) 和滿街小巴總站 Wo Mun Street Public Light Bus Terminus,"(Wu Tip Shan) 新運路，祥華邨祥頌樓外 San Wan Road, outside Cheung Chung House, Cheung Wah Estate","(Wu Tip Shan) 粉嶺車站路，粉嶺站外 Fanling Station Road, outside Fanling Station",(Wu Tip Shan) 粉嶺站專綫小巴總站 Public Light Bus (Scheduled) Service Terminus at Fanling Station,,,,,,,,,,,,,,,,,,,,,,,,,,,,,,,,,,,,,,,,,,,
1A,CMPattern_GMBBus1A_1_5860,10.9,13.24149381,Sai Kung and Hang Hau > Kwun Tong North > Wong Tai Sin East > Kwun Tong West > Wong Tai Sin East > Wong Tai Sin West > Wong Tai Sin East,FALSE,"灰窰里，翠塘花園 Fui Yiu Lane, Lakeside Garden",Sai Kung and Hang Hau,鑽石山(彩虹道)公共運輸交匯處 Diamond Hill (Choi Hung Road) Pti,Wong Tai Sin East,彩虹新蒲崗 Choi Hung (San Po Kong),"(Sai Kung and Hang Hau) 灰窰里，翠塘花園 Fui Yiu Lane, Lakeside Garden","(Sai Kung and Hang Hau) 北港, 西貢公路 Pak Kong, Hiram's Highway","(Sai Kung and Hang Hau) 西貢公路，白沙灣遊艇會外 Hiram's Highway, outside Hebe Haven Yacht Club",(Sai Kung and Hang Hau) 匡湖居 Marina Cove,(Sai Kung and Hang Hau) 匡湖居 Marina Cove,(Sai Kung and Hang Hau) 南邊圍 Nam Pin Wai,"(Sai Kung and Hang Hau) 響鐘村, 西貢公路 Heung Chung Village, Hiram's Highway",(Sai Kung and Hang Hau) 南圍 Nam Wai,"(Sai Kung and Hang Hau) 西貢公路，鄭植之中學外 Hiram's Highway, outside Cheng Chek Chee Secondary School","(Sai Kung and Hang Hau) 清水灣道，松濤苑對面 Clear Water Bay Road, Opposite Las Pinadas","(Sai Kung and Hang Hau) 清水灣道，壁屋懲教署對面 Clear Water Bay Road, Opposite Pik Uk Correctional Institute","(Sai Kung and Hang Hau) 清水灣道，金苑對面 Clear Water Bay Road, Opposite Gold Villa","(Sai Kung and Hang Hau) 清水灣道，井欄樹 Clear Water Bay Road, Tseng Lan Shue",(Kwun Tong North) 飛鵝山道 Fei Ngo Shan Road,"(Kwun Tong North) 清水灣道，德望學校對面 Clear Water Bay Road, Opposite Good Hope School","(Wong Tai Sin East) 清水灣道，彩雲商場2期 B 對出 Clear Water Bay Road, outside Choi Wan Commercial Complex Phase IIB","(Kwun Tong West) 清水灣道坪石邨鑽石樓外 Clear Water Bay Road, outside Tsuen Shek House, Ping Shek Estate","(Wong Tai Sin East) 龍翔道，彩虹邨紅萼樓外 Lung Cheung Road, outside Hung Ngok House, Choi Hung Estate",(Wong Tai Sin East) 斧山道南行綫，龍翔道及彩虹迴旋處之間 Hammer Hill Road (Southbound Section Between Lung Cheung Road and Choi Hung Roundabout),(Wong Tai Sin West) 新蒲崗公共運輸總站 San Po Kong Public Transport Terminus,(Wong Tai Sin East) 鑽石山(彩虹道)公共運輸交匯處 Diamond Hill (Choi Hung Road) Pti,,,,,,,,,,,,,,,,,,,,,,,,,,
43M,CMPattern_CM_GMBBus_43m_10083,3.2,2.824246466,Chai Wan,TRUE,"峰霞道，曉峰樓外 Fung Ha Road, outside Hiu Fung House",Chai Wan,"峰霞道，曉峰樓外 Fung Ha Road, outside Hiu Fung House",Chai Wan,峰華邨 - 柴灣站（循環綫） Fung Wah Estate - Chai Wan Station (Circular),"(Chai Wan) 峰霞道，曉峰樓外 Fung Ha Road, outside Hiu Fung House","(Chai Wan) 翡翠道，近萃文里 Fei Tsui Road, near Sui Man Lane",(Chai Wan) 興華邨卓華樓 Cheuk Wah House Hing Wah Estate,"(Chai Wan) 環翠道，近青年廣場 Wan Tsui Road, near Youth Square",(Chai Wan) 柴灣站巴士總站 Chai Wan Station Bus Terminus,"(Chai Wan) 環翠道，近環翠邨澤翠樓 Wan Tsui Road, near Chak Tsui House, Wan Tsui Estate","(Chai Wan) 翡翠道，近萃文里 Fei Tsui Road, near Sui Man Lane","(Chai Wan) 峰霞道，曉峰樓外 Fung Ha Road, outside Hiu Fung House",,,,,,,,,,,,,,,,,,,,,,,,,,,,,,,,,,,,,,,
52K,CMPattern_CM_GMBBus_52k_6077,6.6,7.719078047,Robin’s Nest > Wu Tip Shan,FALSE,"坪輋路，馮黃鳳亭安老院外 Ping Che Road, outside Caritas Fung Wong Fung Ting Home",Robin’s Nest,粉嶺站專綫小巴總站 Public Light Bus (Scheduled) Service Terminus at Fanling Station,Wu Tip Shan,粉嶺站 Fanling Station,"(Robin’s Nest) 坪輋路，馮黃鳳亭安老院外 Ping Che Road, outside Caritas Fung Wong Fung Ting Home",(Robin’s Nest) 雲泉仙館 Wan Chuen Sin Koon,(Robin’s Nest) 坪輋隔田 Ping Che Kat Tin,(Robin’s Nest) 坪輋花園 Ping Che Garden,(Robin’s Nest) 香港浸會園 Hong Kong Baptist Assembly,(Wu Tip Shan) 孔嶺村 Hung Leng Tsuen,"(Wu Tip Shan) 流水響，沙頭角公路 Lau Shui Heung, Sha Tau Kok Road",(Wu Tip Shan) 沙頭角路近軍地 Sha Tau Kok Road near Kwan Tei,(Wu Tip Shan) 新圍軍營 San Wai Barracks,"(Wu Tip Shan) 新屋村／覲龍圍，沙頭角公路 San Uk Tsuen / Kan Lung Wai, Sha Tau Kok Road",(Wu Tip Shan) 御庭軒 Grand Regentville,"(Wu Tip Shan) 聯和道，聯和墟街市外 Luen Wo Road, outside Luen Wo Hui Market","(Wu Tip Shan) 新運路，祥華邨祥頌樓外 San Wan Road, outside Cheung Chung House, Cheung Wah Estate",(Wu Tip Shan) 粉嶺站專綫小巴總站 Public Light Bus (Scheduled) Service Terminus at Fanling Station,,,,,,,,,,,,,(大埔區) 荔枝坑 - 大埔公路,(大埔區) 美援新村/黃宜坳,(大埔區) 大埔公路 - 廣福公園外,(大埔區) 廣福道 - 王肇枝中學外,(大埔區) 廣福道 - 近運頭角里,(大埔區) 運頭街 - 香島專科學校,(大埔區) 大埔墟站專線小巴總站,,,,,,,,,,,,,,
52K,CMPattern_CM_GMBBus_52k_6078,6.6,6.763871826,Robin’s Nest > Wu Tip Shan,FALSE,坪輋隔田 Ping Che Kat Tin,Robin’s Nest,粉嶺站專綫小巴總站 Public Light Bus (Scheduled) Service Terminus at Fanling Station,Wu Tip Shan,粉嶺站 Fanling Station,(Robin’s Nest) 坪輋隔田 Ping Che Kat Tin,(Robin’s Nest) 坪輋花園 Ping Che Garden,(Robin’s Nest) 香港浸會園 Hong Kong Baptist Assembly,(Wu Tip Shan) 孔嶺村 Hung Leng Tsuen,"(Wu Tip Shan) 流水響，沙頭角公路 Lau Shui Heung, Sha Tau Kok Road",(Wu Tip Shan) 沙頭角路近軍地 Sha Tau Kok Road near Kwan Tei,(Wu Tip Shan) 新圍軍營 San Wai Barracks,"(Wu Tip Shan) 新屋村／覲龍圍，沙頭角公路 San Uk Tsuen / Kan Lung Wai, Sha Tau Kok Road",(Wu Tip Shan) 御庭軒 Grand Regentville,"(Wu Tip Shan) 聯和道，聯和墟街市外 Luen Wo Road, outside Luen Wo Hui Market","(Wu Tip Shan) 新運路，祥華邨祥頌樓外 San Wan Road, outside Cheung Chung House, Cheung Wah Estate",(Wu Tip Shan) 粉嶺站專綫小巴總站 Public Light Bus (Scheduled) Service Terminus at Fanling Station,,,,,,,,,,,,,,,,,,,,,,,,,,,,,,,,,,,
52K,CMPattern_CM_GMBBus_52k_6079,6.6,8.06109769,Robin’s Nest > Wu Tip Shan,FALSE,山雞乙 Shan Kai Wat,Robin’s Nest,粉嶺站專綫小巴總站 Public Light Bus (Scheduled) Service Terminus at Fanling Station,Wu Tip Shan,粉嶺站 Fanling Station,(Robin’s Nest) 山雞乙 Shan Kai Wat,(Robin’s Nest) 雲泉仙館 Wan Chuen Sin Koon,(Robin’s Nest) 坪輋隔田 Ping Che Kat Tin,(Robin’s Nest) 坪輋花園 Ping Che Garden,(Robin’s Nest) 香港浸會園 Hong Kong Baptist Assembly,(Wu Tip Shan) 孔嶺村 Hung Leng Tsuen,"(Wu Tip Shan) 流水響，沙頭角公路 Lau Shui Heung, Sha Tau Kok Road",(Wu Tip Shan) 沙頭角路近軍地 Sha Tau Kok Road near Kwan Tei,(Wu Tip Shan) 新圍軍營 San Wai Barracks,"(Wu Tip Shan) 新屋村／覲龍圍，沙頭角公路 San Uk Tsuen / Kan Lung Wai, Sha Tau Kok Road",(Wu Tip Shan) 御庭軒 Grand Regentville,"(Wu Tip Shan) 聯和道，聯和墟街市外 Luen Wo Road, outside Luen Wo Hui Market","(Wu Tip Shan) 新運路，祥華邨祥頌樓外 San Wan Road, outside Cheung Chung House, Cheung Wah Estate",(Wu Tip Shan) 粉嶺站專綫小巴總站 Public Light Bus (Scheduled) Service Terminus at Fanling Station,,,,,,,,,,,,,,,,,,,,,,,,,,,,,,,,,
88M,CMPattern_CM_GMBBus_88m_9025,8.3,3.794000069,Tsing Yi > Kwai Chung West > Kwai Chung East,FALSE,長青巴士總站 Cheung Ching Bus Terminus,Tsing Yi,新葵芳花園 New Kwai Fong Gardens,Kwai Chung East,葵芳站 Kwai Fong Station,(Tsing Yi) 長青巴士總站 Cheung Ching Bus Terminus,"(Tsing Yi) 青康路，近長青邨青榕樓 Ching Hong Road, near Ching Yung House, Cheung Ching Estate","(Tsing Yi) 青衣路，長青商場外 Tsing Yi Road, outside Cheung Ching Shopping Centre","(Kwai Chung West) 葵青路，近葵涌公園 Kwai Tsing Road, near Kwai Chung Park",(Kwai Chung East) 葵涌運動場 Kwai Chung Sports Ground,"(Kwai Chung East) 葵仁路，近葵芳站 Kwai Yan Road, near Kwai Fong Station",(Kwai Chung East) 新葵芳花園 New Kwai Fong Gardens,,,,,,,,,,,,,,,,,,,,(屯門區) 屯興路 - 屯門官立中學外,(屯門區) 屯門鄉事會路 - 市中心輕鐵站外,(屯門區) 屯門站公共運輸交匯處,(屯門區) 河傍街 - 屯門新墟街市外,,,,,,,,,,,,,,,,,
52K,CMPattern_CM_GMBBus_52k_6081,6.2,4.166308062,Wu Tip Shan,FALSE,粉嶺站專綫小巴總站 Public Light Bus (Scheduled) Service Terminus at Fanling Station,Wu Tip Shan,軍地（北） Kwan Tei (North),Wu Tip Shan,軍地北 Kwan Tei (North),(Wu Tip Shan) 粉嶺站專綫小巴總站 Public Light Bus (Scheduled) Service Terminus at Fanling Station,"(Wu Tip Shan) 粉嶺樓路，粉嶺禮賢會中學對面 Fan Leng Lau Road, Opposite Fanling Rhenish Church Secondary School",(Wu Tip Shan) 和隆街17號 No. 17 Wo Lung Street,(Wu Tip Shan) 和滿街小巴總站 Wo Mun Street Public Light Bus Terminus,"(Wu Tip Shan) 新屋村／覲龍圍，沙頭角公路 San Uk Tsuen / Kan Lung Wai, Sha Tau Kok Road",(Wu Tip Shan) 新圍軍營 San Wai Barracks,(Wu Tip Shan) 軍地（北） Kwan Tei (North),,,,,,,,,,,,,,,,,,,,,,,,,,,,,,,,,,,,,,,,
25A,CMPattern_CM_GMBBus_25a_1_8738,6.7,4.64518895,Tai Po South,FALSE,泰亨鄉公所 Tai Hang Village Office,Tai Po South,"太和邨太和廣場西翼 Tai Wo Plaza West Wing, Tai Wo Estate",Tai Po South,太和站 Tai Wo Station,(Tai Po South) 泰亨鄉公所 Tai Hang Village Office,(Tai Po South) 俊亨豪園 Prince Garden,(Tai Po South) 泰亨灰沙圍200號 200 Tai Hang Fui Sha Wai,(Tai Po South) 卓爾新城 Prosperous City,(Tai Po South) 好時花園 Blossom Villas,(Tai Po South) 南華莆遊樂場 Nam Wah Po Playground,(Tai Po South) 主恩路 Grace Pavilion,(Tai Po South) 南華莆 Nam Wa Po,"(Tai Po South) 大窩西支路，大窩 Tai Wo Service Road West, Tai Wo","(Tai Po South) 大窩西支路，泰亨 Tai Wo Service Road West, Tai Hang","(Tai Po South) 大窩西支路，圍頭 Tai Wo Service Road West, Wai Tau",(Tai Po South) 帝欣苑 Parc Versailles,(Tai Po South) 水圍 Shui Wai,"(Tai Po South) 太和邨太和廣場西翼 Tai Wo Plaza West Wing, Tai Wo Estate",,,,,,,,,,,,,,,,,,,,,,,,,,,,,,,,,
88A,CMPattern_CM_GMBBus_88a_2_6370,4.7,4.286436051,Tsing Yi,TRUE,青衣站小巴總站 Tsing Yi Station GMB Terminus,Tsing Yi,青衣站小巴總站 Tsing Yi Station GMB Terminus,Tsing Yi,青衣站 - 担杆山路（循環綫） Tsing Yi Station - Tam Kon Shan Road (Circular),(Tsing Yi) 青衣站小巴總站 Tsing Yi Station GMB Terminus,"(Tsing Yi) 青敬路，灝景灣購物中心對面 Tsing King Road, Opposite Villa Esplanada Shopping Centre",(Tsing Yi) 長安邨小巴總站 Cheung On Estate Minibus Terminus,(Tsing Yi) 長安邨安洋樓 On Yeung House Cheung On Estate,"(Tsing Yi) 担杆山路，近香港船廠有限公司 Tam Kon Shan Road, near The Hong Kong Shipyard Ltd","(Tsing Yi) 担杆山路，近中華傳道會呂明才小學 Tam Kon Shan Road, near CNEC Lui Ming Choi Primary School",(Tsing Yi) 長安邨安清樓 On Ching House Cheung On Estate,(Tsing Yi) 青衣站小巴總站 Tsing Yi Station GMB Terminus,,,,,,,,,,,,,,,,,,,,,,,,,,,,,,,,,,,,,,,
23S,CMPattern_CM_GMBBus_23s_1_8731,6.2,2.976902083,Tai Po South,FALSE,打鐵屻通路 Ta Tit Yan,Tai Po South,大埔墟站專綫小巴總站 Tai Po Market Station Minibus Terminus,Tai Po South,大埔墟站專綫小巴總站 Tai Po Market Station,(Tai Po South) 打鐵屻通路 Ta Tit Yan,(Tai Po South) 新屋家 San Uk Ka,(Tai Po South) 張屋地 Cheung Uk Tei,"(Tai Po South) 碗窰路，碗窰 Wun Yiu Road, Wun Yiu",(Tai Po South) 碗窰通路 Access Road To Wun Yiu,"(Tai Po South) 碗窰路，沙埔仔 Wun Yiu Road, Sha Po Tsai","(Tai Po South) 達運道，荔枝山 Tat Wan Road, Lai Chi Shan",(Tai Po South) 大埔墟站專綫小巴總站 Tai Po Market Station Minibus Terminus,,,,,,,,,,,,,,,,,,,,,,,,,,,,,,,,,,,,,,,
86,CMPattern_CM_GMBBus_86_2936,6.4,4.818413451,Kwun Tong West > Kwun Tong Central > Kowloon City North,FALSE,德福花園總站 Telford Gardens Bus Terminus,Kwun Tong West,郵輪碼頭 Cruise Terminal,Kowloon City North,郵輪碼頭 Cruise Terminal,(Kwun Tong West) 德福花園總站 Telford Gardens Bus Terminus,"(Kwun Tong West) 宏照道，榮發工業大廈 Wang Chiu Road, Wing Fat Industrial Building",(Kwun Tong West) Megabox,"(Kwun Tong Central) 祥業街，傲騰廣場 Cheung Yip Street, Octa Tower",(Kowloon City North) 香港兒童醫院 Hong Kong Children's Hospital,(Kowloon City North) 啟德跑道公園 Kai Tak Runway Park,(Kowloon City North) 郵輪碼頭 Cruise Terminal,,,,,,,,,,,,,,,,,,,,,,,,,,,,,,,,,,,,,,,,
65A,CMPattern_CM_GMBBus_65a_7573,6.1,4.645002152,Sha Tin East > Sha Tin West,FALSE,黃泥頭巴士總站 Wong Nai Tau Bus Terminus,Sha Tin East,"源禾路，沙田中心對面 Yuen Wo Road, Opposite Sha Tin Centre",Sha Tin West,沙田市中心 Sha Tin Central,(Sha Tin East) 黃泥頭巴士總站 Wong Nai Tau Bus Terminus,"(Sha Tin East) 小瀝源路，廣源邨停車場外 Siu Lek Yuen Road, outside Kwong Yuen Estate Carpark","(Sha Tin East) 小瀝源路，廣柏樓外 Siu Lek Yuen Road, outside Kwong Pak House","(Sha Tin East) 廣善街，近廣源邨廣楊樓 Kwong Sin Street, near Alder House, Kwong Yuen Estate","(Sha Tin East) 廣善街，近香港恒生大學 Kwung Sin Street, near The Hang Seng University of Hong Kong","(Sha Tin East) 牛皮沙街，牛皮沙新村外 Ngau Pei Sha Street, outside Ngau Pei Sha New Village","(Sha Tin East) 牛皮沙街，愉翠苑外 Ngau Pei Sha Street, outside Yu Chui Court","(Sha Tin East) 插桅杆街，近小瀝源消防局 Chap Wai Kon Street, near Siu Lek Yuen Fire Station","(Sha Tin East) 小瀝源路，沙田第一城第28座外 Siu Lek Yuen Road, outside City One Shatin Block 28","(Sha Tin East) 小瀝源路，近沙田第一城第二十五座 Siu Lek Yuen Road, near City One Shatin Block 25","(Sha Tin East) 大涌橋路，沙田第一城外 Tai Chung Kiu Road, outside City One Shatin","(Sha Tin East) 大涌橋路，富豪花園外 Tai Chung Kiu Road, outside Belair Gardens","(Sha Tin East) 大涌橋路，近河畔花園 Tai Chung Kiu Road, near Garden Rivera","(Sha Tin West) 源禾路，沙田中心對面 Yuen Wo Road, Opposite Sha Tin Centre",,,,,,,,,,,,,(中西區) 堅尼地城站,,,,,,,,,,,,,,,,,,,,
78A,CMPattern_CM_GMBBus_78a_1_6367,6.7,3.633328243,Yuen Long Rural East,FALSE,"八鄉路近大欖巴士轉車站 Pat Heung Road, near Tai Lam Bus-Bus Interchange",Yuen Long Rural East,錦上路站公共運輸交滙處 Kam Sheung Road Station Public Transport Interchange,Yuen Long Rural East,錦上路站 Kam Sheung Road Station,"(Yuen Long Rural East) 八鄉路近大欖巴士轉車站 Pat Heung Road, near Tai Lam Bus-Bus Interchange",(Yuen Long Rural East) 富銀花園 Full Silver Garden,"(Yuen Long Rural East) 錦上路，石湖學校外 Kam Sheung Road, outside Shek Wu School",(Yuen Long Rural East) 金錢圍 Kam Tsin Wai,"(Yuen Long Rural East) 錦上路，近吳家村 Kam Sheung Road, near Ng Ka Tsuen",(Yuen Long Rural East) 錦上路站公共運輸交滙處 Kam Sheung Road Station Public Transport Interchange,,,,,,,,,,,,,,,,,,,,,,,,,,,,,,,,,,,,,,,,,
21A,CMPattern_CM_GMBBus_21a_1_8720,5.2,1.982741594,Tai Po South > Tai Po North > Tai Po South > Tai Po North,FALSE,南盛街小巴站 Nam Shing Street GMB Stand,Tai Po South,"大埔頭路，近大埔頭徑 Tai Po Tau Road, near Tai Po Tau Drive",Tai Po North,大埔頭 Tai Po Tau,(Tai Po South) 南盛街小巴站 Nam Shing Street GMB Stand,"(Tai Po South) 寶鄉街，近寶鄉橋 Po Heung Street, near Po Heung Bridge","(Tai Po North) 安慈路，八號花園外 On Chee Road, outside Eightland Gardens","(Tai Po South) 大埔太和路，汀角路變電站外 Tai Po Tai Wo Road, outside CLP Ting Kok Road Substation","(Tai Po North) 大埔頭路，太湖花園主要入口外 Tai Po Tau Road, outside Serenity Park Main Entrance","(Tai Po North) 大埔頭路，近大埔頭徑 Tai Po Tau Road, near Tai Po Tau Drive",,,,,,,,,,,,,,,,,,,,,,,,,,,,,,,,,,,,,,,,,
114A,CMPattern_CM_GMBBus_114a_6423,4.3,2.320330972,Tseung Kwan O South > Tseung Kwan O North > Tseung Kwan O South,TRUE,將軍澳站小巴總站 Tseung Kwan O Station Minibus Terminus,Tseung Kwan O South,將軍澳站小巴總站 Tseung Kwan O Station Minibus Terminus,Tseung Kwan O South,將軍澳站 - 海天晉（循環綫） Tseung Kwan O Station - Ocean Wings (Circular),(Tseung Kwan O South) 將軍澳站小巴總站 Tseung Kwan O Station Minibus Terminus,"(Tseung Kwan O North) 寶邑路，近將軍澳廣場會所 Po Yap Road, near Tseung Kwan O Plaza Club House","(Tseung Kwan O South) 至善街，近怡明邨怡悅樓 Chi Shin Street, near Yee Yuet House, Yee Ming Estate",(Tseung Kwan O South) 雍明苑 Yung Ming Court,"(Tseung Kwan O South) 至善街，近播道書院 Chi Shin Street, near Evangel College","(Tseung Kwan O South) 唐俊街，近海天晉第8座 Tong Chun Street, near Ocean Wings Tower 8",(Tseung Kwan O South) 將軍澳站小巴總站 Tseung Kwan O Station Minibus Terminus,,,,,,,,,,,,,,,,,,,,,,,,,,,,,,,,,,,,,,,,
52A,CMPattern_CM_GMBBus_52a_8837,3.9,1.958817526,Wu Tip Shan > Robin’s Nest > Wu Tip Shan,FALSE,"粉嶺車站路，粉嶺站外 Fanling Station Road, outside Fanling Station",Wu Tip Shan,和滿街小巴總站 Wo Mun Street Public Light Bus Terminus,Wu Tip Shan,和滿街公共小型巴士總站 Wo Mun Street Public Light Bus Terminus,"(Wu Tip Shan) 粉嶺車站路，粉嶺站外 Fanling Station Road, outside Fanling Station","(Wu Tip Shan) 粉嶺樓路，粉嶺禮賢會中學對面 Fan Leng Lau Road, Opposite Fanling Rhenish Church Secondary School",(Wu Tip Shan) 上水宣道小學 Alliance Primary School Sheung Shui,"(Robin’s Nest) 和滿街，近綠悠軒第五座 Wo Mun Street, near Belair Monte Block 5",(Wu Tip Shan) 和滿街小巴總站 Wo Mun Street Public Light Bus Terminus,,,,,,,,,,,,,,,,,,,,,,,,,,,,,,,,,,,,,,,,,,
59A,CMPattern_CM_GMBBus_59a_6178,4.5,2.616912747,Southern District Northwest > Southern District Southeast,FALSE,"東勝道10號對面 Tung Sing Road, Opposite No. 10",Southern District Northwest,"深灣道公共交通總站，雅濤閣1座外 Shum Wan Road Public Transport Terminus, outside Block 1, Broadview Court",Southern District Southeast,深灣道公共交通總站 Shum Wan Road Public Transport Terminus,"(Southern District Northwest) 東勝道10號對面 Tung Sing Road, Opposite No. 10",(Southern District Northwest) 香港仔大道178號 No. 178 Aberdeen Main Road,(Southern District Southeast) 業勤街 Yip Kan Street,"(Southern District Southeast) 黃竹坑道23號 Wong Chuk Hang Road, House No. 23",(Southern District Southeast) 南朗山道熟食市場 Nam Long Shan Road Cooked Food Market,"(Southern District Southeast) 南朗山道，新會商會陳白沙紀念中學外 Nam Long Shan Road, outside San Wui Commercial Society of Hong Kong Chan Pak Sha School","(Southern District Southeast) 深灣道，南濤閣第3座外 Shum Wan Road, outside Block 3, South Wave Court","(Southern District Southeast) 深灣道公共交通總站，雅濤閣1座外 Shum Wan Road Public Transport Terminus, outside Block 1, Broadview Court",,,,,,,,,,,,,,,,,,,,,,,,,,,,,,,,,,,,,,,
21A,CMPattern_CM_GMBBus_21a_1_8719,5.2,2.404809637,Tai Po North > Tai Po South,FALSE,"大埔頭路，近大埔頭徑 Tai Po Tau Road, near Tai Po Tau Drive",Tai Po North,南盛街小巴站 Nam Shing Street GMB Stand,Tai Po South,大埔墟 Tai Po Market,"(Tai Po North) 大埔頭路，近大埔頭徑 Tai Po Tau Road, near Tai Po Tau Drive",(Tai Po North) 大埔頭村 Tai Po Tau Tsuen,"(Tai Po North) 汀太路，大埔游泳池外 Ting Tai Road, outside Tai Po Public Swimming Pool","(Tai Po North) 安慈路，海寶花園外 On Chee Road, outside Treasure Garden","(Tai Po North) 安祥路，昌運中心外 On Cheung Road, outside Fortune Plaza","(Tai Po South) 寶鄉街，近寶鄉橋 Po Heung Street, near Po Heung Bridge",(Tai Po South) 南盛街小巴站 Nam Shing Street GMB Stand,,,,,,,,,,,,,,,,,,,,,,,,,,,,,,,,,,,,,,,,
23K,CMPattern_CM_GMBBus_23k_8728,5.7,1.952181645,Tai Po South,FALSE,大埔墟站專綫小巴總站 Tai Po Market Station Minibus Terminus,Tai Po South,"碗窰路，新屋家 Wun Yiu Road, San Uk Ka",Tai Po South,新屋家 San Uk Ka,(Tai Po South) 大埔墟站專綫小巴總站 Tai Po Market Station Minibus Terminus,"(Tai Po South) 達運道，荔枝山 Tat Wan Road, Lai Chi Shan","(Tai Po South) 碗窰路，沙埔仔 Wun Yiu Road, Sha Po Tsai","(Tai Po South) 碗窰路，碗窰 Wun Yiu Road, Wun Yiu",(Tai Po South) 張屋地 Cheung Uk Tei,"(Tai Po South) 碗窰路，新屋家 Wun Yiu Road, San Uk Ka",,,,,,,,,,,,,,,,,,,,,,,,,,,,,,,,,,,,,,,,,
15M,CMPattern_CM_GMBBus_15m_8623,5.1,3.22531945,Sai Kung and Hang Hau > Tseung Kwan O North,FALSE,康盛花園小巴總站 Hong Sing Garden Minibus Terminus,Sai Kung and Hang Hau,"貿業路，近寶琳站 Mau Yip Road, near Po Lam Station",Tseung Kwan O North,寶琳站 Po Lam Station,(Sai Kung and Hang Hau) 康盛花園小巴總站 Hong Sing Garden Minibus Terminus,"(Sai Kung and Hang Hau) 寶琳北路，康盛花園外 Po Lam Road North, outside Hong Sing Garden","(Sai Kung and Hang Hau) 翠林邨翠林體育館 Tsui Lam Sports Centre, Tsui Lam Estate","(Sai Kung and Hang Hau) 寶琳北路，景明苑旭景閣外 Po Lam Road North, outside Yuk King House, King Ming Court","(Sai Kung and Hang Hau) 寶琳北路，近寶林消防局 Po Lam Road North, near Po Lam Fire Station","(Tseung Kwan O North) 寶琳北路，樂善堂劉德小學對面 Po Lam Road North, Opposite Lok Sin Tong Lau Tak Primary School","(Tseung Kwan O North) 寶豐路，新都城二期外 Po Fung Road, outside Metro City Phase 2","(Tseung Kwan O North) 貿業路，近寶琳站 Mau Yip Road, near Po Lam Station",,,,,,,,,,,,,,,,,,,,,,,,,,,,,,,,,,,,,,,
15M,CMPattern_CM_GMBBus_15m_8624,5.1,2.839713098,Sai Kung and Hang Hau > Tseung Kwan O North,FALSE,康盛花園小巴總站 Hong Sing Garden Minibus Terminus,Sai Kung and Hang Hau,"貿業路，近寶琳站 Mau Yip Road, near Po Lam Station",Tseung Kwan O North,寶琳站（不經翠琳路） Po Lam Station (omit Tsui Lam Road),(Sai Kung and Hang Hau) 康盛花園小巴總站 Hong Sing Garden Minibus Terminus,"(Sai Kung and Hang Hau) 寶琳北路，康盛花園外 Po Lam Road North, outside Hong Sing Garden","(Sai Kung and Hang Hau) 寶琳北路，景明苑旭景閣外 Po Lam Road North, outside Yuk King House, King Ming Court","(Sai Kung and Hang Hau) 寶琳北路，近寶林消防局 Po Lam Road North, near Po Lam Fire Station","(Tseung Kwan O North) 寶琳北路，樂善堂劉德小學對面 Po Lam Road North, Opposite Lok Sin Tong Lau Tak Primary School","(Tseung Kwan O North) 寶豐路，新都城二期外 Po Fung Road, outside Metro City Phase 2","(Tseung Kwan O North) 貿業路，近寶琳站 Mau Yip Road, near Po Lam Station",,,,,,,,,,,,,,,,,,,,,,,,,,,,,,,,,,,,,,,,
12B,CMPattern_CM_GMBBus_12b_7868,5.7,1.291208576,Yau Tsim Mong North,FALSE,"福利街，近港灣豪庭第七座 Fuk Lee Street, near Metro Harbour View Block 7",Yau Tsim Mong North,西洋菜南街 Sai Yeung Choi Street South,Yau Tsim Mong North,西洋菜南街 Sai Yeung Choi Street South,"(Yau Tsim Mong North) 福利街，近港灣豪庭第七座 Fuk Lee Street, near Metro Harbour View Block 7","(Yau Tsim Mong North) 福全街，近福全工廠大廈 Fuk Tsun Street, near Fuk Tsun Factory Building",(Yau Tsim Mong North) 旺角道 Mong Kok Road,(Yau Tsim Mong North) 西洋菜南街 Sai Yeung Choi Street South,,,,,,,,,,,,,,,,,,,,,,,,,,,,,,,,,,,,,,,,,,,
52A,CMPattern_CM_GMBBus_52a_8838,3.9,1.767492411,Wu Tip Shan,FALSE,和滿街小巴總站 Wo Mun Street Public Light Bus Terminus,Wu Tip Shan,"粉嶺車站路，粉嶺站外 Fanling Station Road, outside Fanling Station",Wu Tip Shan,粉嶺站 Fanling Station,(Wu Tip Shan) 和滿街小巴總站 Wo Mun Street Public Light Bus Terminus,"(Wu Tip Shan) 和睦路，海聯廣場第3座外 Wo Muk Road, outside Tower 3, Union Plaza","(Wu Tip Shan) 新運路，祥華邨祥頌樓外 San Wan Road, outside Cheung Chung House, Cheung Wah Estate","(Wu Tip Shan) 粉嶺車站路，粉嶺站外 Fanling Station Road, outside Fanling Station",,,,,,,,,,,,,,,,,,,,,,,,,,,,,,,,,,,,,,,,,,,
56A,CMPattern_CM_GMBBus_56a_8854,3.9,1.76736642,Wu Tip Shan,FALSE,和滿街小巴總站 Wo Mun Street Public Light Bus Terminus,Wu Tip Shan,"粉嶺車站路，粉嶺站外 Fanling Station Road, outside Fanling Station",Wu Tip Shan,粉嶺站 Fanling Station,(Wu Tip Shan) 和滿街小巴總站 Wo Mun Street Public Light Bus Terminus,"(Wu Tip Shan) 和睦路，海聯廣場第3座外 Wo Muk Road, outside Tower 3, Union Plaza","(Wu Tip Shan) 新運路，祥華邨祥頌樓外 San Wan Road, outside Cheung Chung House, Cheung Wah Estate","(Wu Tip Shan) 粉嶺車站路，粉嶺站外 Fanling Station Road, outside Fanling Station",,,,,,,,,,,,,,,,,,,,,,,,,,,,,,,,,,,,,,,,,,,
56A,CMPattern_CM_GMBBus_56a_8855,3.9,1.372447565,Wu Tip Shan,FALSE,和滿街小巴總站 Wo Mun Street Public Light Bus Terminus,Wu Tip Shan,"粉嶺車站路，粉嶺站外 Fanling Station Road, outside Fanling Station",Wu Tip Shan,粉嶺車站（不經粉嶺樓路） Fanling Station (omit Fan Leng Lau Road),(Wu Tip Shan) 和滿街小巴總站 Wo Mun Street Public Light Bus Terminus,"(Wu Tip Shan) 新運路，祥華邨祥頌樓外 San Wan Road, outside Cheung Chung House, Cheung Wah Estate","(Wu Tip Shan) 粉嶺車站路，粉嶺站外 Fanling Station Road, outside Fanling Station",,,,,,,,,,,,,,,,,,,,,,,,,,,,,,,,,,,,,,,,,,,,
88M,CMPattern_CM_GMBBus_88m_9024,8.3,3.721726917,Kwai Chung East > Kwai Chung West > Tsing Yi,FALSE,新葵芳花園 New Kwai Fong Gardens,Kwai Chung East,長青巴士總站 Cheung Ching Bus Terminus,Tsing Yi,長青邨 Cheung Ching Estate,(Kwai Chung East) 新葵芳花園 New Kwai Fong Gardens,"(Kwai Chung East) 興芳路，近新都會廣場第2座 Hing Fong Road, near Metroplaza Tower 2","(Kwai Chung West) 葵青路，近葵涌工業污水泵房 Kwai Tsing Road, near Kwai Chung Industrial Wastewater Pumping Station","(Tsing Yi) 青衣路，長青商場對面 Tsing Yi Road, Opposite Cheung Ching Shopping Centre",(Tsing Yi) 美景花園 Mayfair Gardens,(Tsing Yi) 長青巴士總站 Cheung Ching Bus Terminus,,,,,,,,,,,,,,,,,,,,,,,,,,,,,,,,,,,,,,,,,
88,CMPattern_CM_GMBBus_88_1_8650,5.7,4.374014448,Kwai Chung East > Kwai Chung West > Tsing Yi,FALSE,新葵芳花園 New Kwai Fong Gardens,Kwai Chung East,青衣邨小巴總站 Tsing Yi Estate Minibus Terminus,Tsing Yi,青衣邨 Tsing Yi Estate,(Kwai Chung East) 新葵芳花園 New Kwai Fong Gardens,"(Kwai Chung East) 興芳路，近新都會廣場第2座 Hing Fong Road, near Metroplaza Tower 2","(Kwai Chung West) 葵青路，近葵涌工業污水泵房 Kwai Tsing Road, near Kwai Chung Industrial Wastewater Pumping Station","(Tsing Yi) 青衣鄉事會路，近長青邨青楊樓 Tsing Yi Heung Sze Wui Road, near Ching Yeung House, Cheung Ching Estate",(Tsing Yi) 青衣警署 Tsing Yi Police Station,"(Tsing Yi) 楓樹窩路，綠悠雅苑對面 Fung Shue Wo Road, Opposite Greenview Villa","(Tsing Yi) 楓樹窩路，大王下村外 Fung Shue Wo Road, outside Tai Wong Ha Resite Village","(Tsing Yi) 青葉街，宜偉樓外 Tsing Yip Street, outside Yee Wai House","(Tsing Yi) 青綠街，近青衣商場 Tsing Luk Street, near Tsing Yi Shopping Centre",(Tsing Yi) 青衣邨小巴總站 Tsing Yi Estate Minibus Terminus,,,,,,,,,,,,,,,,,,,,,,,,,,,,,,,,,,,,,
88,CMPattern_CM_GMBBus_88_1_8651,5.7,4.562443614,Kwai Chung East > Kwai Chung West > Tsing Yi,FALSE,新葵芳花園 New Kwai Fong Gardens,Kwai Chung East,青衣邨小巴總站 Tsing Yi Estate Minibus Terminus,Tsing Yi,青衣邨（經偉景花園） Tsing Yi Estate (via Broadview Garden),(Kwai Chung East) 新葵芳花園 New Kwai Fong Gardens,"(Kwai Chung East) 興芳路，近新都會廣場第2座 Hing Fong Road, near Metroplaza Tower 2","(Kwai Chung West) 葵青路，近葵涌工業污水泵房 Kwai Tsing Road, near Kwai Chung Industrial Wastewater Pumping Station","(Tsing Yi) 青衣鄉事會路，近長青邨青楊樓 Tsing Yi Heung Sze Wui Road, near Ching Yeung House, Cheung Ching Estate",(Tsing Yi) 青衣警署 Tsing Yi Police Station,"(Tsing Yi) 楓樹窩路，綠悠雅苑對面 Fung Shue Wo Road, Opposite Greenview Villa","(Tsing Yi) 楓樹窩路，大王下村外 Fung Shue Wo Road, outside Tai Wong Ha Resite Village","(Tsing Yi) 青葉街，宜偉樓外 Tsing Yip Street, outside Yee Wai House","(Tsing Yi) 青綠街，近聖公會青衣邨何澤芸小學 Tsing Luk Street, near SKH Tsing Yi Estate Ho Chak Wan Primary School","(Tsing Yi) 青綠街，近青衣商場 Tsing Luk Street, near Tsing Yi Shopping Centre",(Tsing Yi) 青衣邨小巴總站 Tsing Yi Estate Minibus Terminus,,,,,,,,,,,,,,,,,,,,,,,,,,,,,,,,,,,,
23,CMPattern_CM_GMBBus_23_7766,3.7,1.06222429,Kwun Tong Central,FALSE,"雲漢街，近南寧大樓 Wan Hon Street, near Nam Ning Mansion",Kwun Tong Central,裕民坊公共運輸交滙處 Yue Man Square Public Transport Interchange,Kwun Tong Central,觀塘裕民坊 Kwun Tong (Yue Man Square),"(Kwun Tong Central) 雲漢街，近南寧大樓 Wan Hon Street, near Nam Ning Mansion","(Kwun Tong Central) 瑞和街，近南安大樓 Shui Wo Street, near Nam On Mansion",(Kwun Tong Central) 裕民坊公共運輸交滙處 Yue Man Square Public Transport Interchange,,,,,,,,,,,,,,,,,,,,,,,,,,,,,,,,,,,,,,,,,,,,
74,CMPattern_GMBBus74_1_1530,6.6,4.373352082,Tin Shui Wai South and Ping Ha > Yuen Long Town Centre,FALSE,"福順街，近盛屋村 Fuk Shun Street, near Shing Uk Tsuen",Tin Shui Wai South and Ping Ha,"福康街，金寶樓外小巴總站 Fook Hong Street Public Light Bus Terminus, outside Kam Po Building",Yuen Long Town Centre,元朗福康街 Yuen Long (Fook Hong Street),"(Tin Shui Wai South and Ping Ha) 福順街，近盛屋村 Fuk Shun Street, near Shing Uk Tsuen",(Tin Shui Wai South and Ping Ha) 大井吳屋村 Tai Tseng Ng Uk Tsuen,(Tin Shui Wai South and Ping Ha) 有生鉛水（熱浸鋅） Yau Sang Galvanizers (Hot-Dip) Co Ltd,(Tin Shui Wai South and Ping Ha) 福宏街 Fuk Wang Street,(Tin Shui Wai South and Ping Ha) 宏富街 Wang Fu Street,(Yuen Long Town Centre) 林屋村 Lam Uk Tsuen,"(Yuen Long Town Centre) 媽橫路，近朗屏站 Ma Wang Road, near Long Ping Station","(Yuen Long Town Centre) 壽富街，元朗政府合署外 Sau Fu Street, Opposite Yuen Long Government Offices","(Yuen Long Town Centre) 福康街，金寶樓外小巴總站 Fook Hong Street Public Light Bus Terminus, outside Kam Po Building",,,,,,,,,,,,,,,,,,,,,,,,,,,,,,,,,,,,,,
69X,CMPattern_GMBBus69X_6136,12.5,11.75740302,Wan Chai > Southern District Southeast > Southern District Northwest,FALSE,"駱克道，近景隆街 Lockhart Road, near Cannon Street",Wan Chai,數碼港公共運輸交匯處 Cyberport Bus Terminus,Southern District Northwest,數碼港（經華富北） Cyberport (via Wah Fu (North)),"(Wan Chai) 駱克道，近景隆街 Lockhart Road, near Cannon Street","(Southern District Southeast) 黃竹坑道，黃竹坑遊樂場外 Wong Chuk Hang Road, outside Wong Chuk Hang Recreation Ground","(Southern District Southeast) 香港仔海傍道，逸港居外 Aberdeen Praya Road, outside Ocean Court","(Southern District Northwest) 香港仔海傍道，香港仔海濱公園外 Aberdeen Praya Road, outside Aberdeen Promenade","(Southern District Northwest) 珍寶碼頭，香港仔海傍道 Jumbo Pier, Aberdeen Praya Road","(Southern District Northwest) 田灣街，香港仔海傍道 Tin Wan Street, Aberdeen Praya Road","(Southern District Northwest) 華景街，華翠樓外 Wah King Street, outside Wah Chui House","(Southern District Northwest) 舊薄扶林狗房, 域多利道 Old Pok Fu Lam Kennels, Victoria Road","(Southern District Northwest) 貝沙灣南灣，數碼港道 Bel-Air On The Peak, Cyberport Road","(Southern District Northwest) 數碼港道，貝沙灣1期 Bel-Air Phase 1, Cyperport Road",(Southern District Northwest) 數碼港公共運輸交匯處 Cyberport Bus Terminus,,,,,,,,,,,,,,,,,,,,,,,,,,,,,,,,,,,,
69X,CMPattern_GMBBus69X_9690,12.5,11.6205656,Wan Chai > Southern District Southeast > Southern District Northwest,FALSE,"駱克道，近景隆街 Lockhart Road, near Cannon Street",Wan Chai,數碼港公共運輸交匯處 Cyberport Bus Terminus,Southern District Northwest,數碼港 Cyberport,"(Wan Chai) 駱克道，近景隆街 Lockhart Road, near Cannon Street","(Southern District Southeast) 黃竹坑道，黃竹坑遊樂場外 Wong Chuk Hang Road, outside Wong Chuk Hang Recreation Ground","(Southern District Southeast) 香港仔海傍道，逸港居外 Aberdeen Praya Road, outside Ocean Court","(Southern District Northwest) 香港仔海傍道，香港仔海濱公園外 Aberdeen Praya Road, outside Aberdeen Promenade","(Southern District Northwest) 珍寶碼頭，香港仔海傍道 Jumbo Pier, Aberdeen Praya Road","(Southern District Northwest) 田灣街，香港仔海傍道 Tin Wan Street, Aberdeen Praya Road",(Southern District Northwest) 華富道 Wah Fu Road,(Southern District Northwest) 華翠街 Wah Chui Street,"(Southern District Northwest) 舊薄扶林狗房, 域多利道 Old Pok Fu Lam Kennels, Victoria Road","(Southern District Northwest) 貝沙灣南灣，數碼港道 Bel-Air On The Peak, Cyberport Road","(Southern District Northwest) 數碼港道，貝沙灣1期 Bel-Air Phase 1, Cyperport Road",(Southern District Northwest) 數碼港公共運輸交匯處 Cyberport Bus Terminus,,,,,,,,,,,,,,,,,,,,,,,,,,,,,,,,,,,
82,CMPattern_CM_GMBBus_82_1_8774,6.2,4.088130246,Tsuen Wan Southeast > Kwai Chung East > Tsuen Wan Southeast,FALSE,"城門道，近城門郊野公園遊客中心 Shing Mun Road, near Shing Mun Country Park Visitor Centre",Tsuen Wan Southeast,"兆和街，近永安樓 Shiu Wo Street, near Wing On House",Tsuen Wan Southeast,荃灣兆和街 Tsuen Wan (Shiu Wo Street),"(Tsuen Wan Southeast) 城門道，近城門郊野公園遊客中心 Shing Mun Road, near Shing Mun Country Park Visitor Centre",(Kwai Chung East) 和宜合村 Wo Yi Hop Village,"(Tsuen Wan Southeast) 和宜合道，近嗇色園主辦可風中學 Wo Yi Hop Road, near Ho Fung College Sponsored By Sik Sik Yuen",(Tsuen Wan Southeast) 和宜合交滙處 Wo Yi Hop Interchange,(Tsuen Wan Southeast) 三棟屋村 Sam Tung Uk Resite Village,"(Tsuen Wan Southeast) 二陂圳路，近東普陀 Yi Pei Chun Road, near Tung Po Tor Monastery","(Tsuen Wan Southeast) 石圍角路，近石圍角邨石葵樓 Shek Wai Kok Road, near Shek Kwai House, Shek Wai Kok Estate",(Tsuen Wan Southeast) 石圍角邨石荷樓 Shek Ho House Shek Wai Kok Estate,(Tsuen Wan Southeast) 蕙荃體育館 Wai Tsuen Sports Centre,"(Tsuen Wan Southeast) 青山公路－荃灣段，近仁濟醫院 Castle Peak Road - Tsuen Wan, near Yan Chai Hospital","(Tsuen Wan Southeast) 兆和街，近永安樓 Shiu Wo Street, near Wing On House",,,,,,,,,,,,,,,,,,,,,,,,,,,,,,,,,,,,
88F,CMPattern_CM_GMBBus_88f_1_9016,4,2.421100355,Tsing Yi,FALSE,藍澄灣第三座 Rambler Crest Tower 3,Tsing Yi,青衣站小巴總站 Tsing Yi Station GMB Terminus,Tsing Yi,青衣站（不經長康） Tsing Yi Station (omit Cheung Hong),(Tsing Yi) 藍澄灣第三座 Rambler Crest Tower 3,(Tsing Yi) 青衣警署 Tsing Yi Police Station,(Tsing Yi) 青衣街市 Tsing Yi Market,(Tsing Yi) 青衣站小巴總站 Tsing Yi Station GMB Terminus,,,,,,,,,,,,,,,,,,,,,,,,,,,,,,,,,,,,,,,,,,,
65A,CMPattern_CM_GMBBus_65a_7575,6.1,4.491944511,Sha Tin East > Sha Tin West,FALSE,"小瀝源路，廣源邨停車場外 Siu Lek Yuen Road, outside Kwong Yuen Estate Carpark",Sha Tin East,"源禾路，沙田中心對面 Yuen Wo Road, Opposite Sha Tin Centre",Sha Tin West,沙田市中心 Sha Tin Central,"(Sha Tin East) 小瀝源路，廣源邨停車場外 Siu Lek Yuen Road, outside Kwong Yuen Estate Carpark","(Sha Tin East) 小瀝源路，廣柏樓外 Siu Lek Yuen Road, outside Kwong Pak House","(Sha Tin East) 廣善街，近廣源邨廣楊樓 Kwong Sin Street, near Alder House, Kwong Yuen Estate","(Sha Tin East) 廣善街，近香港恒生大學 Kwung Sin Street, near The Hang Seng University of Hong Kong","(Sha Tin East) 牛皮沙街，牛皮沙新村外 Ngau Pei Sha Street, outside Ngau Pei Sha New Village","(Sha Tin East) 牛皮沙街，愉翠苑外 Ngau Pei Sha Street, outside Yu Chui Court","(Sha Tin East) 插桅杆街，近小瀝源消防局 Chap Wai Kon Street, near Siu Lek Yuen Fire Station","(Sha Tin East) 小瀝源路，沙田第一城第28座外 Siu Lek Yuen Road, outside City One Shatin Block 28","(Sha Tin East) 小瀝源路，近沙田第一城第二十五座 Siu Lek Yuen Road, near City One Shatin Block 25","(Sha Tin East) 大涌橋路，沙田第一城外 Tai Chung Kiu Road, outside City One Shatin","(Sha Tin East) 大涌橋路，富豪花園外 Tai Chung Kiu Road, outside Belair Gardens","(Sha Tin East) 大涌橋路，近河畔花園 Tai Chung Kiu Road, near Garden Rivera","(Sha Tin West) 源禾路，沙田中心對面 Yuen Wo Road, Opposite Sha Tin Centre",,,,,,,,,,,,,,,,,,,,,,,,,,,,,,,,,,
75,CMPattern_GMBBus75_1_5498,10,14.50507025,Yuen Long Rural East > Yuen Long Town Centre,FALSE,落馬洲支綫公共交通交滙處 Lok Ma Chau Spur Line Public Transport Interchange,Yuen Long Rural East,"福康街，金寶樓外小巴總站 Fook Hong Street Public Light Bus Terminus, outside Kam Po Building",Yuen Long Town Centre,元朗福康街（經元朗西） Yuen Long (Fook Hong Street) (via Yuen Long (West)),(Yuen Long Rural East) 落馬洲支綫公共交通交滙處 Lok Ma Chau Spur Line Public Transport Interchange,(Yuen Long Rural East) 下灣村 Ha Wan Tsuen,(Yuen Long Rural East) 下灣漁民新村 Ha Wan Fisherman Tsuen,(Yuen Long Rural East) 潘屋村 Pun Uk Tsuen,"(Yuen Long Rural East) 落馬洲路，近洲頭村 Lok Ma Chau Road, near Chau Tau Tsuen",(Yuen Long Rural East) 落馬洲（新田）公共運輸交滙處 Lok Ma Chau (San Tin) Public Transport Interchange,(Yuen Long Rural East) 新田郵政局 San Tin Post Office,"(Yuen Long Rural East) 青山公路，近文天祥紀念公園 Castle Peak Road, near Man Tin Cheung Park",(Yuen Long Rural East) 合盛圍 Hip Shing Wai,(Yuen Long Rural East) 米埔 Mai Po,"(Yuen Long Rural East) 青山公路，近加州花園 Castle Peak Road, near Palm Springs",(Yuen Long Rural East) 牛潭尾 Ngau Tam Mei,(Yuen Long Rural East) 錦綉花園 Fairview Park,"(Yuen Long Rural East) 青山公路，近壆圍 Castle Peak Road, near Pok Wai",(Yuen Long Rural East) 紅毛橋 Hung Mo Kiu,"(Yuen Long Rural East) 青山公路，近凹頭迴旋處 Castle Peak Road, near Au Tau Interchange","(Yuen Long Rural East) 青山公路，近楊屋村 Castle Peak Road, near Yeung Uk Tsuen",(Yuen Long Town Centre) 形點 II Yoho Mall II,"(Yuen Long Town Centre) 青山公路，又新街 Castle Peak Road, Yau San Street","(Yuen Long Town Centre) 青山公路，大棠路 Castle Peak Road, Tai Tong Road","(Yuen Long Town Centre) 擊壤路巴士總站，近安達坊 Kik Yeung Road Bus Terminus, near On Tat Square","(Yuen Long Town Centre) 元朗安寧路，裕豐大樓對面 Yuen Long On Ning Road, Opposite Yue Fung Mansion","(Yuen Long Town Centre) 福康街，金寶樓外小巴總站 Fook Hong Street Public Light Bus Terminus, outside Kam Po Building",,,,,,,,,,,,,,,,,,,,,,,,
75,CMPattern_GMBBus75_1_9686,10,14.09791355,Yuen Long Rural East > Yuen Long Town Centre,FALSE,落馬洲支綫公共交通交滙處 Lok Ma Chau Spur Line Public Transport Interchange,Yuen Long Rural East,"福康街，金寶樓外小巴總站 Fook Hong Street Public Light Bus Terminus, outside Kam Po Building",Yuen Long Town Centre,元朗福康街 Yuen Long (Fook Hong Street),(Yuen Long Rural East) 落馬洲支綫公共交通交滙處 Lok Ma Chau Spur Line Public Transport Interchange,(Yuen Long Rural East) 下灣村 Ha Wan Tsuen,(Yuen Long Rural East) 下灣漁民新村 Ha Wan Fisherman Tsuen,(Yuen Long Rural East) 潘屋村 Pun Uk Tsuen,"(Yuen Long Rural East) 落馬洲路，近洲頭村 Lok Ma Chau Road, near Chau Tau Tsuen",(Yuen Long Rural East) 落馬洲（新田）公共運輸交滙處 Lok Ma Chau (San Tin) Public Transport Interchange,(Yuen Long Rural East) 新田郵政局 San Tin Post Office,"(Yuen Long Rural East) 青山公路，近文天祥紀念公園 Castle Peak Road, near Man Tin Cheung Park",(Yuen Long Rural East) 合盛圍 Hip Shing Wai,(Yuen Long Rural East) 米埔 Mai Po,"(Yuen Long Rural East) 青山公路，近加州花園 Castle Peak Road, near Palm Springs",(Yuen Long Rural East) 牛潭尾 Ngau Tam Mei,(Yuen Long Rural East) 錦綉花園 Fairview Park,"(Yuen Long Rural East) 青山公路，近壆圍 Castle Peak Road, near Pok Wai",(Yuen Long Rural East) 紅毛橋 Hung Mo Kiu,"(Yuen Long Rural East) 青山公路，近凹頭迴旋處 Castle Peak Road, near Au Tau Interchange","(Yuen Long Rural East) 青山公路，近楊屋村 Castle Peak Road, near Yeung Uk Tsuen",(Yuen Long Town Centre) 形點 II Yoho Mall II,"(Yuen Long Town Centre) 福康街，金寶樓外小巴總站 Fook Hong Street Public Light Bus Terminus, outside Kam Po Building",,,,,,,,,,,,,,,,,,,,,,,,,,,,
15A,CMPattern_CM_GMBBus_15a_8618,5.2,4.147475834,Tseung Kwan O North,FALSE,"寶寧路，近將軍澳醫院 Po Ning Road, near Tseung Kwan O Hospital",Tseung Kwan O North,"貿業路，近寶琳站 Mau Yip Road, near Po Lam Station",Tseung Kwan O North,茵怡花園 Verbena Heights,"(Tseung Kwan O North) 寶寧路，近將軍澳醫院 Po Ning Road, near Tseung Kwan O Hospital","(Tseung Kwan O North) 寶寧路，將軍澳醫院對面 Po Ning Road, Opposite Tseung Kwan O Hospital","(Tseung Kwan O North) 重華路，東港城第6座對面 Chung Wa Road, Opposite Block 6, East Point City","(Tseung Kwan O North) 培成路，近保良局馮晴紀念小學 Pui Shing Road, near Po Leung Kuk Fung Ching Memorial Primary School","(Tseung Kwan O North) 寶寧路，厚德邨外 Po Ning Road, outside Hau Tak Estate",(Tseung Kwan O North) 景林邨 King Lam Estate,(Tseung Kwan O North) 寶琳公共運輸交滙處 Po Lam Station Public Transport Interchange,"(Tseung Kwan O North) 貿泰路，新都城一期外 Mau Tai Road, outside Metro City Phase 1","(Tseung Kwan O North) 貿泰路，近茵怡花園第二座 Mau Tai Road, near Verbena Heights Block 2","(Tseung Kwan O North) 貿業路，近寶琳站 Mau Yip Road, near Po Lam Station",,,,,,,,,,,,,,,,,,,,,,,,,,,,,,,,,,,,,
88F,CMPattern_CM_GMBBus_88f_1_9017,4,2.31475712,Tsing Yi,FALSE,青衣站小巴總站 Tsing Yi Station GMB Terminus,Tsing Yi,藍澄灣第三座 Rambler Crest Tower 3,Tsing Yi,藍澄灣（不經長康） Rambler Crest (omit Cheung Hong),(Tsing Yi) 青衣站小巴總站 Tsing Yi Station GMB Terminus,(Tsing Yi) 宏福花園 Tivoli Garden,"(Tsing Yi) 青衣鄉事會路，近翠怡花園第三座 Tsing Yi Heung Sze Wui Road, near Greenfield Garden Block 3",(Tsing Yi) 藍澄灣第三座 Rambler Crest Tower 3,,,,,,,,,,,,,,,,,,,,,,,,,,,,,,,,,,,,,,,,,,,
75,CMPattern_GMBBus75_1_9685,10,13.77923776,Yuen Long Town Centre > Yuen Long Rural East,FALSE,"福康街，金寶樓外小巴總站 Fook Hong Street Public Light Bus Terminus, outside Kam Po Building",Yuen Long Town Centre,落馬洲支綫公共交通交滙處 Lok Ma Chau Spur Line Public Transport Interchange,Yuen Long Rural East,落馬洲支綫公共交通交滙處 Lok Ma Chau Spur Line Public Transport Interchange,"(Yuen Long Town Centre) 福康街，金寶樓外小巴總站 Fook Hong Street Public Light Bus Terminus, outside Kam Po Building",(Yuen Long Town Centre) 谷亭街 Kuk Ting Street,(Yuen Long Town Centre) 元朗站（北）公共運輸交滙處 Yuen Long Station (North) Public Transport Interchange,(Yuen Long Rural East) 東成里 Tung Shing Lei,"(Yuen Long Rural East) 青山公路－潭尾段，近元朗菜聯聯誼會有限公司天光墟蔬菜批發市場 Castle Peak Road – Tam Mi, near Yuen Long Vegetable Union Association Limited Temporary Vegetable Wholesale Market","(Yuen Long Rural East) 青山公路－潭尾段，近雅麗花園 Castle Peak Road – Tam Mi, near Elite Garden","(Yuen Long Rural East) 青山公路，近悅富豪苑 Castle Peak Road, near Merry Garden","(Yuen Long Rural East) 青山公路，近首譽 Castle Peak Road, near Meister House",(Yuen Long Rural East) 牛潭尾 Ngau Tam Mei,(Yuen Long Rural East) 加州花園 Palm Springs,(Yuen Long Rural East) 米埔 Mai Po,(Yuen Long Rural East) 合盛圍 Hip Shing Wai,(Yuen Long Rural East) 新田公園 San Tin Park,"(Yuen Long Rural East) 青山公路，近新田郵政局 Castle Peak Road, near San Tin Post Office",(Yuen Long Rural East) 落馬洲（新田）公共運輸交匯處 Lok Ma Chau (San Tin) Public Transport Interchange,"(Yuen Long Rural East) 落馬洲路，近洲頭村 Lok Ma Chau Road, near Chau Tau Tsuen",(Yuen Long Rural East) 潘屋村 Pun Uk Tsuen,(Yuen Long Rural East) 下灣漁民新村 Ha Wan Fisherman Tsuen,(Yuen Long Rural East) 下灣村 Ha Wan Tsuen,(Yuen Long Rural East) 落馬洲支綫公共交通交滙處 Lok Ma Chau Spur Line Public Transport Interchange,,,,,,,,,,,,,,,,,,,,,,,,,,,
75,CMPattern_CM_GMBBus_75_1_5893,6,3.411352163,Yuen Long Rural East,FALSE,"青山公路，近新田郵政局 Castle Peak Road, near San Tin Post Office",Yuen Long Rural East,落馬洲支綫公共交通交滙處 Lok Ma Chau Spur Line Public Transport Interchange,Yuen Long Rural East,落馬洲支綫公共交通交滙處 Lok Ma Chau Spur Line Public Transport Interchange,"(Yuen Long Rural East) 青山公路，近新田郵政局 Castle Peak Road, near San Tin Post Office",(Yuen Long Rural East) 落馬洲（新田）公共運輸交匯處 Lok Ma Chau (San Tin) Public Transport Interchange,"(Yuen Long Rural East) 落馬洲路，近洲頭村 Lok Ma Chau Road, near Chau Tau Tsuen",(Yuen Long Rural East) 潘屋村 Pun Uk Tsuen,(Yuen Long Rural East) 下灣漁民新村 Ha Wan Fisherman Tsuen,(Yuen Long Rural East) 下灣村 Ha Wan Tsuen,(Yuen Long Rural East) 落馬洲支綫公共交通交滙處 Lok Ma Chau Spur Line Public Transport Interchange,,,,,,,,,,,,,,,,,,,,,,,,,,,,,,,,,,,,,,,,
74,CMPattern_GMBBus74_1_1531,6.6,5.519132349,Yuen Long Town Centre > Tin Shui Wai South and Ping Ha,FALSE,"福康街，金寶樓外小巴總站 Fook Hong Street Public Light Bus Terminus, outside Kam Po Building",Yuen Long Town Centre,"福順街，近盛屋村 Fuk Shun Street, near Shing Uk Tsuen",Tin Shui Wai South and Ping Ha,盛屋村 Shing Uk Tsuen,"(Yuen Long Town Centre) 福康街，金寶樓外小巴總站 Fook Hong Street Public Light Bus Terminus, outside Kam Po Building",(Yuen Long Town Centre) 大橋村 Tai Kiu Tsuen,(Yuen Long Town Centre) 大橋村（港鐵朗屏站） Tai Kiu Tsuen (MTR Long Ping Station),(Yuen Long Town Centre) 惠州學校 Wai Chow School,(Tin Shui Wai South and Ping Ha) 福喜街 Fuk Hi Street,(Tin Shui Wai South and Ping Ha) 旭日花苑 Yuk Yat Garden,(Tin Shui Wai South and Ping Ha) 林屋村 Lam Uk Tsuen,(Tin Shui Wai South and Ping Ha) 宏富街 Wang Fu Street,(Tin Shui Wai South and Ping Ha) 福宏街 Fuk Wang Street,(Tin Shui Wai South and Ping Ha) 東電化電子零件 TDK Manufacturing (HK) Co Ltd,(Tin Shui Wai South and Ping Ha) 大井吳屋村 Tai Tseng Ng Uk Tsuen,"(Tin Shui Wai South and Ping Ha) 福順街，近盛屋村 Fuk Shun Street, near Shing Uk Tsuen",,,,,,,,,,,,,,,,,,,,,,,,,,,,,,,,,,,
20X,CMPattern_CM_GMBBus_20x_8718,6.5,2.223391869,Tai Po North > Tai Po South,FALSE,大埔那打素醫院 Tai Po Nethersole Hospital,Tai Po North,大埔墟站專綫小巴總站 Tai Po Market Station Minibus Terminus,Tai Po South,大埔墟站專綫小巴總站 Tai Po Market Station,(Tai Po North) 大埔那打素醫院 Tai Po Nethersole Hospital,"(Tai Po North) 頌雅路，天主教聖母聖心小學對面 Chung Nga Road, Opposite Sacred Heart of Mary Catholic Primary School","(Tai Po North) 南運路，新興花園外 Nam Wan Road, outside Sun Hing Garden",(Tai Po South) 大埔墟站專綫小巴總站 Tai Po Market Station Minibus Terminus,,,,,,,,,,,,,,,,,,,,,,,,,,,,,,,,,,,,,,,,,,,
20X,CMPattern_CM_GMBBus_20x_8829,6.5,2.397181051,Tai Po North > Tai Po South,FALSE,富蝶邨斑蝶樓 Ban Tip House Fu Tip Estate,Tai Po North,大埔墟站專綫小巴總站 Tai Po Market Station Minibus Terminus,Tai Po South,大埔墟站專綫小巴總站 Tai Po Market Station,(Tai Po North) 富蝶邨斑蝶樓 Ban Tip House Fu Tip Estate,"(Tai Po North) 頌雅路，天主教聖母聖心小學對面 Chung Nga Road, Opposite Sacred Heart of Mary Catholic Primary School","(Tai Po North) 南運路，新興花園外 Nam Wan Road, outside Sun Hing Garden",(Tai Po South) 大埔墟站專綫小巴總站 Tai Po Market Station Minibus Terminus,,,,,,,,,,,,,,,,,,,,,,,,,,,,,,,,,,,,,,,,,,,
37,CMPattern_CM_GMBBus_37_1_8789,9,7.333636687,Yuen Long Rural East > Yuen Long Town Centre,FALSE,"牛潭尾路，近攸美山莊 L 座 Ngau Tam Mei Road, near Elegant Park Block L",Yuen Long Rural East,"福康街，金寶樓外小巴總站 Fook Hong Street Public Light Bus Terminus, outside Kam Po Building",Yuen Long Town Centre,元朗福康街 Yuen Long (Fook Hong Street),"(Yuen Long Rural East) 牛潭尾路，近攸美山莊 L 座 Ngau Tam Mei Road, near Elegant Park Block L","(Yuen Long Rural East) 牛潭尾路，近御葡萄 Ngau Tam Mei Road, near La Maison Vineyard","(Yuen Long Rural East) 新潭路，近加多利園31 San Tam Road, near Kadoorie Villas 31","(Yuen Long Rural East) 新潭路，近怡安苑1座 San Tam Road, near Ian Court Block 1","(Yuen Long Rural East) 新潭路，近首譽 San Tam Road, near Meister House","(Yuen Long Rural East) 新潭路，近雅麗花園 San Tam Road, near Elite Garden","(Yuen Long Rural East) 青山公路，近壆圍 Castle Peak Road, near Pok Wai","(Yuen Long Rural East) 新潭路，近沙埔污水泵房 San Tam Road, near Sha Po Sewage Pumping Station","(Yuen Long Rural East) 新潭路，近 Park Yoho Venezia San Tam Road, near Park Yoho Venezia",(Yuen Long Rural East) 紅毛橋 Hung Mo Kiu,"(Yuen Long Rural East) 青山公路，近楊屋村 Castle Peak Road, near Yeung Uk Tsuen","(Yuen Long Town Centre) 青山公路元朗段，近 Yoho Midtown Castle Peak Road-Yuen Long, near Yoho Midtown","(Yuen Long Town Centre) 青山公路，又新街 Castle Peak Road, Yau San Street","(Yuen Long Town Centre) 青山公路，大棠路 Castle Peak Road, Tai Tong Road","(Yuen Long Town Centre) 擊壤路巴士總站，近安達坊 Kik Yeung Road Bus Terminus, near On Tat Square","(Yuen Long Town Centre) 元朗安寧路，裕豐大樓對面 Yuen Long On Ning Road, Opposite Yue Fung Mansion","(Yuen Long Town Centre) 福康街，金寶樓外小巴總站 Fook Hong Street Public Light Bus Terminus, outside Kam Po Building",,,,,,,,,,,,,,,,,,,,,,,,,,,,,,
82,CMPattern_CM_GMBBus_82_6372,4.5,2.854520356,Kowloon City North > Wong Tai Sin West > Wong Tai Sin East > Kwun Tong West,FALSE,AIRSIDE AIRSIDE,Kowloon City North,"彩盛里，近彩興苑彩蕎閣 Choi Shing Lane, near Choi Kiu House, Choi Hing Court",Kwun Tong West,彩興苑 Choi Hing Court,(Kowloon City North) AIRSIDE AIRSIDE,"(Wong Tai Sin West) 七寶街，近六合工業大廈 Tsat Po Street, near Luk Hop Industrial Building","(Wong Tai Sin West) 太子道東，采頤花園7座外 Prince Edward Road East, outside Block 7, Rhythm Garden","(Wong Tai Sin East) 太子道東，近坪石邨 Prince Edward Road East, near Ping Shek","(Kwun Tong West) 彩石里，近聖若瑟英文小學 Choi Shek Lane, near St. Joseph's Anglo-Chinese Primary School","(Kwun Tong West) 彩興路，近彩興苑彩薈閣 Choi Hing Road, near Choi Wui House, Choi Hing Court","(Kwun Tong West) 彩盛里，近彩興苑彩蕎閣 Choi Shing Lane, near Choi Kiu House, Choi Hing Court",,,,,,,,,,,,,,,,,,,,,,,,,,,,,,,,,,,,,,,,
16A,CMPattern_CM_GMBBus_16a_7917,14.5,3.797738143,Wong Tai Sin East > Kwun Tong West > Wong Tai Sin East,TRUE,"豐盛街，近豐盛街紀律部隊宿舍第一座 Fung Shing Street, near Fung Shing Street Disciplined Services Quarters Block 1",Wong Tai Sin East,"豐盛街，近豐盛街紀律部隊宿舍第一座 Fung Shing Street, near Fung Shing Street Disciplined Services Quarters Block 1",Wong Tai Sin East,豐盛街 - 坪石邨（循環綫） Fung Shing Street - Ping Shek Estate (Circular),"(Wong Tai Sin East) 豐盛街，近豐盛街紀律部隊宿舍第一座 Fung Shing Street, near Fung Shing Street Disciplined Services Quarters Block 1","(Wong Tai Sin East) 豐盛街，近曉暉花園第一座 Fung Shing Street, near Scenic View Block 1","(Wong Tai Sin East) 牛池灣街，近彩雲邨彩雲（二）邨基督教勵行會 Ngau Chi Wan Street, near Christian Action, Choi Wan (II) Estate, Choi Wan Estate",(Wong Tai Sin East) 彩雲邨豐澤樓 Fung Chak House Choi Wan Estate,"(Wong Tai Sin East) 牛池灣街，近彩輝邨彩葉樓 Ngau Chi Wan Street, near Choi Yip House, Choi Fai Estate","(Wong Tai Sin East) 清水灣道，彩雲商場2期 B 對出 Clear Water Bay Road, outside Choi Wan Commercial Complex Phase IIB","(Kwun Tong West) 清水灣道，近坪石邨鑽石樓 Clear Water Bay Road, near Tsuen Shek House, Ping Shek Estate","(Wong Tai Sin East) 清水灣道，彩雲商場 Clear Water Bay Road, outside Choi Wan Commercial Complex",(Wong Tai Sin East) 曉暉花園 Scenic View,"(Wong Tai Sin East) 豐盛街，近豐盛街紀律部隊宿舍第一座 Fung Shing Street, near Fung Shing Street Disciplined Services Quarters Block 1",,,,,,,,,,,,,,,,,,,,,,,,,,,,,,,,,,,,,
87,CMPattern_CM_GMBBus_87_9003,5.4,3.70362383,Tsuen Wan Southeast > Kwai Chung West > Kwai Chung East > Kwai Chung West > Kwai Chung East,FALSE,"鹹田街，近荃灣石壁遷置村遊樂場 Ham Tin Street, near Shek Pik Resettlers' Playground, Tsuen Wan",Tsuen Wan Southeast,"盛芳街，近協德大廈 Shing Fong Street, near Hip Tak Building",Kwai Chung East,葵盛盛芳街 Kwai Shing (Shing Fong Street),"(Tsuen Wan Southeast) 鹹田街，近荃灣石壁遷置村遊樂場 Ham Tin Street, near Shek Pik Resettlers' Playground, Tsuen Wan",(Tsuen Wan Southeast) 楊屋道85號 No. 85 Yeung Uk Road,(Tsuen Wan Southeast) 橫窩仔街 Wang Wo Tsai Street,"(Kwai Chung West) 葵福路，晉昇工廠大廈對面 Kwai Fuk Road, Opposite Chun Shing Factory Estate","(Kwai Chung West) 葵盛圍，近葵盛西邨第十座 Kwai Shing Circuit, near Kwai Shing West Estate Block 10","(Kwai Chung West) 葵盛圍，近順德聯誼總會李兆基中學 Kwai Shing Circuit, near Shun Tak Fraternal Association Lee Shau Kee College",(Kwai Chung West) 葵聯邨聯悅樓 Luen Yuet House Kwai Luen Estate,"(Kwai Chung West) 葵盛圍，近葵盛圍遊樂場 Kwai Shing Circuit, near Kwai Shing Circuit Playground",(Kwai Chung West) 葵涌消防局 Kwai Chung Fire Station,(Kwai Chung East) 青年學院（葵芳） Youth College (Kwai Fong),(Kwai Chung West) 興芳路遊樂場 Hing Fong Road Playground,"(Kwai Chung East) 盛芳街，近協德大廈 Shing Fong Street, near Hip Tak Building",,,,,,,,,,,,,,,,,,,,,,,,,,,,,,,,,,,
15M,CMPattern_CM_GMBBus_15m_8622,5.1,3.602112022,Tseung Kwan O North > Sai Kung and Hang Hau,FALSE,"貿業路，近寶琳站 Mau Yip Road, near Po Lam Station",Tseung Kwan O North,康盛花園小巴總站 Hong Sing Garden Minibus Terminus,Sai Kung and Hang Hau,康盛 Hong Sing,"(Tseung Kwan O North) 貿業路，近寶琳站 Mau Yip Road, near Po Lam Station",(Tseung Kwan O North) 寶儉樓 Po Kim House,"(Tseung Kwan O North) 寶琳北路，樂善堂劉德小學外 Po Lam Road North, outside Lok Sin Tong Lau Tak Primary School","(Tseung Kwan O North) 寶琳北路，寶琳邨寶仁樓外 Po Lam Road North, outside Po Yan House, Po Lam Estate","(Sai Kung and Hang Hau) 寶琳北路，近景明苑旭景閣 Po Lam Road North, near Yuk King House, King Ming Court","(Sai Kung and Hang Hau) 翠林邨翠林體育館 Tsui Lam Sports Centre, Tsui Lam Estate",(Sai Kung and Hang Hau) 康盛花園小巴總站 Hong Sing Garden Minibus Terminus,,,,,,,,,,,,,,,,,,,,,,,,,,,,,,,,,,,,,,,,
82,CMPattern_CM_GMBBus_82_6371,4.5,2.676351348,Kwun Tong West > Kowloon City North,FALSE,"彩盛里，近彩興苑彩蕎閣 Choi Shing Lane, near Choi Kiu House, Choi Hing Court",Kwun Tong West,AIRSIDE AIRSIDE,Kowloon City North,啟德 Kai Tak,"(Kwun Tong West) 彩盛里，近彩興苑彩蕎閣 Choi Shing Lane, near Choi Kiu House, Choi Hing Court","(Kwun Tong West) 彩盛里，近彩興苑彩蕎閣 Choi Shing Lane, near Choi Kiu House, Choi Hing Court","(Kwun Tong West) 彩興里，近彩興苑彩蕎閣 Choi Hing Lane, near Choi Hing Court","(Kwun Tong West) 清水灣道坪石邨鑽石樓外 Clear Water Bay Road, outside Tsuen Shek House, Ping Shek Estate","(Kowloon City North) 太子道東，采頤花園對面 Prince Edward Road East, Opposite Rhythm Garden",(Kowloon City North) 稅務中心 Inland Revenue Centre,(Kowloon City North) AIRSIDE AIRSIDE,,,,,,,,,,,,,,,,,,,,,,,,,,,,,,,,,,,,,,,,
65A,CMPattern_CM_GMBBus_65a_7576,6.5,5.41355266,Sha Tin East > Sha Tin West,FALSE,黃泥頭巴士總站 Wong Nai Tau Bus Terminus,Sha Tin East,沙田站公共運輸交滙處 Shatin Station Public Transport Interchange,Sha Tin West,沙田站 Sha Tin Station,(Sha Tin East) 黃泥頭巴士總站 Wong Nai Tau Bus Terminus,"(Sha Tin East) 小瀝源路，廣源邨停車場外 Siu Lek Yuen Road, outside Kwong Yuen Estate Carpark","(Sha Tin East) 小瀝源路，廣柏樓外 Siu Lek Yuen Road, outside Kwong Pak House","(Sha Tin East) 小瀝源路西行綫，近培基書院 Siu Lei Yuen Road Westbound, near Pooi Kei College",(Sha Tin East) 源康街 Yuen Hong Street,"(Sha Tin East) 安明街，石門站外 On Ming Street, outside Shek Mun Station","(Sha Tin East) 安明街，石門站對面 On Ming Street, Opposite Shek Mun Station","(Sha Tin East) 小瀝源路，沙田第一城第28座外 Siu Lek Yuen Road, outside City One Shatin Block 28","(Sha Tin East) 大涌橋路，沙田第一城外 Tai Chung Kiu Road, outside City One Shatin","(Sha Tin East) 大涌橋路，富豪花園外 Tai Chung Kiu Road, outside Belair Gardens","(Sha Tin East) 大涌橋路，近河畔花園 Tai Chung Kiu Road, near Garden Rivera",(Sha Tin West) 沙田站公共運輸交滙處 Shatin Station Public Transport Interchange,,,,,,,,,,,,,,,,,,,,,,,,,,,,,,,,,,,
59A,CMPattern_CM_GMBBus_59a_6179,4.5,2.683384183,Southern District Southeast > Southern District Northwest,FALSE,"深灣道公共交通總站，雅濤閣1座外 Shum Wan Road Public Transport Terminus, outside Block 1, Broadview Court",Southern District Southeast,"東勝道10號對面 Tung Sing Road, Opposite No. 10",Southern District Northwest,香港仔東勝道 Aberdeen (Tung Sing Road),"(Southern District Southeast) 深灣道公共交通總站，雅濤閣1座外 Shum Wan Road Public Transport Terminus, outside Block 1, Broadview Court","(Southern District Southeast) 深灣道，深灣遊艇俱樂部外 Shum Wan Road, outside Aberdeen Mania Club","(Southern District Southeast) 深灣道，南濤閣第3座對面 Shum Wan Road, Opposite Block 3, South Wave Court","(Southern District Southeast) 南朗山道，南朗山道熟食巿場外 Nam Long Shan Road, outside Nam Long Shan Road Cooked Food Market","(Southern District Southeast) 黃竹坑道，南朗山道 Nam Long Shan Road, Wong Chuk Hang Road","(Southern District Southeast) 黃竹坑道16號，勝利工業大廈 Wong Chuk Hang Road, outside House No. 16, Victory Factory Building","(Southern District Southeast) 香港仔海傍道，逸港居外 Aberdeen Praya Road, outside Ocean Court","(Southern District Northwest) 香港仔海傍道，香港仔海濱公園外 Aberdeen Praya Road, outside Aberdeen Promenade",(Southern District Northwest) 香港仔中心 Aberdeen Centre,"(Southern District Northwest) 東勝道10號對面 Tung Sing Road, Opposite No. 10",,,,,,,,,,,,,,,,,,,,,,,,,,,,,,,,,,,,,
35,CMPattern_CM_GMBBus_35_6340,10.2,9.765800902,Tin Shui Wai South and Ping Ha > Yuen Long Town Centre,FALSE,輞井圍小巴總站 Mong Tseng Wai Minibus Terminus,Tin Shui Wai South and Ping Ha,"泰豐街，近泰豐樓 Tai Fung Street, near Tai Fung House",Yuen Long Town Centre,元朗泰豐街 Yuen Long (Tai Fung Street),(Tin Shui Wai South and Ping Ha) 輞井圍小巴總站 Mong Tseng Wai Minibus Terminus,(Tin Shui Wai South and Ping Ha) 輞井村 Mong Tseng Tsuen,(Tin Shui Wai South and Ping Ha) 雲浮仙館 Wan Fou Sin Koon,(Tin Shui Wai South and Ping Ha) 流浮山小巴總站 Lau Fau Shan Minibus Terminus,(Tin Shui Wai South and Ping Ha) 新慶村 San Hing Tsuen,"(Tin Shui Wai South and Ping Ha) 流浮山道，近金莎花園 Lau Fau Shan Road, near Windsor Villa",(Tin Shui Wai South and Ping Ha) 屏廈路，近榮江園 Ping Ha Road,(Tin Shui Wai South and Ping Ha) 東頭村 Tung Tau Tsuen,(Tin Shui Wai South and Ping Ha) 羅屋村 Lo Uk Tsuen,(Tin Shui Wai South and Ping Ha) 錫降圍 Shek Kong Wai,"(Tin Shui Wai South and Ping Ha) 屏廈路，近廈村市富怡花園第二期第十座 Ping Ha Road, near Fu Yee Garden Phase 2 Block 10, Ha Tsuen Shi",(Tin Shui Wai South and Ping Ha) 沙洲里村 Sha Chau Lei Tsuen,"(Tin Shui Wai South and Ping Ha) 屏廈路，元朗公立中學校友會鄧兆棠中學外 Ping Ha Road, outside Ylpmsaa Tang Siu Tong Secondary School","(Tin Shui Wai South and Ping Ha) 屏廈路，近上章圍一號及二號雨水泵房 Ping Ha Road, near Sheung Cheung Wai No. 1 and No. 2 Stormwater Pumping Station",(Tin Shui Wai South and Ping Ha) 坑尾村 Hang Mei Tsuen,(Tin Shui Wai South and Ping Ha) 屏興里 Ping Hing Lane,"(Tin Shui Wai South and Ping Ha) 屏廈路，近世紀中心 Ping Ha Road, near Century Centre","(Tin Shui Wai South and Ping Ha) 青山公路，近屏山站 Castle Peak Road, near Ping Shan Stop",(Tin Shui Wai South and Ping Ha) 朗庭園 Villa By The Park,"(Yuen Long Town Centre) 青山公路，元朗天主教中學外 Castle Peak Road, outside Yuen Long Catholic Secondary School",(Yuen Long Town Centre) 元朗廣場 Yuen Long Plaza,"(Yuen Long Town Centre) 青山公路－元朗段，近建成樓 Castle Peak Road, Yuen Long, near Kin Shing Building, King Sing Building","(Yuen Long Town Centre) 同樂街，近金華樓 Tung Lok Street, near Kam Wah Building","(Yuen Long Town Centre) 泰豐街，近泰豐樓 Tai Fung Street, near Tai Fung House",,,,,,,,,,,,,,,,,,,,,,,
86,CMPattern_CM_GMBBus_86_5963,6.4,4.122050725,Kowloon City North > Kwun Tong Central > Kwun Tong West,FALSE,郵輪碼頭 Cruise Terminal,Kowloon City North,德福花園總站 Telford Gardens Bus Terminus,Kwun Tong West,九龍灣德福花園 Kowloon Bay (Telford Garden),(Kowloon City North) 郵輪碼頭 Cruise Terminal,(Kowloon City North) 承豐道 Shing Fung Road,(Kowloon City North) 香港兒童醫院 Hong Kong Children's Hospital,"(Kwun Tong Central) 祥業街近消防局 Cheung Yip Street, Kai Tai Fire Station",(Kwun Tong West) Manhattan Place,(Kwun Tong West) 德福花園總站 Telford Gardens Bus Terminus,,,,,,,,,,,,,,,,,,,,,,,,,,,,,,,,,,,,,,,,,
4M,CMPattern_CM_GMBBus_4m_5617,4.9,2.58502096,Southern District Northwest > Southern District Southeast,FALSE,石排灣邨公共運輸交滙處 Shek Pai Wan Estate Public Transport Interchange,Southern District Northwest,黃竹坑站 Wong Chuk Hang Station,Southern District Southeast,黃竹坑站 Wong Chuk Hang Station,(Southern District Northwest) 石排灣邨公共運輸交滙處 Shek Pai Wan Estate Public Transport Interchange,"(Southern District Northwest) 南寧街，海晶閣外 Nam Ning Street, outside Hoi Tsing Court","(Southern District Southeast) 香港仔大道48-50號，業漁大樓外 48-50 Aberdeen Main Road, outside Yip Yee Mansion",(Southern District Southeast) 業勤街 Yip Kan Street,"(Southern District Southeast) 黃竹坑道23號 Wong Chuk Hang Road, House No. 23",(Southern District Southeast) 黃竹坑站 Wong Chuk Hang Station,,,,,,,,,,,,,,,,,,,,,,,,,,,,,,,,,,,,,,,,,
4M,CMPattern_CM_GMBBus_4m_5967,4.9,1.971916892,Southern District Northwest > Southern District Southeast,FALSE,石排灣邨公共運輸交滙處 Shek Pai Wan Estate Public Transport Interchange,Southern District Northwest,黃竹坑站 Wong Chuk Hang Station,Southern District Southeast,黃竹坑站（經漁暉道） Wong Chuk Hang Station (via Yue Fai Road),(Southern District Northwest) 石排灣邨公共運輸交滙處 Shek Pai Wan Estate Public Transport Interchange,(Southern District Northwest) 香港仔大道178號 No. 178 Aberdeen Main Road,"(Southern District Southeast) 香港仔大道48-50號，業漁大樓外 48-50 Aberdeen Main Road, outside Yip Yee Mansion",(Southern District Southeast) 業勤街 Yip Kan Street,"(Southern District Southeast) 黃竹坑道23號 Wong Chuk Hang Road, House No. 23",(Southern District Southeast) 黃竹坑站 Wong Chuk Hang Station,,,,,,,,,,,,,,,,,,,,,,,,,,,,,,,,,,,,,,,,,
20X,CMPattern_CM_GMBBus_20x_8717,6.5,2.151882645,Tai Po South > Tai Po North,FALSE,大埔墟站專綫小巴總站 Tai Po Market Station Minibus Terminus,Tai Po South,大埔那打素醫院 Tai Po Nethersole Hospital,Tai Po North,雅麗氏何妙齡那打素醫院 Tai Po Nethersole Hospital,(Tai Po South) 大埔墟站專綫小巴總站 Tai Po Market Station Minibus Terminus,"(Tai Po North) 南運路，大埔中心第十七座外 Nam Wan Road, outside Block 17, Tai Po Centre",(Tai Po North) 聖母聖心小學 Sacred Heart of Mary School,(Tai Po North) 大埔那打素醫院 Tai Po Nethersole Hospital,,,,,,,,,,,,,,,,,,,,,,,,,,,,,,,,,,,,,,,,,,,
23,CMPattern_CM_GMBBus_23_7767,3.7,1.138740349,Kwun Tong Central,FALSE,裕民坊公共運輸交滙處 Yue Man Square Public Transport Interchange,Kwun Tong Central,"雲漢街，近南寧大樓 Wan Hon Street, near Nam Ning Mansion",Kwun Tong Central,觀塘雲漢街 Kwun Tong (Wan Hon Street),(Kwun Tong Central) 裕民坊公共運輸交滙處 Yue Man Square Public Transport Interchange,"(Kwun Tong Central) 協和街，近協和大廈 Hip Wo Street, near Hip Wo House","(Kwun Tong Central) 雲漢街，近雲漢邨漢松樓 Wan Hon Street, near Hon Chung House, Wan Hon Estate","(Kwun Tong Central) 雲漢街，近南寧大樓 Wan Hon Street, near Nam Ning Mansion",,,,,,,,,,,,,,,,,,,,,,,,,,,,,,,,,,,,,,,,,,,
4A,CMPattern_CM_GMBBus_4a_1_8559,4.6,2.57213288,Sai Kung and Hang Hau,FALSE,"康健路，近泰湖閣 Hong Kin Road, near Lake Court",Sai Kung and Hang Hau,"宜春街，西貢街市對面 Yi Chun Street, Opposite Sai Kung Market",Sai Kung and Hang Hau,西貢 Sai Kung,"(Sai Kung and Hang Hau) 康健路，近泰湖閣 Hong Kin Road, near Lake Court",(Sai Kung and Hang Hau) 華容路 Wa Yung Road,"(Sai Kung and Hang Hau) 康健路，近萬宜漁村明發樓 Hong Kin Road, near Ming Fat House, Man Yee Fishermen Estate",(Sai Kung and Hang Hau) 萬宜漁村 Man Yee Fishermen Estate,(Sai Kung and Hang Hau) 西貢對面海邨 Sai Kung Tui Min Hoi Chuen,(Sai Kung and Hang Hau) 西貢戶外康樂中心 Sai Kung Outdoor Recreation Centre,(Sai Kung and Hang Hau) 菠蘿輋 Po Lo Che,(Sai Kung and Hang Hau) 翠塘花園 Lake Side Garden,"(Sai Kung and Hang Hau) 宜春街，西貢街市對面 Yi Chun Street, Opposite Sai Kung Market",,,,,,,,,,,,,,,,,,,,,,,,,,,,,,,,,,,,,,
83A,CMPattern_CM_GMBBus_83a_1_8994,6.4,4.91987801,Tsuen Wan Southeast > Kwai Chung East,FALSE,海貴路公共運輸交滙處 Hoi Kwai Road Public Transport Interchange,Tsuen Wan Southeast,"安捷街，近安蔭邨嘉蔭樓 On Chit Street, near Kar Yam House, On Yam Estate",Kwai Chung East,安蔭邨安捷街 On Yam Estate (On Chit Street),(Tsuen Wan Southeast) 海貴路公共運輸交滙處 Hoi Kwai Road Public Transport Interchange,"(Tsuen Wan Southeast) 青山公路荃灣段，警署外 Castle Peak Road-Tsuen Wan, outside Police Quarters","(Tsuen Wan Southeast) 青山公路荃灣段，大窩口站 B 入口外 Tai Wo Hau Station, Exit B","(Tsuen Wan Southeast) 青山公路葵涌段659號對面 Castle Peak Road-Kwai Chung, Opposite No. 659",(Tsuen Wan Southeast) 青山公路葵涌段570號 No. 570 Castle Peak Road-Kwai Chung,"(Kwai Chung East) 青山公路－葵涌段，近名賢大樓 Castle Peak Road – Kwai Chung, near Ming Yin Building","(Kwai Chung East) 和宜合道，近打磚坪街 Wo Yi Hop Road, near Tai Chuen Ping Street","(Kwai Chung East) 大白田街，近石籬二邨石福樓 Tai Pak Tin Street, near Shek Fook House, Shek Lei (II) Estate",(Kwai Chung East) 大白田里 Tai Pak Tin Lane,(Kwai Chung East) 裘錦秋中學（葵涌） Ju Ching Chu Secondary School (Kwai Chung),"(Kwai Chung East) 安捷街，近安蔭邨嘉蔭樓 On Chit Street, near Kar Yam House, On Yam Estate",,,,,,,,,,,,,,,,,,,,,,,,,,,,,,,,,,,,
4A,CMPattern_CM_GMBBus_4a_1_8558,4.6,2.512012025,Sai Kung and Hang Hau,FALSE,"宜春街，西貢街市對面 Yi Chun Street, Opposite Sai Kung Market",Sai Kung and Hang Hau,"康健路，近泰湖閣 Hong Kin Road, near Lake Court",Sai Kung and Hang Hau,對面海海濱別墅 Tui Min Hoi (Seaside Villas),"(Sai Kung and Hang Hau) 宜春街，西貢街市對面 Yi Chun Street, Opposite Sai Kung Market",(Sai Kung and Hang Hau) 翠塘花園 Lake Side Garden,(Sai Kung and Hang Hau) 菠蘿輋 Po Lo Che,(Sai Kung and Hang Hau) 西貢戶外康樂中心 Sai Kung Outdoor Recreation Centre,(Sai Kung and Hang Hau) 西貢對面海邨 Sai Kung Tui Min Hoi Chuen,(Sai Kung and Hang Hau) 靈恩台 Ling Yan Toi,"(Sai Kung and Hang Hau) 康健路，近明順村201號 Hong Kin Road, near Ming Shun Village 201",(Sai Kung and Hang Hau) 華容路 Wa Yung Road,(Sai Kung and Hang Hau) 對面海村 Tui Min Hoi Village,"(Sai Kung and Hang Hau) 康健路，近泰湖閣 Hong Kin Road, near Lake Court",,,,,,,,,,,,,,,,,,,,,,,,,,,,,,,,,,,,,
52A,CMPattern_CM_GMBBus_52a_8840,3.9,1.377617458,Wu Tip Shan,FALSE,"和睦路，海聯廣場第3座外 Wo Muk Road, outside Tower 3, Union Plaza",Wu Tip Shan,"粉嶺車站路，粉嶺站外 Fanling Station Road, outside Fanling Station",Wu Tip Shan,粉嶺站 Fanling Station,"(Wu Tip Shan) 和睦路，海聯廣場第3座外 Wo Muk Road, outside Tower 3, Union Plaza","(Wu Tip Shan) 新運路，祥華邨祥頌樓外 San Wan Road, outside Cheung Chung House, Cheung Wah Estate","(Wu Tip Shan) 粉嶺車站路，粉嶺站外 Fanling Station Road, outside Fanling Station",,,,,,,,,,,,,,,,,,,,,,,,,,,,,,,,,,,,,,,,,,,,
39,CMPattern_CM_GMBBus_39_8758,7.2,5.22583826,Yuen Long Rural East > Yuen Long Town Centre,FALSE,"公庵路，近培康居 Kung Um Road, near Pui Hong Kui",Yuen Long Rural East,元朗站（北）公共運輸交滙處 Yuen Long Station (North) Public Transport Interchange,Yuen Long Town Centre,元朗站 Yuen Long Station,"(Yuen Long Rural East) 公庵路，近培康居 Kung Um Road, near Pui Hong Kui",(Yuen Long Rural East) 公庵居民信箱 Kung Um Resident Letter Box,(Yuen Long Rural East) 白沙村第三段 Pak Sha Tsuen Section 3,(Yuen Long Rural East) 白沙村第二段 Pak Sha Tsuen Section 2,(Yuen Long Rural East) 凱巒 Regent's Park,(Yuen Long Rural East) 白沙村劉屋 Pak Sha Tsuen Lau Uk,(Yuen Long Rural East) 大發村 Tai Fat Tsuen,"(Yuen Long Rural East) 公庵路，近振輝花園 Kung Um Road, near Chun Fai Garden","(Yuen Long Rural East) 公庵路，近新美花園 Kung Um Road, near Sun Mei Garden",(Yuen Long Rural East) 田寮村 Tin Liu Tsuen,"(Yuen Long Town Centre) 公庵路，近溱柏 Kung Um Road, near Park Signature","(Yuen Long Town Centre) 十八鄉路，近原築 Shap Pat Heung Road, near La Grove","(Yuen Long Town Centre) 十八鄉路，近溱柏第十座 Shap Pat Heung Road, near Park Signature Tower 10","(Yuen Long Town Centre) 元朗體育路，近銀田花園 Yuen Long Tai Yuk Road, near Silver Field Garden",(Yuen Long Town Centre) 鳳庭苑 Fung Ting Court,(Yuen Long Town Centre) 元朗站（北）公共運輸交滙處 Yuen Long Station (North) Public Transport Interchange,,,,,,,,,,,,,,,,,,,,,,,,,,,,,,,
27,CMPattern_CM_GMBBus_27_7644,3.8,2.791941137,Southern District Northwest > Southern District Southeast,FALSE,"西安街，利港中心外 Sai On Street, outside Port Centre",Southern District Northwest,惠風街14號 No. 14 Wai Fung Street,Southern District Southeast,鴨脷洲惠風街 Ap Lei Chau (Wai Fung Street),"(Southern District Northwest) 西安街，利港中心外 Sai On Street, outside Port Centre","(Southern District Southeast) 香港仔大道48-50號，業漁大樓外 48-50 Aberdeen Main Road, outside Yip Yee Mansion",(Southern District Southeast) 鴨脷洲大街 Ap Lei Chau Main Street,"(Southern District Southeast) 悅海街，東南大廈對面 Yuet Hoi Street, Opposite Tung Nam Building",(Southern District Southeast) 洪聖街 Hung Shing Street,"(Southern District Southeast) 平瀾街，年豐大廈對面 Ping Lan Street, Opposite Ning Fung Mansion",(Southern District Southeast) 惠風街14號 No. 14 Wai Fung Street,,,,,,,,,,,,,,,,,,,,,,,,,,,,,,,,,,,,,,,,
23M,CMPattern_CM_GMBBus_23m_7770,3.7,2.393428005,Kwun Tong Central,FALSE,裕民坊公共運輸交滙處 Yue Man Square Public Transport Interchange,Kwun Tong Central,"茜發道，近茜發道休憩公園 Sin Fat Road, near Sin Fat Road Rest Garden",Kwun Tong Central,藍田站茜發道 Lam Tin Station (Sin Fat Road),(Kwun Tong Central) 裕民坊公共運輸交滙處 Yue Man Square Public Transport Interchange,"(Kwun Tong Central) 茶果嶺道，近容鳳書紀念中心尤德夫人分科診療所 Cha Kwo Ling Road, near Yung Fung Shee Memorial Centre Pamela Youde Polyclinic","(Kwun Tong Central) 茶果嶺道，近麗港城第二十四座 Cha Kwo Ling Road, near Laguna City Block 24","(Kwun Tong Central) 茜發道，近麗港城第三十三座 Sin Fat Road, near Laguna City Block 33","(Kwun Tong Central) 茜發道，近茜發道休憩公園 Sin Fat Road, near Sin Fat Road Rest Garden",,,,,,,,,,,,,,,,,,,,,,,,,,,,,,,,,,,,,,,,,,
18M,CMPattern_CM_GMBBus_18m_7602,8.7,3.834765528,Chai Wan,FALSE,"歌連臣角道，近歌連臣角懲教所 Cape Collinson Road, near Cape Collinson Correctional Institution",Chai Wan,柴灣站巴士總站 Chai Wan Station Bus Terminus,Chai Wan,柴灣站 Chai Wan Station,"(Chai Wan) 歌連臣角道，近歌連臣角懲教所 Cape Collinson Road, near Cape Collinson Correctional Institution","(Chai Wan) 歌連臣角道，近柴灣華人永遠墳場第二靈灰閣 Cape Collinson Road, near Second Columbarium, Cape Collinson Chinese Permanent Cemetery","(Chai Wan) 歌連臣角道，近柴灣華人永遠墳場第一靈灰閣 Cape Collinson Road, near First Columbarium, Cape Collinson Chinese Permanent Cemetery",(Chai Wan) 天主教聖十字架墳場 Holy Cross Catholic Cemetery,"(Chai Wan) 環翠道，近青年廣場 Wan Tsui Road, near Youth Square",(Chai Wan) 柴灣站巴士總站 Chai Wan Station Bus Terminus,,,,,,,,,,,,,,,,,,,,,,,,,,,,,,,,,,,,,,,,,
33M,CMPattern_CM_GMBBus_33m_1_7686,4.8,3.247527459,Wong Tai Sin East,FALSE,"豐盛街，海港花園外 Fung Shing Street, outside Hill Top Gardens",Wong Tai Sin East,黃大仙站小巴總站 Wong Tai Sin Station Minibus Terminus,Wong Tai Sin East,黃大仙站 Wong Tai Sin Station,"(Wong Tai Sin East) 豐盛街，海港花園外 Fung Shing Street, outside Hill Top Gardens","(Wong Tai Sin East) 豐盛街，瓊山苑外 Fung Shing Street, outside King Shan Court","(Wong Tai Sin East) 豐盛街，近蒲崗村道 Fung Shing Street, near Po Kong Village Road",(Wong Tai Sin East) 富山總站 Fu Shan Bus Terminus,(Wong Tai Sin East) 蒲崗村道182號 No. 182 Po Kong Village Road,"(Wong Tai Sin East) 蒲崗村道，學校村外 Po Kong Village Road, outside School Village",(Wong Tai Sin East) 蒲崗村道公園 Po Kong Village Road Park,"(Wong Tai Sin East) 蒲崗村道，近蒲崗村道體育館 Po Kong Village Road, near Po Kong Village Road Sports Centre","(Wong Tai Sin East) 蒲崗村道，鳳鑽苑外 Po Kong Village Road, outside Fung Chuen Court",(Wong Tai Sin East) 黃大仙站小巴總站 Wong Tai Sin Station Minibus Terminus,,,,,,,,,,,,,,,,,,,,,,,,,,,,,,,,,,,,,
807K,CMPattern_CM_GMBBus_807k_7578,9.3,11.11285878,Sha Tin West > Sha Tin North > Tai Po North,FALSE,大學站 University Station,Sha Tin West,井頭小巴總站 Tseng Tau Minibus Terminus,Tai Po North,井頭 Tseng Tau,(Sha Tin West) 大學站 University Station,"(Sha Tin North) 馬鞍山路，近耀安邨保良局莊啓程小學 Ma On Shan Road, near Po Leung Kuk Chong Kee Ting Primary School, Yiu On Estate","(Sha Tin North) 馬鞍山路，近新港城第一期新港城 A 座 Ma On Shan Road, near Sunshine City Block A, Sunshine City Phase 1",(Sha Tin North) 鞍誠街花園 On Shing Street Garden,"(Sha Tin North) 西沙路，馬鞍山廣場外 Sai Sha Road, outside Ma On Shan Plaza","(Sha Tin North) 西沙路，雅典居外 Sai Sha Road, outside Villa Athena","(Sha Tin North) 西沙路，烏溪沙新村外 Sai Sha Road, outside Wu Kai Sha New Village",(Sha Tin North) 烏溪沙站巴士總站 Wu Kai Sha Station Bus Terminus,"(Tai Po North) 西沙路，帝琴灣凱弦居外 Sai Sha Road, outside Symphony Bay Villa Concerto","(Tai Po North) 未命名通道，近香港浸信會神學院教職員及學生宿舍 Unnamed Access Road, near Hong Kong Baptist Theological Seminary Staff & Students Quarters","(Tai Po North) 西沙路近泥涌 Sai Sha Road, near Nai Chung",(Tai Po North) 輋下 Che Ha,(Tai Po North) 馬牯纜 Ma Kwu Lam,(Tai Po North) 大洞 Tai Tung,(Tai Po North) 井頭小巴總站 Tseng Tau Minibus Terminus,,,,,,,,,,,,,,,,,,,,,,,,,,,,,,,,
54M,CMPattern_CM_GMBBus_54m_7728,6.6,2.38924257,Western > Southern District Northwest,FALSE,堅尼地城站 Kennedy Town Station,Western,"瑪麗醫院 J 座 Queen Mary Hopital, Block J",Southern District Northwest,瑪麗醫院 Queen Mary Hospital,(Western) 堅尼地城站 Kennedy Town Station,(Southern District Northwest) 香港華人基督教聯會薄扶林道墳場 HKCCCU Pok Fu Lam Road Cemetery,"(Southern District Northwest) 瑪麗醫院 J 座 Queen Mary Hopital, Block J",,,,,,,,,,,,,,,,,,,,,,,,,,,,,,,,,,,,,,,,,,,,
4M,CMPattern_CM_GMBBus_4m_5969,4.9,2.779142355,Southern District Southeast > Southern District Northwest,FALSE,黃竹坑站 Wong Chuk Hang Station,Southern District Southeast,"南寧街，海湖閣外 Nam Ning Street, outside Hoi Wun Court",Southern District Northwest,香港仔南寧街 Aberdeen (Nam Ning Street),(Southern District Southeast) 黃竹坑站 Wong Chuk Hang Station,"(Southern District Southeast) 黃竹坑道，黃竹坑遊樂場外 Wong Chuk Hang Road, outside Wong Chuk Hang Recreation Ground","(Southern District Southeast) 黃竹坑道，南朗山道 Nam Long Shan Road, Wong Chuk Hang Road","(Southern District Southeast) 黃竹坑道16號，勝利工業大廈 Wong Chuk Hang Road, outside House No. 16, Victory Factory Building","(Southern District Southeast) 香港仔海傍道，逸港居外 Aberdeen Praya Road, outside Ocean Court","(Southern District Northwest) 香港仔海傍道，香港仔海濱公園外 Aberdeen Praya Road, outside Aberdeen Promenade",(Southern District Northwest) 西安街 Sai On Street,"(Southern District Northwest) 南寧街，海湖閣外 Nam Ning Street, outside Hoi Wun Court",,,,,,,,,,,,,,,,,,,,,,,,,,,,,,,,,,,,,,,
101M,CMPattern_GMBBus101M_3551,10.9,11.31894692,Sai Kung and Hang Hau > Tseung Kwan O North,FALSE,惠民路公共小巴總站 Wai Man Road PLB Terminus,Sai Kung and Hang Hau,坑口站公共運輸交滙處 Hang Hau Station Public Transport Interchange,Tseung Kwan O North,坑口站 Hang Hau Station,(Sai Kung and Hang Hau) 惠民路公共小巴總站 Wai Man Road PLB Terminus,"(Sai Kung and Hang Hau) 普通道，西貢賽馬會大會堂外 Po Tung Road, Sai Kung Town Hall",(Sai Kung and Hang Hau) 翠塘花園 Lake Side Garden,(Sai Kung and Hang Hau) 菠蘿輋 Po Lo Che,"(Sai Kung and Hang Hau) 北港, 西貢公路 Pak Kong, Hiram's Highway","(Sai Kung and Hang Hau) 西貢公路，白沙灣遊艇會外 Hiram's Highway, outside Hebe Haven Yacht Club",(Sai Kung and Hang Hau) 匡湖居 Marina Cove,(Sai Kung and Hang Hau) 匡湖居 Marina Cove,"(Sai Kung and Hang Hau) 西貢公路，西貢中心小學外 Hiram's Highway, outside Sai Kung Central Primary School","(Sai Kung and Hang Hau) 響鐘村, 西貢公路 Heung Chung Village, Hiram's Highway",(Sai Kung and Hang Hau) 南圍 Nam Wai,"(Sai Kung and Hang Hau) 清水灣道，大埔仔村對面 Clear Water Bay Road, Opposite Tai Po Tsai Tsuen",(Sai Kung and Hang Hau) 銀影路 Ngan Ying Road,(Sai Kung and Hang Hau) 水邊村 Shui Bin Tsuen,"(Sai Kung and Hang Hau) 坑口道，將軍澳醫院對面 Hang Hau Road, Opposite Tseung Kwan O Hospital",(Tseung Kwan O North) 明德邨 Ming Tak Estate,"(Tseung Kwan O North) 重華路，東港城第6座對面 Chung Wa Road, Opposite Block 6, East Point City",(Tseung Kwan O North) 坑口站公共運輸交滙處 Hang Hau Station Public Transport Interchange,,,,,,,,,,,,,,,,,,,,,,,,,,,,,
807K,CMPattern_CM_GMBBus_807k_7581,9.3,6.018088107,Sha Tin North > Tai Po North,FALSE,"西沙路，馬鞍山廣場外 Sai Sha Road, outside Ma On Shan Plaza",Sha Tin North,井頭小巴總站 Tseng Tau Minibus Terminus,Tai Po North,井頭 Tseng Tau,"(Sha Tin North) 西沙路，馬鞍山廣場外 Sai Sha Road, outside Ma On Shan Plaza","(Sha Tin North) 西沙路，雅典居外 Sai Sha Road, outside Villa Athena","(Sha Tin North) 西沙路，烏溪沙新村外 Sai Sha Road, outside Wu Kai Sha New Village",(Sha Tin North) 烏溪沙站巴士總站 Wu Kai Sha Station Bus Terminus,"(Tai Po North) 西沙路，帝琴灣凱弦居外 Sai Sha Road, outside Symphony Bay Villa Concerto","(Tai Po North) 未命名通道，近香港浸信會神學院教職員及學生宿舍 Unnamed Access Road, near Hong Kong Baptist Theological Seminary Staff & Students Quarters","(Tai Po North) 西沙路近泥涌 Sai Sha Road, near Nai Chung",(Tai Po North) 輋下 Che Ha,(Tai Po North) 馬牯纜 Ma Kwu Lam,(Tai Po North) 大洞 Tai Tung,(Tai Po North) 井頭小巴總站 Tseng Tau Minibus Terminus,,,,,,,,,,,,,,,,,,,,,,,,,,,,,,,,,,,,
27,CMPattern_CM_GMBBus_27_7643,3.8,2.77698691,Southern District Southeast > Southern District Northwest,FALSE,惠風街14號 No. 14 Wai Fung Street,Southern District Southeast,"西安街，利港中心外 Sai On Street, outside Port Centre",Southern District Northwest,香港仔西安街 Aberdeen (Sai On Street),(Southern District Southeast) 惠風街14號 No. 14 Wai Fung Street,(Southern District Southeast) 倫敦里 London Lane,"(Southern District Southeast) 鴨脷洲大街，近鴨脷洲診所 Ap Lei Chau Main Street, near Ap Lei Chau Clinic",(Southern District Southeast) 鴨脷洲中心 Ap Lei Chau Centre,"(Southern District Southeast) 香港仔海傍道，逸港居外 Aberdeen Praya Road, outside Ocean Court","(Southern District Northwest) 香港仔海傍道，香港仔海濱公園外 Aberdeen Praya Road, outside Aberdeen Promenade","(Southern District Northwest) 西安街，利港中心外 Sai On Street, outside Port Centre",,,,,,,,,,,,,,,,,,,,,,,,,,,,,,,,,,,,,,,,
8S,CMPattern_CM_GMBBus_8s_6382,8,6.021713888,Yau Tsim Mong South > Kowloon City South,FALSE,"漢口道，漢口中心外 Hankow Road, outside Hankow Centre",Yau Tsim Mong South,何文田邨公共運輸交滙處 Ho Man Tin Estate Public Transport Interchange,Kowloon City South,何文田常富街 Ho Man Tin (Sheung Foo Street),"(Yau Tsim Mong South) 漢口道，漢口中心外 Hankow Road, outside Hankow Centre","(Yau Tsim Mong South) 梳士巴利道，近中間道兒童遊樂場 Salisbury's Road, near Middle Road Children's Playground",(Yau Tsim Mong South) 漆咸道南近赫德道 Chatham Road South near Hart Avenue,"(Yau Tsim Mong South) 漆咸道南，百樂大酒店外 Chatham Road South, outside Park Hotel",(Yau Tsim Mong South) 漆咸道南近天文台道 Chatham Road South near Observatory Road,"(Yau Tsim Mong South) 安運道，紅磡站總站外 On Wan Road, outside Hung Hom Station Bus Terminus",(Kowloon City South) 機利士路介乎曲街和必嘉街 Gillies Avenue Between Cooke Street and Baker Street,(Kowloon City South) 觀音街 Kun Yam Street,(Kowloon City South) 馬頭圍道20號 No. 20 Ma Tau Wai Road,"(Kowloon City South) 佛光街，家邦樓外 Fat Kwong Street, outside Ka Bong Lau",(Kowloon City South) 天鑄 Ultima,(Kowloon City South) 何文田站 Ho Man Tin Station,"(Kowloon City South) 忠孝街，孝民街 Chung Hau Street, Hau Man Street",(Kowloon City South) 愛民邨 Oi Man Estate,(Kowloon City South) 忠孝街近昭民樓 Chung Hau Street near Chiu Man House,(Kowloon City South) 忠孝街近土木工程拓展署大樓 Chung Hau Street near Civil Engineering and Development Building,(Kowloon City South) 忠孝街公開大學銀禧學院 Chung Hau Street near The Open University of Hong Kong Jockey Club Campus - Jubilee College,(Kowloon City South) 忠孝街欣圖軒巴士站 Chung Hau Street near Cascades Bus Stop,"(Kowloon City South) 常富街，近 One Homantin 第一座 Sheung Foo Street, near One Homantin Tower 1",(Kowloon City South) 何文田邨公共運輸交滙處 Ho Man Tin Estate Public Transport Interchange,,,,,,,,,,,,,,,,,,,,,,,,,,,
8S,CMPattern_CM_GMBBus_8s_6384,8,6.312515447,Yau Tsim Mong South > Kowloon City South,FALSE,"漢口道，漢口中心外 Hankow Road, outside Hankow Centre",Yau Tsim Mong South,何文田邨公共運輸交滙處 Ho Man Tin Estate Public Transport Interchange,Kowloon City South,何文田常富街（經紅磡繞道） Ho Man Tin (Sheung Foo Street) (via Hung Hom Bypass),"(Yau Tsim Mong South) 漢口道，漢口中心外 Hankow Road, outside Hankow Centre","(Yau Tsim Mong South) 梳士巴利道，近中間道兒童遊樂場 Salisbury's Road, near Middle Road Children's Playground","(Yau Tsim Mong South) 安運道，紅磡站總站外 On Wan Road, outside Hung Hom Station Bus Terminus",(Kowloon City South) 機利士路介乎曲街和必嘉街 Gillies Avenue Between Cooke Street and Baker Street,(Kowloon City South) 觀音街 Kun Yam Street,(Kowloon City South) 馬頭圍道20號 No. 20 Ma Tau Wai Road,"(Kowloon City South) 佛光街，家邦樓外 Fat Kwong Street, outside Ka Bong Lau",(Kowloon City South) 天鑄 Ultima,(Kowloon City South) 何文田站 Ho Man Tin Station,"(Kowloon City South) 忠孝街，孝民街 Chung Hau Street, Hau Man Street",(Kowloon City South) 愛民邨 Oi Man Estate,(Kowloon City South) 忠孝街近昭民樓 Chung Hau Street near Chiu Man House,(Kowloon City South) 忠孝街近土木工程拓展署大樓 Chung Hau Street near Civil Engineering and Development Building,(Kowloon City South) 忠孝街公開大學銀禧學院 Chung Hau Street near The Open University of Hong Kong Jockey Club Campus - Jubilee College,(Kowloon City South) 忠孝街欣圖軒巴士站 Chung Hau Street near Cascades Bus Stop,"(Kowloon City South) 常富街，近 One Homantin 第一座 Sheung Foo Street, near One Homantin Tower 1",(Kowloon City South) 何文田邨公共運輸交滙處 Ho Man Tin Estate Public Transport Interchange,,,,,,,,,,,,,,,,,,,,,,,,,,,,,,
812,CMPattern_CM_GMBBus_812_3971,5.9,5.107744381,Sha Tin South > Sha Tin East > Sha Tin South,FALSE,"博泉街，近樂泉樓外迴旋處 Pok Chuen Street, near Roundabout outside Lok Chuen House",Sha Tin South,"車公廟路，顯徑商場對面 Che Kung Miu Road, Opposite Hin Keng Shopping Centre",Sha Tin South,顯徑車公廟路 Hin Keng (Che Kung Miu Road),"(Sha Tin South) 博泉街，近樂泉樓外迴旋處 Pok Chuen Street, near Roundabout outside Lok Chuen House","(Sha Tin South) 博泉街，欣泉樓外 Pok Chuen Street, outside Yan Chuen House","(Sha Tin South) 博泉街，朗泉樓外 Pok Chuen Street, outside Long Chuen House","(Sha Tin South) 博泉街，月泉樓外 Pok Chuen Street, outside Yuet Chuen House","(Sha Tin East) 水泉坳街，保良局朱正賢小學 Shui Chuen Au Street, Po Leung Kuk Chee Jing Yin Primary School","(Sha Tin East) 沙角街，沙田圍站外 Sha Kok Street, outside Sha Tin Wai Station",(Sha Tin East) 田家炳學校 Tin Ka Ping Primary School,"(Sha Tin South) 車公廟路，秦石邨外的巴士停車灣 Che Kung Miu Road, Bus Lay-By outside Chun Shek Estate","(Sha Tin South) 車公廟路，李屋村外 Che Kung Miu Road, outside Lei Uk Tsuen","(Sha Tin South) 車公廟路，新翠邨外 Che Kung Miu Road, outside Sun Chui Estate","(Sha Tin South) 田心街，榮心樓外 Tin Sam Street, near Wing Sam House","(Sha Tin South) 顯徑街，近下徑口德安苑 Hin Keng Street, near Ha Keng Hau",(Sha Tin South) 顯田村 Hin Tin Village,"(Sha Tin South) 車公廟路，顯徑商場對面 Che Kung Miu Road, Opposite Hin Keng Shopping Centre",,,,,,,,,,,,,,,,,,,,,,,,,,,,,,,,,
23M,CMPattern_CM_GMBBus_23m_7771,3.7,1.757280071,Kwun Tong Central,FALSE,"茜發道，近茜發道休憩公園 Sin Fat Road, near Sin Fat Road Rest Garden",Kwun Tong Central,裕民坊公共運輸交滙處 Yue Man Square Public Transport Interchange,Kwun Tong Central,觀塘裕民坊 Kwun Tong (Yue Man Square),"(Kwun Tong Central) 茜發道，近茜發道休憩公園 Sin Fat Road, near Sin Fat Road Rest Garden","(Kwun Tong Central) 茜發道，近麗港城第三十三座 Sin Fat Road, near Laguna City Block 33","(Kwun Tong Central) 茶果嶺道，麗港城一期商場外 Cha Kwo Ling Road, outside Laguna City Phase I Commercial Complex",(Kwun Tong Central) 成業街休憩公園 Shing Yip Street Rest Garden,(Kwun Tong Central) 裕民坊公共運輸交滙處 Yue Man Square Public Transport Interchange,,,,,,,,,,,,,,,,,,,,,,,,,,,,,,,,,,,,,,,,,,
3A,CMPattern_CM_GMBBus_3a_1_8504,5.7,3.01187366,Sai Kung and Hang Hau,FALSE,"南山新村路，近南山村公所 Nam Shan San Tsuen Road, near Village Office",Sai Kung and Hang Hau,"宜春街，西貢街市對面 Yi Chun Street, Opposite Sai Kung Market",Sai Kung and Hang Hau,西貢 Sai Kung,"(Sai Kung and Hang Hau) 南山新村路，近南山村公所 Nam Shan San Tsuen Road, near Village Office",(Sai Kung and Hang Hau) 石壟仔新村 Shek Lung Tsai New Village,(Sai Kung and Hang Hau) 甲邊朗新村 Kap Pin Long New Village,"(Sai Kung and Hang Hau) 北港㘭路，近紅花村 Pak Kong Au Road, near Hung Fa Tsuen",(Sai Kung and Hang Hau) 菠蘿輋 Po Lo Che,(Sai Kung and Hang Hau) 太平村 Tai Ping Village,(Sai Kung and Hang Hau) 澳朗村 O Long Village,(Sai Kung and Hang Hau) 萬壽新村 Man Sau Sun Tsuen,(Sai Kung and Hang Hau) 菠蘿輋新村 Po Lo Che Sun Tsuen,(Sai Kung and Hang Hau) 翠塘花園 Lake Side Garden,"(Sai Kung and Hang Hau) 宜春街，西貢街市對面 Yi Chun Street, Opposite Sai Kung Market",,,,,,,,,,,,,,,,,,,,,,,,,,,,,,,,,,,,
65A,CMPattern_CM_GMBBus_65a_7574,6.1,5.187458301,Sha Tin West > Sha Tin East,FALSE,"源禾路，沙田中心對面 Yuen Wo Road, Opposite Sha Tin Centre",Sha Tin West,黃泥頭巴士總站 Wong Nai Tau Bus Terminus,Sha Tin East,黃泥頭 Wong Nai Tau,"(Sha Tin West) 源禾路，沙田中心對面 Yuen Wo Road, Opposite Sha Tin Centre","(Sha Tin East) 大涌橋路，近河畔花園 Tai Chung Kiu Road, near Garden Rivera","(Sha Tin East) 大涌橋路，富豪花園對面 Tai Chung Kiu Road, Opposite Belair Gardens","(Sha Tin East) 小瀝源路，小瀝源路遊樂場外 Siu Lek Yuen Road, outside Siu Lek Yuen Road Playground","(Sha Tin East) 小瀝源路，近小瀝源路遊樂場 Siu Lek Yuen Road, near Siu Lek Yuen Road Playground","(Sha Tin East) 插桅杆街，近沙田工業中心 A-B 座 Chap Wai Kon Street, near Shatin Industrial Centre Block A-B",(Sha Tin East) 愉翠苑 Yu Chui Court,"(Sha Tin East) 牛皮沙街，牛皮沙村外 Ngau Pei Sha Street, outside Ngau Pei Sha Village","(Sha Tin East) 廣善街，近香港恒生大學 Kwong Sin Street, near The Hang Seng University of Hong Kong","(Sha Tin East) 廣善街，廣源邨廣榕樓對面 Kwong Sin Street, Opposite Banyan House, Kwong Yuen Estate",(Sha Tin East) 帝堡城 Castello,(Sha Tin East) 廣林苑 Kwong Lam Court,(Sha Tin East) 黃泥頭巴士總站 Wong Nai Tau Bus Terminus,,,,,,,,,,,,,,,,,,,,,,,,,,,,,,,,,,
3A,CMPattern_CM_GMBBus_3a_1_8502,5.7,3.000061582,Sai Kung and Hang Hau,FALSE,"宜春街，西貢街市對面 Yi Chun Street, Opposite Sai Kung Market",Sai Kung and Hang Hau,"南山新村路，近南山村公所 Nam Shan San Tsuen Road, near Village Office",Sai Kung and Hang Hau,南山新村 Nam Shan San Tsuen,"(Sai Kung and Hang Hau) 宜春街，西貢街市對面 Yi Chun Street, Opposite Sai Kung Market",(Sai Kung and Hang Hau) 翠塘花園 Lake Side Garden,(Sai Kung and Hang Hau) 菠蘿輋新村 Po Lo Che Sun Tsuen,(Sai Kung and Hang Hau) 萬壽新村 Man Sau Sun Tsuen,(Sai Kung and Hang Hau) 澳朗村 O Long Village,(Sai Kung and Hang Hau) 太平村 Tai Ping Village,(Sai Kung and Hang Hau) 菠蘿輋 Po Lo Che,"(Sai Kung and Hang Hau) 北港㘭路，近紅花村 Pak Kong Au Road, near Hung Fa Tsuen",(Sai Kung and Hang Hau) 甲邊朗新村 Kap Pin Long New Village,(Sai Kung and Hang Hau) 石壟仔新村 Shek Lung Tsai New Village,"(Sai Kung and Hang Hau) 南山新村路，近南山村公所 Nam Shan San Tsuen Road, near Village Office",,,,,,,,,,,,,,,,() 汀角路 - 犁壁山,() 汀角路 - 布心排,(大埔區) 汀角路 - 散頭角,(大埔區) 汀角路 - 近洞梓路,(大埔區) 汀角路 - 詹屋,(大埔區) 汀角路 - 近三門仔路,(大埔區) 汀角路 - 雅景花園,(大埔區) 汀角路 - 近露輝路,(大埔區) 汀角路 - 近大埔工業邨,(大埔區) 汀角路 - 下坑,(大埔區) 汀角路 - 近鳳園路,(大埔區) 汀角路 - 近漁角,(大埔區) 汀角路西行 - 近救恩書院的巴士停車灣,(大埔區) 汀角路 - 怡雅苑,(大埔區) 汀角路 - 大元邨,(大埔區) 汀角路 - 南亞路德會沐恩中學,(大埔區) 安祥路 -近大埔文娛中心,(大埔區) 寶鄉街 - 近寶鄉橋,(大埔區) 廣福道73號,(大埔區) 運頭街 - 運頭坊,
8,CMPattern_GMBBus8_5905,8,5.55310023,Kowloon City South > Yau Tsim Mong South,FALSE,"忠孝街，何文田政府合署外 Chung Hau Street, outside Ho Man Tin Government Offices",Kowloon City South,"漢口道，漢口中心外 Hankow Road, outside Hankow Centre",Yau Tsim Mong South,尖沙咀漢口道 Tsim Sha Tsui (Hankow Road),"(Kowloon City South) 忠孝街，何文田政府合署外 Chung Hau Street, outside Ho Man Tin Government Offices",(Kowloon City South) 忠孝街公開大學銀禧學院 Chung Hau Street near The Open University of Hong Kong Jockey Club Campus – Jubilee College,"(Kowloon City South) 忠孝街，俊民苑文雄閣外 Chung Hau Street, outside Man Hung House, Chun Man Court",(Kowloon City South) 忠孝街昭民樓 Chung Hau Street near Chiu Man House,"(Kowloon City South) 忠孝街，愛民邨新民樓對面 Chung Hau Street, Opposite Sun Man House, Oi Man Estate",(Kowloon City South) 何文田站 Ho Man Tin Station,(Kowloon City South) 天鑄 Ultima,(Kowloon City South) 信用街 Shun Yung Street,(Kowloon City South) 馬頭圍道21號，義達工業大廈外 Ma Tau Wai Road O/s House No. 21,"(Kowloon City South) 明安街，寶石戲院大廈 A 座外 Ming On Street, outside Block A, Lux Theatre Building",(Kowloon City South) 機利士南路18號，必嘉街 Gillies Avenue South O/s House No. 18,(Yau Tsim Mong South) 紅磡站，暢運道入口 Hung Hom Station,(Yau Tsim Mong South) 暢運路，香港理工大學對面 Gillies Avenue South O/s House No. 18 Cheong Wan Road near B/s Opposite To Hong Kong Polytechnic University,(Yau Tsim Mong South) 香港科學館 Hong Kong Science Museum,(Yau Tsim Mong South) 漆咸道南近寶勒巷 Chatham Road South near Prat Avenue,(Yau Tsim Mong South) 梳士巴利道近新世界中心 Salisbury Road South near New World Centre,"(Yau Tsim Mong South) 漢口道，漢口中心外 Hankow Road, outside Hankow Centre",,,,,,,,,,,,,,,,,,,,,,,,,,,,,,
4M,CMPattern_CM_GMBBus_4m_5968,4.9,2.027206052,Southern District Northwest > Southern District Southeast,FALSE,"南寧街，海湖閣外 Nam Ning Street, outside Hoi Wun Court",Southern District Northwest,黃竹坑站 Wong Chuk Hang Station,Southern District Southeast,黃竹坑站 Wong Chuk Hang Station,"(Southern District Northwest) 南寧街，海湖閣外 Nam Ning Street, outside Hoi Wun Court","(Southern District Southeast) 香港仔大道48-50號，業漁大樓外 48-50 Aberdeen Main Road, outside Yip Yee Mansion",(Southern District Southeast) 業勤街 Yip Kan Street,"(Southern District Southeast) 黃竹坑道23號 Wong Chuk Hang Road, House No. 23",(Southern District Southeast) 黃竹坑站 Wong Chuk Hang Station,,,,,,,,,,,,,,,,,,,,,,,,,,,,,,,,,,,,,,,,,,
4A,CMPattern_CM_GMBBus_4a_7539,10.2,8.745525822,Southern District Northwest > Southern District Southeast > Wan Chai,FALSE,石排灣邨公共運輸交滙處 Shek Pai Wan Estate Public Transport Interchange,Southern District Northwest,"景隆街，近總統戲院 Cannon Street, near President Theatre",Wan Chai,銅鑼灣景隆街 Causeway Bay (Cannon Street),(Southern District Northwest) 石排灣邨公共運輸交滙處 Shek Pai Wan Estate Public Transport Interchange,"(Southern District Northwest) 南寧街，海晶閣外 Nam Ning Street, outside Hoi Tsing Court",(Southern District Northwest) 香港仔大道178號 No. 178 Aberdeen Main Road,"(Southern District Southeast) 香港仔大道48-50號，業漁大樓外 48-50 Aberdeen Main Road, outside Yip Yee Mansion","(Southern District Southeast) 黃竹坑道，近香港仔工業學校 Wong Chuk Hang Road, near Aberdeen Technical School","(Southern District Southeast) 黃竹坑道23號 Wong Chuk Hang Road, House No. 23",(Southern District Southeast) 黃竹坑道49-51號 Wong Chuk Hang Road House No. 49-51,(Southern District Southeast) 香港仔隧道收費廣場 Aberdeen Tunnel Toll Plaza,"(Wan Chai) 崇正大廈，摩理臣山道 Tsung Tsin Building, Morrison Hill Road","(Wan Chai) 摩理臣山道，近德安樓 Morrison Hill Road, near Tak On Mansion","(Wan Chai) 灣仔道，近福安大廈 Wan Chai Road, near Fook On Building",(Wan Chai) 景星大廈 King Sing Mansion,"(Wan Chai) 灣仔道，近文安樓 Wan Chai Road, near Man On House","(Wan Chai) 菲林明道，近大有大廈 Fleming Road, near Tai Yau Building","(Wan Chai) 軒尼詩道，近怡明閣 Hennessy Road, near Eastman Court","(Wan Chai) 軒尼詩道381-383號，富士大廈 No. 381-383 Hennessy Road, Fuji Building",(Wan Chai) 馬師道 Marsh Road,"(Wan Chai) 駱克道，馬師道以東 Lockhart Road, East of Marsh Road","(Wan Chai) 駱克道，銅鑼灣廣場一期外 Lockhart Road, outside Causeway Bay Plaza Phase 1","(Wan Chai) 景隆街，近總統戲院 Cannon Street, near President Theatre",,,,,,,,,,,,,,,,,,,,,,,,,,,
808,CMPattern_GMBBus808_5915,8.7,7.858884028,Sha Tin North > Sha Tin East,FALSE,曾璧山中學 Tsang Pik Shan Secondary School,Sha Tin North,威爾斯親王醫院 Prince of Wales Hospital,Sha Tin East,威爾斯親王醫院 Prince of Wales Hospital,(Sha Tin North) 曾璧山中學 Tsang Pik Shan Secondary School,"(Sha Tin North) 恒康街，耀安邨耀平樓外 Hang Hong Street, outside Yiu On Estate Bus Terminus","(Sha Tin East) 恒德街南行綫，近大水坑站 Hang Tak Street Southbound, near Tai Shui Hang Station","(Sha Tin East) 亞公角街，漁民新村外 A Kung Kok Street, outside Fishermen Village","(Sha Tin East) 亞公角街，沙田醫院外 A Kung Kok Street, outside Shatin Hospital",(Sha Tin East) 綠怡雅苑 Greenhill Villa,"(Sha Tin East) 廣善街，廣源邨廣榕樓外 Kwong Sin Street, outside Banyan House, Kwong Yuen Estate","(Sha Tin East) 廣善街，近香港恒生大學 Kwung Sin Street, near The Hang Seng University of Hong Kong","(Sha Tin East) 牛皮沙街，牛皮沙新村外 Ngau Pei Sha Street, outside Ngau Pei Sha New Village","(Sha Tin East) 牛皮沙街，愉翠苑巴士站 Ngau Pei Sha Street, Yu Chui Court Bus Terminus","(Sha Tin East) 插桅杆街，第一城站對面 Chap Wai Kon Street, Opposite City One Station",(Sha Tin East) 威爾斯親王醫院 Prince of Wales Hospital,,,,,,,,,,,,,,,,,,,,,,,,,,,,,,,,,,,
17M,CMPattern_GMBBus17M_2_4307,4.5,2.201654262,Tseung Kwan O North > Sai Kung and Hang Hau,FALSE,"貿業路，近寶琳站 Mau Yip Road, near Po Lam Station",Tseung Kwan O North,翠林巴士總站 Tsui Lam Bus Terminus,Sai Kung and Hang Hau,翠林 Tsui Lam,"(Tseung Kwan O North) 貿業路，近寶琳站 Mau Yip Road, near Po Lam Station","(Tseung Kwan O North) 寶豐路, 寶琳邨寶儉樓對出 Po Fung Road, outside Po Kim House, Po Lam Estate","(Tseung Kwan O North) 寶琳北路，樂善堂劉德小學外 Po Lam Road North, outside Lok Sin Tong Lau Tak Primary School","(Tseung Kwan O North) 寶琳北路，寶琳邨寶仁樓外 Po Lam Road North, outside Po Yan House, Po Lam Estate",(Sai Kung and Hang Hau) 翠林巴士總站 Tsui Lam Bus Terminus,,,,,,,,,,,,,,,,,,,,,,,,,,,,,,,,,,,,,,,,,,
17M,CMPattern_GMBBus17M_2_5858,4.5,1.858413407,Tseung Kwan O North > Sai Kung and Hang Hau,FALSE,"貿業路，近寶琳站 Mau Yip Road, near Po Lam Station",Tseung Kwan O North,翠林巴士總站 Tsui Lam Bus Terminus,Sai Kung and Hang Hau,翠林（經寶康路） Tsui Lam (via Po Hong Road),"(Tseung Kwan O North) 貿業路，近寶琳站 Mau Yip Road, near Po Lam Station",(Sai Kung and Hang Hau) 翠林巴士總站 Tsui Lam Bus Terminus,,,,,,,,,,,,,,,,,,,,,,,,,,,,,,,,,,,,,,,,,,,,,
52K,CMPattern_CM_GMBBus_52k_6086,7.4,6.787904121,Wu Tip Shan > Robin’s Nest,FALSE,粉嶺站專綫小巴總站 Public Light Bus (Scheduled) Service Terminus at Fanling Station,Wu Tip Shan,坪洋村 Ping Yeung Tsuen,Robin’s Nest,坪洋村 Ping Yeung Tsuen,(Wu Tip Shan) 粉嶺站專綫小巴總站 Public Light Bus (Scheduled) Service Terminus at Fanling Station,(Robin’s Nest) 坪洋公立學校 Ping Yeung Public School,(Robin’s Nest) 坪洋村 Ping Yeung Tsuen,,,,,,,,,,,,,,,,,,,,,,,,,,,,,,,,,,,,,,,,,,,,
52K,CMPattern_CM_GMBBus_52k_6080,6.6,7.947062303,Wu Tip Shan > Robin’s Nest,FALSE,粉嶺站專綫小巴總站 Public Light Bus (Scheduled) Service Terminus at Fanling Station,Wu Tip Shan,山雞乙 Shan Kai Wat,Robin’s Nest,山雞乙 Shan Kai Wat,(Wu Tip Shan) 粉嶺站專綫小巴總站 Public Light Bus (Scheduled) Service Terminus at Fanling Station,"(Wu Tip Shan) 粉嶺樓路，粉嶺禮賢會中學對面 Fan Leng Lau Road, Opposite Fanling Rhenish Church Secondary School",(Wu Tip Shan) 和隆街17號 No. 17 Wo Lung Street,(Wu Tip Shan) 和滿街小巴總站 Wo Mun Street Public Light Bus Terminus,"(Wu Tip Shan) 新屋村／覲龍圍，沙頭角公路 San Uk Tsuen / Kan Lung Wai, Sha Tau Kok Road",(Wu Tip Shan) 新圍軍營 San Wai Barracks,(Wu Tip Shan) 沙頭角路近軍地 Sha Tau Kok Road near Kwan Tei,"(Wu Tip Shan) 流水響，沙頭角公路 Lau Shui Heung, Sha Tau Kok Road",(Wu Tip Shan) 孔嶺村 Hung Leng Tsuen,(Robin’s Nest) 香港浸會園 Hong Kong Baptist Assembly,(Robin’s Nest) 打鼓嶺鄉村中心政府大樓 Ta Kwu Ling Rural Centre Government Building,(Robin’s Nest) 坪輋隔田 Ping Che Kat Tin,(Robin’s Nest) 山雞乙 Shan Kai Wat,,,,,,,,,,,,,,,,,,,,,,,,,,,,,,,,,,
81,CMPattern_CM_GMBBus_81_7781,6.2,3.073228558,Tsuen Wan Southeast,FALSE,"老圍路，近圓玄學院 Lo Wai Road, near The Yuen Yuen Institute",Tsuen Wan Southeast,"兆和街，近永安樓 Shiu Wo Street, near Wing On House",Tsuen Wan Southeast,荃灣兆和街 Tsuen Wan (Shiu Wo Street),"(Tsuen Wan Southeast) 老圍路，近圓玄學院 Lo Wai Road, near The Yuen Yuen Institute",(Tsuen Wan Southeast) 三疊潭 Sam Dip Tam,(Tsuen Wan Southeast) 西方寺 Western Monastery,(Tsuen Wan Southeast) 老圍村 Lo Wai Tsuen,(Tsuen Wan Southeast) 傳耀臺 Chuen Yiu Terrace,"(Tsuen Wan Southeast) 二陂圳路，近東普陀 Yi Pei Chun Road, near Tung Po Tor Monastery","(Tsuen Wan Southeast) 石圍角路，近石圍角邨石葵樓 Shek Wai Kok Road, near Shek Kwai House, Shek Wai Kok Estate",(Tsuen Wan Southeast) 石圍角邨石荷樓 Shek Ho House Shek Wai Kok Estate,(Tsuen Wan Southeast) 蕙荃體育館 Wai Tsuen Sports Centre,"(Tsuen Wan Southeast) 青山公路－荃灣段，近仁濟醫院 Castle Peak Road - Tsuen Wan, near Yan Chai Hospital","(Tsuen Wan Southeast) 青山公路－荃灣段，近周合成大廈 Castle Peak Road - Tsuen Wan, near Chau Hop Shing Building","(Tsuen Wan Southeast) 兆和街，近永安樓 Shiu Wo Street, near Wing On House",,,,,,,,,,,,,,,,,,,,,,,,,,,,,,,,,,,
13A,CMPattern_CM_GMBBus_13a_7873,4.8,1.629087489,Kowloon City North > Wong Tai Sin West,FALSE,"廣播道，雅麗園 B 座外 Broadcast Drive, outside Block B, Alice Court",Kowloon City North,"橫頭磡南道，橫頭磡邨宏順樓外 Wang Tau Hom South Road, outside Wang Shun House, Wang Tau Hom Estate",Wong Tai Sin West,樂富中心 Lok Fu Centre,"(Kowloon City North) 廣播道，雅麗園 B 座外 Broadcast Drive, outside Block B, Alice Court","(Kowloon City North) 廣播道，星輝豪庭外 Broadcast Drive, outside Peninsular Heights",(Kowloon City North) 嘉皇臺 The Palace,(Kowloon City North) 廣播道近馬可尼道 Broadcast Drive near Marconi Road,(Kowloon City North) 馬可尼道 Marconi Road,(Wong Tai Sin West) 嘉強苑 Ka Keung Court,"(Wong Tai Sin West) 橫頭磡中道，近橫頭磡邨宏顯樓 Wang Tau Hom Central Road, near Wang Hin House, Wang Tau Hom Estate",(Wong Tai Sin West) 樂富 Lok Fu,"(Wong Tai Sin West) 橫頭磡南道，橫頭磡邨宏順樓外 Wang Tau Hom South Road, outside Wang Shun House, Wang Tau Hom Estate",,,,,,,,,,,,,,,,,,,,,,,,,,,,,,,,,,,,,,
17M,CMPattern_GMBBus17M_2_4308,4.5,1.990576332,Sai Kung and Hang Hau > Tseung Kwan O North,FALSE,翠林巴士總站 Tsui Lam Bus Terminus,Sai Kung and Hang Hau,"貿業路，近寶琳站 Mau Yip Road, near Po Lam Station",Tseung Kwan O North,寶琳站 Po Lam Station,(Sai Kung and Hang Hau) 翠林巴士總站 Tsui Lam Bus Terminus,"(Sai Kung and Hang Hau) 寶琳北路，景明苑旭景閣外 Po Lam Road North, outside Yuk King House, King Ming Court","(Sai Kung and Hang Hau) 寶琳北路，近寶林消防局 Po Lam Road North, near Po Lam Fire Station","(Tseung Kwan O North) 寶琳北路，樂善堂劉德小學對面 Po Lam Road North, Opposite Lok Sin Tong Lau Tak Primary School","(Tseung Kwan O North) 寶豐路，新都城二期外 Po Fung Road, outside Metro City Phase 2","(Tseung Kwan O North) 貿業路，近寶琳站 Mau Yip Road, near Po Lam Station",,,,,,,,,,,,,,,,,,,,,,,,,,,,,,,,,,,,,,,,,
17M,CMPattern_GMBBus17M_2_5857,4.5,1.648619251,Sai Kung and Hang Hau > Tseung Kwan O North,FALSE,翠林巴士總站 Tsui Lam Bus Terminus,Sai Kung and Hang Hau,"貿業路，近寶琳站 Mau Yip Road, near Po Lam Station",Tseung Kwan O North,寶琳站（經寶康路） Po Lam Station (via Po Hong Road),(Sai Kung and Hang Hau) 翠林巴士總站 Tsui Lam Bus Terminus,(Tseung Kwan O North) 寶豐路，茵怡花園對面 Po Fung Road Opposite Verbena Heights,"(Tseung Kwan O North) 貿業路，近寶琳站 Mau Yip Road, near Po Lam Station",,,,,,,,,,,,,,,,,,,,,,,,,,,,,,,,,,,,,,,,,,,,
33M,CMPattern_CM_GMBBus_33m_1_7688,4.8,2.66895377,Wong Tai Sin East,FALSE,富山總站 Fu Shan Bus Terminus,Wong Tai Sin East,黃大仙站小巴總站 Wong Tai Sin Station Minibus Terminus,Wong Tai Sin East,黃大仙站 Wong Tai Sin Station,(Wong Tai Sin East) 富山總站 Fu Shan Bus Terminus,(Wong Tai Sin East) 蒲崗村道182號 No. 182 Po Kong Village Road,"(Wong Tai Sin East) 蒲崗村道，學校村外 Po Kong Village Road, outside School Village",(Wong Tai Sin East) 蒲崗村道公園 Po Kong Village Road Park,"(Wong Tai Sin East) 蒲崗村道，近蒲崗村道體育館 Po Kong Village Road, near Po Kong Village Road Sports Centre","(Wong Tai Sin East) 蒲崗村道，鳳鑽苑外 Po Kong Village Road, outside Fung Chuen Court",(Wong Tai Sin East) 黃大仙站小巴總站 Wong Tai Sin Station Minibus Terminus,,,,,,,,,,,,,,,,,,,,,,,,,,,,,,,,,,,,,,,,
14M,CMPattern_CM_GMBBus_14m_6090,4.7,1.842312194,Wan Chai,TRUE,蘭芳道，2號 Lan Fong Road No. 2,Wan Chai,蘭芳道，2號 Lan Fong Road No. 2,Wan Chai,銅鑼灣蘭芳道 - 樂翠台（循環綫） Causeway Bay (Lan Fong Road) - Villa Rocha (Circular),(Wan Chai) 蘭芳道，2號 Lan Fong Road No. 2,(Wan Chai) 樂活道，樂翠台外 Broadwood Road outside Villa Rocha,(Wan Chai) 樂翠台 Villa Rocha,(Wan Chai) 連道，近禮頓山 Link Road near Leighton Hill,(Wan Chai) 新寧道 Sunning Road,(Wan Chai) 蘭芳道，2號 Lan Fong Road No. 2,,,,,,,,,,,,,,,,,,,,,,,,,,,,,,,,,,,,,,,,,
90A,CMPattern_CM_GMBBus_90a_1_9038,5.5,3.049578152,Kwai Chung West > Kwai Chung East > Sham Shui Po West,FALSE,瑪嘉烈醫院專科門診部 Princess Magaret Hospital Specialist Out-Patient Clinic,Kwai Chung West,美孚巴士總站 Mei Foo Bus Terminus,Sham Shui Po West,美孚 Mei Foo,(Kwai Chung West) 瑪嘉烈醫院專科門診部 Princess Magaret Hospital Specialist Out-Patient Clinic,"(Kwai Chung West) 荔景山路，瑪嘉烈醫院護理學校及宿舍對面 Lai King Hill Road, Opposite Princess Margaret Hospital Nurses Training School and Quarters","(Kwai Chung West) 荔景山路，荔景臺對面 Lai King Hill Road, Opposite Lai King Terrace","(Kwai Chung West) 荔景山路，清麗苑麗裕閣對面 Lai King Hill Road, Opposite Lai Yue House, Ching Lai Court","(Kwai Chung West) 荔景山路，荔灣花園對面 Lai King Hill Road, Opposite Lai Chi Kok Bay Garden",(Kwai Chung East) 九華徑 Kau Wa Keng,"(Kwai Chung East) 荔景山路，樂園對面 Lai King Hill Road, Opposite Happy Villa","(Kwai Chung East) 荔景山路，華荔邨對面 Lai King Hill Road, Opposite Wah Lai Estate",(Sham Shui Po West) 荔枝角公園體育館 Lai Chi Kok Park Sports Centre,"(Sham Shui Po West) 美荔道，近保良局唐乃勤實用學校 Mei Lai Road, near Po Leung Kuk Tong Nai Kun Practical School",(Sham Shui Po West) 美孚巴士總站 Mei Foo Bus Terminus,,,,,,,,,,,,,,,,,,,,,,,,,,,,,,,,,,,,
63A,CMPattern_CM_GMBBus_63a_8901,3.9,1.244133282,Sha Tin West > Sha Tin South,FALSE,"美田路，近美城苑貴城閣 Mei Tin Road, near Kwai Shing House, May Shing Court",Sha Tin West,"村南道，近大圍站 Tsuen Nam Road, near Tai Wai Station",Sha Tin South,大圍站村南道 Tai Wai Station (Tsuen Nam Road),"(Sha Tin West) 美田路，近美城苑貴城閣 Mei Tin Road, near Kwai Shing House, May Shing Court","(Sha Tin West) 積存街，近埃索－大圍加油站 Chik Chuen Street, near Esso - Tai Wai Petrol Filling Station","(Sha Tin South) 村南道，近金昌樓 Tsuen Nam Road, near Kam Cheong Building","(Sha Tin South) 村南道，近大圍站 Tsuen Nam Road, near Tai Wai Station",,,,,,,,,,,,,,,,,,,,,,,,,,,,,,,,,,,,,,,,,,,
54M,CMPattern_GMBBus54M_1_5286,5,7.342947291,Kwun Tong North > Kwun Tong West > Wong Tai Sin East > Kwun Tong North,TRUE,順天邨 Shun Tin Estate,Kwun Tong North,順天邨 Shun Tin Estate,Kwun Tong North,順天 - 坪石（循環綫） Shun Tin - Ping Shek (Circular),(Kwun Tong North) 順天邨 Shun Tin Estate,"(Kwun Tong North) 利安道，近順安邨多層停車場 Lee On Road, near Shun On Estate Multi-Storey Car Park",(Kwun Tong North) 順利邨利業樓 Lee Yip House Shun Lee Estate,"(Kwun Tong North) 利安道近利恒樓 Lee On Road, outside Lee Hang House","(Kwun Tong North) 利安道，近順利邨遊樂場 Lee On Road, near Shun Lee Tsuen Playground","(Kwun Tong West) 新清水灣道，近聖言中學 New Clear Water Bay Road, near Sing Yin Secondary School",(Kwun Tong West) 坪石公共運輸交滙處一樓平台 Ping Shek Public Transport Interchange Podium,(Wong Tai Sin East) 白虹樓 Pak Hung House,(Kwun Tong North) 順利邨利恒樓 Lee Hang House Shun Lee Estate,(Kwun Tong North) 順利邨利祥樓 Lee Cheung House Shun Lee Estate,(Kwun Tong North) 順緻苑 Shun Chi Court,(Kwun Tong North) 順利邨利富樓 Lee Foo House Shun Lee Estate,"(Kwun Tong North) 利安道，近順安邨安逸樓 Lee On Road, near On Yat House, Shun On Estate",(Kwun Tong North) 順天邨天瑤樓 Tin Yiu House Shun Tin Estate,"(Kwun Tong North) 秀茂坪道基督教聯合醫院對面 Sau Mau Ping Road, Opposite United Christian Hospital",(Kwun Tong North) 順天邨天韻樓 Tin Wan House Shun Tin Estate,(Kwun Tong North) 順天邨 Shun Tin Estate,,,,,,,,,,,,,,,,,,,,,,,,,,,,,,
28K,CMPattern_GMBBus28K_5869,10,12.23098154,Tai Po South > Sha Tin West,FALSE,廣福里 Kwong Fuk Ln,Tai Po South,帝都酒店 Royal Park Hotel,Sha Tin West,沙田白鶴汀街 Sha Tin (Pak Hok Ting Street),(Tai Po South) 廣福里 Kwong Fuk Ln,(Tai Po South) 廣福道119號 No. 119 Kwong Fuk Road,(Tai Po South) 運頭街 Wan Tau St,(Tai Po South) 運頭角里 Wan Tau Kok Lane,(Tai Po South) 廣福邨 Kwong Fuk Estate,(Tai Po South) 黃宜坳 Wong Yi Au,(Tai Po South) 雍怡雅苑 Chateau Royale,(Tai Po South) 松濤閣 Redland Garden,(Tai Po South) 南苑 Southview Villas,(Tai Po South) 荔枝坑 Lai Chi Hang,(Tai Po South) 松仔園 Chung Tsai Yuen,(Tai Po South) 松仔園瞭望台 Chung Tsai Yuen Lookout,(Tai Po South) 鹿茵山莊 Deerhill Bay,(Tai Po South) 鹿茵山莊 Deerhill Bay,(Tai Po South) 樟樹灘 Cheung Shue Tan,(Tai Po South) 大埔尾 Tai Po Mei,(Sha Tin West) 赤泥坪村垃圾收集站 Chek Nai Ping Village Refuse Collection Point,(Sha Tin West) 赤泥坪 Chek Nai Ping,(Sha Tin West) 中文大學 Chinese University,(Sha Tin West) 崇基學院 Chung Chi College,(Sha Tin West) 九肚山路 Kau To Shan Road,(Sha Tin West) 落路下 Lok Lo Ha,"(Sha Tin West) 樂信徑，近駿景園駿景廣場 Lok Shun Path, near Plaza Ascot, Royal Ascot",(Sha Tin West) 樂景街，銀禧花園外 Lok King Street outside Jubilee Garden,(Sha Tin West) 火炭站 Fo Tan Station,"(Sha Tin West) 源禾路，沙田中心對面 Yuen Wo Road, Opposite Sha Tin Centre",,,,,,,,,,,,,,,,,,,,,
19,CMPattern_CM_GMBBus_19_7955,5.8,5.617429569,Wong Tai Sin West > Wong Tai Sin East > Wong Tai Sin West,FALSE,"慈雲山道，沙田坳邨和田樓外 Tsz Wan Shan Road, outside Wo Tin House, Shatin Pass Estate",Wong Tai Sin West,"彝倫街，近百樂大樓 Yi Lun Street, near Pak Lok House",Wong Tai Sin West,新蒲崗 San Po Kong,"(Wong Tai Sin West) 慈雲山道，沙田坳邨和田樓外 Tsz Wan Shan Road, outside Wo Tin House, Shatin Pass Estate","(Wong Tai Sin West) 慈雲山道，近中華基督教會基慈小學 Tsz Wan Shan Road, near CCC Kei Tsz Primary School","(Wong Tai Sin West) 慈雲山道，近慈愛苑三期愛富閣 Tsz Wan Shan Road, near Oi Fu House, Tsz Oi Court Stage III","(Wong Tai Sin West) 慈雲山道，慈正邨正暉樓外 Tsz Wan Shan Road, outside Ching Fai House, Tsz Ching Estate",(Wong Tai Sin West) 慈正商場（二） Tsz Ching Shopping Centre II,"(Wong Tai Sin West) 慈雲山道，近慈正邨正明樓 Tsz Wan Shan Road, near Ching Ming House, Tsz Ching Estate","(Wong Tai Sin West) 慈雲山道，近樂華街遊樂場 Tsz Wan Shan Road, near Lok Wah Street Playground","(Wong Tai Sin West) 蒲崗村道，近蒲良里 Po Kong Village Road, near Po Leung Lane","(Wong Tai Sin East) 蒲崗村道，近鑽石山金塔墳場 Po Kong Village Road, near Diamond Hill Urn Cemetery","(Wong Tai Sin East) 蒲崗村道，近富山邨富仁樓 Po Kong Village Road, near Fu Yan House, Fu Shan Estate","(Wong Tai Sin East) 蒲崗村道，近瓊山苑 Po Kong Village Road, near King Shan Court","(Wong Tai Sin East) 鳳德道，近南蓮園池中國木結構建築藝術館 Fung Tak Road, near Chinese Timber Architecture Gallery, Nan Lian Garden","(Wong Tai Sin East) 鳳德道，近星河明居 A 座 Fung Tak Road, near Galaxia Tower A",(Wong Tai Sin East) 鑽石山站公共運輸交滙處 Diamond Hill Station Public Transport Interchange,"(Wong Tai Sin East) 鳳德道，鳳德邨對面 Fung Tak Road, Opposite Fung Tak Estate","(Wong Tai Sin West) 大有街，近寶城工業大廈 Tai Yau Street, near Po Shing Industrial Building",(Wong Tai Sin West) 大有街31號 Tai Yau Street No. 31,"(Wong Tai Sin West) 彝倫街，近百樂大樓 Yi Lun Street, near Pak Lok House",,,,,,,,,,,,,,,,,,,,,,,,,,,,,
57K,CMPattern_CM_GMBBus_57k_1_8863,8.5,5.790448716,Robin’s Nest,FALSE,"蕉徑路，近彭氏宗祠 Tsiu Keng Road, near Pang Temple",Robin’s Nest,上水站小巴總站 Sheung Shui Station Public Light Bus Terminus,Robin’s Nest,上水站 Sheung Shui,"(Robin’s Nest) 蕉徑路，近彭氏宗祠 Tsiu Keng Road, near Pang Temple",(Robin’s Nest) 蕉徑老圍 Tsiu Keng Lo Wai,"(Robin’s Nest) 粉錦公路，近邁爾豪園 Fan Kam Road, near Miami Crescent","(Robin’s Nest) 粉錦公路，近香港高爾夫球會 Fan Kam Road, near Hong Kong Golf Club","(Robin’s Nest) 粉錦公路，近香港高爾夫球會 Fan Kam Road, near Hong Kong Golf Club","(Robin’s Nest) 粉錦公路，近香港高爾夫球會 Fan Kam Road, near Hong Kong Golf Club",(Robin’s Nest) 丙崗 Ping Kong,"(Robin’s Nest) 寶石湖路，東慶學校外 Po Shek Wu Road, outside Tung Hing School","(Robin’s Nest) 新豐路，石湖墟郵政局 San Fung Avenue, Shek Wu Hui Post Office",(Robin’s Nest) 上水站小巴總站 Sheung Shui Station Public Light Bus Terminus,,,,,,,,,,,,,,,,,,,,,,,,,,,,,,,,,,,,,
407,CMPattern_CM_GMBBus_407_9109,11.2,10.87575002,Tsing Yi > Kwai Chung West > Kwai Chung East > Kwai Chung West,FALSE,長宏邨小巴總站 Cheung Wang Estate Minibus Terminus,Tsing Yi,"瑪嘉烈醫院路，近瑪嘉烈醫院 A，B，C，D 座 Princess Margaret Hospital Road, near Princess Margaret Hospital Blocks A, B, C, D",Kwai Chung West,瑪嘉烈醫院 Princess Margaret Hospital,(Tsing Yi) 長宏邨小巴總站 Cheung Wang Estate Minibus Terminus,(Tsing Yi) 長亨巴士總站 Cheung Hang Bus Terminus,(Tsing Yi) 長亨邨商場 Cheung Hang Estate Shopping Centre,"(Tsing Yi) 担杆山路，近中華傳道會呂明才小學 Tam Kon Shan Road, near CNEC Lui Ming Choi Primary School","(Kwai Chung West) 葵福路，晉昇工廠大廈對面 Kwai Fuk Road, Opposite Chun Shing Factory Estate","(Kwai Chung West) 葵盛圍，近葵盛西邨第十座 Kwai Shing Circuit, near Kwai Shing West Estate Block 10","(Kwai Chung West) 葵盛圍，近順德聯誼總會李兆基中學 Kwai Shing Circuit, near Shun Tak Fraternal Association Lee Shau Kee College",(Kwai Chung West) 葵聯邨聯悅樓 Luen Yuet House Kwai Luen Estate,"(Kwai Chung West) 葵盛圍，近葵盛圍遊樂場 Kwai Shing Circuit, near Kwai Shing Circuit Playground",(Kwai Chung West) 葵盛圍葵康苑 Kwai Hong Court Kwai Shing Circuit,"(Kwai Chung West) 葵盛圍，近葵盛東邨盛喜樓 Kwai Shing Circuit, near Shing Hei House, Kwai Shing East Estate",(Kwai Chung West) 新葵興花園 A 座 Block A Sun Kwai Hing Gardens,"(Kwai Chung West) 大窩口道，近新葵興花園 B 座 Tai Wo Hau Road, near Sun Kwai Hing Gardens Block B","(Kwai Chung East) 興芳路，近葵芳邨葵信樓 Hing Fong Road, near Kwai Shun House, Kwai Fong Estate","(Kwai Chung East) 興芳路，近葵芳邨葵喜樓 Hing Fong Road, near Kwai Hei House, Kwai Fong Estate",(Kwai Chung East) 葵芳站 Kwai Fong Station,"(Kwai Chung West) 荔景山路，荔景邨和景樓對面 Lai King Hill Road, Opposite Wo King House, Lai King Estate","(Kwai Chung West) 荔景山路，賢麗苑購物中心對面 Lai King Hill Road, Opposite Yin Lai Court Shopping Centre","(Kwai Chung West) 荔景山路，近亞斯理衞理小學 Lai King Hill Road, near Asbury Methodist Primary School","(Kwai Chung West) 荔景山路，張玉瓊晨輝學校對面 Lai King Hill Road, Opposite Winifred Mary Cheung Morninghope School","(Kwai Chung West) 荔景山路，近葵涌醫院 D 座 Lai King Hill Road, near Kwai Chung Hospital Block D","(Kwai Chung West) 荔景山路，近葵涌醫院 D 座 Lai King Hill Road, near Kwai Chung Hospital Block D","(Kwai Chung West) 瑪嘉烈醫院路，近瑪嘉烈醫院 A，B，C，D 座 Princess Margaret Hospital Road, near Princess Margaret Hospital Blocks A, B, C, D",,,,,,,,,,,,,,,,,,,,,,,,
18M,CMPattern_CM_GMBBus_18m_1_7792,4.3,1.684740445,Wong Tai Sin West > Wong Tai Sin East > Wong Tai Sin West > Wong Tai Sin East,FALSE,"慈雲山道，沙田坳邨和田樓外 Tsz Wan Shan Road, outside Wo Tin House, Shatin Pass Estate",Wong Tai Sin West,黃大仙站 Wong Tai Sin Station,Wong Tai Sin East,黃大仙站 Wong Tai Sin Station,"(Wong Tai Sin West) 慈雲山道，沙田坳邨和田樓外 Tsz Wan Shan Road, outside Wo Tin House, Shatin Pass Estate","(Wong Tai Sin West) 慈雲山道，中電電力站對面 Tsz Wan Shan Road, Opposite Electric Sub-Station","(Wong Tai Sin East) 沙田坳道，東華三院黃大仙醫院外 Shatin Pass Road, outside Wong Tai Sin Hospital","(Wong Tai Sin East) 沙田㘭道，近播道兒童之家 Shatin Pass Road, near Evangel Children's Home","(Wong Tai Sin West) 雅竹街，近竹園南邨趣園樓 Nga Chuk Street, near Chui Yuen House, Chuk Yuen (South) Estate","(Wong Tai Sin East) 鳴鳳街，鳳凰大樓外 Ming Fung Street, outside Fung Wong Building",(Wong Tai Sin East) 黃大仙站 Wong Tai Sin Station,,,,,,,,,,,,,,,,,,,,,,,,,,,,,,,,,,,,,,,,
75,CMPattern_CM_GMBBus_75_5890,8.2,12.61969129,Yuen Long Town Centre > Yuen Long Rural East,FALSE,"福康街，金寶樓外小巴總站 Fook Hong Street Public Light Bus Terminus, outside Kam Po Building",Yuen Long Town Centre,下灣村 Ha Wan Tsuen,Yuen Long Rural East,下灣村 Ha Wan Tsuen,"(Yuen Long Town Centre) 福康街，金寶樓外小巴總站 Fook Hong Street Public Light Bus Terminus, outside Kam Po Building",(Yuen Long Town Centre) 谷亭街 Kuk Ting Street,(Yuen Long Town Centre) 元朗站（北）公共運輸交滙處 Yuen Long Station (North) Public Transport Interchange,(Yuen Long Rural East) 東成里 Tung Shing Lei,"(Yuen Long Rural East) 青山公路－潭尾段，近元朗菜聯聯誼會有限公司天光墟蔬菜批發市場 Castle Peak Road – Tam Mi, near Yuen Long Vegetable Union Association Limited Temporary Vegetable Wholesale Market","(Yuen Long Rural East) 青山公路－潭尾段，近雅麗花園 Castle Peak Road – Tam Mi, near Elite Garden","(Yuen Long Rural East) 青山公路，近悅富豪苑 Castle Peak Road, near Merry Garden","(Yuen Long Rural East) 青山公路，近首譽 Castle Peak Road, near Meister House",(Yuen Long Rural East) 錦繡花園 Fairview Park,(Yuen Long Rural East) 牛潭尾 Ngau Tam Mei,(Yuen Long Rural East) 加州花園 Palm Springs,(Yuen Long Rural East) 米埔 Mai Po,(Yuen Long Rural East) 合盛圍 Hip Shing Wai,(Yuen Long Rural East) 新田公園 San Tin Park,"(Yuen Long Rural East) 青山公路，近新田郵政局 Castle Peak Road, near San Tin Post Office",(Yuen Long Rural East) 落馬洲（新田）公共運輸交匯處 Lok Ma Chau (San Tin) Public Transport Interchange,"(Yuen Long Rural East) 落馬洲路，近洲頭村 Lok Ma Chau Road, near Chau Tau Tsuen",(Yuen Long Rural East) 潘屋村 Pun Uk Tsuen,(Yuen Long Rural East) 下灣漁民新村 Ha Wan Fisherman Tsuen,(Yuen Long Rural East) 下灣村 Ha Wan Tsuen,,,,,,,,,,,,,,,,,,,,,,,,,,,
13,CMPattern_CM_GMBBus_13_6103,8.8,8.308379779,Kowloon City South > Yau Tsim Mong South > Kowloon City South > Kowloon City North > Kowloon City South > Kowloon City North > Wong Tai Sin West > Kowloon City North,FALSE,紅磡（紅鸞道）小巴總站 Hung Hom (Hung Luen Road) GMB Terminus,Kowloon City South,"廣播道，雅麗園 B 座外 Broadcast Drive, outside Block B, Alice Court",Kowloon City North,九龍塘廣播道 Kowloon Tong (Broadcast Drive),(Kowloon City South) 紅磡（紅鸞道）小巴總站 Hung Hom (Hung Luen Road) GMB Terminus,(Kowloon City South) 愛景街近海濱南岸 Oi King Street near Harbour Place,(Yau Tsim Mong South) 海灣軒 Harbourfront Horizon,(Yau Tsim Mong South) 紅樂道近仁勇街 Hung Lok Road near Yan Yung Street,(Kowloon City South) 紅荔道半島豪庭 Hung Lai Road outside Royal Peninsular,(Kowloon City South) 德民街 Tak Man Street,(Kowloon City South) 寶其利街 Bulkeley Street,"(Kowloon City South) 蕪湖街，紅磡大廈外 Wuhu Street, outside Hung Hom Mansion",(Kowloon City South) 馬頭圍道20號 No. 20 Ma Tau Wai Road,(Kowloon City South) 馬頭圍道60號 No. 60 Ma Tau Wai Road,(Kowloon City South) 馬頭圍道北拱街後 Ma Tau Wai Road After Junction With Pak Kung Street,(Kowloon City North) 石塘街 Shek Tong Street,"(Kowloon City North) 土瓜灣道，唯一大廈外 To Kwa Wan Road, outside Wearbest Building",(Kowloon City North) 落山道 Lok Shan Road,(Kowloon City North) 馬坑涌道 Ma Hang Chung Road,(Kowloon City North) 天光道 Tin Kwong Road,(Kowloon City South) 天光道近農圃道 Tin Kwong Road near Farm Road,"(Kowloon City North) 亞皆老街，香港眼科醫院外 Argyle Street, outside Hong Kong Eye Hospital","(Kowloon City North) 露明道，近聖德肋撒醫院 Lomond Road, near St. Teresa's Hospital","(Kowloon City North) 聯合道，民生商業大廈對面 Junction Road, Opposite Man Sang Commercial Building",(Kowloon City North) 聯合道9487號電燈柱 Junction Road at Lamp Post No. K9487,(Kowloon City North) 聯合道8917號電燈柱 Junction Road at Lamp Post No. K8917,(Kowloon City North) 聯合道近賈炳達道 Junction Road near Carpenter Road,(Kowloon City North) 延文禮士道 Inverness Road,"(Wong Tai Sin West) 聯合道，近樂富邨樂民樓 Junction Road, near Lok Man House, Lok Fu Estate","(Wong Tai Sin West) 橫頭磡東道樂富站外 Wang Tau Hom East Road, outside Wang Tak House, Wang Tau Hom Estate",,,,,,,,,,,,,,,,,,,,,
33M,CMPattern_CM_GMBBus_33m_1_7687,4.8,3.352067906,Wong Tai Sin East > Wong Tai Sin West > Wong Tai Sin East,FALSE,黃大仙站小巴總站 Wong Tai Sin Station Minibus Terminus,Wong Tai Sin East,"豐盛街，海港花園外 Fung Shing Street, outside Hill Top Gardens",Wong Tai Sin East,海港花園 Hilltop Gardens,(Wong Tai Sin East) 黃大仙站小巴總站 Wong Tai Sin Station Minibus Terminus,"(Wong Tai Sin East) 東頭村道，近黃大仙下邨（二區）龍智樓 Tung Tau Tsuen Road, near Lung Chi House, Lower Wong Tai Sin (II) Estate, Lower Wong Tai Sin Estate","(Wong Tai Sin East) 沙田坳道近親仁街交界 Shatin Pass Road, near Chun Yan Street","(Wong Tai Sin East) 蒲崗村道，富祐大廈外 Po Kong Village Road, outside Fu Yau Building","(Wong Tai Sin West) 蒲崗村道，近慈樂邨（三期）樂滿樓 Po Kong Village Road, near Lok Moon House, Tsz Lok Estate Phase 3","(Wong Tai Sin West) 蒲崗村道，近蒲英里 Po Kong Village Road, near Po Ying Lane","(Wong Tai Sin West) 蒲崗村道，近慈雲山巴士總站休憩處 Po Kong Village Road, near Tsz Wan Shan Bus Terminus Sitting-Out Area","(Wong Tai Sin West) 蒲崗村道，近蒲良里 Po Kong Village Road, near Po Leung Lane","(Wong Tai Sin East) 蒲崗村道，近鑽石山金塔墳場 Po Kong Village Road, near Diamond Hill Urn Cemetery","(Wong Tai Sin East) 豐盛街，近蒲崗村道 Fung Shing Street, near Po Kong Village Road","(Wong Tai Sin East) 豐盛街，近瓊山苑瓊碧閣 Fung Shing Street, near King Pik House, King Shan Court","(Wong Tai Sin East) 豐盛街，海港花園外 Fung Shing Street, outside Hill Top Gardens",,,,,,,,,,,,,,,,,,,,,,,,,,,,,,,,,,,
18M,CMPattern_CM_GMBBus_18m_1_7791,4.3,1.275929989,Wong Tai Sin East > Wong Tai Sin West,FALSE,黃大仙站 Wong Tai Sin Station,Wong Tai Sin East,"慈雲山道，沙田坳邨和田樓外 Tsz Wan Shan Road, outside Wo Tin House, Shatin Pass Estate",Wong Tai Sin West,慈雲山北 Tsz Wan Shan (North),(Wong Tai Sin East) 黃大仙站 Wong Tai Sin Station,"(Wong Tai Sin West) 雅竹街，近竹園南邨趣園樓 Nga Chuk Street, near Chui Yuen House, Chuk Yuen (South) Estate","(Wong Tai Sin West) 沙田㘭道，近盈福苑 Shatin Pass Road, near Ying Fuk Court",(Wong Tai Sin West) 法藏寺 Fat Chong Temple,"(Wong Tai Sin West) 慈雲山道，沙田坳邨和田樓外 Tsz Wan Shan Road, outside Wo Tin House, Shatin Pass Estate",,,,,,,,,,,,,,,,,,,,,,,,,,,,,,,,,,,,,,,,,,
75,CMPattern_CM_GMBBus_75_5891,8.2,13.15596215,Yuen Long Rural East > Yuen Long Town Centre,FALSE,下灣村 Ha Wan Tsuen,Yuen Long Rural East,"福康街，金寶樓外小巴總站 Fook Hong Street Public Light Bus Terminus, outside Kam Po Building",Yuen Long Town Centre,元朗福康街（經元朗西） Yuen Long (Fook Hong Street) (via Yuen Long (West)),(Yuen Long Rural East) 下灣村 Ha Wan Tsuen,(Yuen Long Rural East) 下灣漁民新村 Ha Wan Fisherman Tsuen,(Yuen Long Rural East) 潘屋村 Pun Uk Tsuen,"(Yuen Long Rural East) 落馬洲路，近洲頭村 Lok Ma Chau Road, near Chau Tau Tsuen",(Yuen Long Rural East) 落馬洲（新田）公共運輸交滙處 Lok Ma Chau (San Tin) Public Transport Interchange,(Yuen Long Rural East) 新田郵政局 San Tin Post Office,"(Yuen Long Rural East) 青山公路，近文天祥紀念公園 Castle Peak Road, near Man Tin Cheung Park",(Yuen Long Rural East) 合盛圍 Hip Shing Wai,(Yuen Long Rural East) 米埔 Mai Po,"(Yuen Long Rural East) 青山公路，近加州花園 Castle Peak Road, near Palm Springs",(Yuen Long Rural East) 牛潭尾 Ngau Tam Mei,(Yuen Long Rural East) 錦綉花園 Fairview Park,"(Yuen Long Rural East) 青山公路，近壆圍 Castle Peak Road, near Pok Wai",(Yuen Long Rural East) 紅毛橋 Hung Mo Kiu,"(Yuen Long Rural East) 青山公路，近凹頭迴旋處 Castle Peak Road, near Au Tau Interchange","(Yuen Long Rural East) 青山公路，近楊屋村 Castle Peak Road, near Yeung Uk Tsuen",(Yuen Long Town Centre) 形點 II Yoho Mall II,"(Yuen Long Town Centre) 青山公路，又新街 Castle Peak Road, Yau San Street","(Yuen Long Town Centre) 青山公路，大棠路 Castle Peak Road, Tai Tong Road","(Yuen Long Town Centre) 擊壤路巴士總站，近安達坊 Kik Yeung Road Bus Terminus, near On Tat Square","(Yuen Long Town Centre) 元朗安寧路，裕豐大樓對面 Yuen Long On Ning Road, Opposite Yue Fung Mansion","(Yuen Long Town Centre) 福康街，金寶樓外小巴總站 Fook Hong Street Public Light Bus Terminus, outside Kam Po Building",,,,,,,,,,,,,,,,,,,,,,,,,
75,CMPattern_CM_GMBBus_75_5892,8.2,12.74422194,Yuen Long Rural East > Yuen Long Town Centre,FALSE,下灣村 Ha Wan Tsuen,Yuen Long Rural East,"福康街，金寶樓外小巴總站 Fook Hong Street Public Light Bus Terminus, outside Kam Po Building",Yuen Long Town Centre,元朗福康街 Yuen Long (Fook Hong Street),(Yuen Long Rural East) 下灣村 Ha Wan Tsuen,(Yuen Long Rural East) 下灣漁民新村 Ha Wan Fisherman Tsuen,(Yuen Long Rural East) 潘屋村 Pun Uk Tsuen,"(Yuen Long Rural East) 落馬洲路，近洲頭村 Lok Ma Chau Road, near Chau Tau Tsuen",(Yuen Long Rural East) 落馬洲（新田）公共運輸交滙處 Lok Ma Chau (San Tin) Public Transport Interchange,(Yuen Long Rural East) 新田郵政局 San Tin Post Office,"(Yuen Long Rural East) 青山公路，近文天祥紀念公園 Castle Peak Road, near Man Tin Cheung Park",(Yuen Long Rural East) 合盛圍 Hip Shing Wai,(Yuen Long Rural East) 米埔 Mai Po,"(Yuen Long Rural East) 青山公路，近加州花園 Castle Peak Road, near Palm Springs",(Yuen Long Rural East) 牛潭尾 Ngau Tam Mei,(Yuen Long Rural East) 錦綉花園 Fairview Park,"(Yuen Long Rural East) 青山公路，近壆圍 Castle Peak Road, near Pok Wai",(Yuen Long Rural East) 紅毛橋 Hung Mo Kiu,"(Yuen Long Rural East) 青山公路，近凹頭迴旋處 Castle Peak Road, near Au Tau Interchange","(Yuen Long Rural East) 青山公路，近楊屋村 Castle Peak Road, near Yeung Uk Tsuen",(Yuen Long Town Centre) 形點 II Yoho Mall II,"(Yuen Long Town Centre) 福康街，金寶樓外小巴總站 Fook Hong Street Public Light Bus Terminus, outside Kam Po Building",,,,,,,,,,,,,,,,,,,,,,,,,,,,,
75,CMPattern_CM_GMBBus_75_1_5894,6,3.711899015,Yuen Long Rural East,FALSE,落馬洲支綫公共交通交滙處 Lok Ma Chau Spur Line Public Transport Interchange,Yuen Long Rural East,"青山公路，近文天祥紀念公園 Castle Peak Road, near Man Tin Cheung Park",Yuen Long Rural East,新田近新田郵政局 San Tin (near San Tin Post Office),(Yuen Long Rural East) 落馬洲支綫公共交通交滙處 Lok Ma Chau Spur Line Public Transport Interchange,(Yuen Long Rural East) 下灣村 Ha Wan Tsuen,(Yuen Long Rural East) 下灣漁民新村 Ha Wan Fisherman Tsuen,(Yuen Long Rural East) 潘屋村 Pun Uk Tsuen,"(Yuen Long Rural East) 落馬洲路，近洲頭村 Lok Ma Chau Road, near Chau Tau Tsuen",(Yuen Long Rural East) 落馬洲（新田）公共運輸交滙處 Lok Ma Chau (San Tin) Public Transport Interchange,(Yuen Long Rural East) 新田郵政局 San Tin Post Office,"(Yuen Long Rural East) 青山公路，近文天祥紀念公園 Castle Peak Road, near Man Tin Cheung Park",,,,,,,,,,,,,,,,,,,(中西區) 雲咸街藝穗會,(中西區) 皇后大道中 - 新世界大廈,(中西區) 畢打街環球大廈外,(中西區) 康樂廣場 - 交易廣場外,(中西區) 中環(中環碼頭),,,,,,,,,,,,,,,,
19,CMPattern_CM_GMBBus_19_7956,5.8,1.644800282,Wong Tai Sin East,FALSE,富山總站 Fu Shan Bus Terminus,Wong Tai Sin East,鑽石山站公共運輸交滙處 Diamond Hill Station Public Transport Interchange,Wong Tai Sin East,鑽石山站公共運輸交滙處 Diamond Hill Station Public Transport Interchange,(Wong Tai Sin East) 富山總站 Fu Shan Bus Terminus,"(Wong Tai Sin East) 蒲崗村道，近瓊山苑 Po Kong Village Road, near King Shan Court","(Wong Tai Sin East) 鳳德道，近南蓮園池中國木結構建築藝術館 Fung Tak Road, near Chinese Timber Architecture Gallery, Nan Lian Garden","(Wong Tai Sin East) 鳳德道，近星河明居 A 座 Fung Tak Road, near Galaxia Tower A",(Wong Tai Sin East) 鑽石山站公共運輸交滙處 Diamond Hill Station Public Transport Interchange,,,,,,,,,,,,,,,,,,,,,,,,,,,,,,,,,,,,,,,,,,
33M,CMPattern_CM_GMBBus_33m_5854,3.9,2.001112179,Hong Wan,TRUE,"康盛街，康怡花園 B 座外 Hong Shing Street, outside Block B Kornhill",Hong Wan,"康盛街，康怡花園 B 座外 Hong Shing Street, outside Block B Kornhill",Hong Wan,康山 - 太古站（循環綫） Kornhill - Tai Koo Station (Circular),"(Hong Wan) 康盛街，康怡花園 B 座外 Hong Shing Street, outside Block B Kornhill",(Hong Wan) 康怡花園 E 座 Block E Kornhill,(Hong Wan) 康怡花園 H 座 Block H Kornhill,(Hong Wan) 康怡花園 K 座 Block K Kornhill,(Hong Wan) 康怡花園 L 座 Block L Kornhill,"(Hong Wan) 康安街康怡廣場南座 Hong On Street, Kornhill Plaza (South)",(Hong Wan) 康怡花園 K 座 Block K Kornhill,(Hong Wan) 康怡花園 H 座 Block H Kornhill,"(Hong Wan) 康盛街，近康怡花園 F 座 Hong Shing Street, near Kornhill Block F","(Hong Wan) 康盛街，康怡花園 B 座外 Hong Shing Street, outside Block B Kornhill",,,,,,,,,,,,,,,,,,,,,,,,,,,,,,,,,,,,,
28K,CMPattern_GMBBus28K_5870,10,10.93427264,Tai Po South > Sha Tin West,FALSE,黃宜坳 Wong Yi Au,Tai Po South,帝都酒店 Royal Park Hotel,Sha Tin West,沙田白鶴汀街 Sha Tin (Pak Hok Ting Street),(Tai Po South) 黃宜坳 Wong Yi Au,(Tai Po South) 雍怡雅苑 Chateau Royale,(Tai Po South) 松濤閣 Redland Garden,(Tai Po South) 南苑 Southview Villas,(Tai Po South) 荔枝坑 Lai Chi Hang,(Tai Po South) 松仔園 Chung Tsai Yuen,(Tai Po South) 松仔園瞭望台 Chung Tsai Yuen Lookout,(Tai Po South) 鹿茵山莊 Deerhill Bay,(Tai Po South) 鹿茵山莊 Deerhill Bay,(Tai Po South) 樟樹灘 Cheung Shue Tan,(Tai Po South) 大埔尾 Tai Po Mei,(Sha Tin West) 赤泥坪村垃圾收集站 Chek Nai Ping Village Refuse Collection Point,(Sha Tin West) 赤泥坪 Chek Nai Ping,(Sha Tin West) 中文大學 Chinese University,(Sha Tin West) 崇基學院 Chung Chi College,(Sha Tin West) 九肚山路 Kau To Shan Road,(Sha Tin West) 落路下 Lok Lo Ha,"(Sha Tin West) 樂信徑，近駿景園駿景廣場 Lok Shun Path, near Plaza Ascot, Royal Ascot",(Sha Tin West) 樂景街，銀禧花園外 Lok King Street outside Jubilee Garden,(Sha Tin West) 火炭站 Fo Tan Station,"(Sha Tin West) 源禾路，沙田中心對面 Yuen Wo Road, Opposite Sha Tin Centre","(Sha Tin West) 担杆莆街，沙田大會堂外 Tam Kon Po Street, outside Sha Tin Town Hall",(Sha Tin West) 帝都酒店 Royal Park Hotel,,,,,,,,,,,,,,,,,,,,,,,,
407,CMPattern_CM_GMBBus_407_9110,11.1,10.79710383,Kwai Chung West > Kwai Chung East > Kwai Chung West > Tsing Yi,FALSE,"瑪嘉烈醫院路，近瑪嘉烈醫院 A，B，C，D 座 Princess Margaret Hospital Road, near Princess Margaret Hospital Blocks A, B, C, D",Kwai Chung West,長宏邨小巴總站 Cheung Wang Estate Minibus Terminus,Tsing Yi,長宏 Cheung Wang,"(Kwai Chung West) 瑪嘉烈醫院路，近瑪嘉烈醫院 A，B，C，D 座 Princess Margaret Hospital Road, near Princess Margaret Hospital Blocks A, B, C, D","(Kwai Chung West) 荔景山路，近消防處新界工程部（葵涌） Lai King Hill Road, near Fire Services Department New Territories Workshop (Kwai Chung)","(Kwai Chung West) 荔景山路西行綫，近葵涌醫院路 Lai King Hill Road Westbound, near Kwai Chung Hospital Road","(Kwai Chung West) 荔景山路，張玉瓊晨輝學校外 Lai King Hill Road, outside Winifred Mary Cheung Morninghope School","(Kwai Chung West) 荔景山路，近救世軍荔景院 C 座 Lai King Hill Road, near Salvation Army Lai King Home Block C","(Kwai Chung West) 荔景山路，荔景邨安景樓外 Lai King Hill Road, outside On King House, Lai King Estate","(Kwai Chung West) 荔景山路，荔景站外 Lai King Hill Road, outside Lai King Station","(Kwai Chung West) 荔景山路，日景樓外 Lai King Hill Road, outside Yat King House","(Kwai Chung West) 荔景山路，和景樓外 Lai King Hill Road, outside Wo King House","(Kwai Chung West) 荔景山路，荔景天主教中學外 Lai King Hill Road, outside Lai King Catholic Secondary School","(Kwai Chung East) 葵富路，近新葵芳花園 E 座 Kwai Foo Road, near New Kwai Fong Gardens Block E",(Kwai Chung East) 智芳街 Che Fong Street,"(Kwai Chung West) 興芳路，近林士德體育館 Hing Fong Road, near Osman Ramju Sadick Memorial Sports Centre","(Kwai Chung West) 大窩口道，近葵康苑葵明閣 Tai Wo Hau Road, near Kwai Ming House, Kwai Hong Court","(Kwai Chung West) 大窩口道，近葵康苑葵逸閣 Tai Wo Hau Road, near Kwai Yat House, Kwai Hong Court","(Kwai Chung West) 葵盛圍，近葵康苑葵逸閣 Kwai Shing Circuit, near Kwai Yat House, Kwai Hong Court",(Kwai Chung West) 葵盛東邨盛樂樓 Shing Lok House Kwai Shing East Estate,(Kwai Chung West) 葵聯邨聯悅樓 Luen Yuet House Kwai Luen Estate,"(Kwai Chung West) 葵盛圍，近南葵涌賽馬會分科診療所 Kwai Shing Circuit, near South Kwai Chung Jockey Club Polyclinic","(Kwai Chung West) 葵盛圍，近葵盛游泳池香港 ISSF 氣槍射擊中心 Kwai Shing Circuit, near Hong Kong ISSF Air Gun Shooting Centre, Kwai Shing Swimming Pool","(Kwai Chung West) 葵福路，晉昇工廠大廈外 Kwai Fuk Road, outside Chun Shing Factory Estate","(Tsing Yi) 担杆山路，近中華傳道會呂明才小學 Tam Kon Shan Road, near CNEC Lui Ming Choi Primary School","(Tsing Yi) 寮肚路，長亨邨商場對面 Liu To Road, Opposite Cheung Hang Commercial Centre","(Tsing Yi) 寮肚路，近青衣北下食水配水庫 Liu To Road, near Tsing Yi North Low Level Fresh Water Service Reservoir",(Tsing Yi) 長宏邨小巴總站 Cheung Wang Estate Minibus Terminus,,,,,,,,,,,,,,,,,,,,,,
89B,CMPattern_CM_GMBBus_89b_6065,5.8,11.3986072,Kwun Tong North > Kowloon City North > Kwun Tong West,FALSE,"安茵街，近智泰樓 On Yan Street, near Chi Tai House",Kwun Tong North,常怡道 Sheung Yee Road,Kwun Tong West,九龍灣零碳天地 Kowloon Bay (Zero Carbon Building),"(Kwun Tong North) 安茵街，近智泰樓 On Yan Street, near Chi Tai House","(Kwun Tong North) 安秀道，安泰邨錦泰樓對面 On Sau Road, Opposite Kam Tai House","(Kwun Tong North) 安秀道，安達邨愛達樓出面 On Sau Road, near Oi Tat House","(Kwun Tong North) 安秀道，安達邨正達樓出面 On Chui Street, outside Ching Tat House","(Kwun Tong North) 寶琳路，寶達邨外 Po Lam Road, outside Po Tat Estate","(Kwun Tong North) 秀茂坪道，秀程樓外 Sau Mau Ping Road, outside Sau Ching House","(Kwun Tong North) 秀茂坪道，秀義樓外 Sau Mau Ping Road, outside Sau Yee House",(Kwun Tong North) 秀明道，秀明道公園對面 Sau Ming Road Opposite To Sau Ming Road Park,"(Kwun Tong North) 秀明道，秀茂坪邨秀康樓外 Sau Ming Road, outside Sau Hong House, Sau Mau Ping Estate",(Kwun Tong North) 秀明道基督教聖約教會堅樂小學外 The Mission Covenant Church Holm Glad Primary School,"(Kwun Tong North) 秀明道，秀茂坪商場外 Sau Ming Road, outside Sau Mau Ping Shopping Centre",(Kwun Tong North) 秀茂坪邨秀和樓 Sau Wo House Sau Mau Ping Estate,(Kwun Tong North) 秀明道路德會聖馬太小學外 St Matthew's Lutheran School,"(Kwun Tong North) 秀明道，觀塘官立小學對面 Sau Ming Road, Opposite Kwun Tong Government Primary School","(Kwun Tong North) 曉光街，秀茂坪南邨外 Hiu Kwong Street, outside Sau Mau Ping South Estate",(Kowloon City North) 啟福道 Kai Fuk Road,(Kwun Tong West) 啟祥道東行近機電工程署總部 Kai Cheung Road Eastbound near EMSD Headquarters,"(Kwun Tong West) 臨華街，臨華街遊樂場對面 Lam Wah Street, Opposite Lam Wah Street Playground","(Kwun Tong West) 常悅道，企業廣場對面 Sheung Yuet Road, Opposite Enterprise Square",(Kwun Tong West) 常怡道 Sheung Yee Road,,,,,,,(大埔區) 汀角路 - 龍尾,(大埔區) 汀角路 - 船灣郊野公園,(大埔區) 新娘潭路 - 涌背燒烤場,(大埔區) 新娘潭路 - 涌美燒烤場,(北區) 新娘潭路 - 新娘潭,(北區) 烏蛟騰,,,,,,,,,,,,,,,
61M,CMPattern_CM_GMBBus_61m_1_8019,5,1.321193816,Sha Tin South,FALSE,"龍柏街，近世界花園龍柏閣 Lung Pak Street, near Cypress Court, World-Wide Gardens",Sha Tin South,大圍站公共運輸交滙處 Tai Wai Station Public Transport Interchange,Sha Tin South,大圍站 Tai Wai Station,"(Sha Tin South) 龍柏街，近世界花園龍柏閣 Lung Pak Street, near Cypress Court, World-Wide Gardens",(Sha Tin South) 大圍站公共運輸交滙處 Tai Wai Station Public Transport Interchange,,,,,,,,,,,,,,,,,,,,,,,,,,,,,,,,,,,,,,,,,,,,,
61M,CMPattern_CM_GMBBus_61m_1_8020,5,1.244165517,Sha Tin South,FALSE,大圍站公共運輸交滙處 Tai Wai Station Public Transport Interchange,Sha Tin South,"龍柏街，近世界花園龍柏閣 Lung Pak Street, near Cypress Court, World-Wide Gardens",Sha Tin South,世界花園 Worldwide Garden,(Sha Tin South) 大圍站公共運輸交滙處 Tai Wai Station Public Transport Interchange,"(Sha Tin South) 龍柏街，近世界花園龍柏閣 Lung Pak Street, near Cypress Court, World-Wide Gardens",,,,,,,,,,,,,,,,,,,,,,,,,,,,,,,,,,,,,,,,,,,,,
5M,CMPattern_CM_GMBBus_5m_6167,4.9,0.988628182,Southern District Southeast,FALSE,黃竹坑站 Wong Chuk Hang Station,Southern District Southeast,葛量洪醫院 Grantham Hospital,Southern District Southeast,葛量洪醫院 Grantham Hospital,(Southern District Southeast) 黃竹坑站 Wong Chuk Hang Station,(Southern District Southeast) 葛量洪醫院 Grantham Hospital,,,,,,,,,,,,,,,,,,,,,,,,,,,,,,,,,,,,,,,,,,,,,
5M,CMPattern_CM_GMBBus_5m_6168,4.9,1.239149056,Southern District Southeast,FALSE,葛量洪醫院 Grantham Hospital,Southern District Southeast,黃竹坑站 Wong Chuk Hang Station,Southern District Southeast,黃竹坑站 Wong Chuk Hang Station,(Southern District Southeast) 葛量洪醫院 Grantham Hospital,(Southern District Southeast) 黃竹坑站 Wong Chuk Hang Station,,,,,,,,,,,,,,,,,,,,,,,,,,,,,,,,,,,,,,,,,,,,,
31,CMPattern_CM_GMBBus_31_6327,12.4,13.47876384,Southern District Northwest > Western > Central > Western > Central > Wan Chai,FALSE,田灣邨小巴總站 Tin Wan Estate Minibus Terminus,Southern District Northwest,"謝斐道，波斯富街 Jaffe Road, Percival Street",Wan Chai,銅鑼灣謝斐道 Causeway Bay (Jaffe Road),(Southern District Northwest) 田灣邨小巴總站 Tin Wan Estate Minibus Terminus,(Southern District Northwest) 耀中幼教學院 Yew Chung College of Early Childhood Education,(Southern District Northwest) 華林徑 Wah Lam Path,"(Southern District Northwest) 華景街，近華富（二）邨華景樓 Wah King Street, near Wah King House, Wah Fu (II) Estate","(Southern District Northwest) 華景街，華翠樓外 Wah King Street, outside Wah Chui House",(Southern District Northwest) 華富邨華生樓 Wah Sang House Wah Fu Estate,"(Southern District Northwest) 華富道，近華富（二）邨華泰樓 Wah Fu Road, near Wah Tai House, Wah Fu (II) Estate",(Southern District Northwest) 華富邨華安樓 Wah On House Wah Fu Estate,"(Southern District Northwest) 薄扶林道，近華富食水配水庫水務署華富海水抽水站 Pok Fu Lam Road, near Water Supplies Department Wah Fu Salt Water Pumping Station, Wah Fu Fresh Water Service Reservoir",(Southern District Northwest) 薄扶林村 Pok Fu Lam Village,"(Southern District Northwest) 薄扶林道141號 Pok Fu Lam Road, House No. 141",(Southern District Northwest) 嘉林閣 Woodbury Court,"(Southern District Northwest) 薄扶林道，心光學校 Ebenezer School, Pok Fu Lam Road","(Southern District Northwest) 薄扶林道，瑪麗醫院對面 Pok Fu Lam Road, Opposite Queen Mary Hospital","(Southern District Northwest) 薄扶林道，啟明寺 Pok Fu Lam Road, Kai Ming Temple","(Western) 薄扶林道，近薄扶林道遊樂場 Pok Fu Lam Road, near Pokfulam Road Playground","(Western) 薄扶林道，蒲飛路 Pok Fu Lam Road, Pokfield Road","(Central) 薄扶林道，寶翠園 Pok Fu Lam Road, Belcher Gardens",(Central) 薄扶林道山道天橋以西巴士停車處西端 Pok Fu Lam Road Western End of Bus Bay West of Hill Road Flyover,(Western) 般咸道71號 No. 71 Bonham Road,"(Western) 般咸道，香港大學 Bonham Road, Hong Kong University",(Western) 英皇書院 King's College,(Western) 寧養台 Ning Yeung Terrace,"(Western) 般咸道，近西營盤站 C 出口 Bonham Road, near Sai Ying Pun Station Exit C","(Central) 般咸道，高街 Bonham Road, High Street","(Central) 般咸道，醫院道 Bonham Road, Hospital Road",,,,,,,,,,,,,,,,,,,,,
2,CMPattern_CM_GMBBus_2_2_8483,5.9,2.48944675,Sai Kung and Hang Hau,FALSE,北港 Pak Kong,Sai Kung and Hang Hau,"福民路小巴總站，經華樓外 Fuk Man Road Public Light Bus Terminus, outside King Wah Building",Sai Kung and Hang Hau,西貢 Sai Kung,(Sai Kung and Hang Hau) 北港 Pak Kong,(Sai Kung and Hang Hau) 菠蘿輋 Po Lo Che,(Sai Kung and Hang Hau) 翠塘花園 Lake Side Garden,(Sai Kung and Hang Hau) 西貢大會堂 Sai Kung Town Hall,"(Sai Kung and Hang Hau) 福民路小巴總站，經華樓外 Fuk Man Road Public Light Bus Terminus, outside King Wah Building",,,,,,,,,,,,,,,,,,,,,,,,,,,,,,,,,,,,,,,,,,
16,CMPattern_CM_GMBBus_16_7897,3.8,2.853326936,Wong Tai Sin East > Kwun Tong West > Wong Tai Sin East,TRUE,"牛池灣街，近彩輝邨彩葉樓 Ngau Chi Wan Street, near Choi Yip House, Choi Fai Estate",Wong Tai Sin East,"牛池灣街，近彩輝邨彩葉樓 Ngau Chi Wan Street, near Choi Yip House, Choi Fai Estate",Wong Tai Sin East,扎山道彩雲邨 - 坪石邨（循環綫） Jat's Incline (Choi Wan Estate) - Ping Shek Estate (Circular),"(Wong Tai Sin East) 牛池灣街，近彩輝邨彩葉樓 Ngau Chi Wan Street, near Choi Yip House, Choi Fai Estate","(Wong Tai Sin East) 清水灣道，彩雲商場2期 B 對出 Clear Water Bay Road, outside Choi Wan Commercial Complex Phase IIB","(Kwun Tong West) 清水灣道，近坪石邨鑽石樓 Clear Water Bay Road, near Tsuen Shek House, Ping Shek Estate","(Wong Tai Sin East) 清水灣道，彩雲商場 Clear Water Bay Road, outside Choi Wan Commercial Complex","(Wong Tai Sin East) 牛池灣街，近彩雲邨彩雲（二）邨玉宇樓 Ngau Chi Wan Street, near Yok Yu House, Choi Wan (II) Estate, Choi Wan Estate",(Wong Tai Sin East) 彩雲邨豐澤樓 Fung Chak House Choi Wan Estate,"(Wong Tai Sin East) 牛池灣街，近彩輝邨彩葉樓 Ngau Chi Wan Street, near Choi Yip House, Choi Fai Estate",,,,,,,,,,,,,,,,,,,,,,,,,,,,,,,,,,,,,,,,
52K,CMPattern_CM_GMBBus_52k_6084,6.6,2.232030687,Wu Tip Shan,FALSE,和滿街小巴總站 Wo Mun Street Public Light Bus Terminus,Wu Tip Shan,粉嶺站專綫小巴總站 Public Light Bus (Scheduled) Service Terminus at Fanling Station,Wu Tip Shan,粉嶺站 Fanling Station,(Wu Tip Shan) 和滿街小巴總站 Wo Mun Street Public Light Bus Terminus,"(Wu Tip Shan) 聯和道，聯和墟街市外 Luen Wo Road, outside Luen Wo Hui Market","(Wu Tip Shan) 新運路，祥華邨祥頌樓外 San Wan Road, outside Cheung Chung House, Cheung Wah Estate",(Wu Tip Shan) 粉嶺站專綫小巴總站 Public Light Bus (Scheduled) Service Terminus at Fanling Station,,,,,,,,,,,,,,,,,,,,,,,,,,,,,,,,,,,,,,,,,,,
52K,CMPattern_CM_GMBBus_52k_6082,6.2,5.398278603,Wu Tip Shan,FALSE,軍地（北） Kwan Tei (North),Wu Tip Shan,粉嶺站專綫小巴總站 Public Light Bus (Scheduled) Service Terminus at Fanling Station,Wu Tip Shan,粉嶺站 Fanling Station,(Wu Tip Shan) 軍地（北） Kwan Tei (North),(Wu Tip Shan) 沙頭角路近軍地 Sha Tau Kok Road near Kwan Tei,(Wu Tip Shan) 新圍軍營 San Wai Barracks,"(Wu Tip Shan) 新屋村／覲龍圍，沙頭角公路 San Uk Tsuen / Kan Lung Wai, Sha Tau Kok Road",(Wu Tip Shan) 御庭軒 Grand Regentville,"(Wu Tip Shan) 聯和道，聯和墟街市外 Luen Wo Road, outside Luen Wo Hui Market","(Wu Tip Shan) 新運路，祥華邨祥頌樓外 San Wan Road, outside Cheung Chung House, Cheung Wah Estate",(Wu Tip Shan) 粉嶺站專綫小巴總站 Public Light Bus (Scheduled) Service Terminus at Fanling Station,,,,,,,,,,,,,,,,,,,(觀塘區) 安田街 - 近平田邨平真樓,(觀塘區) 平田公共運輸交匯處,,,,,,,,,,,,,,,,,,,
52K,CMPattern_CM_GMBBus_52k_6083,6.6,1.664886754,Wu Tip Shan,FALSE,粉嶺站專綫小巴總站 Public Light Bus (Scheduled) Service Terminus at Fanling Station,Wu Tip Shan,和滿街小巴總站 Wo Mun Street Public Light Bus Terminus,Wu Tip Shan,聯和墟 Luen Wo Hui,(Wu Tip Shan) 粉嶺站專綫小巴總站 Public Light Bus (Scheduled) Service Terminus at Fanling Station,(Wu Tip Shan) 和滿街小巴總站 Wo Mun Street Public Light Bus Terminus,,,,,,,,,,,,,,,,,,,,,,,,,,,,,,,,,,,,,,,,,,,,,
23K,CMPattern_CM_GMBBus_23k_8727,5.7,1.101788529,Tai Po South,FALSE,"達運道，荔枝山 Tat Wan Road, Lai Chi Shan",Tai Po South,大埔墟站專綫小巴總站 Tai Po Market Station Minibus Terminus,Tai Po South,大埔墟 Tai Po Market,"(Tai Po South) 達運道，荔枝山 Tat Wan Road, Lai Chi Shan",(Tai Po South) 大埔墟站專綫小巴總站 Tai Po Market Station Minibus Terminus,,,,,,,,,,,,,,,,,,,,,,,,,() 汀角路 - 犁壁山,() 汀角路 - 布心排,(大埔區) 汀角路 - 散頭角,(大埔區) 汀角路 - 近洞梓路,(大埔區) 汀角路 - 詹屋,(大埔區) 汀角路 - 近三門仔路,(大埔區) 汀角路 - 雅景花園,(大埔區) 汀角路 - 近露輝路,(大埔區) 汀角路 - 近大埔工業邨,(大埔區) 汀角路 - 下坑,(大埔區) 汀角路 - 近鳳園路,(大埔區) 汀角路 - 近漁角,(大埔區) 汀角路西行 - 近救恩書院的巴士停車灣,(大埔區) 汀角路 - 怡雅苑,(大埔區) 汀角路 - 大元邨,(大埔區) 汀角路 - 南亞路德會沐恩中學,(大埔區) 安祥路 -近大埔文娛中心,(大埔區) 寶鄉街 - 近寶鄉橋,(大埔區) 廣福道73號,(大埔區) 運頭街 - 運頭坊,
39,CMPattern_CM_GMBBus_39_8756,7.2,5.01674084,Yuen Long Rural East > Yuen Long Town Centre,FALSE,"公庵路，近培康居 Kung Um Road, near Pui Hong Kui",Yuen Long Rural East,元朗（鳳翔路）總站 Yuen Long (Fung Cheung Road) Bus Terminus,Yuen Long Town Centre,元朗鳳翔路 Yuen Long (Fung Cheung Road),"(Yuen Long Rural East) 公庵路，近培康居 Kung Um Road, near Pui Hong Kui",(Yuen Long Rural East) 公庵居民信箱 Kung Um Resident Letter Box,(Yuen Long Rural East) 白沙村第三段 Pak Sha Tsuen Section 3,(Yuen Long Rural East) 白沙村第二段 Pak Sha Tsuen Section 2,(Yuen Long Rural East) 凱巒 Regent's Park,(Yuen Long Rural East) 白沙村劉屋 Pak Sha Tsuen Lau Uk,(Yuen Long Rural East) 大發村 Tai Fat Tsuen,"(Yuen Long Rural East) 公庵路，近振輝花園 Kung Um Road, near Chun Fai Garden","(Yuen Long Rural East) 公庵路，近新美花園 Kung Um Road, near Sun Mei Garden",(Yuen Long Rural East) 田寮村 Tin Liu Tsuen,"(Yuen Long Town Centre) 公庵路，近溱柏 Kung Um Road, near Park Signature","(Yuen Long Town Centre) 十八鄉路，近原築 Shap Pat Heung Road, near La Grove","(Yuen Long Town Centre) 十八鄉路，近溱柏第十座 Shap Pat Heung Road, near Park Signature Tower 10","(Yuen Long Town Centre) 元朗體育路，近銀田花園 Yuen Long Tai Yuk Road, near Silver Field Garden",(Yuen Long Town Centre) 朗景臺 Crystal Park,"(Yuen Long Town Centre) 馬田路，近紫荊樓（第一期） Ma Tin Road, near Chi King House (Stage I)","(Yuen Long Town Centre) 教育路，近百宜樓 Kau Yuk Road, near Pak Yee Building",(Yuen Long Town Centre) 合財街 Hop Choi Street,(Yuen Long Town Centre) 又新街 Yau San Street,(Yuen Long Town Centre) 元朗（鳳翔路）總站 Yuen Long (Fung Cheung Road) Bus Terminus,,,,,,,,,,,,,,,,,,,,,,,,,,,
808,CMPattern_GMBBus808_10119,8.7,10.06162903,Sha Tin East > Sha Tin North,FALSE,威爾斯親王醫院 Prince of Wales Hospital,Sha Tin East,錦英苑巴士總站 Kam Ying Court Bus Terminus,Sha Tin North,錦英苑 Kam Ying Court,(Sha Tin East) 威爾斯親王醫院 Prince of Wales Hospital,"(Sha Tin East) 插桅杆街，第一城站外 Chap Wai Kon Street, outside City One Station",(Sha Tin East) 愉翠苑 Yu Chui Court,"(Sha Tin East) 牛皮沙街，牛皮沙村外 Ngau Pei Sha Street, outside Ngau Pei Sha Village","(Sha Tin East) 廣善街，近香港恒生大學 Kwong Sin Street, near The Hang Seng University of Hong Kong","(Sha Tin East) 廣善街，廣源邨廣榕樓對面 Kwong Sin Street, Opposite Banyan House, Kwong Yuen Estate","(Sha Tin East) 小瀝源路西行綫，近培基書院 Siu Lei Yuen Road Westbound, near Pooi Kei College","(Sha Tin East) 亞公角街北行綫，沙田醫院對面 A Kung Kok Street Northbound, Opposite Shatin Hospital","(Sha Tin East) 亞公角街，漁民新村對面 A Kung Kok Street, Opposite Fishermen Village","(Sha Tin East) 亞公角街，近富安花園 A Kung Kok Street, near Chevalier Garden",(Sha Tin North) 恒康街恒安邨外的巴士站 Hang Hong Street at The Bus Stop outside Heng On Estate,"(Sha Tin North) 恒康街，耀安邨巴士總站對面 Hang Hong Street, Opposite Yiu On Estate Bus Terminus","(Sha Tin North) 恒康街，近馬鞍山運動場 Hang Hong Street, near Ma On Shan Sports Ground","(Sha Tin North) 西沙路，頌安邨頌和樓外 Sai Sha Road, outside Chung Wo House, Chung On Estate","(Sha Tin North) 西沙路，馬鞍山廣場外 Sai Sha Road, outside Ma On Shan Plaza","(Sha Tin North) 西沙路，雅典居外 Sai Sha Road, outside Villa Athena","(Sha Tin North) 錦英路，錦龍苑外 Kam Ying Road, outside Kam Lung Court","(Sha Tin North) 錦英路，富寶花園對面 Kam Ying Road, Opposite Saddle Ridge Garden",(Sha Tin North) 錦英苑巴士總站 Kam Ying Court Bus Terminus,,,,,,,,,,,,,,,,,,,,,,,,,,,,
1,CMPattern_CM_GMBBus_1_7501,11.8,7.740216222,Central,FALSE,加列山道（明德醫院外） Mount Kellett Road (outside Matilda Hospital),Central,香港站小巴總站 Hong Kong Station Minibus Terminus,Central,中環香港站公共運輸交滙處 Central (Hong Kong Station Public Transport Interchange),(Central) 加列山道（明德醫院外） Mount Kellett Road (outside Matilda Hospital),(Central) 加列山道44號 44 Mount Kellett Road,(Central) 加列山道 Mount Kellett Road,(Central) 山頂警署 The Peak Police Station,"(Central) 山頂道，近山頂道五十六號 B Peak Road, near 56 Peak Road B",(Central) 白加道 Barker Road,(Central) 馬己仙峽道17號 17 Magazine Gap Road,(Central) 嘉慧園 Grenville House,(Central) 蒲魯賢徑 Brewin Path,(Central) 律政中心 Justice Place,(Central) 前港中醫院 Former Hong Kong Central Hospital,"(Central) 雪廠街，近印刷行 Ice House Street, near Printing House","(Central) 畢打街，近中環站 D1 出口 Pedder Street, near Central Station Exit D1","(Central) 康樂廣場，交易廣場外 Connaught Place, outside Exchange Square",(Central) 香港站小巴總站 Hong Kong Station Minibus Terminus,,,,,,,,,,,,,,,,,,,,,,,,,,,,,,,,
72,CMPattern_CM_GMBBus_72_8437,7.5,5.674541612,Wong Tai Sin East > Wong Tai Sin West > Kowloon City North > Sham Shui Po East,FALSE,宏景花園小巴總站 Grand View Garden Minibus Terminus,Wong Tai Sin East,"達之路，又一城地面 Tat Chee Avenue, Ground Floor of The Festival Walk",Sham Shui Po East,又一城公共交通總站 Festival Walk Public Transport Terminus,(Wong Tai Sin East) 宏景花園小巴總站 Grand View Garden Minibus Terminus,"(Wong Tai Sin East) 斧山道，近東九龍分科診療所東九龍胸肺科診所 Hammer Hill Road, near East Kowloon Chest Clinic, East Kowloon Polyclinic","(Wong Tai Sin East) 鳳德道，近星河明居 A 座 Fung Tak Road, near Galaxia Tower A","(Wong Tai Sin East) 鳳德道，鳳德邨對面 Fung Tak Road, Opposite Fung Tak Estate","(Wong Tai Sin East) 鳳德道，近鳳德公園 Fung Tak Road, near Fung Tak Park","(Wong Tai Sin East) 鳳德道，消防局外 Fung Tak Road, outside Fire Station","(Wong Tai Sin East) 黃大仙道，近黃大仙祠意密堂 Wong Tai Sin Road, near Memorial Hall, Wong Tai Sin Temple","(Wong Tai Sin West) 雅竹街，近竹園南邨趣園樓 Nga Chuk Street, near Chui Yuen House, Chuk Yuen (South) Estate","(Wong Tai Sin West) 竹園道，竹園室內運動場對面 Chuk Yuen Road, Opposite Chuk Yuen Indoor Games Hall","(Wong Tai Sin West) 竹園道，浸信會天虹小學外 Chuk Yuen Road, outside Baptist Rainbow Primary School","(Wong Tai Sin West) 竹園道，天宏苑宏景閣外 Chuk Yuen Road, outside Wang King House, Tin Wang Court","(Wong Tai Sin West) 竹園道，近天馬苑駿威閣 Chuk Yuen Road, near Chun Wai House, Tin Ma Court",(Wong Tai Sin West) 嘉強苑 Ka Keung Court,"(Kowloon City North) 聯合道，香港浸會大學網球場外 Junction Road, outside Hong Kong Baptist University Tennis Court","(Kowloon City North) 聯合道，金城道遊樂場對面 Junction Road, Opposite Kam Shing Road Recreation Ground","(Kowloon City North) 歌和老街，樂古花園對面 Cornwall Street, Opposite Lockoo Garden","(Sham Shui Po East) 歌和老街畢架山峰對面 Cornwall Street, Opposite Cornwall Street","(Sham Shui Po East) 達之路，又一城地面 Tat Chee Avenue, Ground Floor of The Festival Walk",,,,,,,,,,,,,,,,,,,,,,,,,,,,,
16,CMPattern_CM_GMBBus_16_7898,3.8,2.51985296,Wong Tai Sin East > Kwun Tong West > Wong Tai Sin East,TRUE,銀河徑 Ngan Ho Path,Wong Tai Sin East,銀河徑 Ngan Ho Path,Wong Tai Sin East,銀河徑 - 坪石邨（循環綫） Ngan Ho Path - Ping Shek Estate (Circular),(Wong Tai Sin East) 銀河徑 Ngan Ho Path,"(Wong Tai Sin East) 清水灣道，彩雲商場2期 B 對出 Clear Water Bay Road, outside Choi Wan Commercial Complex Phase IIB","(Kwun Tong West) 清水灣道，近坪石邨鑽石樓 Clear Water Bay Road, near Tsuen Shek House, Ping Shek Estate",(Wong Tai Sin East) 銀河徑 Ngan Ho Path,,,,,,,,,,,,,,,,,,,,,,,,,,,,,,,,,,,,,,,,,,,
43M,CMPattern_GMBBus43M_5964,4.5,3.48724273,Yau Tsim Mong North > Yau Tsim Mong South,FALSE,"海泓道，海富苑外 Hoi Wang Road, outside Hoi Fu Court",Yau Tsim Mong North,"海庭道，近西九龍政府合署南座 Hoi Ting Road, near West Kowloon Government Offices South Building",Yau Tsim Mong South,西九龍政府合署 West Kowloon Government Offices,"(Yau Tsim Mong North) 海泓道，海富苑外 Hoi Wang Road, outside Hoi Fu Court","(Yau Tsim Mong South) 海泓道，富榮花園外 Hoi Wang Road, outside Charming Garden","(Yau Tsim Mong South) 砵蘭街，近油麻地站 Portland Street, near Yau Ma Tei Station","(Yau Tsim Mong South) 海庭道，近西九龍政府合署南座 Hoi Ting Road, near West Kowloon Government Offices South Building",,,,,,,,,,,,,,,,,,,,,,,,,,,,,,,,,,,,,,,,,,,
N44B,GMB,15.7,29.95005,FALSE,元朗區 -> 屯門區,落馬洲管制站,元朗區,屯門碼頭,屯門區,通宵服務,(元朗區) 落馬洲管制站,(元朗區) 過境穿梭巴士新田總站,(屯門區) 青麟路 - 兆康苑兆麗閣外,(屯門區) 青麟路 - 兆康苑兆賢閣外,(屯門區) 震寰路 - 寳怡花園第2座外,(屯門區) 鳴琴路 - 盈豐園外,(屯門區) 田景路 - 田景邨田樂樓外,(屯門區) 田景路 - 良景巴士總站外,(屯門區) 田景路 - 田景邨田裕樓外,(屯門區) 鳴琴路 - 輕鐵石排站對面,(屯門區) 石排頭路 - 德雅工業中心對面,(屯門區) 石排頭路 - 翠林花園對面,(屯門區) 震寰路 - 大興政府合署外,(屯門區) 震寰路 - 巴士廠對面,(屯門區) 震寰路 - 屯門區總部及分區警署外,(屯門區) 屯門站公共運輸交匯處,(屯門區) 屯門鄉事會路 - 近安定邨,(屯門區) 屯門鄉事會路 - 兆麟苑外,(屯門區) 海珠路 - 豐景園對面,(屯門區) 龍門路 - 富健花園外,(屯門區) 龍門路 - 新屯門中心外,(屯門區) 龍門路 - 兆山苑外,(屯門區) 湖翠路 - 蝴蝶邨蝶心樓外,(屯門區) 湖翠路 - 湖景邨湖碧樓外,(屯門區) 湖翠路 - 兆禧苑多層停車場外,(屯門區) 湖翠路 - 世界龍岡學校劉德容紀念小學外,(屯門區) 湖翠路 - 嘉智中學外,(屯門區) 屯門碼頭 (公共小巴總站 - 湖山路),,,,,,,,,,,,,,,,,,,
69,GMB,14.5,30.30766,TRUE,南區 -> 東區 -> 南區,數碼港,南區,鰂魚涌(船塢里)(循環線),南區,None,(南區) 數碼港公共運輸交匯處,(南區) 數碼港道 - 資訊道,(南區) 數碼港道 - 數碼港3座對面,(南區) 數碼港道 - 貝沙灣1期對面,(南區) 數碼港道 - 貝沙灣南灣,(南區) 域多利道 - 近免疫學研究院,(南區) 石排灣道 - 萬景樓外,(南區) 石排灣道 - 田灣街,(南區) 香港仔海傍道 - 香港仔巴士總站外,(南區) 香港仔大道48-50號 - 業漁大樓外,(南區) 黃竹坑道 - 業勤街,(南區) 黃竹坑道 - 甄沾記大廈,(南區) 黃竹坑道 - 英基工業中心,(南區) 香港仔隧道收費廣場,(東區) 渣華道 - 渣華道市政大廈,(東區) 渣華道 - 柯達大廈外,(東區) 英皇道943-947號,(東區) 英皇道 - 太古坊外,(東區) 英皇道 - 新威園外,(東區) 英皇道 - 惠安苑,(東區) 船塢里 - 東達中心外,(東區) 船塢里 - 富通中心外,(東區) 英皇道1018-1024號,(東區) 英皇道 - 康橋大廈對面,(東區) 英皇道 - 北角官立小學外,(東區) 英皇道 - 模範邨,(東區) 英皇道677號外,(東區) 英皇道 - 近健威花園,(東區) 英皇道 - 港運城,(東區) 英皇道 - 明園西街,(東區) 英皇道 - 新時代廣場外,(東區) 英皇道 - 近炮臺山站入口,(東區) 英皇道 - 近水星街,(南區) 黃竹坑道 - 黃竹坑遊樂場外,(南區) 黃竹坑道 - 南朗山道,(南區) 香港仔海傍道 - 逸港居外,(南區) 香港仔海傍道 - 香港仔海濱公園外,(南區) 珍寶碼頭 - 香港仔海傍道,(南區) 田灣街 - 香港仔海傍道,(南區) 域多利道 - 近免疫學研究院,(南區) 數碼港道 - 貝沙灣南灣,(南區) 數碼港道 - 貝沙灣1期,(南區) 數碼港公共運輸交匯處,,,,
79S,GMB,12.7,3.296332,FALSE,元朗區,天水圍 (俊宏軒),元朗區,落馬洲管制站,元朗區,None,(元朗區) 天水圍北(俊宏軒)小巴總站,(元朗區) 天瑞路 - 近天逸邨逸潭樓,(元朗區) 天秀路 - 近東華三院天秀墟,(元朗區) 天秀路 - 天晴邨晴碧樓對面,(元朗區) 天葵路 - 近香港青年協會李兆基書院,(元朗區) 天葵路 - 近嘉湖山莊美湖居激活幼稚園,(元朗區) 天葵路 - 近龍園,(元朗區) 嘉恩街 - 近天水圍公園,(元朗區) 天華路 - 近天頌苑頌棋閣,(元朗區) 天瑞路 - 天瑞商場對面,(元朗區) 天瑞路 - 天水圍公園外,(元朗區) 天湖路 - 耀盛樓外,(元朗區) 天耀路 - 耀民樓外,(元朗區) 天福路 - 近天耀邨耀逸樓,(元朗區) 朗屏邨巴士總站,(元朗區) 元朗安寧路 - 近香港盲人輔導會賽馬會欣康樓,(元朗區) 青山公路－元朗段 - 近喜利大廈,(元朗區) 青山公路－元朗段 - 近金豪大廈,(元朗區) 東頭村,(元朗區) 落馬洲管制站,,,,,,,,,,,,,,,,,,,,,,,,,,,
61M,GMB,10.5,5.519664,FALSE,沙田區 -> 九龍城區,世界花園,沙田區,九龍塘(沙福道)公共交通交匯處,九龍城區,None,(沙田區) 龍柏街 - 世界花園龍柏閣外,(九龍城區) 九龍塘(沙福道)公共運輸交匯處,,,,,,,,,,,,,,,,,,,,,,,,,,,,,,,,,,,,,,,,,,,,,
807S,GMB,9.3,9.139445,FALSE,沙田區 -> 大埔區,港鐵大學站巴士總站,沙田區,井頭村外,大埔區,額外班次,(沙田區) 港鐵大學站巴士總站,(大埔區) 西沙路 - 帝琴灣凱弦居外,(大埔區) 西沙路 - 香港浸信會神學院,(大埔區) 西沙路近大洞,(大埔區) 十四鄉 - 井頭村外,,,,,,,,,,,,,,,,,,,,,,,,,,,,,,,,,,,,,,,,,,
807K,GMB,9.3,11.11286,FALSE,沙田區 -> 大埔區,馬鞍山站,沙田區,井頭村,大埔區,黃昏額外班次,(沙田區) 西沙路 - 海柏花園外,(沙田區) 西沙路 - 雅典居外,(沙田區) 西沙路 - 烏溪沙新村外,(沙田區) 烏溪沙站巴士總站,(大埔區) 西沙路 - 帝琴灣凱弦居外,(大埔區) 西沙路 - 香港浸信會神學院,(大埔區) 西沙路近泥涌,(大埔區) 十四鄉 - 井頭村外,,,,,,,,,,,,,,,,,,,,,,,,,,,,,,,,,,,,,,,
807K,GMB,9.3,11.11286,FALSE,大埔區 -> 沙田區,井頭村,大埔區,烏溪沙站巴士總站,沙田區,早上額外班次,(大埔區) 十四鄉 - 井頭村外,(大埔區) 西沙路近泥涌,(大埔區) 西沙路 - 香港浸信會神學院對面,(沙田區) 烏溪沙站巴士總站,,,,,,,,,,,,,,,,,,,,,,,,,,,,,,,,,,,,,,,,,,,
69,GMB,8.9,30.30766,FALSE,觀塘區 -> 九龍城區 -> 黃大仙區 -> 九龍城區,麗港城,觀塘區,九龍城(獅子石道),九龍城區,None,(觀塘區) 麗港城小巴總站,(觀塘區) 茶果嶺道 - 近麗港城管理服務中心,(觀塘區) 偉業街 - 近麗港城第十二座,(九龍城區) 太子道東 - 近采頤花園第八座,(黃大仙區) 太子道東 - 近新蒲崗交匯處休憩花園,(九龍城區) 太子道西 - 近啟德一號污水泵房,(九龍城區) 宋皇臺道 - 近傲雲峰第二座,(九龍城區) 富寧街 - 真善美邨對面,(九龍城區) 露明道 - 近聖德肋撒醫院,(九龍城區) 聯合道 - 近聯合大廈,(九龍城區) 獅子石道 - 近創業樓,,,,,,,,,,,,,,,,,,,,,,,,,,,,,,,,,,,,
69,GMB,8.9,30.30766,FALSE,觀塘區 -> 九龍城區 -> 黃大仙區 -> 九龍城區,麗港城,觀塘區,九龍城(獅子石道),九龍城區,None,(觀塘區) 麗港城小巴總站,(觀塘區) 茶果嶺道 - 近麗港城管理服務中心,(觀塘區) 偉業街 - 近麗港城第十二座,(九龍城區) 太子道東 - 近采頤花園第八座,(黃大仙區) 太子道東 - 近新蒲崗交匯處休憩花園,(九龍城區) 太子道西 - 近啟德一號污水泵房,(九龍城區) 宋皇臺道 - 近傲雲峰第二座,(九龍城區) 馬頭涌道 - 近亞皆老街遊樂場,(九龍城區) 太子道西 - 近蘭苑,(九龍城區) 聯合道 - 近聯合大廈,(九龍城區) 獅子石道 - 近創業樓,,,,,,,,,,,,,,,,,,,,,,,,,,,,,,,,,,,,
808P,GMB,8.7,7.762783,FALSE,沙田區,恆安巴士總站,沙田區,威爾斯親王醫院,沙田區,額外班次,(沙田區) 恒安邨巴士總站,(沙田區) 恒康街 - 耀安邨耀平樓外,(沙田區) 馬鞍山路近錦駿苑,(沙田區) 恒德街南行線 - 近大水坑站,(沙田區) 亞公角街 - 漁民新村外,(沙田區) 亞公角街 - 沙田醫院外,(沙田區) 小瀝源路小瀝源村對面,(沙田區) 廣善街 - 廣源邨廣榕樓外,(沙田區) 廣善街 - 近香港恒生大學,(沙田區) 牛皮沙街 - 牛皮沙新村外,(沙田區) 牛皮沙街 - 愉翠苑巴士站,(沙田區) 插桅桿街 - 第一城站對面,(沙田區) 威爾斯親王醫院,,,,,,,,,,,,,,,,,,,,,,,,,,,,,,,,,,
88M,GMB,8.3,11.50054,TRUE,葵青區,葵芳站,葵青區,青衣南 (回程不經新都會廣場)(循環線),葵青區,短程班次,(葵青區) 新葵芳花園,(葵青區) 青衣路 - 長青商場對面,(葵青區) 青衣路 - 長青商場外,(葵青區) 葵青路 - 近葵涌公園,(葵青區) 新葵芳花園,,,,,,,,,,,,,,,,,,,,,,,,,,,,,,,,,,,,,,,,,,
9,GMB,8.1,6.667631,TRUE,中西區,中環(交易廣場),中西區,寶雲道(循環線),中西區,None,(中西區) 中環(交易廣場),(中西區) 干諾道中 - 大會堂停車場外,(中西區) 紅棉路 - 香港壁球中心外,(中西區) 寶雲道5號J-K外,(中西區) 寶雲道 - 寶德臺對面,(中西區) 波老道 - 猶太教國際學校外,(中西區) 波老道20號,(中西區) 波老道迴旋處,(中西區) 堅尼地道42A號,(中西區) 堅尼地道 - 中國外交部駐港特派員公署外,(中西區) 堅尼地道26號,(中西區) 畢打街 - 近中環站 D1 出口,(中西區) 中環(交易廣場),,,,,,,,,,,,,,,,,,,,,,,,,,,,,,,,,,
8S,GMB,8,6.021714,FALSE,油尖旺區 -> 九龍城區 -> 油尖旺區 -> 九龍城區,尖沙咀(漢口道),油尖旺區,何文田(常富街),九龍城區,繁忙時段班次(經紅磡繞道),(油尖旺區) 漢口道 - 近騏生商業中心,(油尖旺區) 梳士巴利道 - 近中間道兒童遊樂場,(油尖旺區) 安運道 - 近紅磡站,(九龍城區) 機利士南路 - 近機利士大廈,(九龍城區) 佛光街 - 近家維邨家邦樓,(油尖旺區) 忠孝街 - 近何文田站,(九龍城區) 忠孝街 - 近愛民邨信民樓,(九龍城區) 忠孝街 - 近愛民邨德民樓,(九龍城區) 忠孝街 - 近愛民邨昭民樓,(九龍城區) 忠孝街 - 近土木工程拓展署大樓,(九龍城區) 忠孝街 - 近欣圖軒第二座,(九龍城區) 常富街 - 近One Homantin Tower 1,(九龍城區) 何文田邨公共運輸交匯處,,,,,,,,,,,,,,,,,,,,,,,,,,,,,,,,,,
97A,GMB,8,4.905548,FALSE,葵青區 -> 深水埗區,華景山莊,葵青區,長沙灣(長發街),深水埗區,None,(葵青區) 華景山路 - 近華景山莊華景商場,(葵青區) 青山公路－葵涌段 - 近鍾山臺曉峯居（第一期）,(深水埗區) 蝴蝶谷道 - 近荔枝角收押所２座,(深水埗區) 長沙灣道 - 近萬利中心,(深水埗區) 長沙灣道 - 近香港紗廠工業大廈第五期,(深水埗區) 長發街 - 近恒生青山道大廈,,,,,,,,,,,,,,,,,,,,,,,,,,,,,,,,,,,,,,,,,
69K,GMB,7.6,4.973993,FALSE,沙田區,沙田站(排頭街),沙田區,沙田渣甸山花園∕華翠園,沙田區,None,(沙田區) 排頭街 - 港鐵沙田站外,(沙田區) 山尾街 - 沙田商業中心對面,(沙田區) 穗禾路 - 穗禾苑二期,(沙田區) 穗禾路 - 豐景花園C座,(沙田區) 穗禾路 - 華翠園第25座,(沙田區) 穗禾路 - 近沙田渣甸山花園,,,,,,,,,,,,,,,,,,,,,,,,,,,,,,,,,,,,,,,,,
72,GMB,7.5,5.674542,FALSE,黃大仙區 -> 九龍城區 -> 深水埗區,宏景花園,黃大仙區,又一城公共交通總站,深水埗區,正常班次,(黃大仙區) 斧山道 - 宏景花園綜合大樓及停車場外,(黃大仙區) 斧山道 - 東九龍胸肺科診所外,(黃大仙區) 鳳德道 - 近星河明居Ａ座,(黃大仙區) 鳳德道 - 鳳德邨對面,(黃大仙區) 鳳德道 - 近鳳德公園,(黃大仙區) 黃大仙道 - 近黃大仙祠意密堂,(黃大仙區) 雅竹街 - 竹園南邨雅園樓外,(黃大仙區) 竹園道 - 近民政事務總署竹園社區中心,(黃大仙區) 竹園道 - 近竹園南邨榮園樓,(黃大仙區) 竹園道 - 近天宏苑宏景閣,(黃大仙區) 竹園道 - 近天馬苑駿威閣,(九龍城區) 聯合道 - 近逸夫校園逸夫行政樓,(九龍城區) 聯合道 - 金城道遊樂場對面,(九龍城區) 歌和老街 - 近樂古花園,(深水埗區) 歌和老街 - 近歌和老街公園歌和老街壁球及乒乓球中心,(深水埗區) 又一城,,,,,,,,,,,,,,,,,,,,,,,,,,,,,,,
65X,GMB,7.4,6.10317,FALSE,東區,東區尤德夫人那打素醫院,東區,北角渡輪碼頭公共運輸交匯處,東區,額外班次,(東區) 東區尤德夫人那打素醫院,(東區) 英皇道 -近健威花園,(東區) 英皇道 -近港運城,(東區) 北角渡輪碼頭公共運輸交匯處,,,,,,,,,,,,,,,,,,,,,,,,,,,,,,,,,,,,,,,,,,,
90A,GMB,7.1,5.439878,FALSE,九龍城區 -> 觀塘區,香港兒童醫院,九龍城區,油塘 (油麗邨) 經高超道及鯉魚門道,觀塘區,特別班次,(九龍城區) 承昌道 - 近香港兒童醫院教學及科研大樓（A座）,(觀塘區) 祥業街 - 近啟德消防局,(觀塘區) 海濱道 - 近One Bay East,(觀塘區) 海濱道163號,(觀塘區) 偉業街 - 近麗港城第二十三座,(觀塘區) 茶果嶺道 - 近鄰舍輔導會茶果嶺中心,(觀塘區) 茶果嶺道 - 近茶果嶺垃圾站,(觀塘區) 茶果嶺道 - 近天后宮,(觀塘區) 茶果嶺道 - 近榮山工業大廈,(觀塘區) 高超道 - 近油塘邨油塘社區會堂,(觀塘區) 鯉魚門道 - 近油美苑淮美閣,(觀塘區) 鯉魚門道 - 近油美苑淑美閣,(觀塘區) 油塘道 - 近聖安當小學,(觀塘區) 油塘里,(觀塘區) 油塘 (油麗邨) 小巴總站,,,,,,,,,,,,,,,,,,,,,,,,,,,,,,,,
90B,GMB,7.1,4.542408,FALSE,觀塘區 -> 九龍城區,秀茂坪,觀塘區,香港兒童醫院,九龍城區,None,(觀塘區) 秀豐街 - 近秀茂坪邨秀裕樓,(觀塘區) 秀豐街 - 近秀茂坪邨秀緻樓,(觀塘區) 秀茂坪邨 - 秀樂樓外,(觀塘區) 秀茂坪道 - 秀雅樓外,(觀塘區) 秀茂坪道 - 寧波第二中學對面,(觀塘區) 康寧道 - 近聯合醫院,(觀塘區) 康寧道 - 近康寧道公園（第一期）,(觀塘區) 康寧道 - 近康寧唐樓（第二期）,(觀塘區) 牛頭角道 - 裕民中心外,(觀塘區) 牛頭角道 - 玉蓮臺第2座對面,(觀塘區) 海濱道 - 香港綠景NEO對面,(觀塘區) 海濱道 - 近觀塘海濱花園,(觀塘區) 祥業街啟匯外,(九龍城區) 承昌道 - 近香港兒童醫院教學及科研大樓（B座）,,,,,,,,,,,,,,,,,,,,,,,,,,,,,,,,,
90A,GMB,7.1,5.439878,FALSE,觀塘區 -> 九龍城區,油塘 (油麗邨),觀塘區,香港兒童醫院,九龍城區,None,(觀塘區) 油塘 (油麗邨) 小巴總站,(觀塘區) 茶果嶺道 - 近榮山工業大廈,(觀塘區) 茶果嶺道 - 近茶果嶺鄉公所,(觀塘區) 茶果嶺道 - 近茶果嶺村二號休憩處,(觀塘區) 茶果嶺道 - 近建造業議會偉樂街訓練場,(觀塘區) 偉業街 - 近麗港城第十二座,(觀塘區) 海濱道 - 近觀塘公衆碼頭,(觀塘區) 海濱道 - 海濱中心對面,(觀塘區) 海濱道 - One Bay East對面,(觀塘區) 祥業街啟匯外,(九龍城區) 承昌道 - 近香港兒童醫院教學及科研大樓（A座）,,,,,,,,,,,,,,,,,,,,,,,,,,,,,,,,,,,,
72,GMB,7,5.674542,FALSE,元朗區,錦上路站,元朗區,雷公田,元朗區,短程班次,(元朗區) 錦上路站公共運輸交匯處,(元朗區) 錦上路 - 近吳家村,(元朗區) 錦上路 - 近聖公會聖約瑟堂幼稚園,(元朗區) 錦上路 - 近田心新村,(元朗區) 錦上路 -近翠朗花園,(元朗區) 錦上路 - 近元崗村,(元朗區) 錦上路 - 近溱璽,(元朗區) 錦上路 - 近水盞田,(元朗區) 錦上路 - 近錦上華巒,(元朗區) 錦上路 - 近金爵花園(一期),(元朗區) 錦上路 - 近杜屋村,(元朗區) 錦上路 - 近上村公園,(元朗區) 荃錦公路 -近石崗村53座,,,,,,,,,,,,,,,,,,,,,,,,,,,,,,,,,,
91,GMB,6.9,5.317823,FALSE,葵青區 -> 荃灣區,荔崗街,葵青區,荃灣(鹹田街),荃灣區,None,(葵青區) 荔崗街 - 近瑪嘉烈醫院荔景大樓,(葵青區) 荔景山路 - 近荔景邨嶺南鍾榮光博士紀念中學,(葵青區) 葵福路 - 葵涌運動場對面,(葵青區) 葵福路 - 葵盛泳池對面,(葵青區) 葵福路 - 晉昇工廠大廈外,(荃灣區) 楊屋道 - 樂悠居外,(荃灣區) 沙咀道328號外,(荃灣區) 鹹田街 - 近寶石大廈第３座,,,,,,,,,,,,,,,,,,,,,,,,,,,,,,,,,,,,,,,
67K,GMB,6.7,5.124991,FALSE,沙田區,亞公角,沙田區,沙田站,沙田區,None,(沙田區) 亞公角山路 - 近鄰舍輔導會怡欣山莊,(沙田區) 亞公角山路 - 近城門之源第五座,(沙田區) 亞公角山路 - 近白端良小屋１－２號,(沙田區) 亞公角山路 - 近沙田慈氏護養院,(沙田區) 亞公角山路 - 近賽馬會善寧之家,(沙田區) 大涌橋路 - 濱景花園對面,(沙田區) 大涌橋路 - 沙田第一城外,(沙田區) 大涌橋路 - 富豪花園外,(沙田區) 大涌橋路 -近河畔花園,(沙田區) 沙田站,,,,,,,,,,,,,,,,,,,,,,,,,,,,,,,,,,,,,
78A,GMB,6.7,5.03361,FALSE,元朗區,錦上路站,元朗區,八鄉路(近大欖隧道轉車站),元朗區,正常班次,(元朗區) 錦上路站公共運輸交匯處,(元朗區) 八鄉路 -(近大欖隧道轉車站)小巴總站,,,,,,,,,,,,,,,,,,,,,,,,,,,,,,,,,,,,,,,,,,,,,
76A,GMB,6.6,10.35086,TRUE,觀塘區,廣田,觀塘區,基督教聯合醫院(循環線),觀塘區,None,(觀塘區) 廣田邨巴士總站,(觀塘區) 碧雲道 - 近康栢苑祥栢閣,(觀塘區) 碧雲道 - 近康雅苑杏雅閣,(觀塘區) 碧雲道 - 近德田邨德康樓,(觀塘區) 碧雲道 - 近德田邨德田停車場,(觀塘區) 碧雲道 - 近德田邨德敬樓,(觀塘區) 連德道興田邨外近燈柱 AA6591,(觀塘區) 連德道 - 近興田邨彩田樓,(觀塘區) 連德道 - 近康華苑宏康閣,(觀塘區) 秀茂坪道 - 近秀茂坪邨秀暉樓,(觀塘區) 秀茂坪道 - 近秀茂坪邨秀程樓,(觀塘區) 秀茂坪道 - 近秀茂坪邨秀義樓,(觀塘區) 秀茂坪道寧波第二中學外,(觀塘區) 協和街聯合醫院外,(觀塘區) 基督教聯合醫院小巴總站,(觀塘區) 秀雅道近燈柱 AF0631,(觀塘區) 協和街 - 近高雷中學,(觀塘區) 順安道 - 近順天邨天瑤樓,(觀塘區) 順安道 - 近順天巴士總站,(觀塘區) 秀茂坪道 - 近秀茂坪邨秀義樓,(觀塘區) 秀茂坪道 - 近秀茂坪邨秀程樓,(觀塘區) 秀茂坪道 - 近寶達商場,(觀塘區) 連德道康華苑對面近燈柱 AA6583,(觀塘區) 連德道 - 近興田邨彩田樓,(觀塘區) 碧雲道藍田公園外,(觀塘區) 碧雲道 - 近德田邨德田停車場,(觀塘區) 碧雲道 - 近德田邨德隆樓,(觀塘區) 碧雲道廣靖樓巴士站,(觀塘區) 碧雲道 - 近廣田商場,(觀塘區) 廣田邨巴士總站,,,,,,,,,,,,,,,,,
93,GMB,6.6,6.201098,FALSE,葵青區 -> 荃灣區,華員邨,葵青區,荃灣(鹹田街),荃灣區,None,(葵青區) 華員徑 - 近華員邨華信閣,(葵青區) 敬祖路祖堯坊外,(葵青區) 荔景山路 - 賢麗苑購物中心外,(葵青區) 荔景山路 - 日景樓外,(葵青區) 荔景山路 - 和景樓外,(葵青區) 荔景山路 - 近荔景邨嶺南鍾榮光博士紀念中學,(葵青區) 葵福路 - 近達利國際中心,(葵青區) 葵福路 - 葵盛泳池對面,(葵青區) 葵福路 - 晉昇工廠大廈外,(荃灣區) 楊屋道 - 樂悠居外,(荃灣區) 聯仁街 - 寶石大廈外,(荃灣區) 沙咀道328號外,(荃灣區) 鹹田街 - 近寶石大廈第３座,,,,,,,,,,,,,,,,,,,,,,,,,,,,,,,,,,
73,GMB,6.6,10.13724,FALSE,元朗區,元朗(福康街)小巴總站,元朗區,崇山新村,元朗區,None,(元朗區) 元朗(福康街)小巴總站,(元朗區) 媽橫路 - 近朗屏站,(元朗區) 大樹下東路 - 近塘頭埔村,(元朗區) 未命名通道 - 近塘頭埔村,(元朗區) 未命名通道 - 近建造業機械技術訓練中心,(元朗區) 元朗(崇山新村)小巴總站,,,,,,,,,,,,,,,,,,,,,,,,,,,,,,,,,,,,,,,,,
73A,GMB,6.6,4.331103,FALSE,元朗區,元朗(福康街)小巴總站,元朗區,元朗(崇山新村),元朗區,None,(元朗區) 元朗(福康街)小巴總站,(元朗區) 大樹下東路 - 近塘頭埔村,(元朗區) 未命名通道 - 近塘頭埔村,(元朗區) 未命名通道 - 近建造業機械技術訓練中心,(元朗區) 元朗(崇山新村),,,,,,,,,,,,,,,,,,,,,,,,,,,,,,,,,,,,,,,,,,
74,GMB,6.6,9.541424,FALSE,元朗區,元朗(福康街),元朗區,盛屋村,元朗區,None,(元朗區) 福康街 - 近金寶樓,(元朗區) 安樂路 - 近大橋,(元朗區) 福喜街 - 近楊屋新村休憩處,(元朗區) 福順街 - 近盛屋村廣陵堂,,,,,,,,,,,,,,,,,,,,,,,,,,,,,,,,,,,,,,,,,,,
65A,GMB,6.5,4.645002,FALSE,沙田區,黃泥頭,沙田區,沙田站,沙田區,額外班次 (早上繁忙時段),(沙田區) 黃泥頭巴士總站,(沙田區) 小瀝源路 - 廣源邨停車場外,(沙田區) 安明街 - 石門站外,(沙田區) 小瀝源路 - 近沙田第一城第二十五座,(沙田區) 大涌橋路 - 富豪花園外,(沙田區) 大涌橋路 -近河畔花園,(沙田區) 沙田站,,,,,,,,,,,,,,,,,,,,,,,,,,,,,,,,,,,,,,,,
68K,GMB,6.4,6.009176,FALSE,沙田區,沙田站(排頭街),沙田區,瑞峰花園,沙田區,None,(沙田區) 排頭街 - 港鐵沙田站外,(沙田區) 担杆莆街唐寧大廈對面,(沙田區) 白鶴汀街 - 近帝都酒店外的巴士停車灣,(沙田區) 獅子山隧道公路沙田中央公園外的巴士停車灣,(沙田區) 車公廟路 - 秦石邨外的巴士停車灣,(沙田區) 車公廟路 - 李屋新村外的巴士停車灣,(沙田區) 港鐵大圍站公共運輸交匯處,(沙田區) 田心街 - 榮心樓外,(沙田區) 田心街 - 雲疊花園商場對面,(沙田區) 富健街學心樓外(近樂善堂楊葛小琳中學),(沙田區) 富健街 - 隆亨邨善心樓外,(沙田區) 富健街 - 仁安醫院外,(沙田區) 顯泰街 - 近瑞峰花園,,,,,,,,,,,,,,,,,,,,,,,,,,,,,,,,,,
87A,GMB,6.4,5.733954,FALSE,葵青區 -> 深水埗區 -> 葵青區,貨櫃碼頭路公共運輸交匯處,葵青區,昂運路,葵青區,None,(葵青區) 貨櫃碼頭路公共運輸交匯處小巴總站,(葵青區) 貨櫃碼頭路 - 近 永得利廣場,(葵青區) 貨櫃碼頭南路 - 近 荔景站,(葵青區) 未命名通道 - 近 二號貨櫃碼頭,(葵青區) 貨櫃碼頭南路 - 近 三號貨櫃碼頭,(葵青區) 貨櫃碼頭南路 - 近 華潤國際物流中心,(葵青區) 貨櫃碼頭南路 - 近 葵涌海關大樓,(深水埗區) 貨櫃碼頭南路 - 近 八號貨櫃碼頭,(深水埗區) 昂運路 - 近 Ｐ７污水泵房,(葵青區) 昂運路 - 近 昂船洲公眾貨物裝卸區,,,,,,,,,,,,,,,,,,,,,,,,,,,,,,,,,,,,,
85,GMB,6.4,3.296915,FALSE,荃灣區,荃灣(兆和街),荃灣區,芙蓉山(竹林禪院),荃灣區,None,(荃灣區) 荃灣(兆和街),(荃灣區) 馬閃排路西樓角村外,(荃灣區) 芙蓉山(竹林禪院),,,,,,,,,,,,,,,,,,,,,,,,,,,,,,,,,,,,,,,,,,,,
620,GMB,6.4,3.786099,FALSE,元朗區,峻巒交通總匯,元朗區,錦上路站公共運輸交匯處,元朗區,None,(元朗區) 峻巒交通總匯,(元朗區) 錦田公路 - 近凹頭巴士站,(元朗區) 錦田公路 - 近下高埔村,(元朗區) 錦上路站公共運輸交匯處,,,,,,,,,,,,,,,,,,,,,,,,,,,,,,,,,,,,,,,,,,,
82,GMB,6.2,2.676351,FALSE,荃灣區,荃灣(兆和街),荃灣區,城門水塘,荃灣區,None,(荃灣區) 荃灣(兆和街),(荃灣區) 石圍角路石圍角巴士總站外,(荃灣區) 二陂圳路老圍路以西的停車灣,(荃灣區) 城門水塘,,,,,,,,,,,,,,,,,,,,,,,,,,,,,,,,,,,,,,,,,,,
91A,GMB,6.2,4.897365,FALSE,葵青區,荔崗街,葵青區,葵芳站,葵青區,None,(葵青區) 荔崗街 -近瑪嘉烈醫院荔景大樓,(葵青區) 荔景山路 - 賢麗苑購物中心外,(葵青區) 荔景山路 - 日景樓外,(葵青區) 荔景山路 - 和景樓外,(葵青區) 荔景山路 -近荔景邨嶺南鍾榮光博士紀念中學,(葵青區) 興寧路 -近新都會廣場,,,,,,,,,,,,,,,,,,,,,,,,,,,,,,,,,,,,,,,,,
81,GMB,6.2,3.793346,FALSE,荃灣區,荃灣(兆和街),荃灣區,老圍,荃灣區,None,(荃灣區) 荃灣(兆和街),(荃灣區) 石圍角路石圍角巴士總站外,(荃灣區) 二陂圳路老圍路以西的停車灣,(荃灣區) 老圍,,,,,,,,,,,,,,,,,,,,,,,,,,,,,,,,,,,,,,,,,,,
65A,GMB,6.1,4.645002,FALSE,沙田區,黃泥頭,沙田區,沙田市中心,沙田區,額外班次,(沙田區) 黃泥頭巴士總站,(沙田區) 小瀝源路 - 廣源邨停車場外,(沙田區) 廣善街 - 近廣源邨廣楊樓,(沙田區) 牛皮沙街 - 近愉翠苑愉勤閣,(沙田區) 插桅桿街 - 近小瀝源消防局,(沙田區) 小瀝源路 - 近沙田第一城第二十五座,(沙田區) 大涌橋路 - 富豪花園外,(沙田區) 大涌橋路 -近河畔花園,(沙田區) 源禾路 - 近沙田大會堂,,,,,,,,,,,,,,,,,,,,,,,,,,,,,,,,,,,,,,
808,GMB,6.1,10.06163,FALSE,沙田區,"西沙路, 新港城外",沙田區,威爾斯親王醫院,沙田區,晨早特別班次1(由西沙路開出),(沙田區) 西沙路 - 新港城外,(沙田區) 西沙路 - 頌安邨頌和樓對面,(沙田區) 恒康街 - 曾璧山中學外,(沙田區) 恒康街 - 耀安邨耀平樓外,(沙田區) 馬鞍山路近錦駿苑,(沙田區) 恆德街南行線 - 近大水坑站,(沙田區) 亞公角街 - 漁民新村外,(沙田區) 亞公角街 - 沙田醫院外,(沙田區) 小瀝源路小瀝源村對面,(沙田區) 廣善街 - 廣榕樓外,(沙田區) 廣善街 - 近香港恒生大學,(沙田區) 牛皮沙街 - 牛皮沙新村外,(沙田區) 牛皮沙街 - 愉翠苑巴士站,(沙田區) 插桅桿街 - 第一城站對面,(沙田區) 威爾斯親王醫院,,,,,,,,,,,,,,,,,,,,,,,,,,,,,,,,
89C,GMB,6.1,5.075013,FALSE,觀塘區,安達邨,觀塘區,牛頭角總站,觀塘區,特別班次,(觀塘區) 安翠街小巴總站,(觀塘區) 寶琳路 - 寶達邨外,(觀塘區) 曉光街 - 秀茂坪南邨外,(觀塘區) 秀明道 - 秀明樓外,(觀塘區) 秀明道 - 秀富樓外,(觀塘區) 秀明道 - 秀茂坪商場對面,(觀塘區) 秀明道 - 秀義樓對面,(觀塘區) 秀茂坪道 - 寧波第二中學對面,(觀塘區) 康寧道 - 高雷中學外,(觀塘區) 康寧道 - 秀茂坪紀律部隊宿舍外,(觀塘區) 振華道 - 樂華邨社區中心外,(觀塘區) 振華道 - 普華樓出面,(觀塘區) 牛頭角總站,,,,,,,,,,,,,,,,,,,,,,,,,,,,,,,,,,
808,GMB,6.1,10.06163,FALSE,沙田區,"西沙路, 恒康街, 曾璧山中學外",沙田區,威爾斯親王醫院,沙田區,晨早特別班次2(由恆康街開出),(沙田區) 恒康街 - 曾璧山中學外,(沙田區) 恒康街 - 耀安邨耀平樓外,(沙田區) 馬鞍山路近錦駿苑,(沙田區) 恆德街南行線 - 近大水坑站,(沙田區) 亞公角街 - 漁民新村外,(沙田區) 亞公角街 - 沙田醫院外,(沙田區) 小瀝源路小瀝源村對面,(沙田區) 廣善街 - 廣榕樓外,(沙田區) 廣善街 - 近香港恒生大學,(沙田區) 牛皮沙街 - 牛皮沙新村外,(沙田區) 牛皮沙街 - 愉翠苑巴士站,(沙田區) 插桅桿街 - 第一城站對面,(沙田區) 威爾斯親王醫院,,,,,,,,,,,,,,,,,,,,,,,,,,,,,,,,,,
62K,GMB,6.1,4.105339,FALSE,沙田區,沙田站,沙田區,沙田山莊,沙田區,None,(沙田區) 沙田站,(沙田區) 源禾路 -瀝源邨外的巴士停車灣,(沙田區) 豐順街 - 近禾輋邨香港耀能協會高福耀紀念學校,(沙田區) 德厚街 - 禾輋商場外,(沙田區) 源禾路 -禾輋邨外的巴士停車灣,(沙田區) 松頭下路 - 喜利佳工業大廈外,(沙田區) 松頭下路 - 拔子窩村對面,(沙田區) 樂林路西行線 - 近樂林路及松頭下路交界,(沙田區) 樂楓徑 - 景峰閣外,,,,,,,,,,,,,,,,,,,,,,,,,,,,,,,,,,,,,,
89C,GMB,6.1,5.075013,FALSE,觀塘區,安達邨,觀塘區,牛頭角總站,觀塘區,短途班次,(觀塘區) 安翠街小巴總站,(觀塘區) 寶琳路 - 寶達邨外,(觀塘區) 秀茂坪道 - 秀程樓外,(觀塘區) 秀茂坪邨 - 秀樂樓外,(觀塘區) 秀茂坪道 - 秀雅樓外,(觀塘區) 秀茂坪道 - 寧波第二中學對面,(觀塘區) 康寧道 - 高雷中學外,(觀塘區) 康寧道 - 秀茂坪紀律部隊宿舍外,(觀塘區) 振華道 - 樂華邨社區中心外,(觀塘區) 振華道 - 普華樓出面,(觀塘區) 牛頭角總站,,,,,,,,,,,,,,,,,,,,,,,,,,,,,,,,,,,,
87M,GMB,6.1,3.37959,FALSE,葵青區,葵芳站,葵青區,貨櫃碼頭南路(四號貨櫃碼頭),葵青區,None,(葵青區) 興寧路 - 近 葵涌廣場,(葵青區) 貨櫃碼頭路 - 近 永得利廣場,(葵青區) 貨櫃碼頭南路 - 近 荔景站,(葵青區) 貨櫃碼頭路 - 近 Mariners' Club,(葵青區) 未命名通道 - 近 二號貨櫃碼頭,(葵青區) 四號貨櫃碼頭,,,,,,,,,,,,,,,,,,,,,,,,,,,,,,,,,,,,,,,,,
75,GMB,6,12.61969,FALSE,元朗區,新田(近新田郵政局),元朗區,落馬洲支線公共交通交匯處,元朗區,短程班次,(元朗區) 青山公路－新田段 - 近東山古廟,(元朗區) 青山公路－新田段 - 近新田公共運輸交匯處過境穿梭巴士新田總站,(元朗區) 落馬洲路 - 近潘屋村,(元朗區) 落馬洲路 - 近下灣漁民新村,(元朗區) 未命名通道 - 近落馬洲站,,,,,,,,,,,,,,,,,,,,,,,,,,,,,,,,,,,,,,,,,,
812,GMB,5.9,5.107744,FALSE,沙田區,水泉澳,沙田區,顯徑(車公廟路),沙田區,None,(沙田區) 博泉街 -欣泉樓外,(沙田區) 博泉街 -朗泉樓外,(沙田區) 博泉街 -月泉樓外,(沙田區) 沙角街 -沙田圍鐵路站外,(沙田區) 車公廟路 -秦石邨外,(沙田區) 車公廟路 - 李屋村外,(沙田區) 車公廟路 -新翠邨外,(沙田區) 顯徑街 -近顯貴里,(沙田區) 車公廟路 -顯徑商場對面,,,,,,,,,,,,,,,,,,,,,,,,,,,,,,,,,,,,,,
812,GMB,5.9,5.107744,FALSE,沙田區,水泉澳,沙田區,顯徑(車公廟路),沙田區,特別班次,(沙田區) 水泉澳公共運輸交匯處,(沙田區) 博泉街 -月泉樓外,(沙田區) 博康邨博泰樓,(沙田區) 沙角街 -沙田圍鐵路站外,(沙田區) 車公廟路 - 秦石邨外巴士站,(沙田區) 車公廟路 - 李屋村外,(沙田區) 車公廟路 -新翠邨外,(沙田區) 顯徑街 -近顯貴里,(沙田區) 車公廟路 -顯徑商場對面,,,,,,,,,,,,,,,,,,,,,,,,,,,,,,,,,,,,,,
813,GMB,5.9,4.801722,FALSE,沙田區,水泉澳,沙田區,石門站,沙田區,None,(沙田區) 博泉街 -欣泉樓外,(沙田區) 博泉街 -朗泉樓外,(沙田區) 水泉澳公共運輸交匯處,(沙田區) 多石街 -近多石徑,(沙田區) 銀城街 -近威爾斯親王醫院,(沙田區) 銀城街 -愉田苑對面,(沙田區) 銀城街 -沙田第一城外,(沙田區) 安明街 - 近碩門邨,,,,,,,,,,,,,,,,,,,,,,,,,,,,,,,,,,,,,,,
89A,GMB,5.8,5.051315,FALSE,荃灣區 -> 葵青區,荃灣(河背街),荃灣區,葵興站,葵青區,額外班次,(荃灣區) 河背街 - 近天佑小學,(荃灣區) 楊屋道 - 近Jumbo iAdvantage,(葵青區) 大窩口道 - 近大窩口邨富強樓,(葵青區) 大窩口道 - 近大窩口邨富安樓,(葵青區) 大窩口 - 道遊樂場外,(葵青區) 葵興政府合署,,,,,,,,,,,,,,,,,,,,,,,,,,,,,,,,,,,,,,,,,
89P,GMB,5.8,5.698677,TRUE,葵青區,石頭街,葵青區,葵芳(循環線),葵青區,額外班次,(葵青區) 石頭街 - 近大窩口邨富泰樓,(葵青區) 禾塘咀街 - 近葵涌街坊福利會,(葵青區) 禾塘咀街 - 近飛亞工業中心,(葵青區) 禾塘咀街 - 近美葵大廈,(葵青區) 葵富路 - 近新葵芳花園Ｅ座,(葵青區) 興芳路 - 京寶大廈外,(葵青區) 興芳路 - 近林士德體育館,(葵青區) 石頭街 - 近大窩口邨富泰樓,,,,,,,,,,,,,,,,,,,,,,,,,,,,,,,,,,,,,,,
74A,GMB,5.8,3.019467,FALSE,元朗區,元朗(福康街),元朗區,東頭圍,元朗區,None,(元朗區) 福康街 - 近金寶樓,(元朗區) 鳳池路 - 近博愛醫院鄧佩瓊紀念中學,(元朗區) 福喜街 - 近橫州雨水泵房,(元朗區) 橫洲東頭圍 蔡福善堂,,,,,,,,,,,,,,,,,,,,,,,,,,,,,,,,,,,,,,,,,,,
89,GMB,5.8,1.666061,FALSE,荃灣區 -> 葵青區,荃灣(河背街),荃灣區,石頭街,葵青區,None,(荃灣區) 河背街 - 近天佑小學,(荃灣區) 楊屋道 - 近Jumbo iAdvantage,(葵青區) 大窩口道 - 近大窩口邨富強樓,(葵青區) 大窩口道 - 近大窩口邨富安樓,(葵青區) 石頭街 - 近大窩口邨富泰樓,,,,,,,,,,,,,,,,,,,,,,,,,,,,,,,,,,,,,,,,,,
65M,GMB,5.8,2.156519,FALSE,沙田區,黃泥頭,沙田區,石門站,沙田區,短程班次,(沙田區) 黃泥頭巴士總站,(沙田區) 小瀝源路 - 廣源邨停車場外,(沙田區) 安明街 - 石門站外,(沙田區) 安明街 - 近碩門邨健碩樓,,,,,,,,,,,,,,,,,,,,,,,,,,,,,,,,,,,,,,,,,,,
68,GMB,5.7,6.276073,TRUE,東區,愛秩序灣,東區,鰂魚涌(海灣街)(循環線),東區,循環線,(東區) 愛蝶灣第10座外,(東區) 愛勤街 - 東曉閣外,(東區) 太安街 - 逸濤灣,(東區) 康山道 - 康怡廣場外,(東區) 英皇道 - 寶峰園外,(東區) 海灣街 - 濱海大廈外,(東區) 英皇道 - 新威園外,(東區) 英皇道 - 惠安苑,(東區) 英皇道 - 太古城中心一期,(東區) 太康街 - 太康樓,(東區) 愛勤街 - 東曉閣對面,(東區) 愛蝶灣第10座外,,,,,,,,,,,,,,,,,,,,,,,,,,,,,,,,,,,
88B,GMB,5.7,3.423852,FALSE,葵青區,翠怡花園,葵青區,葵芳站,葵青區,None,(葵青區) 楓樹窩路 - 近翠怡花園第七座,(葵青區) 青衣鄉事會路 - 近翠怡花園第三座,(葵青區) 葵青路 - 近葵涌公園,(葵青區) 興芳路 - 近葵涌運動場,(葵青區) 葵芳站,,,,,,,,,,,,,,,,,,,,,,,,,,,,,,,,,,,,,,,,,,
811K,GMB,5.7,5.615386,TRUE,沙田區,穗禾苑,沙田區,火炭站(循環線),沙田區,額外班次,(沙田區) 穗禾苑巴士總站,(沙田區) 火炭駿洋邨公共運輸停車灣,(沙田區) 桂地街 - 近華衛工貿中心,(沙田區) 桂地街 - 華耀工業中心外,(沙田區) 樂景街 - 港鐵火炭站外,(沙田區) 樂景街 - 銀禧花園對面,(沙田區) 桂地街 - 華耀工業中心外,(沙田區) 桂地街 - 近華衛工貿中心,(沙田區) 穗禾路 - 華樂工業中心外,(沙田區) 穗禾苑巴士總站,,,,,,,,,,,,,,,,,,,,,,,,,,,,,,,,,,,,,
88,GMB,5.7,8.335007,FALSE,葵青區,青衣邨,葵青區,葵芳站,葵青區,None,(葵青區) 青衣邨小巴總站,(葵青區) 楓樹窩路 - 近綠悠雅苑,(葵青區) 青衣鄉事會路 - 青衣警署對面,(葵青區) 葵青路 - 近葵涌公園,(葵青區) 興芳路 - 近葵涌運動場,(葵青區) 葵芳站,,,,,,,,,,,,,,,,,,,,,,,,,,,,,,,,,,,,,,,,,
811K,GMB,5.7,5.615386,TRUE,沙田區,穗禾苑,沙田區,火炭站(循環線),沙田區,"額外班次 (不經黃竹洋街, 桂地街)",(沙田區) 穗禾苑巴士總站,(沙田區) 樂景街 - 港鐵火炭站外,(沙田區) 樂景街 - 銀禧花園對面,(沙田區) 穗禾路 - 華樂工業中心外,(沙田區) 穗禾苑巴士總站,,,,,,,,,,,,,,,,,,,,,,,,,,,,,,,,,,,,,,,,,,
811P,GMB,5.7,2.524704,FALSE,沙田區,第一城,沙田區,駿景園,沙田區,短程班次,(沙田區) 銀城街 - 第一城,(沙田區) 樂景街 - 港鐵火炭站外,(沙田區) 樂景街 - 銀禧花園對面,(沙田區) 樂信徑 - 駿景園外,,,,,,,,,,,,,,,,,,,,,,,,,,,,,,,,,,,,,,,,,,,
807A,GMB,5.6,5.244815,FALSE,沙田區,港鐵大學站巴士總站,沙田區,馬鞍山站,沙田區,額外班次,(沙田區) 港鐵大學站巴士總站,(沙田區) 恒輝街 - 污水抽水廠外,(沙田區) 西沙路 - 馬鞍山循道衛理小學外,(沙田區) 西沙路 - 聽濤雅苑外,(沙田區) 西沙路 - 頌安邨頌和樓外,(沙田區) 西沙路 - 海柏花園外,,,,,,,,,,,,,,,,,,,,,,,,,,,,,,,,,,,,,,,,,
807C,GMB,5.6,5.044033,FALSE,沙田區,馬鞍山站,沙田區,港鐵大學站巴士總站,沙田區,額外班次,(沙田區) 海柏花園巴士總站,(沙田區) 西沙路 - 福安花園對面,(沙田區) 西沙路 - 馬鞍山運動場外,(沙田區) 西沙路 - 錦鞍苑外,(沙田區) 恒輝街 - 欣安邨對面,(沙田區) 港鐵大學站巴士總站,,,,,,,,,,,,,,,,,,,,,,,,,,,,,,,,,,,,,,,,,
98,GMB,5.5,6.077484,FALSE,荃灣區 -> 葵青區,荃灣(河背街),荃灣區,葵盛北(葵孝街),葵青區,None,(荃灣區) 河背街 - 近天佑小學,(荃灣區) 楊屋道樂悠居對面,(葵青區) 葵福路 - 晉昇工廠大廈對面,(葵青區) 葵福路 - 中華傳道會李賢堯紀念中學外,(葵青區) 葵盛圍 - 葵盛東盛和樓外,(葵青區) 葵孝街 - 近葵盛東邨盛國樓,(葵青區) 葵孝街 - 葵盛東盛家樓外,(葵青區) 葵盛(葵孝街)小巴總站,,,,,,,,,,,,,,,,,,,,,,,,,,,,,,,,,,,,,,,
8M,GMB,5.5,2.227581,FALSE,九龍城區 -> 油尖旺區,何文田(常和街),九龍城區,何文田站,油尖旺區,None,(九龍城區) 常和街 - 近陳瑞祺（喇沙）書院,(九龍城區) 常盛街 - 近皓畋第二座,(九龍城區) 常盛街 - 近德蘭中學,(九龍城區) 佛光街 - 近何文田邨雅文樓,(九龍城區) 忠孝街 - 近何文田政府合署,(九龍城區) 忠孝街 - 近香港都會大學賽馬會校園 銀禧學院,(九龍城區) 忠孝街 - 近俊民苑文雄閣,(九龍城區) 忠孝街 - 近愛民邨頌民樓,(九龍城區) 忠孝街 - 近愛民邨新民樓,(油尖旺區) 忠孝街 - 近何文田站,,,,,,,,,,,,,,,,,,,,,,,,,,,,,,,,,,,,,
69,GMB,5.5,30.30766,FALSE,觀塘區,麗港城,觀塘區,九龍灣 (零碳天地),觀塘區,特別班次,(觀塘區) 麗港城小巴總站,(觀塘區) 茶果嶺道 - 近麗港城管理服務中心,(觀塘區) 偉業街 - 近麗港城第十二座,(觀塘區) 宏照道 - 國際交易中心對面,(觀塘區) 常怡道 - 近零碳天地組裝合成建築法展現中心,,,,,,,,,,,,,,,,,,,,,,,,,,,,,,,,,,,,,,,,,,
90A,GMB,5.5,5.439878,FALSE,深水埗區 -> 葵青區,美孚,深水埗區,葵涌醫院,葵青區,None,(深水埗區) 美荔道 -近美孚巴士總站,(深水埗區) 美荔道近蘭秀道,(葵青區) 葵涌醫院,,,,,,,,,,,,,,,,,,,,,,,,,,,,,,,,,,,,,,,,,,,,
90P,GMB,5.5,2.347639,FALSE,深水埗區 -> 葵青區,美孚,深水埗區,瑪嘉烈醫院,葵青區,None,(深水埗區) 美荔道 - 近美孚巴士總站,(深水埗區) 美荔道 - 美孚新邨近第6期,(深水埗區) 荔灣道 - 近荔枝角公園體育館,(葵青區) 瑪嘉烈醫院路 - 近瑪嘉烈醫院G座,,,,,,,,,,,,,,,,,,,,,,,,,,,,,,,,,,,,,,,,,,,(大埔區) 大埔墟站專線小巴總站
87K,GMB,5.4,5.040334,FALSE,葵青區 -> 荃灣區,葵芳站,葵青區,海貴路公共運輸交匯處,荃灣區,None,(葵青區) 興寧路 - 近 新都會廣場,(葵青區) 葵富路 - 近 新葵芳花園,(葵青區) 興芳路京寶大廈外,(葵青區) 大窩口道葵康苑葵明閣外,(葵青區) 葵盛圍南葵涌賽馬會分科診療所外,(葵青區) 葵盛圍 - 近 葵盛圍花園,(葵青區) 葵福路 - 晉昇工廠大廈外,(荃灣區) 楊屋道 - 近 樂悠居,(荃灣區) 楊屋道 - 近 荃灣88,(荃灣區) 楊屋道 - 近 荃灣公園,(荃灣區) 海貴路公共運輸交匯處,,,,,,,,,,,,,,,,,,,,,,,,,,,,,,,,,,,,
87,GMB,5.4,3.703624,FALSE,荃灣區 -> 葵青區,荃灣(鹹田街),荃灣區,葵盛(盛芳街),葵青區,None,(荃灣區) 鹹田街 - 近荃灣石壁遷置村遊樂場,(葵青區) 葵福路 - 晉昇工廠大廈對面,(葵青區) 葵福路 - 中華傳道會李賢堯紀念中學外,(葵青區) 葵盛圍 - 近葵盛西邨第十座,(葵青區) 葵盛圍 - 近順德聯誼總會李兆基中學,(葵青區) 葵盛圍 - 近葵盛圍遊樂場,(葵青區) 盛芳街 - 近協德大廈,,,,,,,,,,,,,,,,,,,,,,,,,,,,,,,,,,,,,,,,
88D,GMB,5.3,5.925391,FALSE,葵青區,宏福花園,葵青區,葵芳站,葵青區,None,(葵青區) 宏福花園小巴總站,(葵青區) 青衣鄉事會路 - 近青衣警署,(葵青區) 涌美路 - 近長青邨青荷樓,(葵青區) 涌美路 - 近長康邨康富樓,(葵青區) 涌美路 - 近長康邨康祥樓,(葵青區) 青康路 - 近長青邨青榕樓,(葵青區) 青衣路 - 長青邨青桃樓外,(葵青區) 葵青路 - 近葵涌公園,(葵青區) 興芳路 - 近葵涌運動場,(葵青區) 興寧路 -近新都會廣場,,,,,,,,,,,,,,,,,,,,,,,,,,,,,,,,,,,,,
88D,GMB,5.3,5.925391,FALSE,葵青區,"涌美路, 近長青邨青荷樓",葵青區,"興寧路,近新都會廣場",葵青區,短程班次,(葵青區) 涌美路 - 近長青邨青荷樓,(葵青區) 涌美路 - 近長康邨康富樓,(葵青區) 涌美路 - 近長康邨康祥樓,(葵青區) 青康路 - 近長青邨青榕樓,(葵青區) 青衣路 - 長青邨青桃樓外,(葵青區) 葵青路 - 近葵涌公園,(葵青區) 興芳路 - 近葵涌運動場,(葵青區) 興寧路 -近新都會廣場,,,,,,,,,,,,,,,,,,,,,,,,,,,,,,,,,,,,,,,
N51S,GMB,5.2,5.567048,TRUE,南區,華貴邨,南區,香港仔(循環線),南區,通宵班次,(南區) 華貴邨巴士總站,(南區) 石排灣道 53 號,(南區) 湖南街 - 平安樓外,(南區) 石排灣道 53 號,(南區) 田灣街 - 近嘉和街,(南區) 田灣街 - 田灣商場外,(南區) 田灣海旁道7號 - 興偉中心外,(南區) 華貴邨巴士總站,,,,,,,,,,,,,,,,,,,,,,,,,,,,,,,,,,,,,,,
75M,GMB,5.2,1.594598,FALSE,深水埗區,海達公共運輸交匯處,深水埗區,⻑沙灣 (青山道),深水埗區,輔助服務路線,(深水埗區) 海達公共運輸交匯處,(深水埗區) 東京街西近西九龍法院大樓,(深水埗區) 東京街近麗翠商場,(深水埗區) 東京街近港鐵長沙灣站A3出口 / 元州邨,(深水埗區) 元州街近元州商場,(深水埗區) 青山道近發祥街,,,,,,,,,,,,,,,,,,,,,,,,,,,,,,,,,,,,,,,,,
CX1,GMB,5,4.170749,TRUE,油尖旺區,柯士甸站,油尖旺區,香港故宮文化博物館(循環線),油尖旺區,None,(油尖旺區) 匯民道，柯士甸站D出口外,(油尖旺區) 雅翔道，九龍站E出口外,(油尖旺區) 文化道，近M+博物館,(油尖旺區) 博物館道，藝術公園外,(油尖旺區) 博物館道，香港故宮文化博物館外,(油尖旺區) 西九文化區管理局項目辦公室,(油尖旺區) 西九文化區西閘,(油尖旺區) 九龍站B出口,(油尖旺區) 匯民道，柯士甸站D出口外,,,,,,,,,,,,,,,,,,,,,,,,,,,,,,,,,,,,,,
61M,GMB,5,5.519664,FALSE,沙田區,世界花園,沙田區,大圍站公共運輸交匯處,沙田區,短程班次,(沙田區) 龍柏街 - 世界花園龍柏閣外,(沙田區) 大圍站公共運輸交匯處,,,,,,,,,,,,,,,,,,,,,,,,,,,,,,,,,,,,,,,,,,,,,
71A,GMB,4.9,6.122866,TRUE,觀塘區,寶達邨,觀塘區,藍田站(循環線),觀塘區,None,(觀塘區) 寶達公共運輸交匯處,(觀塘區) 鯉魚門道藍田公共運輸交匯處外,(觀塘區) 秀茂坪道 - 近秀茂坪邨秀暉樓,(觀塘區) 寶達公共運輸交匯處,,,,,,,,,,,,,,,,,,,,,,,,,,,,,,,,,,,,,,,,,,,
9,GMB,4.9,6.667631,FALSE,西貢區,大網仔,西貢區,西貢,西貢區,特別班次,(西貢區) 大網仔,(西貢區) 福民路小巴總站 - 經華樓外,,,,,,,,,,,,,,,,,,,,,,,,,,,,,,,,,,,,,,,,,,,,,
71B,GMB,4.9,3.249829,FALSE,觀塘區,秀茂坪邨 (第5期),觀塘區,藍田站,觀塘區,None,(觀塘區) 秀豐街 - 近秀茂坪邨秀緻樓,(觀塘區) 鯉魚門道藍田公共運輸交匯處外,,,,,,,,,,,,,,,,,,,,,,,,,,,,,,,,,,,,,,,,,,,,,
63A,GMB,4.8,2.805159,TRUE,南區,香港仔(南寧街),南區,華富邨(循環線),南區,短程班次,(南區) 南寧街 - 海湖閣外,(南區) 華林徑,(南區) 華景街 - 華翠樓外,(南區) 華富道 - 華富(二)邨商場外,(南區) 華富道 - 華泰樓外,(南區) 華富道 - 華富(南),(南區) 華富道 - 華安樓外,(南區) 石排灣道 - 萬景樓外,(南區) 石排灣道 - 近田灣街,(南區) 香港仔大道 - 聖伯多祿中學外,(南區) 南寧街 - 海湖閣外,,,,,,,,,,,,,,,,,,,,,,,,,,,,,,,,,,,,
82M,GMB,4.8,3.595323,FALSE,荃灣區,荃灣(兆和街),荃灣區,象山邨,荃灣區,None,(荃灣區) 荃灣(兆和街),(荃灣區) 眾安街荃灣千色匯I外停車處,(荃灣區) 石圍角路石圍角巴士總站外,(荃灣區) 二陂圳路近東普陀的停車灣,(荃灣區) 象山邨,,,,,,,,,,,,,,,,,,,,,,,,,,,,,,,,,,,,,,,,,,
67A,GMB,4.6,3.257809,FALSE,沙田區,碩門邨,沙田區,沙田站,沙田區,額外班次,(沙田區) 安明街 - 近碩門邨健碩樓,(沙田區) 小瀝源路 - 近沙田第一城第二十五座,(沙田區) 大涌橋路 - 沙田第一城外,(沙田區) 大涌橋路 - 富豪花園外,(沙田區) 大涌橋路 -近河畔花園,(沙田區) 沙田站,,,,,,,,,,,,,,,,,,,,,,,,,,,,,,,,,,,,,,,,,
80M,GMB,4.6,2.681216,TRUE,油尖旺區,君頤峰,油尖旺區,佐敦站(循環線),油尖旺區,None,(油尖旺區) 君頤峰支路,(油尖旺區) 伊利沙伯醫院 - 賽馬會放射治療及腫瘤學大樓,(油尖旺區) 北海街,(油尖旺區) 南京街，德惠行外 (佐敦站),(油尖旺區) 加士居道20號西洋波會外,(油尖旺區) 伊利沙伯醫院 - G座,(油尖旺區) 君頤峰支路,,,,,,,,,,,,,,,,,,,,,,,,,,,,,,,,,,,,,,,,
83M,GMB,4.5,4.452811,FALSE,觀塘區,牛頭角(安華街),觀塘區,坪石,觀塘區,None,(觀塘區) 安華街 - 近牛頭角街市,(觀塘區) 佐敦谷北道 - 近淘大花園P座,(觀塘區) 彩霞道 - 近淘大花園Q座,(觀塘區) 彩霞道 - 近彩頤居A座,(觀塘區) 彩霞道 - 近彩盈邨盈安樓,(觀塘區) 彩德邨通道 - 近彩德邨彩誠樓,(觀塘區) 彩興里 - 近彩興苑彩蕎閣,(觀塘區) 坪石公共運輸交匯處一樓,,,,,,,,,,,,,,,,,,,,,,,,,,,,,,,,,,,,,,,
82,GMB,4.5,2.676351,FALSE,觀塘區 -> 九龍城區,明愛樂恩學校,觀塘區,啟德,九龍城區,None,(觀塘區) 明愛樂恩學校,(觀塘區) 彩盛里 - 近彩興苑彩薈閣,(觀塘區) 彩盛里 - 近彩興苑彩蕎閣,(觀塘區) 彩興里 - 近彩興苑彩蕎閣,(觀塘區) 清水灣道 - 坪石邨鑽石樓外,(九龍城區) 太子道東 - 近采頤花園第八座對面,(九龍城區) 協調道小巴站,(九龍城區) 啟德,,,,,,,,,,,,,,,,,,,,,,,,,,,,,,,,,,,,,,,
88C,GMB,4.5,3.730333,FALSE,葵青區,葵芳站,葵青區,美景花園,葵青區,None,(葵青區) 葵仁路 - 近葵芳站,(葵青區) 興芳路 - 葵涌運動場對面,(葵青區) 葵青路近行人天橋巴士避車處,(葵青區) 青衣路 - 長青商場對面,(葵青區) 美景花園小巴總站,,,,,,,,,,,,,,,,,,,,,,,,,,,,,,,,,,,,,,,,,,
88M,GMB,4.5,11.50054,FALSE,葵青區,葵芳站,葵青區,長青邨,葵青區,None,(葵青區) 新葵芳花園,(葵青區) 青衣路 - 長青商場對面,(葵青區) 長青巴士總站,,,,,,,,,,,,,,,,,,,,,,,,,,,,,,,,,,,,,,,,,,,,
83A,GMB,4.5,2.574029,FALSE,觀塘區,彩福邨,觀塘區,坪石,觀塘區,特別服務路線,(觀塘區) 彩榮路 - 近彩福邨彩歡樓,(觀塘區) 彩榮路 - 近彩福邨彩善樓,(觀塘區) 彩榮路 - 近彩福邨彩和樓,(觀塘區) 彩榮路 - 彩德邨彩仁樓對面,(觀塘區) 彩德邨通道 - 近彩德邨彩誠樓,(觀塘區) 彩興路 - 近彩興苑彩薈閣,(觀塘區) 坪石公共運輸交匯處一樓,,,,,,,,,,,,,,,,,,,,,,,,,,,,,,,,,,,,,,,,
75S,GMB,4.5,2.7,FALSE,深水埗區,明愛醫院,深水埗區,深水埗(汝州街),深水埗區,臨時輔助服務路線,(深水埗區) 明愛醫院小巴總站,(深水埗區) 未命名通道 - 近明愛醫院賽馬會懷愛樓,(深水埗區) 保安道 - 近蘇屋邨社區綜合服務大樓,(深水埗區) 保安道 - 近蘇屋邨杜鵑樓,(深水埗區) 保安道 - 近李鄭屋邨和平樓,(深水埗區) 東京街 - 近美寧中心,(深水埗區) 東京街 - 近中華基督教會協和小學（長沙灣）,(深水埗區) 長沙灣道 - 近九龍工業中學,(深水埗區) 德寶大廈,(深水埗區) 欽州街 -近西九龍中心,(深水埗區) 基隆街 - 近北河街市政大廈,(深水埗區) 汝州街 - 近信邦大廈,,,,,,,,,,,,,,,,,,,,,,,,,,,,,,,,,,,
88G,GMB,4.5,3.070142,FALSE,葵青區,葵芳站,葵青區,藍澄灣,葵青區,額外班次,(葵青區) 葵仁路 - 近葵芳站,(葵青區) 興芳路 - 近新都會廣場第２座,(葵青區) 葵青路 - 近葵涌工業污水泵房,(葵青區) 青衣路 - 長青商場對面,(葵青區) 藍澄灣第三座,,,,,,,,,,,,,,,,,,,,,,,,,,,,,,,,,,,,,,,,,,
75C,GMB,4.5,1.470572,FALSE,深水埗區,海達邨,深水埗區,深水埗 (桂林街),深水埗區,輔助路線,(深水埗區) 海達公共運輸交匯處,(深水埗區) 深旺道近富昌邨,(深水埗區) 欽州街西近雅匯(過渡性房屋),(深水埗區) 欽州街近醫局街,(深水埗區) 桂林街近門牌81號,,,,,,,,,,,,,,,,,,,,,,,,,,,,,,,,,,,,,,,,,,
84,GMB,4.4,3.491792,FALSE,荃灣區,荃威花園,荃灣區,荃灣眾安街,荃灣區,None,(荃灣區) 荃威花園,(荃灣區) 荃景圍178號外,(荃灣區) 沙咀道55號外,(荃灣區) 大涌道近合福工業大廈外巴士站,(荃灣區) 青山公路-荃灣段中染大廈外,(荃灣區) 西樓角路南豐中心對面,(荃灣區) 荃灣眾安街,,,,,,,,,,,,,,,,,,,,,,,,,,,,,,,,,,,,,,,,
62,GMB,4.3,6.327925,TRUE,東區,杏花邨公共交通交匯處,東區,小西灣(富怡花園)(循環線),東區,None,(東區) 杏花邨公共運輸交匯處,(東區) 永泰道 - 柴灣工業城第1期外,(東區) 新業街 - 楊耀松第七工業大廈對面,(東區) 新業街 - 八號商業廣場外,(東區) 小西灣道 - 富欣花園外,(東區) 小西灣道30號,(東區) 小西灣道 - 藍灣半島對面,(東區) 小西灣道 - 安力工業中心外,(東區) 新業街 - 楊耀松第七工業大廈外,(東區) 常安街77號,(東區) 永泰道翠壽樓外巴士站,(東區) 杏花邨公共運輸交匯處,,,,,,,,,,,,,,,,,,,,,,,,,,,,,,,,,,,
96B,GMB,4.3,4.812378,TRUE,荃灣區,麗城花園,荃灣區,荃灣站(循環線),荃灣區,None,(荃灣區) 麗城花園,(荃灣區) 青山公路-荃灣段近安育路交界,(荃灣區) 青山公路-荃灣段荃德花園外,(荃灣區) 青山公路-荃灣段中染大廈外,(荃灣區) 西樓角路南豐中心對面,(荃灣區) 大河道7-17號外,(荃灣區) 沙咀道62號外,(荃灣區) 沙咀道6號外,(荃灣區) 麗城花園,,,,,,,,,,,,,,,,,,,,,,,,,,,,,,,,,,,,,,
62A,GMB,4.3,6.081162,FALSE,東區,小西灣(藍灣半島)公共運輸交匯處,東區,杏花邨公共交通交匯處,東區,None,(東區) 小西灣(藍灣半島)公共運輸交匯處,(東區) 小西灣道 - 安力工業中心外,(東區) 新業街 - 楊耀松第七工業大廈外,(東區) 常安街77號,(東區) 永泰道翠壽樓外巴士站,(東區) 杏花邨公共運輸交匯處,,,,,,,,,,,,,,,,,,,,,,,,,,,,,,,,,,,,,,,,,
95,GMB,4.3,2.880825,FALSE,荃灣區,荃灣中心,荃灣區,海貴路公共運輸交匯處,荃灣區,None,(荃灣區) 荃灣中心,(荃灣區) 西樓角路南豐中心對面,(荃灣區) 眾安街荃灣千色匯I外,(荃灣區) 眾安街120號外,(荃灣區) 楊屋道荃新天地二期外,(荃灣區) 海貴路公共運輸交匯處,,,,,,,,,,,,,,,,,,,,,,,,,,,,,,,,,,,,,,,,,
68K,GMB,4.3,6.009176,FALSE,沙田區,大圍站公共運輸交匯處,沙田區,瑞峰花園,沙田區,短程班次,(沙田區) 港鐵大圍站公共運輸交匯處,(沙田區) 富健街學心樓外(近樂善堂楊葛小琳中學),(沙田區) 富健街善心樓外,(沙田區) 富健街 - 仁安醫院外,(沙田區) 顯泰街 - 近瑞峰花園,,,,,,,,,,,,,,,,,,,,,,,,,,,,,,,,,,,,,,,,,,
96P,GMB,4.3,3.845082,TRUE,荃灣區,荃灣西站公共運輸交匯處,荃灣區,麗城花園(循環線),荃灣區,額外班次,(荃灣區) 荃灣西站公共運輸交匯處,(荃灣區) 荃灣西站公共運輸交匯處,,,,,,,,,,,,,,,,,,,,,,,,,,,,,,,,,,,,,,,,,,,,,
68S,GMB,4.3,1.640902,FALSE,沙田區,瑞峰花園,沙田區,顯徑站,沙田區,額外班次,(沙田區) 顯泰街 - 近瑞峰花園,(沙田區) 顯康街 - 旭達商場外,(沙田區) 富健街 - 仁安醫院外,(沙田區) 富健街 - 隆亨邨善心樓對面,(沙田區) 車公廟路 - 近顯徑站,,,,,,,,,,,,,,,,,,,,,,,,,,,,,,,,,,,,,,,,,,
95K,GMB,4.3,1.600756,FALSE,荃灣區,海貴路公共運輸交匯處,荃灣區,荃灣站,荃灣區,額外班次,(荃灣區) 海貴路公共運輸交匯處,(荃灣區) 大河道30號外,(荃灣區) 青山公路-荃灣段287號外,(荃灣區) 荃灣站,,,,,,,,,,,,,,,,,,,,,,,,,,,,,,,,,,,,,,,,,,,
81M,GMB,4.2,1.882623,FALSE,荃灣區,荃灣(兆和街),荃灣區,石圍角邨,荃灣區,None,(荃灣區) 荃灣(兆和街),(荃灣區) 石圍角路石圍角巴士總站外,(荃灣區) 石圍角邨,,,,,,,,,,,,,,,,,,,,,,,,,,,,,,,,,,,,,,,,,,,,
99,GMB,4.2,4.275518,FALSE,荃灣區,海貴路公共運輸交匯處,荃灣區,海濱花園,荃灣區,None,(荃灣區) 海貴路公共運輸交匯處,(荃灣區) 楊屋道楊屋道市政大廈外,(荃灣區) 馬頭壩道爵悅庭外,(荃灣區) 永順街荃灣公園對面,(荃灣區) 永順街海灣花園外,(荃灣區) 海濱花園,,,,,,,,,,,,,,,,,,,,,,,,,,,,,,,,,,,,,,,,,
623,GMB,4.2,1.693693,FALSE,元朗區,元朗 (鳳翔路),元朗區,港頭村,元朗區,None,(元朗區) 鳳翔路小巴總站,(元朗區) 攸田西路 - 近下攸田村,(元朗區) 朗河路 - 近港頭村涼亭,,,,,,,,,,,,,,,,,,,,,,,,,,,,,,,,,,,,,,,,,,,,
9M,GMB,4.2,2.397772,TRUE,深水埗區,白田上邨,深水埗區,石硤尾站(循環線),深水埗區,None,(深水埗區) 白雲街,(深水埗區) 白雲街 - 白田邨第9座對面,(深水埗區) 白田街 - 賽馬會創意藝術中心外,(深水埗區) 巴域街 - 石硤尾邨第22座外,(深水埗區) 巴域街 - 石硤尾街市外,(深水埗區) 窩仔街 - 銘賢書院外,(深水埗區) 南昌街 - 名都廣場外,(深水埗區) 白雲街 - 白田邨昌田樓外,(深水埗區) 白雲街,,,,,,,,,,,,,,,,,,,,,,,,,,,,,,,,,,,,,,
64A,GMB,4.1,3.309884,FALSE,沙田區,培橋書院,沙田區,大圍站(村南道),沙田區,額外班次,(沙田區) 大圍新村路 - 近大圍新村,(沙田區) 大圍公共運輸交匯處,(沙田區) 村南道 - 近大圍站,,,,,,,,,,,,,,,,,,,,,,,,,,,,,,,,,,,,,,,,,,,,
64K,GMB,4.1,4.578405,FALSE,沙田區,富山,沙田區,大圍站(村南道),沙田區,None,(沙田區) 下城門道 - 近富山火葬場,(沙田區) 大圍新村路 - 近大圍新村,(沙田區) 積存街 - 近嘉全樓,(沙田區) 村南道 - 近大圍站,,,,,,,,,,,,,,,,,,,,,,,,,,,,,,,,,,,,,,,,,,,
812A,GMB,4.1,3.266903,TRUE,沙田區,水泉澳,沙田區,沙田圍站(循環線),沙田區,None,(沙田區) 博泉街 -欣泉樓外,(沙田區) 博泉街 -朗泉樓外,(沙田區) 博泉街 -月泉樓外,(沙田區) 沙角街 -沙田圍鐵路站外,(沙田區) 逸泰街 - 沙田圍鐵路站外,(沙田區) 博泉街 -欣泉樓外,,,,,,,,,,,,,,,,,,,,,,,,,,,,,,,,,,,,,,,,,
812A,GMB,4.1,3.266903,FALSE,沙田區,水泉澳(博泉徑),沙田區,沙田圍站(逸泰街),沙田區,特別班次,(沙田區) 博泉徑,(沙田區) 博泉街 -朗泉樓外,(沙田區) 博泉街 -月泉樓外,(沙田區) 沙角街 -沙田圍鐵路站外,(沙田區) 逸泰街 - 沙田圍鐵路站外,,,,,,,,,,,,,,,,,,,,,,,,,,,,,,,,,,,,,,,,,,
88F,GMB,4,4.391235,FALSE,葵青區,青衣站,葵青區,藍澄灣,葵青區,額外班次,(葵青區) 港鐵青衣站小巴總站,(葵青區) 青衣鄉事會路 - 近翠怡花園第三座,(葵青區) 涌美路 - 近長康邨康祥樓,(葵青區) 青康路 - 近長青邨民政事務總署長青社區中心,(葵青區) 青康路 - 近長青邨青榕樓,(葵青區) 藍澄灣第三座,,,,,,,,,,,,,,,,,,,,,,,,,,,,,,,,,,,,,,,,,
79S,GMB,4,3.296332,TRUE,黃大仙區,瓊東街,黃大仙區,龍翔道(鑽石山站)(循環線),黃大仙區,特別班次,(黃大仙區) 瓊東街 - 嘉峰臺,(黃大仙區) 龍翔道 - 荷里活廣場對面,(黃大仙區) 瓊東街 - 嘉峰臺,,,,,,,,,,,,,,,,,,,,,,,,,,,,,,,,,,,,,,,,,,,,
79M,GMB,4,1.987318,FALSE,黃大仙區,瓊東街,黃大仙區,黃大仙站,黃大仙區,None,(黃大仙區) 瓊東街 - 嘉峰臺,(黃大仙區) 瓊東街 - 新麗花園C座外,(黃大仙區) 斧山道 - 東九龍胸肺科診所外,(黃大仙區) 彩虹道 - 采頤花園外,(黃大仙區) 彩虹道 - 華懋工業大廈外,(黃大仙區) 沙田坳道北行線龍逸樓外巴士停車灣,(黃大仙區) 沙田坳道 - 黃大仙中心外(總站),,,,,,,,,,,,,,,,,,,,,,,,,,,,,,,,,,,,,,,,
88A,GMB,4,15.1799,FALSE,葵青區,青衣碼頭,葵青區,青衣站,葵青區,短程班次,(葵青區) 青衣碼頭總站,(葵青區) 港鐵青衣站小巴總站,,,,,,,,,,,,,,,,,,,,,,,,,,,,,,,,,,,,,,,,,,,,,
88F,GMB,4,4.391235,FALSE,葵青區,藍澄灣,葵青區,青衣站,葵青區,短程班次,(葵青區) 藍澄灣第三座,(葵青區) 青衣鄉事會路 - 近青衣已婚警察宿舍Ａ座,(葵青區) 港鐵青衣站小巴總站,,,,,,,,,,,,,,,,,,,,,,,,,,,,,,,,,,,,,,,,,,,,
808,GMB,4,10.06163,FALSE,沙田區,錦英苑,沙田區,新港城中心,沙田區,特別班次,(沙田區) 錦英苑巴士總站,(沙田區) 新港城中心,,,,,,,,,,,,,,,,,,,,,,,,,,,,,,,,,,,,,,,,,,,,,
82,GMB,4,2.676351,FALSE,觀塘區,彩興苑,觀塘區,坪石公共運輸交匯處一樓,觀塘區,輔助服務,(觀塘區) 彩盛里 - 近彩興苑彩薈閣,(觀塘區) 彩盛里 - 近彩興苑彩蕎閣,(觀塘區) 彩興里 - 近彩興苑彩蕎閣,(觀塘區) 坪石公共運輸交匯處一樓,,,,,,,,,,,,,,,,,,,,,,,,,,,,,,,,,,,,,,,,,,,
63B,GMB,3.9,2.727899,FALSE,沙田區,恒峰花園,沙田區,大圍站(村南道),沙田區,額外班次,(沙田區) 碧田街 - 近恒峰花園第３座,(沙田區) 碧田街 -近翠景花園第２座,(沙田區) 碧田街 - 近翠景花園第１座,(沙田區) 美田路 - 近美城苑貴城閣,(沙田區) 積存街 - 近埃索－大圍加油站,(沙田區) 村南道 - 近金昌樓,(沙田區) 村南道 - 近大圍站,,,,,,,,,,,,,,,,,,,,,,,,,,,,,,,,,,,,,,,,
63A,GMB,3.9,2.805159,FALSE,沙田區,美松苑,沙田區,大圍站(村南道),沙田區,額外班次,(沙田區) 美松苑小巴總站,(沙田區) 美田路 - 近美城苑貴城閣,(沙田區) 積存街 - 近埃索－大圍加油站,(沙田區) 村南道 - 近金昌樓,(沙田區) 村南道 - 近大圍站,,,,,,,,,,,,,,,,,,,,,,,,,,,,,,,,,,,,,,,,,,
63K,GMB,3.9,3.000347,FALSE,沙田區,美田邨公共運輸交匯處,沙田區,大圍站(村南道),沙田區,None,(沙田區) 美田邨 - 美田商場,(沙田區) 積存街 - 近埃索－大圍加油站,(沙田區) 村南道 - 近金昌樓,(沙田區) 村南道 - 近大圍站,,,,,,,,,,,,,,,,,,,,,,,,,,,,,,,,,,,,,,,,,,,
803K,GMB,3.9,1.993883,FALSE,沙田區,大圍站公共運輸交匯處,沙田區,顯徑,沙田區,額外班次,(沙田區) 港鐵大圍站公共運輸交匯處,(沙田區) 車公廟路 - 車公廟路遊樂場外,(沙田區) 車公廟路 - 顯耀邨顯耀樓,(沙田區) 車公廟路 - 顯徑邨顯揚樓,(沙田區) 車公廟路 - 顯徑商場,(沙田區) 顯田街 - 近梁文燕紀念中學,,,,,,,,,,,,,,,,,,,,,,,,,,,,,,,,,,,,,,,,,
88A,GMB,3.7,15.1799,TRUE,葵青區,青衣站,葵青區,擔桿山路(循環線),葵青區,短程班次,(葵青區) 港鐵青衣站小巴總站,(葵青區) 長安邨小巴總站,(葵青區) 擔桿山路 - 近香港船廠有限公司,(葵青區) 擔桿山路 - 近中華傳道會呂明才小學,(葵青區) 港鐵青衣站小巴總站,,,,,,,,,,,,,,,,,,,,,,,,,,,,,,,,,,,,,,,,,,
95A,GMB,3.7,3.299682,TRUE,荃灣區,荃德花園,荃灣區,荃灣站(循環線),荃灣區,None,(荃灣區) 荃德花園,(荃灣區) 青山公路-荃灣段錦豐園外,(荃灣區) 青山公路-荃灣段中染大廈外,(荃灣區) 西樓角路南豐中心對面,(荃灣區) 青山公路-荃灣段287號外,(荃灣區) 青山公路-荃灣段413號外,(荃灣區) 青山公路-荃灣段491-501號外,(荃灣區) 荃德花園,,,,,,,,,,,,,,,,,,,,,,,,,,,,,,,,,,,,,,,
95M,GMB,3.7,1.664642,FALSE,荃灣區,荃灣站,荃灣區,荃灣中心,荃灣區,None,(荃灣區) 荃灣站,(荃灣區) 青山公路-荃灣段287號外,(荃灣區) 青山公路-荃灣段413號外,(荃灣區) 荃景圍荃灣警署外,(荃灣區) 荃灣中心,,,,,,,,,,,,,,,,,,,,,,,,,,,,,,,,,,,,,,,,,,
75A,GMB,3.6,2.102966,TRUE,深水埗區,深水埗(富昌邨),深水埗區,桂林街(循環線),深水埗區,短程班次,(深水埗區) 深水埗 (富昌邨),(深水埗區) 欽州街西近通州街,(深水埗區) 欽州街,(深水埗區) 桂林街,(深水埗區) 欽州街,(深水埗區) 深水埗 (富昌邨),,,,,,,,,,,,,,,,,,,,,,,,,,,,,,,,,,,,,,,,,
65S,GMB,15.5,27.92516,TRUE,沙田區 -> 油尖旺區 -> 九龍城區 -> 沙田區,黃泥頭,沙田區,旺角站(循環線),沙田區,None,(沙田區) 黃泥頭巴士總站,(沙田區) 小瀝源路 - 廣源邨停車場外,(沙田區) 廣善街 - 近廣源邨廣楊樓,(沙田區) 牛皮沙街 - 近愉翠苑愉勤閣,(沙田區) 銀城街 - 銀城商場外,(沙田區) 大涌橋路 - 沙田第一城外,(沙田區) 大涌橋路 - 富豪花園外,(沙田區) 大涌橋路 - 近河畔花園,(沙田區) 大涌橋路 - 愉城苑外,(沙田區) 獅子山隧道公路 - 近豐盛苑華盛閣,(油尖旺區) 弼街 - 近中華基督教會望覺堂基督教大樓,(九龍城區) 亞皆老街 - 嘉麗園,(九龍城區) 亞皆老街 - 近怡安閣Ｂ座,(沙田區) 獅子山隧道公路新田圍邨外的巴士停車灣,(沙田區) 大涌橋路 - 愉城苑對面,(沙田區) 大涌橋路 - 近河畔花園,(沙田區) 大涌橋路 - 富豪花園對面,(沙田區) 小瀝源路 - 小瀝源路遊樂場外,(沙田區) 銀城街 - 第一城,(沙田區) 插桅桿街 - 近第一城站,(沙田區) 牛皮沙街 - 愉翠苑對面,(沙田區) 小瀝源路 - 帝堡城外,(沙田區) 黃泥頭巴士總站,,,,,,,,,,,,,,,,,,,,,,,,
87,GMB,11,3.703624,TRUE,觀塘區,鯉魚門邨,觀塘區,九龍灣(啟仁街)(循環線),觀塘區,None,(觀塘區) 鯉魚門邨公共運輸交匯處,(觀塘區) 高超道東行大本營外巴士站,(觀塘區) 高超道 - 近高怡邨高悅樓,(觀塘區) 高超道 - 近高翔苑高康閣,(觀塘區) 碧雲道 - 近康瑞苑,(觀塘區) 碧雲道 - 近康栢苑瑞栢閣,(觀塘區) 碧雲道 - 近康栢苑祥栢閣,(觀塘區) 碧雲道 - 近康雅苑杏雅閣,(觀塘區) 碧雲道 - 近德田邨德康樓,(觀塘區) 碧雲道 - 近德田邨德敬樓,(觀塘區) 連德道 - 近康景閣,(觀塘區) 德田街 - 近啟旺樓,(觀塘區) 啟田道 - 近啟田商場,(觀塘區) 宏照道 - 國際交易中心對面,(觀塘區) 宏照道 - 近鴻力工業中心,(觀塘區) 臨興街 - 近中國建設銀行中心,(觀塘區) 臨興街 - 近啓歷學校,(觀塘區) 宏光道 - 近宏天廣場,(觀塘區) 啓仁街 - 近聖公會九龍灣基樂小學,(觀塘區) 宏光道 - 近麗晶花園麗晶商場,(觀塘區) 宏照道 - 近麗晶花園第八座,(觀塘區) 宏照道 - 近天主教柏德學校,(觀塘區) 宏照道 - 九龍灣運動場外,(觀塘區) 宏照道 - 近康大電業大廈,(觀塘區) 常悅道 - 企業廣場對面,(觀塘區) 常怡道 - 近零碳天地組裝合成建築法展現中心,(觀塘區) 啟田道 - 近祈康閣,(觀塘區) 啟田道 - 近藍田(西區)社區中心,(觀塘區) 德田街 - 啟旺樓對面,(觀塘區) 連德道 - 康逸苑外,(觀塘區) 碧雲道 - 近碧雲道休憩處,(觀塘區) 碧雲道 - 近德田邨德田停車場,(觀塘區) 碧雲道 - 近德田邨德盛樓,(觀塘區) 碧雲道 - 近廣田邨廣靖樓,(觀塘區) 碧雲道 - 廣田商場,(觀塘區) 碧雲道南行近燈柱編號 AA 0454,(觀塘區) 高超道 - 近碧雲道休憩花園,(觀塘區) 高超道 - 近高怡邨高悅樓,(觀塘區) 鯉魚門邨公共運輸交匯處,,,,,,,,
621,GMB,6.1,13.52069,TRUE,元朗區,洪水橋(洪元路),元朗區,天水圍北(濕地公園路)(經天水圍醫院)(循環線),元朗區,None,(元朗區) 洪水橋(洪元路)巴士站,(元朗區) 洪水橋大街近燈柱FA4208,(元朗區) 青山公路近洪水橋輕鐵站,(元朗區) 洪天路近洪福邨巴士站,(元朗區) 洪天路近石埗村巴士站,(元朗區) 屏廈路近天水圍站巴士站,(元朗區) 天耀路近天盛苑巴士站,(元朗區) 天湖路近賞湖居巴士站,(元朗區) 天湖路近裘錦秋中學巴士站,(元朗區) 天瑞路近天水圍公園巴士站,(元朗區) 天瑞路近天瑞邨巴士站,(元朗區) 天水圍醫院,(元朗區) 天壇街近食環署元朗車房,(元朗區) 天瑞路近天華邨巴士站,(元朗區) 天瑞路近天恩邨巴士站,(元朗區) 天瑞路近天澤邨巴士站,(元朗區) 濕地公園路近香港濕地公園巴士站,(元朗區) 天葵路近慧景軒巴士站,(元朗區) 天葵路近香港青年協會李兆基書院巴士站,(元朗區) 天華路近天頌苑頌棋閣巴士站,(元朗區) 天瑞路近天頌苑巴士站,(元朗區) 天水圍醫院,(元朗區) 天壇街近食環署元朗車房,(元朗區) 天瑞路近天水圍官立小學,(元朗區) 天瑞路近天瑞邨巴士站,(元朗區) 天瑞路近天水圍公園巴士站,(元朗區) 天湖路近耀盛樓巴士站,(元朗區) 天耀路近耀民樓巴士站,(元朗區) 屏廈路近天水圍站巴士站,(元朗區) 洪天路近石埗村巴士站,(元朗區) 洪水橋(洪元路)巴士站,,,,,,,,,,,,,,,,
78,GMB,8.3,15.71491,TRUE,油尖旺區,大角咀(維港灣)公共運輸交匯處,油尖旺區,尖沙咀(北京道)(循環線),油尖旺區,None,(油尖旺區) 大角咀(維港灣)公共運輸交匯處,(油尖旺區) 海輝道小巴總站,(油尖旺區) 深旺道 - 近中耀樓,(油尖旺區) 深旺道匯豐中心外巴士灣,(油尖旺區) 海泓道 - 海富苑外,(油尖旺區) 渡船街28號,(油尖旺區) 廣東道佐治五世紀念公園外,(油尖旺區) 廣東道港景峰外,(油尖旺區) 廣東道中港中心外,(油尖旺區) 北京道誠信大廈外,(油尖旺區) 廣東道中港城外,(油尖旺區) 廣東道佐治五世紀念公園對面,(油尖旺區) 渡船街文英樓外,(油尖旺區) 欣翔道 - 御金·國峯對面,(油尖旺區) 海泓道 - 富榮花園第3座外,(油尖旺區) 櫻桃街 - 奧海城二期外,(油尖旺區) 海景街 - 奧運站巴士總站外,(油尖旺區) 大角咀(維港灣)公共運輸交匯處,,,,,,,,,,,,,,,,,,,,,,,,,,,,,
88A,GMB,4,15.1799,TRUE,葵青區,擔桿山路,葵青區,美景花園(循環線),葵青區,None,(葵青區) 擔桿山路 - 近香港船廠有限公司,(葵青區) 擔桿山路 - 近中華傳道會呂明才小學,(葵青區) 港鐵青衣站小巴總站,(葵青區) 長安邨小巴總站,(葵青區) 青綠街 - 近青綠街花園,(葵青區) 青衣鄉事會路 - 近翠怡花園第三座,(葵青區) 青衣鄉事會路 - 近涌美路,(葵青區) 青康路 - 近美景花園第七座,(葵青區) 涌美路 - 近上高灘街休憩處,(葵青區) 青衣鄉事會路 - 近青衣已婚警察宿舍Ａ座,(葵青區) 楓樹窩路 - 近翠怡花園第九座,(葵青區) 青綠街 - 近青綠街花園,(葵青區) 港鐵青衣站小巴總站,(葵青區) 長安邨小巴總站,(葵青區) 擔桿山路 - 近香港船廠有限公司,,,,,,,,,,,,,,,,,,,,,,,,,,,,,,,,
901,GMB,8.4,19.3495,TRUE,離島區,港珠澳大橋香港口岸,離島區,東涌北(循環線),離島區,None,(離島區) 港珠澳大橋香港口岸公共運輸交匯處地面,(離島區) 東輝路民航處總部,(離島區) 觀景路 - 國泰城外,(離島區) 觀景路 - 飛機燃料庫對面,(離島區) 東涌發展碼頭,(離島區) 惠東路 - 海堤灣畔對面,(離島區) 文東路 - 藍天海岸外,(離島區) 文東路 - 映灣園三期第十一座外,(離島區) 文東路 - 映灣園二期第八座外,(離島區) 文東路 - 映灣園一期第二座外,(離島區) 迎東路 - 昇薈外,(離島區) 迎東路 - 迎東邨外,(離島區) 迎東路 - 昇薈對面,(離島區) 迎禧路 - 映灣園一期外,(離島區) 觀景路 - 飛機燃料庫外,(離島區) 東岸路 - 國泰城外,(離島區) 東耀路民航處總部對面,(離島區) 港珠澳大橋香港口岸旅檢大樓一樓,,,,,,,,,,,,,,,,,,,,,,,,,,,,,
810,GMB,7,8.663312,TRUE,沙田區,沙田市中心,沙田區,馬鞍山(雅典居)(循環線),沙田區,None,(沙田區) 沙田正街 - 近偉華中心第２座,(沙田區) 橫壆街 - 好運中心外,(沙田區) 源禾路 - 近浸信會呂明才中學,(沙田區) 源禾路 - 禾輋邨外的巴士停車灣,(沙田區) 大涌橋路 - 沙田第一城對面,(沙田區) 大涌橋路 - 濱景花園外,(沙田區) 亞公角街北行線 - 沙田醫院對面,(沙田區) 亞公角街 - 近亞公角漁民新村香港攀山總會,(沙田區) 亞公角街 - 近馬鞍山崇真中學,(沙田區) 寧泰路 - 近馬鞍山海濱長廊,(沙田區) 寧泰路 - 德信中學對面,(沙田區) 寧泰路 - 海典灣對面,(沙田區) 恆明街 - 近聽濤雅苑,(沙田區) 西沙路 - 聽濤雅苑外,(沙田區) 西沙路 - 近頌安邨頌安商場,(沙田區) 西沙路 - 頌安邨頌和樓外,(沙田區) 馬鞍山(海栢花園)小巴總站,(沙田區) 鞍超街 - 近馬鞍山中心第４座,(沙田區) 鞍駿街 - 近雅典居第４座,(沙田區) 西沙路 - 新港城外,(沙田區) 西沙路 - 福安花園對面,(沙田區) 西沙路 - 馬鞍山運動場外,(沙田區) 西沙路 - 錦鞍苑外,(沙田區) 恆健街 - 近錦暉苑,(沙田區) 保泰街 - 近 We Go Mall,(沙田區) 寧泰路 - 德信中學外,(沙田區) 寧泰路 - 錦泰苑外,(沙田區) 亞公角街南行線 - 近漁民新村,(沙田區) 亞公角街 - 沙田醫院外,(沙田區) 大涌橋路 - 濱景花園對面,(沙田區) 大涌橋路 - 沙田第一城外,(沙田區) 源禾路 - 近沙田運動場,(沙田區) 源禾路 - 近沙田賽馬會游泳池,(沙田區) 沙田市中心(擔桿莆街),(沙田區) 沙田正街 - 近偉華中心第２座,,,,,,,,,,,,
810,GMB,7,8.663312,TRUE,沙田區,沙田市中心(不經保泰街),沙田區,馬鞍山(雅典居)(循環線),沙田區,特別班次,(沙田區) 沙田正街 - 近偉華中心第２座,(沙田區) 橫壆街 - 好運中心外,(沙田區) 源禾路 - 近浸信會呂明才中學,(沙田區) 源禾路 - 禾輋邨外的巴士停車灣,(沙田區) 大涌橋路 - 沙田第一城對面,(沙田區) 大涌橋路 - 濱景花園外,(沙田區) 亞公角街北行線 - 沙田醫院對面,(沙田區) 亞公角街 - 近亞公角漁民新村香港攀山總會,(沙田區) 亞公角街 - 近馬鞍山崇真中學,(沙田區) 寧泰路 - 近馬鞍山海濱長廊,(沙田區) 寧泰路 - 德信中學對面,(沙田區) 寧泰路 - 海典灣對面,(沙田區) 恆明街 - 近聽濤雅苑,(沙田區) 西沙路 - 聽濤雅苑外,(沙田區) 西沙路 - 近頌安邨頌安商場,(沙田區) 西沙路 - 頌安邨頌和樓外,(沙田區) 馬鞍山(海栢花園)小巴總站,(沙田區) 鞍超街 - 近馬鞍山中心第４座,(沙田區) 鞍駿街 - 近雅典居第４座,(沙田區) 西沙路 - 新港城外,(沙田區) 西沙路 - 福安花園對面,(沙田區) 西沙路 - 馬鞍山運動場外,(沙田區) 西沙路 - 錦鞍苑外,(沙田區) 恆健街 - 近錦暉苑,(沙田區) 寧泰路 - 德信中學外,(沙田區) 寧泰路 - 錦泰苑外,(沙田區) 亞公角街南行線 - 近漁民新村,(沙田區) 亞公角街 - 沙田醫院外,(沙田區) 大涌橋路 - 濱景花園對面,(沙田區) 大涌橋路 - 沙田第一城外,(沙田區) 源禾路 - 近沙田運動場,(沙田區) 源禾路 - 近沙田賽馬會游泳池,(沙田區) 沙田市中心(擔桿莆街),(沙田區) 沙田正街 - 近偉華中心第２座,,,,,,,,,,,,,
811S,GMB,11.3,22.43583,TRUE,沙田區,穗禾苑一期,沙田區,耀安(恆康街)(循環線),沙田區,額外班次,(沙田區) 穗禾苑一期,(沙田區) 大涌橋路 - 沙田第一城對面,(沙田區) 大涌橋路 - 濱景花園外,(沙田區) 亞公角街沙田醫院對面的巴士停車灣,(沙田區) 亞公角街 - 漁民新村對面,(沙田區) 亞公角街 - 近富安花園,(沙田區) 西沙路近聽濤雅苑的巴士停車灣,(沙田區) 西沙路近頌安邨(馬鞍山運動場對面)的巴士停車灣,(沙田區) 西沙路頌安邨頌和樓外(近福安花園),(沙田區) 西沙路馬鞍山廣場外巴士停車灣,(沙田區) 海柏花園公共運輸交匯處,(沙田區) 恆康街曾壁山中學外的巴士停車灣,(沙田區) 恆康街耀安邨耀謙樓外的巴士停車灣,(沙田區) 恆康街馬鞍山運動場外的巴士停車灣,(沙田區) 恆康街曾璧山中學對面的巴士停車灣,(沙田區) 西沙路頌安邨頌和樓外(近福安花園),(沙田區) 海柏花園公共運輸交匯處,(沙田區) 西沙路近馬鞍山運動場的巴士停車灣,(沙田區) 西沙路 - 錦鞍苑外,(沙田區) 恆德街近富安花園的巴士停車灣,(沙田區) 亞公角街近沙田漁民新村的巴士停車灣,(沙田區) 亞公角街 - 沙田醫院外,(沙田區) 大涌橋路 - 濱景花園對面,(沙田區) 大涌橋路 - 沙田第一城外,(沙田區) 長瀝尾街,(沙田區) 穗禾苑巴士總站,,,,,,,,,,,,,,,,,,,,,
621,GMB,6.1,13.52069,TRUE,元朗區,洪水橋(洪元路),元朗區,天水圍北(濕地公園路)(經天水圍醫院)(循環線),元朗區,早上班次,(元朗區) 洪水橋(洪元路)巴士站,(元朗區) 洪天路近洪福邨巴士站,(元朗區) 洪天路近石埗村巴士站,(元朗區) 屏廈路近天水圍站巴士站,(元朗區) 天耀路近天盛苑巴士站,(元朗區) 天湖路近賞湖居巴士站,(元朗區) 天湖路近裘錦秋中學巴士站,(元朗區) 天瑞路近天水圍公園巴士站,(元朗區) 天瑞路近天瑞邨巴士站,(元朗區) 天水圍醫院,(元朗區) 天壇街近食環署元朗車房,(元朗區) 天瑞路近天華邨巴士站,(元朗區) 天瑞路近天恩邨巴士站,(元朗區) 天瑞路近天澤邨巴士站,(元朗區) 濕地公園路近香港濕地公園巴士站,(元朗區) 天葵路近慧景軒巴士站,(元朗區) 天葵路近香港青年協會李兆基書院巴士站,(元朗區) 天華路近天頌苑頌棋閣巴士站,(元朗區) 天瑞路近天頌苑巴士站,(元朗區) 天水圍醫院,(元朗區) 天壇街近食環署元朗車房,(元朗區) 天瑞路近天水圍官立小學,(元朗區) 天瑞路近天瑞邨巴士站,(元朗區) 天瑞路近天水圍公園巴士站,(元朗區) 天湖路近耀盛樓巴士站,(元朗區) 天耀路近耀民樓巴士站,(元朗區) 屏廈路近天水圍站巴士站,(元朗區) 洪天路近石埗村巴士站,(元朗區) 洪水橋(洪元路)巴士站,,,,,,,,,,,,,,,,,,
62S,GMB,14.3,14.51713,FALSE,觀塘區 -> 油尖旺區,藍田(廣田邨),觀塘區,尖沙咀,油尖旺區,None,(觀塘區) 廣田邨巴士總站,(觀塘區) 碧雲道 - 廣田商場對面,(觀塘區) 碧雲道 - 康柏苑龍柏閣外,(觀塘區) 碧雲道 - 德田邨德康樓外,(觀塘區) 啟田道 - 啟田商場外,(觀塘區) 裕民坊,(觀塘區) 牛頭角道 - 寶恩大廈外,(觀塘區) 牛頭角道 - 牛頭角港鐵站外,(觀塘區) 牛頭角道 - 牛頭角下邨外,(觀塘區) 牛頭角道 - 淘大花園A座對面,(觀塘區) 宏照道 - 香港輔助警察總部外,(油尖旺區) 海防道 - 海防大廈對面,,,,,,,,,,,,,,,,,,,,,,,,,,,,,,,,,,,
806B,GMB,12.8,19.642,FALSE,沙田區 -> 大埔區,石門,沙田區,運頭塘,大埔區,額外班次,(沙田區) 安明街 - 石門站對面,(沙田區) 小瀝源路 - 沙田第一城第28座外,(沙田區) 大涌橋路 - 沙田第一城對面,(沙田區) 大涌橋路 - 濱景花園外,(沙田區) 亞公角街 - 沙田醫院對面,(沙田區) 亞公角街 - 漁民新村對面,(沙田區) 亞公角街 - 近富安花園,(沙田區) 寧泰路 - 錦泰苑對面,(沙田區) 寧泰路 - 德信中學對面,(沙田區) 寧泰路 - 海典灣對面,(沙田區) 恒健街 - 近馬鞍山循道衛理小學,(沙田區) 恒輝街 - 恒輝街公園外,(沙田區) 科學園路 - 水上活動中心對面,(沙田區) 科學園路 - 近香港生物科技研究院,(沙田區) 創新路 - 近科學園第一期,(沙田區) 創新路 - 近科學園第三期,(大埔區) 創新路 - 近雲滙,(大埔區) 科進路 - 逸瓏灣外,(大埔區) 科進路溋玥‧天賦海灣外,(大埔區) 創新路天賦海灣1期對面,(大埔區) 大埔公路 - 廣福公園外,(大埔區) 廣福道 - 王肇枝中學外,(大埔區) 廣福道 - 運頭角里,(大埔區) 廣福道 - 近廣福大廈,(大埔區) 寶鄉街 - 近寶鄉橋,(大埔區) 大埔太和路 - 大埔中心外,(大埔區) 南運路 - 近廣智樓,(大埔區) 南運路 - 近運來樓,(大埔區) 運頭塘總站,,,,,,,,,,,,,,,,,,
805S,GMB,17.2,22.53862,FALSE,沙田區 -> 黃大仙區 -> 油尖旺區,錦英苑,沙田區,旺角,油尖旺區,None,(沙田區) 錦英苑巴士總站,(沙田區) 錦英路 - 富寶花園外,(沙田區) 錦英路 - 錦龍苑對面,(沙田區) 西沙路南行線 - 雅典居對面,(沙田區) 西沙路 - 新港城外,(沙田區) 西沙路 - 頌安邨頌和樓對面,(沙田區) 恒康街 - 曾璧山中學外,(沙田區) 恒康街 - 耀安邨耀謙樓外,(沙田區) 馬鞍山路近錦駿苑,(沙田區) 恒德街近富安花園,(沙田區) 富安花園巴士總站,(沙田區) 亞公角街南行線 - 近漁民新村,(沙田區) 亞公角街 - 沙田醫院外,(黃大仙區) 新蒲崗公共運輸總站,(油尖旺區) 旺角道 - 花園街市政大廈外,,,,,,,,,,,,,,,,,,,,,,,,,,,,,,,,
N31,GMB,17.7,13.48163,FALSE,南區 -> 中西區 -> 灣仔區,田灣邨,南區,銅鑼灣(謝斐道),灣仔區,通宵服務班次,(南區) 田灣邨小巴總站,(南區) 華景街 - 近華翠樓,(南區) 華景街 - 近華景樓,(南區) 華富道 - 近華泰樓,(南區) 華富道 - 近華安樓,(南區) 薄扶林道 - 中華廚藝學院,(南區) 薄扶林道 - 薄扶林水塘道,(南區) 薄扶林道 - 心光學校,(南區) 薄扶林道 - 瑪麗醫院對面,(中西區) 薄扶林道 - 摩星嶺道,(中西區) 薄扶林道 - 蒲飛路,(中西區) 薄扶林道 - 近香港大學賽馬會第一舍堂村 何東夫人紀念堂,(中西區) 薄扶林道 - 近寶翠園第三座,(中西區) 般咸道 - 近聖士提反堂及幼稚園,(中西區) 般咸道 - 近聖保羅書院,(中西區) 般咸道53號,(中西區) 般咸道 - 近栢苑,(中西區) 般咸道 - 寶威閣,(中西區) 般咸道 - 醫院道,(中西區) 堅道 - 樓梯街,(中西區) 堅道 - 城皇街,(中西區) 堅道 - 卑利街,(中西區) 堅道 - 近雅苑,(中西區) 金鐘道 - 金鐘廊外,(灣仔區) 軒尼詩道 - 近One Hennessy,(灣仔區) 駱克道 - 近銅鑼灣廣場二期,(灣仔區) 謝斐道 - 近兆安廣場,,,,,,,,,,,,,,,,,,,,
74,GMB,7,9.541424,TRUE,油尖旺區 -> 九龍城區 -> 油尖旺區,九龍站,油尖旺區,旺角(聯運街)(循環線),油尖旺區,None,(油尖旺區) 九龍站,(油尖旺區) 雅翔道 - 近環球貿易廣場,(油尖旺區) 博物館道 - 近西九文化區藝術公園,(油尖旺區) 渡船街 - 近文英樓,(油尖旺區) 廣東道 - 近北海街,(油尖旺區) 眾坊街 - 近駿發花園,(油尖旺區) 新填地街 - 近永星里,(油尖旺區) 永星里 - 近雅達商業大廈,(油尖旺區) 彌敦道 - 近永星里,(油尖旺區) 窩打老道 - 近青年會,(油尖旺區) 窩打老道 - 近廣華醫院主座大樓東翼,(油尖旺區) 廣華街 - 近煙廠街,(油尖旺區) 染布房街 - 近依利大廈,(油尖旺區) 聯運街 - 近聯運街休憩處,(油尖旺區) 洗衣街 - 近鴻德大廈,(油尖旺區) 太子道西 - 近別樹一居,(油尖旺區) 西洋菜南街 - 近生發大廈,(油尖旺區) 洗衣街 - 近快富街,(九龍城區) 亞皆老街113號,(九龍城區) 窩打老道 - 近萬基大廈,(九龍城區) 窩打老道 - 近何文田街,(油尖旺區) 窩打老道 - 近九龍華仁書院,(油尖旺區) 窩打老道 - 近油麻地救護站,(油尖旺區) 窩打老道 - 近金輝大廈,(油尖旺區) 上海街 - 近文明里休憩花園,(油尖旺區) 上海街 - 近海景絲麗酒店,(油尖旺區) 上海街 - 近西貢街,(油尖旺區) 佐敦道38號,(油尖旺區) 佐敦道 - 近西九龍站,(油尖旺區) 佐敦道 - 近擎天半島,(油尖旺區) 九龍站,,,,,,,,,,,,,,,,
88M,GMB,8.3,11.50054,FALSE,葵青區,葵芳站,葵青區,香港聯合船塢,葵青區,None,(葵青區) 新葵芳花園,(葵青區) 興芳路 - 葵涌運動場對面,(葵青區) 葵青路近行人天橋巴士避車處,(葵青區) 青衣路 - 長青商場對面,(葵青區) 長青巴士總站,(葵青區) 青衣路 - 近環境保護署化學廢物處理設施,(葵青區) 香港聯合船塢小巴總站,,,,,,,,,,,,,,,,,,,,,,,,,,,,,,,,,,,,,,,,
73,GMB,7.9,10.13724,TRUE,深水埗區 -> 九龍城區 -> 黃大仙區 -> 九龍城區 -> 深水埗區,又一城公共交通總站,深水埗區,慈雲山中心(循環線),深水埗區,None,(深水埗區) 又一城公共交通總站,(深水埗區) 歌和老街 - 近畢架山峰,(九龍城區) 歌和老街 - 近匯山園,(九龍城區) 歌和老街 - 近歌和臺,(九龍城區) 聯合道 - 近金城道遊樂場,(九龍城區) 竹園道 - 近嘉強苑嘉匯閣,(黃大仙區) 竹園道 - 近天宏苑循道衛理聯合教會主恩堂暨幼稚園,(黃大仙區) 竹園道 - 鵬程苑,(黃大仙區) 竹園道 - 近竹園北邨桐園樓,(黃大仙區) 沙田坳道 - 竹園北邨梅園樓,(黃大仙區) 慈雲山道 - 沙田坳邨和田樓外,(黃大仙區) 慈雲山道 - 近沙田坳邨順田樓,(黃大仙區) 慈雲山道 - 近慈雲閣,(黃大仙區) 慈雲山道 - 近慈愛苑三期愛祥閣,(黃大仙區) 慈雲山道 - 慈正邨正暉樓外,(黃大仙區) 惠華街 - 慈雲山中心外,(黃大仙區) 慈雲山道 - 慈雲山邨中央遊樂場外,(黃大仙區) 慈雲山道 - 慈愛苑一期愛賢閣外,(黃大仙區) 慈雲山道 - 近伊斯蘭鮑伯濤紀念小學,(黃大仙區) 慈雲山道 - 近慈雲山道休憩處,(黃大仙區) 沙田坳道 - 東華三院黃大仙醫院外,(黃大仙區) 竹園道 - 近民政事務總署竹園社區中心,(黃大仙區) 竹園道 - 近竹園南邨榮園樓,(黃大仙區) 竹園道 - 近天宏苑宏景閣,(黃大仙區) 竹園道 - 近天馬苑駿威閣,(九龍城區) 聯合道 - 近逸夫校園逸夫行政樓,(九龍城區) 聯合道 - 金城道遊樂場對面,(九龍城區) 歌和老街 - 近樂古花園,(深水埗區) 歌和老街 - 近歌和老街公園歌和老街壁球及乒乓球中心,(深水埗區) 又一城公共交通總站,,,,,,,,,,,,,,,,,
78,GMB,9.7,15.71491,FALSE,元朗區,落馬洲(新田)公共交通交匯處,元朗區,八鄉路(近大欖隧道轉車站),元朗區,None,(元朗區) 落馬洲(新田)公共運輸交匯處,(元朗區) 青山公路－新田段 - 近文天祥公園,(元朗區) 東匯路 - 近沙田坑村,(元朗區) 錦上路站公共運輸交匯處,(元朗區) 錦上路 - 近吳家村,(元朗區) 八鄉路 -(近大欖隧道轉車站)小巴總站,,,,,,,,,,,,,,,,,,,,,,,,,,,,,,,,,,,,,,,,,
806M,GMB,12.8,19.69284,TRUE,大埔區 -> 沙田區 -> 大埔區,白石角,大埔區,石門(循環線),大埔區,短程班次,(大埔區) 白石角公共運輸交匯處,(大埔區) 科進路 - 逸瓏灣外,(大埔區) 創新路 - 近雲滙,(大埔區) 科研路 - 逸瓏灣8外,(大埔區) 科研路 - 朗濤外,(沙田區) 創新路 - 香港科學園三期外,(沙田區) 創新路 - 香港科學園一期外,(沙田區) 科學園路 - 近香港生物科技研究院,(沙田區) 科學園路 - 水上活動中心外,(沙田區) 科學園路 - 馬料水渡輪碼頭外,(沙田區) 小瀝源路 - 帝逸酒店外,(沙田區) 安明街 - 石門站外,(沙田區) 安明街 - 石門站對面,(沙田區) 小瀝源路 - 帝逸酒店對面,(沙田區) 沙田圍路 - 永得利大廈對面,(沙田區) 牛皮沙街 - 愉翠苑外,(沙田區) 插桅桿街 - 欣廷軒外,(沙田區) 銀城街 - 聖羅撒書院外,(沙田區) 沙田圍路 - 永得利大廈外,(沙田區) 科學園路 - 香港中文大學水上活動中心對面,(沙田區) 科學園路 - 白石角海濱公園對面,(沙田區) 創新路 - 香港科學園一期對面,(沙田區) 創新路 - 香港科學園三期對面,(大埔區) 創新路 - 雲滙對面,(大埔區) 科進路海鑽‧天賦海灣,(大埔區) 科進路 - 逸瓏灣外,(大埔區) 白石角公共運輸交匯處,,,,,,,,,,,,,,,,,,,,
814,GMB,7.9,14.53098,TRUE,沙田區,麗坪路,沙田區,沙田(白鶴汀街)(循環線),沙田區,None,(沙田區) 麗坪路 - 近配水庫小巴總站,(沙田區) 麗坪路 - 近雲端,(沙田區) 麗坪路 - 近澐灃,(沙田區) 麗坪路 - 玖瓏山對面,(沙田區) 大埔公路 - 近麗坪路,(沙田區) 大埔公路 - 近九肚山路,(沙田區) 樂信徑 - 駿景園外,(沙田區) 樂景街 - 火炭站對面,(沙田區) 源禾路 - 沙田運動場外,(沙田區) 源禾路 - 沙田賽馬會泳池外,(沙田區) 担杆莆街 - 唐寧大廈對面,(沙田區) 白鶴汀街 - 帝都酒店外,(沙田區) 沙田正街 - 希爾頓中心,(沙田區) 橫壆街 - 好運中心外,(沙田區) 源禾路 - 瀝源邨外,(沙田區) 源禾路 - 禾輋邨外,(沙田區) 樂景街 - 火炭站外,(沙田區) 樂信徑 - 駿景園對面,(沙田區) 樂信徑迴旋處,(沙田區) 大埔公路 - 近九肚山路,(沙田區) 大埔公路 - 近麗坪路,(沙田區) 麗坪路 - 玖瓏山外,(沙田區) 麗坪路 - 近尚珩,(沙田區) 麗坪路 - 近九肚山峰,(沙田區) 麗坪路 - 近配水庫小巴總站,,,,,,,,,,,,,,,,,,,,,,
88A,GMB,4,15.1799,TRUE,葵青區,美景花園,葵青區,長安邨(循環線),葵青區,短程班次,(葵青區) 青康路 - 近美景花園第七座,(葵青區) 青衣鄉事會路 - 近青衣已婚警察宿舍Ａ座,(葵青區) 青綠街 - 近青綠街花園,(葵青區) 港鐵青衣站小巴總站,(葵青區) 長安邨小巴總站,(葵青區) 青綠街 - 近青綠街花園,(葵青區) 青衣鄉事會路 - 近翠怡花園第三座,(葵青區) 青康路 - 近美景花園第七座,,,,,,,,,,,,,,,,,,,,,,,,,,,,,,,,,,,,,,,
N40,GMB,16.5,17.59243,FALSE,南區 -> 灣仔區,赤柱村,南區,渣甸街,灣仔區,凌晨班次,(南區) 赤柱灘道,(南區) 佳美道 - 赤柱廣場,(南區) 環角道 - 駿馬樓,(南區) 環角道 - 龍騰閣,(南區) 環角道 - 觀馬樓,(南區) 赤柱村道 - 旭日居,(南區) 淺水灣道 - 近赫蘭道,(南區) 淺水灣道 102 號,(南區) 淺水灣道 - 淺水灣別墅,(南區) 淺水灣道 - 淺水灣泳灘,(南區) 淺水灣道 - 近麗景道,(南區) 香島道 - 香島小築,(南區) 香島道 - 蒲苑,(南區) 香島道 - 深水灣泳灘,(南區) 香島道 - 鄉村俱樂部,(灣仔區) 摩理臣山道 - 近禮頓道,(灣仔區) 禮頓道 - 禮頓中心,(灣仔區) 邊寧頓街 - 利園二期,(灣仔區) 渣甸街,,,,,,,,,,,,,,,,,,,,,,,,,,,,
68,GMB,6.7,6.276073,TRUE,黃大仙區 -> 觀塘區 -> 黃大仙區,彩雲邨,黃大仙區,九龍灣(循環線),黃大仙區,None,(黃大仙區) 豐盛街 - 近彩雲(一)邨觀日樓,(黃大仙區) 彩雲巴士總站,(觀塘區) 清水灣道 - 近坪石邨鑽石樓,(觀塘區) 彩石里 - 近聖若瑟英文小學,(觀塘區) 觀塘道 - 近牛頭角下邨貴亮樓,(觀塘區) 牛頭角道 -近牛頭角上邨常興樓,(觀塘區) 牛頭角道 - 花園大廈喜鵲樓外,(觀塘區) 勵業街 - 近翠華集團中心,(觀塘區) 海濱道 - 香港綠景NEO對面,(觀塘區) 啓興道 - 近太平洋貿易中心,(觀塘區) 祥業街啟匯外,(觀塘區) 企業廣場第五期MegaBox,(觀塘區) 企業廣場,(觀塘區) 海濱道 - 近海濱匯,(觀塘區) 牛頭角道 - 觀塘官立小學外,(觀塘區) 牛頭角道 - 安德大廈外,(觀塘區) 牛頭角道 - 近牛頭角下邨貴顯樓,(觀塘區) 牛頭角道 - 淘大花園A座對面,(黃大仙區) 清水灣道 - 近牛池灣市政大廈,(黃大仙區) 清水灣道 - 近彩雲(一)邨白鳳樓,(黃大仙區) 新清水灣道 - 近彩雲(一)邨伴月樓,(黃大仙區) 豐盛街 - 近彩雲(一)邨觀日樓,,,,,,,,,,,,,,,,,,,,,,,,,
89B,GMB,5.8,11.39861,FALSE,荃灣區 -> 葵青區,海貴路公共運輸交匯處,荃灣區,葵盛北(葵孝街),葵青區,額外班次,(荃灣區) 海貴路公共運輸交匯處,(荃灣區) 沙咀道 - 戴麟趾夫人分科診療所外,(荃灣區) 沙咀道 - 近眾安街,(葵青區) 大窩口道 - 近大窩口邨富強樓,(葵青區) 大窩口道 - 近大窩口邨富安樓,(葵青區) 禾塘咀街 - 近葵涌街坊福利會,(葵青區) 禾塘咀街 - 近飛亞工業中心,(葵青區) 禾塘咀街 - 近美葵大廈,(葵青區) 葵盛圍 - 葵盛東盛樂樓外,(葵青區) 葵盛圍 - 近南葵涌賽馬會分科診療所,(葵青區) 葵盛圍 - 近葵盛東邨盛和樓,(葵青區) 葵孝街 - 近葵盛東邨盛國樓,(葵青區) 葵孝街 - 葵盛東盛家樓外,(葵青區) 葵盛(葵孝街)小巴總站,,,,,,,,,,,,,,,,,,,,,,,,,,,,,,,,,
618A,GMB,14.4,14.2914,FALSE,元朗區,天水圍(天恩邨),元朗區,深圳灣口岸,元朗區,短程班次,(元朗區) 天恩商場,(元朗區) 天瑞路 - 近天澤邨,() 深圳灣口岸,,,,,,,,,,,,,,,,,,,,,,,,,,,,,,,,,,,,,,,,,,,,
61S,GMB,18.8,12.58326,FALSE,沙田區 -> 油尖旺區,火炭,沙田區,旺角站,油尖旺區,None,(沙田區) 樂信徑駿景園外的巴士停車灣,(沙田區) 沙角街 -沙田圍鐵路站外,(沙田區) 獅子山隧道公路新田圍邨對面的巴士停車灣,(油尖旺區) 快富街 -工業貿易署大樓外,,,,,,,,,,,,,,,,,,,,,,,,,,,,,,,,,,,,,,,,,,,
74S,GMB,7,9.074685,TRUE,油尖旺區 -> 九龍城區 -> 油尖旺區,九龍站,油尖旺區,何文田山道(循環線),油尖旺區,額外服務班次,(油尖旺區) 九龍站,(油尖旺區) 雅翔道 - 近環球貿易廣場,(油尖旺區) 博物館道 - 近西九文化區藝術公園,(油尖旺區) 渡船街 - 近文英樓,(油尖旺區) 廣東道 - 近北海街,(油尖旺區) 眾坊街 - 近駿發花園,(油尖旺區) 新填地街 - 近永星里,(油尖旺區) 永星里 - 近雅達商業大廈,(油尖旺區) 彌敦道 - 近永星里,(油尖旺區) 窩打老道 - 近青年會,(油尖旺區) 窩打老道 - 近廣華醫院主座大樓東翼,(油尖旺區) 廣華街 - 近煙廠街,(油尖旺區) 染布房街 - 近依利大廈,(九龍城區) 亞皆老街113號,(九龍城區) 窩打老道 - 近萬基大廈,(九龍城區) 何文田街 - 近曾榕大廈,(九龍城區) 何文田街 - 近文采閣,(九龍城區) 何文田山道 - 近仁禮花園,(九龍城區) 何文田山道 - 近文豪閣,(九龍城區) 何文田山道 - 近金百利大廈,(九龍城區) 何文田山道休憩花園,(油尖旺區) 衛理道 - 近李炳紀念學校,(油尖旺區) 窩打老道 - 近九龍華仁書院,(油尖旺區) 窩打老道 - 近油麻地救護站,(油尖旺區) 窩打老道 - 近金輝大廈,(油尖旺區) 上海街 - 近文明里休憩花園,(油尖旺區) 上海街 - 近海景絲麗酒店,(油尖旺區) 上海街 - 近西貢街,(油尖旺區) 佐敦道38號,(油尖旺區) 佐敦道 - 近西九龍站,(油尖旺區) 佐敦道 - 近擎天半島,(油尖旺區) 九龍站,,,,,,,,,,,,,,,
807B,GMB,7.9,20.23698,TRUE,沙田區 -> 大埔區 -> 西貢區 -> 大埔區 -> 沙田區,馬鞍山站,沙田區,黃竹灣(循環線),沙田區,額外班次,(沙田區) 海柏花園公共運輸交匯處,(沙田區) 西沙路 - 雅典居外,(沙田區) 西沙路 - 烏溪沙新村外,(沙田區) 烏溪沙站巴士總站,(大埔區) 西沙路 - 帝琴灣凱弦居外,(大埔區) 西沙路近西澳,(大埔區) 西沙路近泥涌,(大埔區) 西沙路近大洞,(大埔區) 西沙路近西徑,(大埔區) 西沙路近企嶺下,(大埔區) 西沙路近水浪窩,(西貢區) 西沙路近澳頭,(西貢區) 西沙路近黃竹灣,(西貢區) 西沙路近黃竹灣,(西貢區) 西沙路近澳頭,(大埔區) 西沙路 - 近澳頭新村,(大埔區) 西沙路近水浪窩,(大埔區) 西沙路近企嶺下,(大埔區) 西沙路近西徑,(大埔區) 西沙路近大洞,(大埔區) 西沙路近泥涌,(大埔區) 西沙路近西澳,(沙田區) 烏溪沙站巴士總站,(沙田區) 西沙路南行線 - 雅典居對面,(沙田區) 海柏花園巴士總站,,,,,,,,,,,,,,,,,,,,,,
63S,GMB,14.2,23.79287,FALSE,沙田區 -> 九龍城區 -> 油尖旺區,美田邨公共運輸交匯處,沙田區,旺角,油尖旺區,通宵班次,(沙田區) 美田邨 - 美田商場,(沙田區) 香粉寮街 - 近美田邨美全樓,(沙田區) 美田路大圍街市外的巴士停車灣,(沙田區) 紅梅谷路 - 近新翠邨新月樓,(沙田區) 紅梅谷路 - 近世界花園長松閣,(九龍城區) 太子道西 - 近太和苑,(油尖旺區) 太子道西 - 新世紀廣場外,(油尖旺區) 西洋菜南街 - 近長寧大廈,,,,,,,,,,,,,,,,,,,,,,,,,,,,,,,,,,,,,,,
69X,GMB,12.5,10.79928,FALSE,南區 -> 灣仔區,數碼港,南區,銅鑼灣(駱克道),灣仔區,None,(南區) 數碼港公共運輸交匯處,(南區) 數碼港道 - 資訊道,(南區) 數碼港道 -數碼港3座對面,(南區) 數碼港道 -貝沙灣1期對面,(南區) 數碼港道 -貝沙灣南灣,(南區) 域多利道 - 近免疫學研究院,(南區) 石排灣道 - 萬景樓外,(南區) 石排灣道 - 田灣街,(南區) 香港仔海傍道 -香港仔巴士總站外,(南區) 香港仔大道48-50號 - 業漁大樓外,(南區) 香港仔隧道收費廣場,(灣仔區) 崇正大廈 - 摩理臣山道,(灣仔區) 摩理臣山道32號,(灣仔區) 駱克道 - 馬師道以東,(灣仔區) 駱克道 - 近景隆街,,,,,,,,,,,,,,,,,,,,,,,,,,,,,,,,
71,GMB,8.7,13.29927,FALSE,元朗區,元朗(元朗泰衡街),元朗區,石湖塘(河背),元朗區,None,(元朗區) 元朗泰衡街 - 近大興大廈Ｂ座,(元朗區) 青山公路 - 近金豐大廈,(元朗區) 青山公路 - 近東頭村,(元朗區) 青山公路 - 元朗東成里路,(元朗區) 錦田公路 - 近下高埔村,(元朗區) 錦田公路 - 近高埔村,(元朗區) 錦田公路 - 蒙養公立學校對面,(元朗區) 錦上路 - 近祠堂村,(元朗區) 錦上路站公共運輸交匯處,(元朗區) 錦上路 - 近吳家村,(元朗區) 錦上路 - 近聖公會聖約瑟堂幼稚園,(元朗區) 錦上路 - 近田心新村,(元朗區) 石田路 - 近威裕花園,(元朗區) 石田路 - 近樂湖軒,(元朗區) 石田路 - 近八鄉田心村村公所,(元朗區) 八鄉路 - 近八鄉路休憇處,(元朗區) 河背村通道 - 近馬鞍崗,(元朗區) 八鄉路近大欖隧道轉車站,(元朗區) 石湖塘(河背)小巴總站,,,,,,,,,,,,,,,,,,,,,,,,,,,,
806A,GMB,12.8,17.13306,FALSE,沙田區 -> 大埔區,黃泥頭,沙田區,運頭塘,大埔區,None,(沙田區) 黃泥頭巴士總站,(沙田區) 小瀝源路 - 廣源邨停車場外,(沙田區) 小瀝源路 - 廣柏樓外,(沙田區) 廣善街 - 廣榕樓外,(沙田區) 廣善街 - 近香港恒生大學,(沙田區) 牛皮沙街 - 近牛皮沙村,(沙田區) 牛皮沙街 - 愉翠苑外,(沙田區) 插桅桿街 - 欣廷軒外,(沙田區) 銀城街 - 圓洲角普通科門診診所外,(沙田區) 銀城街 - 第一城,(沙田區) 大涌橋路 - 沙田第一城對面,(沙田區) 大涌橋路 - 濱景花園外,(沙田區) 科學園路 - 水上活動中心對面,(沙田區) 科學園路 - 近香港生物科技研究院,(沙田區) 創新路 - 近科學園第一期,(沙田區) 創新路 - 近科學園第三期,(大埔區) 創新路 - 近雲滙,(大埔區) 科進路 - 逸瓏灣外,(大埔區) 科進路溋玥‧天賦海灣外,(大埔區) 創新路天賦海灣1期對面,(大埔區) 大埔公路 - 廣福公園外,(大埔區) 廣福道 - 王肇枝中學外,(大埔區) 廣福道 - 運頭角里,(大埔區) 廣福道 - 近廣福大廈,(大埔區) 寶鄉街 - 近寶鄉橋,(大埔區) 大埔太和路 - 大埔中心外,(大埔區) 南運路 - 近廣智樓,(大埔區) 南運路 - 近運來樓,(大埔區) 運頭塘總站,,,,,,,,,,,,,,,,,,
811B,GMB,11.7,16.27079,TRUE,沙田區,耀安,沙田區,火炭(長瀝尾街)(循環線),沙田區,額外班次,(沙田區) 耀安邨巴士總站,(沙田區) 恒康街 - 曾璧山中學對面,(沙田區) 西沙路南行線 - 馬鞍山運動場外,(沙田區) 西沙路 - 錦鞍苑外,(沙田區) 恆德街南行線 - 近大水坑站,(沙田區) 亞公角街 - 漁民新村外,(沙田區) 亞公角街 - 沙田醫院外,(沙田區) 大涌橋路 - 濱景花園對面,(沙田區) 大涌橋路 - 沙田第一城外,(沙田區) 長瀝尾街 - 嘉里(沙田)貨倉外,(沙田區) 樂景街 - 港鐵火炭站對面,(沙田區) 大涌橋路 - 沙田第一城對面,(沙田區) 大涌橋路 - 濱景花園外,(沙田區) 亞公角街北行線 - 沙田醫院對面,(沙田區) 亞公角街 - 漁民新村對面,(沙田區) 亞公角街 - 近馬鞍山崇真中學,(沙田區) 西沙路 - 聽濤雅苑外,(沙田區) 西沙路 - 近頌安邨頌安商場,(沙田區) 耀安邨巴士總站,,,,,,,,,,,,,,,,,,,,,,,,,,,,
75,GMB,10,12.61969,FALSE,元朗區,元朗(福康街),元朗區,落馬洲支線公共交通交匯處,元朗區,None,(元朗區) 福康街 - 近金寶樓,(元朗區) 青山公路元朗段 - 金豐大廈外,(元朗區) 元朗站(北)公共運輸交匯處,(元朗區) 青山公路 - 元朗段 - 元朗東成里路,(元朗區) 青山公路－潭尾段 - 近元朗菜聯聯誼會有限公司天光墟蔬菜批發市場,(元朗區) 青山公路－潭尾段 - 近金翠軒,(元朗區) 青山公路－潭尾段 - 近悅富豪苑 House 1,(元朗區) 青山公路－潭尾段 - 近首譽３座,(元朗區) 青山公路－潭尾段 - 近知年護養院泰苑小築Ｅ１０,(元朗區) 青山公路－米埔段 - 近加州豪園,(元朗區) 青山公路－新田段 - 近東山古廟,(元朗區) 青山公路－新田段 - 近新田公共運輸交匯處過境穿梭巴士新田總站,(元朗區) 落馬洲路 - 近潘屋村,(元朗區) 落馬洲路 - 近下灣漁民新村,(元朗區) 未命名通道 - 近落馬洲站,,,,,,,,,,,,,,,,,,,,,,,,,,,,,,,,
76A,GMB,6.6,10.35086,TRUE,觀塘區,廣田,觀塘區,基督教聯合醫院(循環線),觀塘區,None,(觀塘區) 廣田邨小巴總站,(觀塘區) 碧雲道 - 近康栢苑祥栢閣,(觀塘區) 碧雲道 - 近康雅苑杏雅閣,(觀塘區) 碧雲道 - 近德田邨德康樓,(觀塘區) 碧雲道 - 近德田邨德田停車場,(觀塘區) 碧雲道 - 近德田邨德敬樓,(觀塘區) 連德道興田邨外近燈柱 AA6591,(觀塘區) 連德道 - 近興田邨彩田樓,(觀塘區) 連德道 - 近康華苑宏康閣,(觀塘區) 曉光街上秀茂坪巴士總站,(觀塘區) 秀明道 - 秀明樓外,(觀塘區) 秀明道 - 秀富樓外,(觀塘區) 秀明道秀潤樓外,(觀塘區) 秀明道 - 秀茂坪商場對面,(觀塘區) 秀明道秀義樓對面,(觀塘區) 秀茂坪道寧波第二中學外,(觀塘區) 協和街聯合醫院外,(觀塘區) 基督教聯合醫院小巴總站,(觀塘區) 秀雅道近燈柱 AF0631,(觀塘區) 協和街 - 近高雷中學,(觀塘區) 順安道 - 近順天邨天瑤樓,(觀塘區) 順安道 - 近順天巴士總站,(觀塘區) 秀明道 - 秀雅樓外,(觀塘區) 秀明道 - 秀義樓外,(觀塘區) 秀明道基督教聖約教會堅樂小學外,(觀塘區) 秀明道 - 秀逸樓外,(觀塘區) 秀明道 - 秀富樓對面,(觀塘區) 秀明道路德會聖馬太小學外,(觀塘區) 秀明道觀塘官立小學(秀明道)對面,(觀塘區) 曉光街上秀茂坪巴士總站對面,(觀塘區) 連德道康華苑對面近燈柱 AA6583,(觀塘區) 連德道 - 近興田邨彩田樓,(觀塘區) 碧雲道藍田公園外,(觀塘區) 碧雲道 - 近德田邨德田停車場,(觀塘區) 碧雲道 - 近德田邨德隆樓,(觀塘區) 碧雲道廣靖樓巴士站,(觀塘區) 碧雲道 - 近廣田商場,(觀塘區) 廣田邨小巴總站,,,,,,,,,
618B,GMB,14.4,14.56028,FALSE,元朗區,天水圍(濕地公園路),元朗區,深圳灣口岸,元朗區,短程班次,(元朗區) 濕地公園路 - 近俊宏軒第六座,(元朗區) 天葵路 - 慧景軒對面,(元朗區) 天葵路 - 近香港青年協會李兆基書院,(元朗區) 天葵路 - 近嘉湖山莊美湖居激活幼稚園,(元朗區) 天華路 - 近天頌苑頌棋閣,(元朗區) 屏廈路 - 近榮江園,() 深圳灣口岸,,,,,,,,,,,,,,,,,,,,,,,,,,,,,,,,,,,,,,,,
7,GMB,13.7,16.75641,FALSE,西貢區 -> 大埔區,西貢,西貢區,海下,大埔區,None,(西貢區) 福民路小巴總站 - 經華樓外,(西貢區) 大網仔,(西貢區) 北潭涌巴士總站,(大埔區) 海下路 - 海下村入口,,,,,,,,,,,,,,,,,,,,,,,,,,,,,,,,,,,,,,,,,,,
70,GMB,9.7,9.248071,FALSE,黃大仙區 -> 九龍城區 -> 油尖旺區,鑽石山站公共運輸交匯處,黃大仙區,大角咀(維港灣),油尖旺區,None,(黃大仙區) 鑽石山站公共運輸交匯處,(黃大仙區) 鳳德道 - 龍蟠苑龍珊閣外,(黃大仙區) 彩虹道 - 黃大仙警署對面,(黃大仙區) 彩虹道 - 彩虹道遊樂場外,(黃大仙區) 彩虹道 - 衍慶大廈外,(黃大仙區) 彩虹道 - 樂善堂王仲銘中學對面巴士站,(九龍城區) 太子道東 - 富豪東方酒店對面,(九龍城區) 太子道西 - 蘭苑外,(九龍城區) 太子道西 - 近科發道,(九龍城區) 太子道西 - 聖德肋撒法國醫院外,(九龍城區) 太子道西 - 愛華閣第二期外,(九龍城區) 太子道西 - 太和大廈外,(油尖旺區) 太子道西191號,(油尖旺區) 太子道西 - 別樹一居外,(油尖旺區) 太子道西 - 維景酒店外,(油尖旺區) 通州街 - 昌興樓外,(油尖旺區) 大角咀道 - 近必發道,(油尖旺區) 大角咀道 - 大同新邨大公樓對面,(油尖旺區) 大角咀道 - 新九龍廣場外,(油尖旺區) 櫻桃街 - 奧海城二期外,(油尖旺區) 海景街 - 匯豐中心1座外,(油尖旺區) 海帆道 - 奧海城一期對面,(油尖旺區) 海帆道近其與海輝道交界處,(油尖旺區) 大角咀(維港灣)公共運輸交匯處,,,,,,,,,,,,,,,,,,,,,,,
75,GMB,8.2,12.61969,FALSE,元朗區,元朗(福康街),元朗區,下灣村,元朗區,短程班次,(元朗區) 福康街 - 近金寶樓,(元朗區) 青山公路－元朗段 - 近金豐大廈,(元朗區) 元朗站(北)公共運輸交匯處,(元朗區) 青山公路 - 元朗段 - 元朗東成里路,(元朗區) 青山公路－潭尾段 - 近元朗菜聯聯誼會有限公司天光墟蔬菜批發市場,(元朗區) 青山公路－潭尾段 - 近金翠軒,(元朗區) 青山公路－潭尾段 - 近悅富豪苑 House 1,(元朗區) 青山公路－潭尾段 - 近首譽３座,(元朗區) 青山公路－潭尾段 - 近知年護養院泰苑小築Ｅ１０,(元朗區) 青山公路－米埔段 - 近加州豪園,(元朗區) 青山公路－新田段 - 近東山古廟,(元朗區) 青山公路－新田段 - 近新田公共運輸交匯處過境穿梭巴士新田總站,(元朗區) 落馬洲路 - 近潘屋村,(元朗區) 落馬洲路 - 近下灣漁民新村,(元朗區) 下灣村東路 - 近下灣村籃球場,,,,,,,,,,,,,,,,,,,,,,,,,,,,,,,,
803,GMB,8.3,11.85351,FALSE,沙田區,顯徑,沙田區,利安,沙田區,None,(沙田區) 顯田街 - 近梁文燕紀念中學,(沙田區) 顯徑街 - 顯徑邨顯慶樓外,(沙田區) 顯徑街 - 田心救護站外,(沙田區) 田心街 - 隆亨邨榮心樓對面,(沙田區) 車公廟路 - 五育中學對面,(沙田區) 車公廟路 - 李屋村對面,(沙田區) 車公廟路 - 車公廟站外,(沙田區) 大涌橋路 - 曾大屋遊樂場對面,(沙田區) 大涌橋路 - 愉城苑對面,(沙田區) 大涌橋路 - 近河畔花園,(沙田區) 大涌橋路 - 富豪花園對面,(沙田區) 大涌橋路 - 沙田第一城對面,(沙田區) 大涌橋路 - 濱景花園外,(沙田區) 亞公角街北行線 - 沙田醫院對面,(沙田區) 亞公角街 - 近富安花園,(沙田區) 馬鞍山路錦駿苑對面,(沙田區) 恒康街 - 耀安邨耀謙樓對面,(沙田區) 恒康街 - 曾璧山中學對面,(沙田區) 西沙路 - 馬鞍山廣場外,(沙田區) 馬鞍山路 - 馬鞍山分區警署外,(沙田區) 錦英路 - 富寶花園外,(沙田區) 利安邨巴士總站,,,,,,,,,,,,,,,,,,,,,,,,,
805S,GMB,17.2,22.53862,FALSE,油尖旺區 -> 沙田區,旺角,油尖旺區,錦英苑,沙田區,特別班次(不經富安花園),(油尖旺區) 旺角道 - 花園街市政大廈外,(沙田區) 亞公角街北行線 - 沙田醫院對面,(沙田區) 亞公角街 - 漁民新村對面,(沙田區) 亞公角街 - 近富安花園,(沙田區) 富安花園巴士總站,(沙田區) 馬鞍山路錦駿苑對面,(沙田區) 恒康街 - 耀安邨耀謙樓對面,(沙田區) 恒康街馬鞍山運動場外的巴士停車灣,(沙田區) 恒康街 - 曾璧山中學對面,(沙田區) 西沙路 - 福安花園外,(沙田區) 西沙路 - 馬鞍山廣場外,(沙田區) 西沙路 - 雅典居外,(沙田區) 錦英路 - 錦龍苑外,(沙田區) 錦英路 - 近富寶花園,(沙田區) 錦英苑巴士總站,,,,,,,,,,,,,,,,,,,,,,,,,,,,,,,,
61S,GMB,15.3,12.58326,FALSE,沙田區 -> 油尖旺區,瀝源∕禾輋,沙田區,旺角站,油尖旺區,正常班次,(沙田區) 德厚街 - 禾輋邨德和樓外,(沙田區) 獅子山隧道公路新田圍邨對面的巴士停車灣,(油尖旺區) 快富街 -工業貿易署大樓外,,,,,,,,,,,,,,,,,,,,,,,,,,,,,,,,,,,,,,,,,,,,
72,GMB,8.7,5.674542,FALSE,元朗區,元朗(元朗泰衡街),元朗區,雷公田,元朗區,None,(元朗區) 元朗泰衡街 - 近大興大廈Ｂ座,(元朗區) 青山公路 - 近金豐大廈,(元朗區) 青山公路 - 近東頭村,(元朗區) 青山公路 - 元朗東成里路,(元朗區) 錦田公路 - 近下高埔村,(元朗區) 錦田公路 - 近高埔村,(元朗區) 錦田公路 - 蒙養公立學校對面,(元朗區) 錦上路 - 近祠堂村,(元朗區) 錦上路站公共運輸交匯處,(元朗區) 錦上路 - 近吳家村,(元朗區) 錦上路 - 近聖公會聖約瑟堂幼稚園,(元朗區) 錦上路 - 近田心新村,(元朗區) 錦上路 -近翠朗花園,(元朗區) 錦上路 - 近元崗村,(元朗區) 錦上路 - 近溱璽,(元朗區) 錦上路 - 近水盞田,(元朗區) 錦上路 - 近錦上華巒,(元朗區) 錦上路 - 近金爵花園(一期),(元朗區) 錦上路 - 近杜屋村,(元朗區) 錦上路 - 近上村公園,(元朗區) 荃錦公路 -近石崗村53座,,,,,,,,,,,,,,,,,,,,,,,,,,
79K,GMB,5.2,6.078384,TRUE,油尖旺區,旺角(柏景灣),油尖旺區,旺角東站(循環線),油尖旺區,None,(油尖旺區) 旺角(柏景灣)總站,(油尖旺區) 櫻桃街 - 銘基書院外,(油尖旺區) 新填地街437號,(油尖旺區) 旺角道 - 近砵蘭街,(油尖旺區) 洗衣街 - 近快富街,(油尖旺區) 旺角東站,(油尖旺區) 亞皆老街62號,(油尖旺區) 亞皆老街2A號,(油尖旺區) 櫻桃街 - 中華基督教銘基書院對面,(油尖旺區) 海泓道 - 海富苑外,(油尖旺區) 海泓道 - 富榮花園第十座外,(油尖旺區) 旺角(柏景灣)總站,,,,,,,,,,,,,,,,,,,,,,,,,,,,,,,,,,,
90M,GMB,6.6,11.85765,TRUE,葵青區 -> 深水埗區 -> 葵青區,荔景山村,葵青區,美孚站(循環線),葵青區,None,(葵青區) 荔崗街 - 近浩景臺第四座,(葵青區) 荔景山路 - 和景樓對面,(葵青區) 荔景山路 - 近荔景邨日景樓,(葵青區) 荔景山路 - 賢麗苑購物中心對面,(葵青區) 葵涌荔景山路201號,(葵青區) 荔景山路 - 近荔景社區會堂,(葵青區) 荔景山路 - 張玉瓊晨輝學校對面,(深水埗區) 荔灣道 - 荔枝角公園體育館對面,(深水埗區) 美荔道 - 美孚新邨近第6期,(深水埗區) 美荔道 - 近美孚巴士總站,(深水埗區) 荔灣道 - 近荔枝角公園體育館,(葵青區) 荔景山路 - 近荔景邨安景樓（第６座）,(葵青區) 荔景山路 - 賢麗苑購物中心外,(葵青區) 荔景山路 - 日景樓外,(葵青區) 荔景山路 - 和景樓外,(葵青區) 荔崗街 - 近浩景臺第四座,,,,,,,,,,,,,,,,,,,,,,,,,,,,,,,
65A,GMB,7.4,4.645002,TRUE,東區,柴灣(康民街),東區,鰂魚涌(途經東區尤德夫人那打素醫院)(循環線),東區,額外班次,(東區) 康民街,(東區) 泰民街,(東區) 樂民道,(東區) 東區尤德夫人那打素醫院,(東區) 柴灣道近山翠苑,(東區) 渣華道 - 柯達大廈外,(東區) 渣華道近北角政府合署,(東區) 英皇道 - 麗華樓外,(東區) 英皇道 - 太古坊外,(東區) 英皇道 - 新威園外,(東區) 英皇道近惠安苑,(東區) 英皇道近仁孚,(東區) 英皇道近太古城中心,(東區) 筲箕灣道近太祥街,(東區) 筲箕灣道 - 太安樓外,(東區) 筲箕灣道近譽·東,(東區) 筲箕灣道 - 嘉兆大廈外,(東區) 筲箕灣道 - 樂融軒外,(東區) 柴灣道近耀園花園大廈,(東區) 東區尤德夫人那打素醫院,(東區) 樂民道,(東區) 泰民街,(東區) 康民街,,,,,,,,,,,,,,,,,,,,,,,,
77M,GMB,7.6,7.507447,TRUE,油尖旺區,九龍站,油尖旺區,尖東(循環線),油尖旺區,None,(油尖旺區) 九龍站專線小巴總站,(油尖旺區) 博物館道，近西九文化區藝術公園,(油尖旺區) 廣東道港景峰外,(油尖旺區) 廣東道中港中心外,(油尖旺區) 廣東道力寶太陽廣場外,(油尖旺區) 中間道兒童遊樂場,(油尖旺區) 漢口道,(油尖旺區) 九龍公園徑北行外巴士站,(油尖旺區) 廣東道中港城外,(油尖旺區) 九龍站專線小巴總站,,,,,,,,,,,,,,,,,,,,,,,,,,,,,,,,,,,,,
803,GMB,8.3,11.85351,FALSE,沙田區,顯徑,沙田區,利安,沙田區,特別班次,(沙田區) 顯田街 - 近梁文燕紀念中學,(沙田區) 顯徑街 - 顯徑邨顯慶樓外,(沙田區) 顯徑街 - 田心救護站外,(沙田區) 車公廟路 - 五育中學對面,(沙田區) 車公廟路 - 李屋村對面,(沙田區) 車公廟路 - 車公廟站外,(沙田區) 大涌橋路 - 曾大屋遊樂場對面,(沙田區) 大涌橋路 - 愉城苑對面,(沙田區) 大涌橋路 - 近河畔花園,(沙田區) 大涌橋路 - 富豪花園對面,(沙田區) 大涌橋路 - 沙田第一城對面,(沙田區) 大涌橋路 - 濱景花園外,(沙田區) 馬鞍山路 - 錦駿苑對面,(沙田區) 恒康街 - 耀安邨耀謙樓對面,(沙田區) 恒康街 - 曾璧山中學對面,(沙田區) 西沙路 - 馬鞍山廣場外,(沙田區) 馬鞍山路 - 馬鞍山分區警署外,(沙田區) 錦英路 - 富寶花園外,(沙田區) 利安邨巴士總站,,,,,,,,,,,,,,,,,,,,,,,,,,,,
811A,GMB,10.2,10.38943,FALSE,沙田區,華翠園,沙田區,碧濤花園,沙田區,額外班次,(沙田區) 穗禾路 - 近沙田渣甸山花園,(沙田區) 穗禾苑巴士總站,(沙田區) 松頭下路 - 富騰工業中心外,(沙田區) 樂信徑迴旋處巴士灣,(沙田區) 樂信徑 - 駿景園外,(沙田區) 樂景街 - 銀禧花園外,(沙田區) 樂景街火炭站對面,(沙田區) 銀城街 - 沙田第一城外,(沙田區) 銀城街 - 五旬節林漢光中學外,(沙田區) 插桅桿街 - 第一城站外,(沙田區) 安明街 - 碩門邨總站,(沙田區) 翠湖花園,(沙田區) 碧濤花園,,,,,,,,,,,,,,,,,,,,,,,,,,,,,,,,,,
811A,GMB,10.2,10.38943,FALSE,沙田區,華翠園,沙田區,碧濤花園,沙田區,額外班次 (不經穗禾苑第一期),(沙田區) 穗禾路 - 近沙田渣甸山花園,(沙田區) 松頭下路 - 富騰工業中心外,(沙田區) 樂信徑迴旋處巴士灣,(沙田區) 樂信徑 - 駿景園外,(沙田區) 樂景街 - 銀禧花園外,(沙田區) 樂景街火炭站對面,(沙田區) 銀城街 - 沙田第一城外,(沙田區) 銀城街 - 五旬節林漢光中學外,(沙田區) 插桅桿街 - 第一城站外,(沙田區) 安明街 - 碩門邨總站,(沙田區) 翠湖花園,(沙田區) 碧濤花園,,,,,,,,,,,,,,,,,,,,,,,,,,,,,,,,,,,
86A,GMB,8.5,7.087786,FALSE,荃灣區 -> 葵青區,荃灣(川龍街),荃灣區,石籬(梨貝街),葵青區,None,(荃灣區) 荃灣(川龍街),(荃灣區) 沙咀道戴麟趾夫人分科診療所外,(荃灣區) 沙咀道249號外,(荃灣區) 沙咀道285號外,(荃灣區) 沙咀道305號外,(荃灣區) 沙咀道名逸居外,(荃灣區) 青山公路-荃灣段港鐵大窩口站外,(葵青區) 梨木道63-71號外,(葵青區) 梨木道石蔭梨木道公園對面,(葵青區) 梨木道寧峰苑外,(葵青區) 石排街安蔭邨盛蔭樓外,(葵青區) 石梨街石籬二邨石偉樓外,(葵青區) 石籬(梨貝街),,,,,,,,,,,,,,,,,,,,,,,,,,,,,,,,,,
65K,GMB,7.5,10.39462,TRUE,沙田區,黃泥頭,沙田區,火炭站(循環線),沙田區,None,(沙田區) 黃泥頭巴士總站,(沙田區) 小瀝源路 - 廣源邨停車場外,(沙田區) 牛皮沙街 - 近愉翠苑愉勤閣,(沙田區) 小瀝源路 - 近沙田第一城第二十五座,(沙田區) 㘭背灣街 - 近金豪工業大廈金豪工業大廈第二座,(沙田區) 港鐵火炭站巴士總站,(沙田區) 小瀝源路 - 小瀝源路遊樂場外,(沙田區) 牛皮沙街 - 愉翠苑對面,(沙田區) 小瀝源路 - 帝堡城外,(沙田區) 黃泥頭巴士總站,,,,,,,,,,,,,,,,,,,,,,,,,,,,,,,,,,,,,
88M,GMB,8.3,11.50054,TRUE,葵青區,葵芳站,葵青區,青衣南(循環線),葵青區,短程班次,(葵青區) 新葵芳花園,(葵青區) 青衣路 - 近環境保護署化學廢物處理設施,(葵青區) 青衣路 - 長青商場對面,(葵青區) 青衣路 - 長青商場外,(葵青區) 葵青路 - 近葵涌公園,(葵青區) 興芳路 - 近葵涌運動場,(葵青區) 新葵芳花園,,,,,,,,,,,,,,,,,,,,,,,,,,,,,,,,,,,,,,,,
94,GMB,7.2,6.91773,FALSE,荃灣區 -> 葵青區 -> 荃灣區 -> 葵青區,石圍角,荃灣區,葵盛,葵青區,None,(荃灣區) 石圍角邨,(荃灣區) 石圍角路石圍角巴士總站外,(荃灣區) 梨木樹邨公共運輸交匯處,(葵青區) 和宜合道伍若瑜夫人健康院外,(荃灣區) 和宜合道 - 北葵涌賽馬會公眾泳池外,(葵青區) 昌榮路同珍醬園外,(葵青區) 葵涌道成美工業大廈外,(葵青區) 葵涌道豪華工業大廈外,(葵青區) 葵涌道富都工業大廈外,(葵青區) 葵涌道葵芳邨對面的巴士站,(葵青區) 葵翠邨公共運輸交匯處,(葵青區) 葵福路葵喜街休憩處外,(葵青區) 葵盛圍南葵涌賽馬會分科診療所對面,(葵青區) 葵盛圍小巴總站,,,,,,,,,,,,,,,,,,,,,,,,,,,,,,,,,
N4X,GMB,11.7,12.05107,TRUE,灣仔區 -> 南區 -> 灣仔區,銅鑼灣(景隆街),灣仔區,深灣道公共交通總站(循環線),灣仔區,通宵服務,(灣仔區) 景隆街 -近總統戲院,(南區) 黃竹坑道 - 黃竹坑遊樂場外,(南區) 深灣道 - 南濤閣第3座外,(南區) 深灣道公共交通總站,(南區) 黃竹坑道 49號,(南區) 黃竹坑道 - 近香港仔隧道巴士站,(灣仔區) 駱克道 -銅鑼灣廣場一期外,(灣仔區) 景隆街 -近總統戲院,,,,,,,,,,,,,,,,,,,,,,,,,,,,,,,,,,,,,,,
75,GMB,5.2,12.61969,TRUE,深水埗區,深水埗(富昌邨),深水埗區,長沙灣(青山道)(循環線),深水埗區,None,(深水埗區) 西邨路 - 富昌邨富旺樓外,(深水埗區) 欽州街西近通州街,(深水埗區) 欽州街近醫局街,(深水埗區) 欽州街 -西九龍中心外,(深水埗區) 長沙灣道 -長沙灣政府合署外,(深水埗區) 長沙灣道 - 怡閣苑外,(深水埗區) 長沙灣道近發祥街,(深水埗區) 長沙灣道 - 貿易廣場外,(深水埗區) 長沙灣道近長沙灣徑,(深水埗區) 長沙灣道909號,(深水埗區) 青山道588號,(深水埗區) 青山道近集輝街,(深水埗區) 青山道近興華街,(深水埗區) 青山道近永隆街,(深水埗區) 青山道近東京街,(深水埗區) 東京街近元州街,(深水埗區) 東京街近長沙灣港鐵站A1出口,(深水埗區) 荔枝角道麗蘿樓外,(深水埗區) 桂林街81號,(深水埗區) 欽州街8號,(深水埗區) 西邨路 - 富昌邨富旺樓外,,,,,,,,,,,,,,,,,,,,,,,,,,
75,GMB,8.2,12.61969,FALSE,元朗區,下灣村,元朗區,元朗(福康街),元朗區,特別班次(不經擊壤路),(元朗區) 下灣村東路 - 近下灣村籃球場,(元朗區) 落馬洲路 - 近潘屋村,(元朗區) 青山公路－新田段 - 近新田公共運輸交匯處過境穿梭巴士新田總站,(元朗區) 青山公路－新田段 - 近文天祥公園,(元朗區) 青山公路－米埔段 - 近加州豪園,(元朗區) 新潭路 - 近宏園,(元朗區) 青山公路 - 元朗段 - 近凹頭迴旋處,(元朗區) 青山公路 - 元朗段 - 近楊屋村,(元朗區) 青山公路 - 元朗段 - 近 YOHO Midtown,(元朗區) 福康街 - 近金寶樓,,,,,,,,,,,,,,,,,,,,,,,,,,,,,,,,,,,,,
76,GMB,7.5,11.45599,FALSE,元朗區,元朗(福康街),元朗區,小磡村,元朗區,None,(元朗區) 福康街 - 近金寶樓,(元朗區) 青山公路－元朗段 - 金豐大廈外,(元朗區) 元朗站(北)公共運輸交匯處,(元朗區) 青山公路－元朗段 - 元朗東成里路,(元朗區) 青山公路－潭尾段 - 近元朗菜聯聯誼會有限公司天光墟蔬菜批發市場,(元朗區) 青山公路－潭尾段 - 近金翠軒,(元朗區) 青山公路－潭尾段 - 近悅富豪苑 House 1,(元朗區) 青山公路－潭尾段 - 近首譽３座,(元朗區) 青山公路－潭尾段 - 近知年護養院泰苑小築Ｅ１０,(元朗區) 青山公路－米埔段 - 近加州豪園,(元朗區) 青山公路－新田段 - 近惇裕學校,(元朗區) 嘉龍路 - 近新田軍營12座,,,,,,,,,,,,,,,,,,,,,,,,,,,,,,,,,,,
804,GMB,6.1,8.241487,FALSE,沙田區,廣源,沙田區,顯徑,沙田區,None,(沙田區) 廣源邨巴士總站,(沙田區) 小瀝源路 - 介乎廣善街與沙田圍路之間的巴士停車灣,(沙田區) 沙田圍路牛皮沙村外的巴士停車灣,(沙田區) 牛皮沙街 - 愉翠苑外,(沙田區) 插桅桿街 - 欣廷軒外,(沙田區) 銀城街 - 五旬節林漢光中學對面,(沙田區) 銀城街 - 銀城商場外,(沙田區) 大涌橋路 - 沙田第一城外,(沙田區) 大涌橋路 - 富豪花園外,(沙田區) 大涌橋路 - 近河畔花園,(沙田區) 大涌橋路 - 愉城苑外,(沙田區) 大涌橋路 - 乙明邨外,(沙田區) 車公廟路 - 秦石邨外巴士站,(沙田區) 車公廟路 - 李屋村外,(沙田區) 車公廟路 - 大圍站公共運輸交匯處對面的巴士停車灣,(沙田區) 車公廟路 - 車公廟路遊樂場外,(沙田區) 顯田街 - 近梁文燕紀念中學,,,,,,,,,,,,,,,,,,,,,,,,,,,,,,
813A,GMB,5.9,10.61974,TRUE,沙田區,水泉澳,沙田區,沙田醫院(循環線),沙田區,特別班次,(沙田區) 博泉街 -欣泉樓外,(沙田區) 博泉街 -朗泉樓外,(沙田區) 多石街 -近多石徑,(沙田區) 銀城街 -近威爾斯親王醫院,(沙田區) 銀城街 -愉田苑對面,(沙田區) 銀城街 -沙田第一城外,(沙田區) 沙田醫院,(沙田區) 銀城街 - 沙田第一城外,(沙田區) 銀城街 - 近愉田苑,(沙田區) 多石街 -近多石徑,(沙田區) 水泉澳公共運輸交匯處,(沙田區) 博泉街 -朗泉樓對面,(沙田區) 博泉街 -欣泉樓外,,,,,,,,,,,,,,,,,,,,,,,,,,,,,,,,,,
807K,GMB,9.3,11.11286,FALSE,沙田區 -> 大埔區,港鐵大學站巴士總站,沙田區,井頭村,大埔區,None,(沙田區) 港鐵大學站巴士總站,(沙田區) 馬鞍山路錦駿苑對面,(沙田區) 馬鞍山路 - 耀安邨外,(沙田區) 馬鞍山路 - 新港城外,(沙田區) 西沙路 - 海柏花園外,(沙田區) 西沙路 - 雅典居外,(沙田區) 西沙路 - 烏溪沙新村外,(沙田區) 烏溪沙站巴士總站,(大埔區) 西沙路 - 帝琴灣凱弦居外,(大埔區) 西沙路 - 香港浸信會神學院,(大埔區) 西沙路近泥涌,(大埔區) 十四鄉 - 井頭村外,,,,,,,,,,,,,,,,,,,,,,,,,,,,,,,,,,,
88,GMB,4.9,8.335007,TRUE,九龍城區 -> 黃大仙區 -> 九龍城區,啟晴邨(啟德),九龍城區,黃大仙站(循環線),九龍城區,None,(九龍城區) 承啟道 - 近保良局何壽南小學,(九龍城區) 協調道 - 近工業貿易大樓,(九龍城區) 太子道東 - 富豪東方酒店對面,(九龍城區) 衙前圍道 - 龍崗道,(黃大仙區) 樂善道 - 獻主會溥仁小學外,(黃大仙區) 樂善道 - 近東頭（二）邨 祥東樓,(黃大仙區) 彩虹道 - 近樂善堂王仲銘中學,(黃大仙區) 大成街街市 -近黃大仙文化公園,(黃大仙區) 黃大仙港鐵站 東頭邨道近龍慧樓,(黃大仙區) 沙田坳道 - 黃大仙紀律部隊宿舍外,(黃大仙區) 彩虹道啟鑽苑 - 鑽石山港鐵站,(黃大仙區) 采頤花園 - 嘉諾撒小學(新蒲崗),(九龍城區) 協調道 - 近工業貿易大樓,(九龍城區) 沐虹街 - 聖公會聖十架小學,(九龍城區) 承啟道 - 近保良局何壽南小學,,,,,,,,,,,,,,,,,,,,,,,,,,,,,,,,
89B,GMB,8.8,11.39861,FALSE,觀塘區 -> 九龍城區 -> 觀塘區,安泰邨,觀塘區,九龍灣(零碳天地),觀塘區,None,(觀塘區) 安茵街 - 近恒泰樓,(觀塘區) 安秀道，安泰邨服務設施大樓外,(觀塘區) 安秀道，安秀道公園,(觀塘區) 安翠街 -安達邨賢達樓出面,(觀塘區) 寶琳路 - 寶達邨外,(觀塘區) 秀茂坪道 - 秀程樓外,(觀塘區) 秀茂坪道 - 秀雅樓外,(觀塘區) 秀明道 - 秀雅樓外,(觀塘區) 秀明道 - 秀茂坪邨秀康樓外,(觀塘區) 秀明道基督教聖約教會堅樂小學外,(觀塘區) 秀明道 - 秀茂坪商場外,(觀塘區) 秀明道 - 路德會聖馬太學校外,(觀塘區) 秀明道 - 觀塘官立小學對面,(觀塘區) 曉光街 - 秀茂坪南邨外,(九龍城區) 啟福道西行巴士站,(觀塘區) 啟祥道東行近機電工程署總部,(觀塘區) 臨華街 - 臨華街遊樂場對面,(觀塘區) 常悅道 - 企業廣場對面,(觀塘區) 常怡道 - 近零碳天地,,,,,,,,,,,,,,,,,,,,,,,,,,,,
94A,GMB,7.2,4.590902,TRUE,荃灣區 -> 葵青區 -> 荃灣區 -> 葵青區 -> 荃灣區,梨木樹邨公共運輸交匯處,荃灣區,葵富路(循環線),荃灣區,額外服務班次,(荃灣區) 梨木樹邨公共運輸交匯處,(葵青區) 和宜合道伍若瑜夫人健康院外,(荃灣區) 和宜合道 - 北葵涌賽馬會公眾泳池外,(葵青區) 昌榮路同珍醬園外,(葵青區) 葵涌道成美工業大廈外,(葵青區) 葵涌道豪華工業大廈外,(葵青區) 葵涌道富都工業大廈外,(葵青區) 葵涌道葵芳邨對面的巴士站,(葵青區) 興芳路 - 京寶大廈外,(葵青區) 興芳路林士德體育館外,(葵青區) 葵興站公共運輸交匯處,(葵青區) 禾塘咀街109-115號,(葵青區) 青山公路葵涌段近屏麗徑,(葵青區) 和宜合道雍雅軒外,(葵青區) 和宜合道恭誠工廠大廈外,(葵青區) 和宜合道成城大廈對面,(葵青區) 和宜合道達利中心外,(葵青區) 和宜合道 - 華寶工業大廈外,(荃灣區) 和宜合道北葵涌賽馬會公眾泳池對面,(荃灣區) 和宜合道伍若瑜夫人健康院對面,(荃灣區) 梨木樹邨公共運輸交匯處,,,,,,,,,,,,,,,,,,,,,,,,,,
96,GMB,7.2,10.56825,FALSE,荃灣區,荃灣(海壩街),荃灣區,青龍頭,荃灣區,None,(荃灣區) 荃灣(海壩街),(荃灣區) 海貴路公共運輸交匯處,(荃灣區) 沙咀道近享成街的停車灣,(荃灣區) 沙咀道62號外,(荃灣區) 沙咀道6號外,(荃灣區) 青龍頭(龍如路),,,,,,,,,,,,,,,,,,,,,,,,,,,,,,,,,,,,,,,,,
63,GMB,5.9,9.059686,TRUE,觀塘區,藍田(廣田邨),觀塘區,裕民坊公共運輸交匯處(循環線),觀塘區,None,(觀塘區) 廣田邨巴士總站,(觀塘區) 碧雲道 - 廣田商場對面,(觀塘區) 碧雲道 - 康柏苑龍柏閣外,(觀塘區) 碧雲道 - 廣田邨廣靖樓對面,(觀塘區) 碧雲道 - 德田邨德瑞樓外,(觀塘區) 碧雲道 - 德田邨多層停車場外,(觀塘區) 碧雲道 - 德田邨德敬樓外,(觀塘區) 連德道 - 興田邨彩田樓外,(觀塘區) 裕民坊公共運輸交匯處,(觀塘區) 連德道 - 彩田樓對面,(觀塘區) 連德道 - 美田樓對面,(觀塘區) 碧雲道 - 德田邨德敬樓外,(觀塘區) 碧雲道 - 德田邨德樂樓外,(觀塘區) 碧雲道 - 德田邨德隆樓對面,(觀塘區) 碧雲道 - 廣田邨廣靖樓,(觀塘區) 碧雲道 - 廣田商場外,(觀塘區) 廣田邨巴士總站,,,,,,,,,,,,,,,,,,,,,,,,,,,,,,
76,GMB,7.5,11.45599,FALSE,元朗區,小磡村,元朗區,元朗(福康街),元朗區,特別班次(不經擊壤路),(元朗區) 嘉龍路 - 近新田軍營12座,(元朗區) 青山公路－新田段 - 近文天祥公園,(元朗區) 青山公路－米埔段 - 近加州豪園,(元朗區) 新潭路 - 近宏園,(元朗區) 青山公路 - 元朗段 - 近凹頭迴旋處,(元朗區) 青山公路－元朗段 - 近楊屋村,(元朗區) 青山公路－元朗段 - 近 YOHO Midtown,(元朗區) 福康街 - 近金寶樓,,,,,,,,,,,,,,,,,,,,,,,,,,,,,,,,,,,,,,,
86,GMB,6.4,8.947344,FALSE,荃灣區 -> 葵青區,荃灣(海貴路),荃灣區,石籬(梨貝街),葵青區,None,(荃灣區) 海貴路公共運輸交匯處,(荃灣區) 海盛路 - 荃灣大會堂外,(荃灣區) 沙咀道 - 戴麟趾夫人分科診療所外,(荃灣區) 沙咀道249號外,(荃灣區) 沙咀道285號外,(荃灣區) 沙咀道305號外,(荃灣區) 沙咀道名逸居外,(荃灣區) 荃富街荃富街花園外,(荃灣區) 青山公路-荃灣段港鐵大窩口站外,(葵青區) 梨木道63-71號外,(葵青區) 梨木道石蔭梨木道公園對面,(葵青區) 梨木道寧峰苑外,(葵青區) 大白田街石蔭東邨蔭恒樓外,(葵青區) 石排街安蔭邨盛蔭樓外,(葵青區) 石梨街石籬二邨石偉樓外,(葵青區) 石籬(梨貝街),,,,,,,,,,,,,,,,,,,,,,,,,,,,,,,
89A,GMB,6.1,5.051315,FALSE,觀塘區,安泰邨,觀塘區,牛頭角總站,觀塘區,None,(觀塘區) 安茵街 - 近恆泰樓,(觀塘區) 安秀道，安泰邨服務設施大樓外,(觀塘區) 安秀道，安秀道公園,(觀塘區) 安翠街 -安達邨賢達樓出面,(觀塘區) 寶琳路 - 寶達邨外,(觀塘區) 秀茂坪道 - 秀程樓外,(觀塘區) 秀茂坪邨 - 秀樂樓外,(觀塘區) 秀茂坪道 - 秀雅樓外,(觀塘區) 秀茂坪道 - 寧波第二中學對面,(觀塘區) 康寧道 - 高雷中學外,(觀塘區) 康寧道 - 秀茂坪紀律部隊宿舍外,(觀塘區) 振華道 - 樂華邨社區中心外,(觀塘區) 振華道 - 普華樓出面,(觀塘區) 牛頭角總站,,,,,,,,,,,,,,,,,,,,,,,,,,,,,,,,,
89S,GMB,5.5,5.538169,TRUE,葵青區,葵芳站,葵青區,葵盛北(循環線),葵青區,額外班次,(葵青區) 興寧路 - 近新都會廣場,(葵青區) 興芳路 - 京寶大廈外,(葵青區) 興芳路 - 近林士德體育館,(葵青區) 葵盛圍 - 近葵盛東邨盛和樓,(葵青區) 興芳路 - 林士德體育館對面,(葵青區) 興芳路 - 近葵芳邨葵喜樓,(葵青區) 興寧路 - 近新都會廣場,,,,,,,,,,,,,,,,,,,,,,,,,,,,,,,,,,,,,,,,
92M,GMB,6.6,10.53914,TRUE,葵青區 -> 深水埗區 -> 葵青區,華員邨,葵青區,美孚站(循環線),葵青區,None,(葵青區) 華員徑 - 近華員邨華信閣,(深水埗區) 荔灣道 - 荔枝角公園體育館對面,(深水埗區) 美荔道 - 美孚新邨第6期對出,(深水埗區) 美荔道 - 近美孚巴士總站,(深水埗區) 美荔道 - 美孚新邨近第6期,(深水埗區) 荔灣道 - 近荔枝角公園體育館,(葵青區) 華員徑 - 近華員邨華信閣,,,,,,,,,,,,,,,,,,,,,,,,,,,,,,,,,,,,,,,,
N27,GMB,6,6.595393,TRUE,南區,香港仔 (西安街),南區,鴨脷洲(循環線),南區,通宵服務班次,(南區) 西安街 - 近利港中心,(南區) 香港仔大道 - 近建輝大廈,(南區) 悅海街 - 近悅海華庭第三座,(南區) 惠風街 - 近順利樓,(南區) 鴨脷洲大街 - 近高寶閣,(南區) 鴨脷洲大街 - 近鴨脷洲診所,(南區) 鴨脷洲橋道 - 近鴨脷洲邨利福樓低座,(南區) 香港仔海傍道 - 近逸港居第三座,(南區) 香港仔海傍道 - 近香港仔海濱公園,(南區) 西安街 - 近利港中心,,,,,,,,,,,,,,,,,,,,,,,,,,,,,,,,,,,,,
66,GMB,7.2,7.3318,TRUE,東區,愛秩序灣,東區,柴灣(環翠道)(循環線),東區,循環線,(東區) 愛賢街 - 愛蝶灣第8座外,(東區) 愛賢街 - 愛蝶灣多層停車場外,(東區) 望隆街 - 景輝大廈外,(東區) 望隆街 - 金威樓外,(東區) 柴灣道 - 香島外,(東區) 柴灣道 - 筲箕灣東官立中學對面,(東區) 柴灣道 - 筲箕灣官立中學對面,(東區) 東區尤德夫人那打素醫院 - 主座大樓對面,(東區) 柴灣道 - 近樂民道,(東區) 環翠道 - 澤翠樓外,(東區) 環翠道 - 豐興樓外,(東區) 柴灣道 - 興華社區會堂外,(東區) 柴灣道 - 興民邨外,(東區) 柴灣道 - 山翠苑外,(東區) 柴灣道 - 筲箕灣官立中學外,(東區) 寶文街 - 峻峰花園B座外,(東區) 愛蝶灣第10座外,(東區) 愛賢街 - 愛蝶灣第8座外,,,,,,,,,,,,,,,,,,,,,,,,,,,,,
66S,GMB,13,7.476632,FALSE,黃大仙區 -> 九龍城區 -> 油尖旺區,斧山道,黃大仙區,旺角,油尖旺區,通宵服務班次,(黃大仙區) 平定道,(黃大仙區) 斧山道 - 東九龍胸肺科診所外,(黃大仙區) 鳳德道 - 南蓮園池,(黃大仙區) 鳳德道 - 悅庭軒,(黃大仙區) 鳳德道 - 鳳德公園,(黃大仙區) 黃大仙道 - 黃大仙廟,(黃大仙區) 雅竹街 - 竹園南邨雅園樓,(黃大仙區) 竹園道 - 竹園南邨麗園樓,(黃大仙區) 竹園道 - 浸信會天虹小學,(黃大仙區) 馬仔坑道 - 馬仔坑遊樂場,(黃大仙區) 富美街 - 樂富邨宏業樓,(黃大仙區) 聯合道 - 樂富廣場,(九龍城區) 聯合道 - 嘉諾撒聖家學校,(九龍城區) 聯合道 - 新泰樓,(九龍城區) 太子道西 - 林苑,(九龍城區) 太子道西 - 頤園大廈,(九龍城區) 太子道西 - 太和苑,(油尖旺區) 太子道西 - 中華基督教會長老堂,(油尖旺區) 西洋菜南街 - 長寧大廈,(油尖旺區) 旺角道 - 捷利大廈,,,,,,,,,,,,,,,,,,,,,,,,,,,
69X,GMB,12.5,10.79928,FALSE,南區 -> 灣仔區,數碼港,南區,銅鑼灣(駱克道),灣仔區,經華富邨,(南區) 數碼港公共運輸交匯處,(南區) 數碼港道 - 資訊道,(南區) 數碼港道 -數碼港3座對面,(南區) 數碼港道 -貝沙灣1期對面,(南區) 數碼港道 -貝沙灣南灣,(南區) 華景街 -華翠樓外巴士總站,(南區) 石排灣道 - 萬景樓外,(南區) 石排灣道 - 田灣街,(南區) 香港仔海傍道 -香港仔巴士總站外,(南區) 香港仔大道48-50號 - 業漁大樓外,(南區) 香港仔隧道收費廣場,(灣仔區) 崇正大廈 - 摩理臣山道,(灣仔區) 摩理臣山道32號,(灣仔區) 駱克道 - 馬師道以東,(灣仔區) 駱克道 - 近景隆街,,,,,,,,,,,,,,,,,,,,,,,,,,,,,,,,
70A,GMB,9.7,7.309477,FALSE,黃大仙區 -> 九龍城區 -> 油尖旺區,鑽石山站公共運輸交匯處,黃大仙區,奧運站交通交匯處,油尖旺區,額外服務班次,(黃大仙區) 鑽石山站公共運輸交匯處,(黃大仙區) 鳳德道 - 龍蟠苑龍珊閣外,(黃大仙區) 彩虹道 - 黃大仙警署對面,(黃大仙區) 彩虹道 - 彩虹道遊樂場外,(黃大仙區) 彩虹道 - 衍慶大廈外,(黃大仙區) 彩虹道 - 樂善堂王仲銘中學對面巴士站,(九龍城區) 太子道東 - 富豪東方酒店對面,(九龍城區) 太子道西 - 蘭苑外,(九龍城區) 太子道西 - 近科發道,(九龍城區) 太子道西 - 聖德肋撒法國醫院外,(九龍城區) 太子道西 - 愛華閣第二期外,(九龍城區) 太子道西 - 太和大廈外,(油尖旺區) 太子道西191號,(油尖旺區) 太子道西 - 別樹一居外,(油尖旺區) 太子道西 - 維景酒店外,(油尖旺區) 通州街 - 昌興樓外,(油尖旺區) 大角咀道 - 近必發道,(油尖旺區) 大角咀道 - 大同新邨大公樓對面,(油尖旺區) 大角咀道 - 新九龍廣場外,(油尖旺區) 櫻桃街 - 奧海城二期外,(油尖旺區) 海景街 - 匯豐中心1座外,(油尖旺區) 奧運站公共運輸交匯處,,,,,,,,,,,,,,,,,,,,,,,,,
78A,GMB,8.3,5.03361,FALSE,油尖旺區,大角咀(維港灣)公共運輸交匯處,油尖旺區,尖沙咀(北京道),油尖旺區,短程班次,(油尖旺區) 大角咀(維港灣)公共運輸交匯處,(油尖旺區) 海輝道小巴總站,(油尖旺區) 海泓道 - 海富苑外,(油尖旺區) 渡船街28號,(油尖旺區) 廣東道佐治五世紀念公園外,(油尖旺區) 廣東道港景峰外,(油尖旺區) 廣東道中港中心外,(油尖旺區) 北京道誠信大廈外,,,,,,,,,,,,,,,,,,,,,,,,,,,,,,,,,,,,,,,
807X,GMB,5.7,15.13485,TRUE,沙田區,港鐵大學站巴士總站,沙田區,烏溪沙站(循環線),沙田區,額外班次,(沙田區) 港鐵大學站巴士總站,(沙田區) 烏溪沙路 - 迎海對面,(沙田區) 耀沙路 - 雲海外,(沙田區) 耀沙路 - 星漣海外,(沙田區) 烏溪沙路 - 迎海外,(沙田區) 烏溪沙站巴士總站,(沙田區) 港鐵大學站巴士總站,,,,,,,,,,,,,,,,,,,,,,,,,,,,,,,,,,,,,,,,
81,GMB,6.2,3.793346,FALSE,荃灣區,荃灣(兆和街),荃灣區,城門水塘,荃灣區,晚間班次(經老圍),(荃灣區) 荃灣(兆和街),(荃灣區) 石圍角路石圍角巴士總站外,(荃灣區) 二陂圳路老圍路以西的停車灣,(荃灣區) 老圍,(荃灣區) 城門水塘,,,,,,,,,,,,,,,,,,,,,,,,,,,,,,,,,,,,,,,,,,
810A,GMB,7,10.4814,FALSE,沙田區,白石,沙田區,沙田市中心,沙田區,額外班次,(沙田區) 耀沙路 - 近雲海榕海臺第一座,(沙田區) 耀沙路 - 星漣海外,(沙田區) 烏溪沙路 - 迎海外,(沙田區) 未命名通道 - 近利安邨利榮樓,(沙田區) 西沙路南行線 - 雅典居對面,(沙田區) 西沙路 - 新港城外,(沙田區) 西沙路 - 福安花園對面,(沙田區) 西沙路 - 錦鞍苑外,(沙田區) 大涌橋路 - 濱景花園對面,(沙田區) 大涌橋路 - 沙田第一城外,(沙田區) 源禾路 - 近沙田運動場,(沙田區) 源禾路 - 近沙田賽馬會游泳池,(沙田區) 沙田正街 - 近偉華中心第２座,,,,,,,,,,,,,,,,,,,,,,,,,,,,,,,,,,
88M,GMB,8.3,11.50054,FALSE,葵青區,葵芳站,葵青區,香港聯合船塢 (不經長青),葵青區,None,(葵青區) 新葵芳花園,(葵青區) 青衣路 - 近環境保護署化學廢物處理設施,(葵青區) 香港聯合船塢小巴總站,,,,,,,,,,,,,,,,,,,,,,,,,,,,,,,,,,,,,,,,,,,,
88M,GMB,8.3,11.50054,FALSE,葵青區,香港聯合船塢,葵青區,葵芳站 (不經新都會廣場),葵青區,None,(葵青區) 香港聯合船塢小巴總站,(葵青區) 青衣路 - 近環境保護署化學廢物處理設施,(葵青區) 長青巴士總站,(葵青區) 青衣路 - 長青商場外,(葵青區) 葵青路 - 近葵涌公園,(葵青區) 新葵芳花園,,,,,,,,,,,,,,,,,,,,,,,,,,,,,,,,,,,,,,,,,
71A,GMB,7,6.122866,FALSE,元朗區,長莆村,元朗區,錦上路運輸交匯處,元朗區,None,(元朗區) 錦莆路 - 近長莆村村公所,(元朗區) 錦莆路 - 近碧戶軒,(元朗區) 八鄉路 - 近八鄉路休憇處,(元朗區) 八鄉路 - 近八鄉車廠,(元朗區) 八鄉路 - 近八鄉路休憇處,(元朗區) 石田路 - 近八鄉田心村村公所,(元朗區) 石田路 - 近樂湖軒,(元朗區) 石田路 - 近威裕花園,(元朗區) 錦上路 - 近田心新村,(元朗區) 錦上路 - 近聖公會聖約瑟堂幼稚園,(元朗區) 錦上路 - 近吳家村,(元朗區) 錦上路站公共運輸交匯處,,,,,,,,,,,,,,,,,,,,,,,,,,,,,,,,,,,
8,GMB,11.1,6.493585,FALSE,南區 -> 中西區,碧瑤灣(下),南區,中環(交易廣場),中西區,正常班次,(南區) 薄扶林 -碧瑤灣(下)第17座外(總站),(南區) 沙宣道21號對面,(中西區) 薄扶林道79號,(中西區) 般咸道53號,(中西區) 般咸道 - 近西營盤站 C 出口,(中西區) 般咸道 - 戴麟趾康復中心外,(中西區) 般咸道 - 醫院道,(中西區) 堅道144號,(中西區) 堅道119-125號,(中西區) 堅道79號 - 近卑利街,(中西區) 畢打街 - 近中環站 D1 出口,(中西區) 中環(交易廣場),,,,,,,,,,,,,,,,,,,,,,,,,,,,,,,,,,,
8,GMB,8,6.493585,FALSE,油尖旺區 -> 九龍城區 -> 油尖旺區 -> 九龍城區,尖沙咀(漢口道),油尖旺區,何文田邨,九龍城區,None,(油尖旺區) 漢口道 - 近騏生商業中心,(油尖旺區) 梳士巴利道 - 近中間道兒童遊樂場,(油尖旺區) 漆咸道南 - 近溫莎大廈,(油尖旺區) 漆咸道南 - 近百樂酒店,(油尖旺區) 漆咸道南 - 近中國五礦大廈,(油尖旺區) 安運道 - 近紅磡站,(九龍城區) 機利士南路 - 近機利士大廈,(九龍城區) 佛光街 - 近家維邨家邦樓,(油尖旺區) 忠孝街 - 近何文田站,(九龍城區) 忠孝街 - 近愛民邨信民樓,(九龍城區) 忠孝街 - 近愛民邨德民樓,(九龍城區) 忠孝街 - 近愛民邨昭民樓,(九龍城區) 忠孝街 - 近土木工程拓展署大樓,(九龍城區) 忠孝街 - 近欣圖軒第二座,(九龍城區) 佛光街 - 房屋委員會總部外,(九龍城區) 常和街 - 近陳瑞祺（喇沙）書院,,,,,,,,,,,,,,,,,,,,,,,,,,,,,,,
808,GMB,8.1,10.06163,FALSE,沙田區,錦英苑,沙田區,威爾斯親王醫院,沙田區,None,(沙田區) 錦英苑巴士總站,(沙田區) 錦英路 - 富寶花園外,(沙田區) 錦英路 - 錦龍苑對面,(沙田區) 西沙路南行線 - 雅典居對面,(沙田區) 西沙路 - 新港城外,(沙田區) 西沙路 - 頌安邨頌和樓對面,(沙田區) 恒康街 - 曾璧山中學外,(沙田區) 恒康街 - 耀安邨耀謙樓外,(沙田區) 馬鞍山路近錦駿苑,(沙田區) 恆德街南行線 - 近大水坑站,(沙田區) 亞公角街 - 漁民新村外,(沙田區) 亞公角街 - 沙田醫院外,(沙田區) 小瀝源路小瀝源村對面,(沙田區) 廣善街 - 廣源邨廣榕樓外,(沙田區) 廣善街 - 近香港恒生大學,(沙田區) 牛皮沙街 - 牛皮沙新村外,(沙田區) 牛皮沙街 - 愉翠苑巴士站,(沙田區) 插桅桿街 - 第一城站對面,(沙田區) 威爾斯親王醫院,,,,,,,,,,,,,,,,,,,,,,,,,,,,
811,GMB,8.3,6.553953,FALSE,沙田區,穗禾苑,沙田區,愉翠苑,沙田區,None,(沙田區) 穗禾苑,(沙田區) 穗禾路 - 華樂工業中心外,(沙田區) 松頭下路 - 富騰工業中心外,(沙田區) 樂信徑迴旋處巴士灣,(沙田區) 樂信徑 - 駿景園外,(沙田區) 樂景街銀禧花園外的九巴88K巴士停車灣,(沙田區) 樂景街火炭站對面,(沙田區) 銀城街2號第一城中心外,(沙田區) 銀城街 - 五旬節林漢光中學外,(沙田區) 插桅桿街 - 第一城站外,(沙田區) 愉翠苑愉欣閣,,,,,,,,,,,,,,,,,,,,,,,,,,,,,,,,,,,,
83A,GMB,6.4,2.574029,FALSE,荃灣區 -> 葵青區,荃灣(川龍街),荃灣區,安蔭邨(安捷街),葵青區,None,(荃灣區) 荃灣(川龍街),(荃灣區) 沙咀道戴麟趾夫人分科診療所外,(荃灣區) 沙咀道249號外,(荃灣區) 沙咀道285號外,(荃灣區) 沙咀道305號外,(荃灣區) 沙咀道名逸居外,(荃灣區) 荃富街荃富街花園外,(荃灣區) 青山公路-荃灣段港鐵大窩口站外,(葵青區) 青山公路-葵涌段454號外,(葵青區) 和宜合道雍雅軒外,(葵青區) 安蔭邨(安捷街),,,,,,,,,,,,,,,,,,,,,,,,,,,,,,,,,,,,
86,GMB,6.4,8.947344,TRUE,九龍城區 -> 觀塘區 -> 九龍城區 -> 觀塘區 -> 九龍城區,郵輪碼頭,九龍城區,九龍灣(德福花園)(循環線),九龍城區,None,(九龍城區) 郵輪碼頭,(九龍城區) 承豐道 -近郵輪碼頭,(觀塘區) 承豐道 -維港一號對面,(九龍城區) 承豐道 -近啟德橋,(九龍城區) 承昌道 -近香港兒童醫院,(觀塘區) 祥業街近消防局,(觀塘區) 九龍灣(德福花園),(觀塘區) 宏照道 - 榮發工業大廈,(觀塘區) 宏照道 - 近企業廣場三期,(觀塘區) 祥業街 - 傲騰廣場,(九龍城區) 承昌道 - 近香港兒童醫院教學及科研大樓（A座）,(九龍城區) 郵輪碼頭,,,,,,,,,,,,,,,,,,,,,,,,,,,,,,,,,,,
89M,GMB,5.5,5.044356,TRUE,葵青區,葵盛北(葵孝街),葵青區,葵芳站(循環線),葵青區,None,(葵青區) 葵盛(葵孝街)小巴總站,(葵青區) 葵盛圍 - 循道理聯合教會李惠利中學外,(葵青區) 興芳路 - 林士德體育館對面,(葵青區) 興芳路 - 近葵芳邨葵喜樓,(葵青區) 興寧路 - 近新都會廣場,(葵青區) 興芳路 - 京寶大廈外,(葵青區) 興芳路 - 近林士德體育館,(葵青區) 葵盛圍 - 葵盛東盛和樓外,(葵青區) 葵孝街 - 葵盛東盛國樓外,(葵青區) 葵孝街 - 葵盛東盛家樓外,(葵青區) 葵盛(葵孝街)小巴總站,,,,,,,,,,,,,,,,,,,,,,,,,,,,,,,,,,,,
9A,GMB,11.9,9.287645,FALSE,西貢區,北潭涌,西貢區,萬宜水庫東壩,西貢區,額外班次,(西貢區) 北潭涌巴士總站,(西貢區) 大網仔路 - 上窯,(西貢區) 萬宜水庫西壩,(西貢區) 萬宜水庫東壩,,,,,,,,,,,,,,,,,,,,,,,,,,,,,,,,,,,,,,,,,,,
65,GMB,7.4,7.586929,FALSE,東區,東區尤德夫人那打素醫院,東區,北角(堡壘街),東區,None,(東區) 東區尤德夫人那打素醫院 - 主座大樓外,(東區) 柴灣道 - 山翠苑,(東區) 筲箕灣道374號,(東區) 耀興道 - 近筲箕灣天悅廣場,(東區) 耀興道 - 耀貴樓對面,(東區) 耀興道 - 銀駿閣,(東區) 耀興道 - 耀華樓外,(東區) 耀興道 - 東熹苑對面,(東區) 耀興道 - 興東商場外,(東區) 太樂街,(東區) 太康街 - 太安樓,(東區) 英皇道 -健威花園B座外,(東區) 英皇道 - 成坤廣場外,(東區) 英皇道 -近北角地鐵站B3出口外,(東區) 英皇道 -近明園西街,(東區) 堡壘街 - 近長康街,,,,,,,,,,,,,,,,,,,,,,,,,,,,,,,
69A,GMB,9.7,11.741,FALSE,觀塘區 -> 九龍城區 -> 黃大仙區 -> 九龍城區 -> 油尖旺區,麗港城,觀塘區,通菜街,油尖旺區,輔助班次,(觀塘區) 麗港城小巴總站,(觀塘區) 茶果嶺道 - 近麗港城管理服務中心,(觀塘區) 偉業街 - 近麗港城第十二座,(九龍城區) 太子道東 - 近采頤花園第八座,(黃大仙區) 太子道東 - 近新蒲崗交匯處休憩花園,(九龍城區) 太子道西 - 近啟德一號污水泵房,(九龍城區) 宋皇臺道 - 近傲雲峰第二座,(九龍城區) 馬頭涌道 - 近亞皆老街遊樂場,(九龍城區) 太子道西 - 近蘭苑,(九龍城區) 太子道西 - 近豪華之家,(九龍城區) 太子道西 - 近聖德肋撒醫院北座,(九龍城區) 太子道西 - 近愛華閣 （二期）,(九龍城區) 太子道西 - 近太和苑,(油尖旺區) 太子道西 - 新世紀廣場外,(油尖旺區) 通菜街 - 旺角警署外,,,,,,,,,,,,,,,,,,,,,,,,,,,,,,,,
69A,GMB,9.7,11.741,FALSE,觀塘區 -> 九龍城區 -> 黃大仙區 -> 九龍城區 -> 油尖旺區,麗港城,觀塘區,通菜街,油尖旺區,輔助班次 (早上10時前班次),(觀塘區) 麗港城小巴總站,(觀塘區) 茶果嶺道 - 近麗港城管理服務中心,(觀塘區) 偉業街 - 近麗港城第十二座,(九龍城區) 太子道東 - 近采頤花園第八座,(黃大仙區) 太子道東 - 近新蒲崗交匯處休憩花園,(九龍城區) 太子道西 - 近啟德一號污水泵房,(九龍城區) 宋皇臺道 - 近傲雲峰第二座,(九龍城區) 富寧街 - 真善美邨對面,(九龍城區) 露明道 - 近聖德肋撒醫院,(九龍城區) 太子道西 - 近聖德肋撒醫院北座,(九龍城區) 太子道西 - 近愛華閣（二期）,(九龍城區) 太子道西 - 近太和苑,(油尖旺區) 太子道西 - 新世紀廣場外,(油尖旺區) 通菜街 - 旺角警署外,,,,,,,,,,,,,,,,,,,,,,,,,,,,,,,,,
8,GMB,8,6.493585,FALSE,油尖旺區 -> 九龍城區 -> 油尖旺區 -> 九龍城區,尖沙咀(漢口道),油尖旺區,何文田邨,九龍城區,繁忙時段班次,(油尖旺區) 漢口道 - 近騏生商業中心,(油尖旺區) 梳士巴利道 - 近中間道兒童遊樂場,(油尖旺區) 安運道 - 近紅磡站,(九龍城區) 機利士南路 - 近機利士大廈,(九龍城區) 佛光街 - 近家維邨家邦樓,(油尖旺區) 忠孝街 - 近何文田站,(九龍城區) 忠孝街 - 近愛民邨信民樓,(九龍城區) 忠孝街 - 近愛民邨德民樓,(九龍城區) 忠孝街 - 近愛民邨昭民樓,(九龍城區) 忠孝街 - 近土木工程拓展署大樓,(九龍城區) 忠孝街 - 近欣圖軒第二座,(九龍城區) 佛光街 - 房屋委員會總部外,(九龍城區) 常和街 - 近陳瑞祺（喇沙）書院,,,,,,,,,,,,,,,,,,,,,,,,,,,,,,,,,,
9,GMB,7.9,6.667631,FALSE,西貢區,麥理浩夫人度假村,西貢區,西貢,西貢區,None,(西貢區) 麥理浩夫人度假村,(西貢區) 大網仔,(西貢區) 福民路小巴總站 - 經華樓外,,,,,,,,,,,,,,,,,,,,,,,,,,,,,,,,,,,,,,,,,,,,
91A,GMB,5.4,4.897365,FALSE,葵青區,荔崗街,葵青區,葵盛圍,葵青區,額外班次,(葵青區) 荔崗街 - 近瑪嘉烈醫院荔景大樓,(葵青區) 荔景山路 - 賢麗苑購物中心外,(葵青區) 荔景山路 - 日景樓外,(葵青區) 荔景山路 - 和景樓外,(葵青區) 荔景山路 - 近荔景邨嶺南鍾榮光博士紀念中學,(葵青區) 葵盛圍南葵涌賽馬會分科診療所外,(葵青區) 葵盛圍 - 近香港專業教育學院（葵涌）,,,,,,,,,,,,,,,,,,,,,,,,,,,,,,,,,,,,,,,,
94A,GMB,7.2,4.590902,FALSE,荃灣區 -> 葵青區 -> 荃灣區 -> 葵青區,梨木樹邨公共運輸交匯處,荃灣區,葵盛,葵青區,None,(荃灣區) 梨木樹邨公共運輸交匯處,(葵青區) 和宜合道伍若瑜夫人健康院外,(荃灣區) 和宜合道北葵涌賽馬會公眾泳池外,(葵青區) 昌榮路同珍醬園外,(葵青區) 葵涌道成美工業大廈外,(葵青區) 葵涌道豪華工業大廈外,(葵青區) 葵涌道富都工業大廈外,(葵青區) 葵涌道葵芳邨對面的巴士站,(葵青區) 葵翠邨公共運輸交匯處,(葵青區) 葵福路葵喜街休憩處外,(葵青區) 葵盛圍南葵涌賽馬會分科診療所對面,(葵青區) 葵盛圍小巴總站,,,,,,,,,,,,,,,,,,,,,,,,,,,,,,,,,,,
96A,GMB,5,6.357041,TRUE,荃灣區,油柑頭村,荃灣區,荃灣站(循環線),荃灣區,None,(荃灣區) 油柑頭村,(荃灣區) 西樓角路南豐中心對面,(荃灣區) 大河道7-17號外,(荃灣區) 沙咀道62號外,(荃灣區) 沙咀道6號外,(荃灣區) 油柑頭村,,,,,,,,,,,,,,,,,,,,,,,,,,,,,,,,,,,,,,,,,
N4C,GMB,11.7,8.322246,FALSE,南區 -> 灣仔區,香港仔(石排灣),南區,銅鑼灣(景隆街),灣仔區,通宵服務,(南區) 石排灣邨公共運輸交匯處,(南區) 南寧街 -海晶閣外,(南區) 香港仔大道178號,(南區) 黃竹坑道23號,(南區) 黃竹坑道 49號,(南區) 黃竹坑道 - 近香港仔隧道巴士站,(灣仔區) 駱克道 -銅鑼灣廣場一期外,(灣仔區) 景隆街 -近總統戲院,,,,,,,,,,,,,,,,,,,,,,,,,,,,,,,,,,,,,,,
8,GMB,8,6.493585,FALSE,油尖旺區 -> 九龍城區 -> 油尖旺區 -> 九龍城區,尖沙咀(漢口道),油尖旺區,何文田(忠孝街),九龍城區,短程班次,(油尖旺區) 漢口道 - 近騏生商業中心,(油尖旺區) 梳士巴利道 - 近中間道兒童遊樂場,(油尖旺區) 漆咸道南 - 近溫莎大廈,(油尖旺區) 漆咸道南 - 近百樂酒店,(油尖旺區) 漆咸道南 - 近中國五礦大廈,(油尖旺區) 安運道 - 近紅磡站,(九龍城區) 機利士南路 - 近機利士大廈,(九龍城區) 佛光街 - 近家維邨家邦樓,(油尖旺區) 忠孝街 - 近何文田站,(九龍城區) 忠孝街 - 近愛民邨信民樓,(九龍城區) 忠孝街 - 近愛民邨德民樓,(九龍城區) 忠孝街 - 近愛民邨昭民樓,(九龍城區) 忠孝街 - 近土木工程拓展署大樓,(九龍城區) 忠孝街 - 近欣圖軒第二座,,,,,,,,,,,,,,,,,,,,,,,,,,,,,,,,,
81K,GMB,4.6,6.437449,TRUE,深水埗區,深水埗海麗邨,深水埗區,美孚站(循環線),深水埗區,None,(深水埗區) 海麗邨,(深水埗區) 深盛道 - 深水埗官立小學對面,(深水埗區) 荔枝角道昇悅居外,(深水埗區) 荔枝角道 - 美孚新邨第四期外,(深水埗區) 美荔道近蘭秀道,(深水埗區) 荔灣街市,(深水埗區) 美荔道近唐乃勤初中書院,(深水埗區) 荔枝角道泓景臺外,(深水埗區) 深盛路昇悅居外,(深水埗區) 海麗邨,,,,,,,,,,,,,,,,,,,,,,,,,,,,,,,,,,,,,
86M,GMB,6.4,5.32757,FALSE,荃灣區 -> 葵青區,荃灣(川龍街),荃灣區,石籬(梨貝街),葵青區,None,(荃灣區) 荃灣(川龍街),(荃灣區) 青山公路-荃灣段港鐵大窩口站外,(葵青區) 梨木道63-71號外,(葵青區) 梨木道石蔭梨木道公園對面,(葵青區) 梨木道寧峰苑外,(葵青區) 大白田街石蔭東邨蔭恒樓外,(葵青區) 石排街安蔭邨盛蔭樓外,(葵青區) 石梨街石籬二邨石偉樓外,(葵青區) 石籬(梨貝街),,,,,,,,,,,,,,,,,,,,,,,,,,,,,,,,,,,,,,
8S,GMB,8,6.021714,FALSE,油尖旺區 -> 九龍城區 -> 油尖旺區 -> 九龍城區,尖沙咀(漢口道),油尖旺區,何文田(常富街),九龍城區,None,(油尖旺區) 漢口道 - 近騏生商業中心,(油尖旺區) 梳士巴利道 - 近中間道兒童遊樂場,(油尖旺區) 漆咸道南 - 近溫莎大廈,(油尖旺區) 漆咸道南 - 近百樂酒店,(油尖旺區) 漆咸道南 - 近中國五礦大廈,(油尖旺區) 安運道 - 近紅磡站,(九龍城區) 機利士南路 - 近機利士大廈,(九龍城區) 佛光街 - 近家維邨家邦樓,(油尖旺區) 忠孝街 - 近何文田站,(九龍城區) 忠孝街 - 近愛民邨信民樓,(九龍城區) 忠孝街 - 近愛民邨德民樓,(九龍城區) 忠孝街 - 近愛民邨昭民樓,(九龍城區) 忠孝街 - 近土木工程拓展署大樓,(九龍城區) 忠孝街 - 近欣圖軒第二座,(九龍城區) 常富街 - 近One Homantin Tower 1,(九龍城區) 何文田邨公共運輸交匯處,,,,,,,,,,,,,,,,,,,,,,,,,,,,,,,
8X,GMB,11.1,7.29576,FALSE,南區 -> 中西區,碧瑤灣(下),南區,中環(交易廣場),中西區,特快班次,(南區) 薄扶林 -碧瑤灣(下)第17座外(總站),(南區) 沙宣道21號對面,(中西區) 中環(交易廣場),,,,,,,,,,,,,,,,,,,,,,,,,,,,,,,,,,,,,,,,,,,,
93A,GMB,9.7,6.857554,FALSE,葵青區 -> 荃灣區,華景山莊,葵青區,荃灣(鹹田街),荃灣區,額外服務班次,(葵青區) 華景山路 - 近華景山莊華景商場,(葵青區) 敬祖路祖堯坊外,(葵青區) 荔景山路 - 賢麗苑購物中心外,(葵青區) 荔景山路 - 日景樓外,(葵青區) 荔景山路 - 和景樓外,(葵青區) 荔景山路 - 近荔景邨嶺南鍾榮光博士紀念中學,(葵青區) 葵福路 - 近達利國際中心,(葵青區) 葵福路 - 葵盛泳池對面,(葵青區) 葵福路 - 晉昇工廠大廈外,(荃灣區) 楊屋道 - 樂悠居外,(荃灣區) 聯仁街 - 寶石大廈外,(荃灣區) 沙咀道328號外,(荃灣區) 鹹田街 - 近寶石大廈第３座,,,,,,,,,,,,,,,,,,,,,,,,,,,,,,,,,,
96C,GMB,7.2,7.724692,FALSE,荃灣區,荃灣站,荃灣區,碧堤半島,荃灣區,額外班次,(荃灣區) 荃灣站,(荃灣區) 青山公路荃灣段287號,(荃灣區) 青山公路-荃灣段413號外,(荃灣區) 青山公路-荃灣段491-501號外,(荃灣區) 碧堤半島,,,,,,,,,,,,,,,,,,,,,,,,,,,,,,,,,,,,,,,,,,
96M,GMB,7.2,9.039699,FALSE,荃灣區,荃灣站,荃灣區,青龍頭,荃灣區,None,(荃灣區) 荃灣站,(荃灣區) 青山公路荃灣段287號,(荃灣區) 青山公路-荃灣段413號外,(荃灣區) 青山公路-荃灣段491-501號外,(荃灣區) 青龍頭(龍如路),,,,,,,,,,,,,,,,,,,,,,,,,,,,,,,,,,,,,,,,,,
63,GMB,7.6,9.059686,FALSE,南區,海怡半島,南區,瑪麗醫院,南區,None,(南區) 海怡半島巴士總站,(南區) 怡南路 - 海怡東商場外,(南區) 鴨脷洲橋道 - 利澤樓外,(南區) 鴨脷洲橋道 - 鴨脷洲邨巴士總站外,(南區) 鴨脷洲橋道 - 近利枝道,(南區) 香港仔海傍道 - 逸港居外,(南區) 香港仔海傍道 - 香港仔海濱公園外,(南區) 香港仔海傍道 -香港仔魚類批發市場外,(南區) 香港仔海傍道 - 近田灣街,(南區) 華林徑,(南區) 華景街 -華景樓對面,(南區) 薄扶林道 - 薄扶林村對面,(南區) 瑪麗醫院 - K座外,,,,,,,,,,,,,,,,,,,,,,,,,,,,,,,,,,
66A,GMB,7.2,5.128844,TRUE,東區,愛秩序灣,東區,東區尤德夫人那打素醫院(循環線),東區,循環線,(東區) 愛賢街 - 愛蝶灣第8座外,(東區) 愛賢街 - 愛蝶灣多層停車場外,(東區) 望隆街 - 景輝大廈外,(東區) 望隆街 - 金威樓外,(東區) 柴灣道 - 香島外,(東區) 柴灣道 - 筲箕灣東官立中學對面,(東區) 柴灣道 - 筲箕灣官立中學對面,(東區) 東區尤德夫人那打素醫院 - 主座大樓對面,(東區) 柴灣道 - 山翠苑外,(東區) 柴灣道 - 筲箕灣官立中學外,(東區) 寶文街 - 峻峰花園B座外,(東區) 愛蝶灣第10座外,(東區) 愛賢街 - 愛蝶灣第8座外,,,,,,,,,,,,,,,,,,,,,,,,,,,,,,,,,,
66K,GMB,7.5,10.43521,TRUE,沙田區,沙田站,沙田區,九肚(循環線),沙田區,None,(沙田區) 沙田站,(沙田區) 九肚山路 - 近寶栢苑一期第１０座,(沙田區) 馬樂徑 - 近寶栢苑二期第２８座,(沙田區) 馬鈴徑 - 近駿發山莊第２５座,(沙田區) 九肚山路 - 近寶栢苑一期第１０座,(沙田區) 沙田站,,,,,,,,,,,,,,,,,,,,,,,,,,,,,,,,,,,,,,,,,
69A,GMB,8.5,11.741,FALSE,南區,數碼港,南區,黃竹坑站,南區,None,(南區) 數碼港公共運輸交匯處,(南區) 數碼港道 - 數碼港3座對面,(南區) 數碼港道 - 貝沙灣1期對面,(南區) 數碼港道 - 貝沙灣南灣,(南區) 華康街 - 聖保羅書院小學,(南區) 石排灣道 - 萬景樓外,(南區) 石排灣道 - 田灣街,(南區) 香港仔海傍道 - 香港仔巴士總站外,(南區) 黃竹坑道23號,(南區) 黃竹坑站,,,,,,,,,,,,,,,,,,,,,,,,,,,,,,,,,,,,,
76B,GMB,6.6,5.884175,FALSE,觀塘區,基督教聯合醫院,觀塘區,油塘公共運輸交匯處,觀塘區,None,(觀塘區) 基督教聯合醫院小巴總站,(觀塘區) 秀雅道 - 近秀雅道遊樂場,(觀塘區) 曉光街 - 近秀雅道遊樂場,(觀塘區) 曉光街 - 近曉麗苑曉順閣,(觀塘區) 曉光街 - 近秀茂坪邨秀潤樓,(觀塘區) 曉光街 - 近觀塘官立小學（秀明道）,(觀塘區) 曉光街 - 秀茂坪南邨外,(觀塘區) 秀茂坪道 - 近曉光街,(觀塘區) 啟田道 - 近康逸苑康麗閣,(觀塘區) 啟田道 - 近啟田商場,(觀塘區) 鯉魚門道 - 近聖安當女書院,(觀塘區) 高超道 - 近高俊苑俊滿閣,(觀塘區) 高超道 - 近高怡邨高盛樓,(觀塘區) 大本型,,,,,,,,,,,,,,,,,,,,,,,,,,,,,,,,,
80,GMB,7.2,6.648015,FALSE,荃灣區,荃灣(川龍街),荃灣區,川龍,荃灣區,None,(荃灣區) 荃灣(川龍街),(荃灣區) 荃錦公路近寶雲滙的巴士停車灣對面,(荃灣區) 川龍,,,,,,,,,,,,,,,,,,,,,,,,,,,,,,,,,,,,,,,,,,,,
806C,GMB,9.5,9.009768,FALSE,沙田區 -> 大埔區,香港科學園,沙田區,運頭塘,大埔區,短程班次,(沙田區) 科技大道西11號,(大埔區) 科研路朗濤外,(大埔區) 創新路 - 近雲滙,(大埔區) 科進路逸瓏灣外,(大埔區) 科進路溋玥‧天賦海灣外,(大埔區) 創新路天賦海灣1期對面,(大埔區) 大埔公路 - 廣福公園外,(大埔區) 廣福道 - 王肇枝中學外,(大埔區) 廣福道 - 運頭角里,(大埔區) 廣福道 - 近廣福大廈,(大埔區) 寶鄉街 - 近寶鄉橋,(大埔區) 大埔太和路 - 大埔中心外,(大埔區) 南運路 - 近廣智樓,(大埔區) 南運路 - 近運來樓,(大埔區) 運頭塘總站,,,,,,,,,,,,,,,,,,,,,,,,,,,,,,,,
809K,GMB,5.6,6.865538,TRUE,沙田區,沙田站(排頭街),沙田區,水泉坳街(循環線),沙田區,None,(沙田區) 沙田站(排頭街),(沙田區) 大涌橋路麗豪酒店對面的巴士停車灣,(沙田區) 圓洲角路 - 近崗背街,(沙田區) 崗背街花園城雅仕苑外,(沙田區) 逸泰街 - 近沙田圍站,(沙田區) 水泉坳街 - 謝屋村外,(沙田區) 灰窰下新村,(沙田區) 水泉坳街 - 作壆坑村,(沙田區) 水泉坳街 - 保良局朱正賢小學,(沙田區) 水泉坳街 - 沙田圍遊樂場對面,(沙田區) 沙角街 - 沙角邨金鶯樓外,(沙田區) 崗背街 - 花園城第三期,(沙田區) 圓洲角路 - 近崗背街,(沙田區) 大涌橋路麗豪酒店外的巴士停車灣,(沙田區) 沙田站(排頭街),,,,,,,,,,,,,,,,,,,,,,,,,,,,,,,,
94S,GMB,7.5,4.76701,FALSE,荃灣區,海貴路公共運輸交匯處,荃灣區,城門水塘,荃灣區,None,(荃灣區) 海貴路公共運輸交匯處,(荃灣區) 城門水塘,,,,,,,,,,,,,,,,,,,,,,,,,,,,,,,,,,,,,,,,,,,,,
98,GMB,5.5,6.077484,TRUE,荃灣區 -> 葵青區 -> 荃灣區,荃灣(河背街),荃灣區,高盛臺(循環線),荃灣區,短程班次,(荃灣區) 河背街 - 近天佑小學,(葵青區) 葵福路 - 晉昇工廠大廈對面,(葵青區) 葵盛圍 - 近高盛臺第一座,(葵青區) 葵聯路 - 近葵盛西邨第七座,(葵青區) 葵福路 - 晉昇工廠大廈外,(荃灣區) 沙咀道 - 近尚翠苑翠湖閣,(荃灣區) 河背街 - 近天佑小學,,,,,,,,,,,,,,,,,,,,,,,,,,,,,,,,,,,,,,,,
N4A,GMB,11.7,8.746419,FALSE,南區 -> 灣仔區,香港仔(石排灣),南區,銅鑼灣(景隆街),灣仔區,通宵服務,(南區) 石排灣邨公共運輸交匯處,(南區) 南寧街 -海晶閣外,(南區) 香港仔大道178號,(南區) 黃竹坑道23號,(南區) 黃竹坑道 49號,(南區) 黃竹坑道 -近香港仔隧道東行巴士站,(灣仔區) 灣仔道221號,(灣仔區) 灣仔道187號,(灣仔區) 灣仔道151號,(灣仔區) 菲林明道 -大有大廈外,(灣仔區) 軒尼詩道231號,(灣仔區) 軒尼詩道345-351號,(灣仔區) 駱克道 -銅鑼灣廣場一期外,(灣仔區) 景隆街 -近總統戲院,,,,,,,,,,,,,,,,,,,,,,,,,,,,,,,,,
